scenario,reconstruction_scenario,internal_mode,edge_id,sheet,edge_type,node_u,node_v,row_u,row_v,electrode,particle_u,particle_v,particle_id,component_status,gap_lower_nm,gap_upper_nm,gap_estimate_nm,classification,threshold_relation,method,capsule_lower_bound_nm,gjk_iterations,gjk_converged,slsqp_check_gap_nm,slsqp_abs_difference_nm,slsqp_same_threshold_class,crossing_axes,shift_x,shift_y,shift_z,mapped_endpoint_residual_nm,enabled
B_full_cube_periodic,full_cube_periodic,disconnected_fragments,组1:INTERNAL:full_cube_periodic:j1,组1,same_particle_periodic_junction,r3,r14,3,14,,,,组1_full_cube_periodic_P0001,cannot_reconstruct,,,,not_in_graph,not_applicable_same_particle,unique_periodic_endpoint_mapping,,,,,,,X,1,0,0,0.0,False
B_full_cube_periodic,full_cube_periodic,disconnected_fragments,组1:INTERNAL:full_cube_periodic:j2,组1,same_particle_periodic_junction,r4,r12,4,12,,,,组1_full_cube_periodic_P0002,unique,,,,not_in_graph,not_applicable_same_particle,unique_periodic_endpoint_mapping,,,,,,,X,1,0,0,0.0,False
B_full_cube_periodic,full_cube_periodic,disconnected_fragments,组1:INTERNAL:full_cube_periodic:j3,组1,same_particle_periodic_junction,r5,r11,5,11,,,,组1_full_cube_periodic_P0003,unique,,,,not_in_graph,not_applicable_same_particle,unique_periodic_endpoint_mapping,,,,,,,X,1,0,0,0.0,False
B_full_cube_periodic,full_cube_periodic,disconnected_fragments,组2:INTERNAL:full_cube_periodic:j1,组2,same_particle_periodic_junction,r3,r49,3,49,,,,组2_full_cube_periodic_P0001,cannot_reconstruct,,,,not_in_graph,not_applicable_same_particle,unique_periodic_endpoint_mapping,,,,,,,X,1,0,0,0.0,False
B_full_cube_periodic,full_cube_periodic,disconnected_fragments,组2:INTERNAL:full_cube_periodic:j2,组2,same_particle_periodic_junction,r4,r51,4,51,,,,组2_full_cube_periodic_P0002,cannot_reconstruct,,,,not_in_graph,not_applicable_same_particle,unique_periodic_endpoint_mapping,,,,,,,X,1,0,0,0.0,False
B_full_cube_periodic,full_cube_periodic,disconnected_fragments,组2:INTERNAL:full_cube_periodic:j3,组2,same_particle_periodic_junction,r5,r45,5,45,,,,组2_full_cube_periodic_P0003,cannot_reconstruct,,,,not_in_graph,not_applicable_same_particle,unique_periodic_endpoint_mapping,,,,,,,X,1,0,0,0.0,False
B_full_cube_periodic,full_cube_periodic,disconnected_fragments,组2:INTERNAL:full_cube_periodic:j4,组2,same_particle_periodic_junction,r6,r47,6,47,,,,组2_full_cube_periodic_P0004,unique,,,,not_in_graph,not_applicable_same_particle,unique_periodic_endpoint_mapping,,,,,,,X,1,0,0,0.0,False
B_full_cube_periodic,full_cube_periodic,disconnected_fragments,组2:INTERNAL:full_cube_periodic:j5,组2,same_particle_periodic_junction,r7,r48,7,48,,,,组2_full_cube_periodic_P0005,cannot_reconstruct,,,,not_in_graph,not_applicable_same_particle,unique_periodic_endpoint_mapping,,,,,,,X,1,0,0,0.0,False
B_full_cube_periodic,full_cube_periodic,disconnected_fragments,组2:INTERNAL:full_cube_periodic:j6,组2,same_particle_periodic_junction,r8,r44,8,44,,,,组2_full_cube_periodic_P0006,unique,,,,not_in_graph,not_applicable_same_particle,unique_periodic_endpoint_mapping,,,,,,,X,1,0,0,0.0,False
B_full_cube_periodic,full_cube_periodic,disconnected_fragments,组2:INTERNAL:full_cube_periodic:j7,组2,same_particle_periodic_junction,r9,r40,9,40,,,,组2_full_cube_periodic_P0007,unique,,,,not_in_graph,not_applicable_same_particle,unique_periodic_endpoint_mapping,,,,,,,X,1,0,0,0.0,False
B_full_cube_periodic,full_cube_periodic,disconnected_fragments,组2:INTERNAL:full_cube_periodic:j8,组2,same_particle_periodic_junction,r11,r50,11,50,,,,组2_full_cube_periodic_P0009,cannot_reconstruct,,,,not_in_graph,not_applicable_same_particle,unique_periodic_endpoint_mapping,,,,,,,X,1,0,0,0.0,False
B_full_cube_periodic,full_cube_periodic,disconnected_fragments,组2:INTERNAL:full_cube_periodic:j9,组2,same_particle_periodic_junction,r12,r41,12,41,,,,组2_full_cube_periodic_P0010,unique,,,,not_in_graph,not_applicable_same_particle,unique_periodic_endpoint_mapping,,,,,,,X,1,0,0,0.0,False
B_full_cube_periodic,full_cube_periodic,disconnected_fragments,组2:INTERNAL:full_cube_periodic:j10,组2,same_particle_periodic_junction,r13,r46,13,46,,,,组2_full_cube_periodic_P0011,unique,,,,not_in_graph,not_applicable_same_particle,unique_periodic_endpoint_mapping,,,,,,,X,1,0,0,0.0,False
B_full_cube_periodic,full_cube_periodic,disconnected_fragments,组3:INTERNAL:full_cube_periodic:j1,组3,same_particle_periodic_junction,r4,r507,4,507,,,,组3_full_cube_periodic_P0002,unique,,,,not_in_graph,not_applicable_same_particle,unique_periodic_endpoint_mapping,,,,,,,X,1,0,0,0.0,False
B_full_cube_periodic,full_cube_periodic,disconnected_fragments,组3:INTERNAL:full_cube_periodic:j2,组3,same_particle_periodic_junction,r6,r490,6,490,,,,组3_full_cube_periodic_P0004,unique,,,,not_in_graph,not_applicable_same_particle,unique_periodic_endpoint_mapping,,,,,,,X,1,0,0,0.0,False
B_full_cube_periodic,full_cube_periodic,disconnected_fragments,组3:INTERNAL:full_cube_periodic:j3,组3,same_particle_periodic_junction,r7,r537,7,537,,,,组3_full_cube_periodic_P0005,unique,,,,not_in_graph,not_applicable_same_particle,unique_periodic_endpoint_mapping,,,,,,,X,1,0,0,0.0,False
B_full_cube_periodic,full_cube_periodic,disconnected_fragments,组3:INTERNAL:full_cube_periodic:j4,组3,same_particle_periodic_junction,r8,r487,8,487,,,,组3_full_cube_periodic_P0006,unique,,,,not_in_graph,not_applicable_same_particle,unique_periodic_endpoint_mapping,,,,,,,X,1,0,0,0.0,False
B_full_cube_periodic,full_cube_periodic,disconnected_fragments,组3:INTERNAL:full_cube_periodic:j5,组3,same_particle_periodic_junction,r9,r454,9,454,,,,组3_full_cube_periodic_P0007,unique,,,,not_in_graph,not_applicable_same_particle,unique_periodic_endpoint_mapping,,,,,,,X,1,0,0,0.0,False
B_full_cube_periodic,full_cube_periodic,disconnected_fragments,组3:INTERNAL:full_cube_periodic:j6,组3,same_particle_periodic_junction,r10,r452,10,452,,,,组3_full_cube_periodic_P0008,unique,,,,not_in_graph,not_applicable_same_particle,unique_periodic_endpoint_mapping,,,,,,,X,1,0,0,0.0,False
B_full_cube_periodic,full_cube_periodic,disconnected_fragments,组3:INTERNAL:full_cube_periodic:j7,组3,same_particle_periodic_junction,r11,r534,11,534,,,,组3_full_cube_periodic_P0009,unique,,,,not_in_graph,not_applicable_same_particle,unique_periodic_endpoint_mapping,,,,,,,X,1,0,0,0.0,False
B_full_cube_periodic,full_cube_periodic,disconnected_fragments,组3:INTERNAL:full_cube_periodic:j8,组3,same_particle_periodic_junction,r12,r527,12,527,,,,组3_full_cube_periodic_P0010,unique,,,,not_in_graph,not_applicable_same_particle,unique_periodic_endpoint_mapping,,,,,,,X,1,0,0,0.0,False
B_full_cube_periodic,full_cube_periodic,disconnected_fragments,组3:INTERNAL:full_cube_periodic:j9,组3,same_particle_periodic_junction,r13,r526,13,526,,,,组3_full_cube_periodic_P0011,unique,,,,not_in_graph,not_applicable_same_particle,unique_periodic_endpoint_mapping,,,,,,,X,1,0,0,0.0,False
B_full_cube_periodic,full_cube_periodic,disconnected_fragments,组3:INTERNAL:full_cube_periodic:j10,组3,same_particle_periodic_junction,r13,r101,13,101,,,,组3_full_cube_periodic_P0011,unique,,,,not_in_graph,not_applicable_same_particle,unique_periodic_endpoint_mapping,,,,,,,Y,0,1,0,0.0,False
B_full_cube_periodic,full_cube_periodic,disconnected_fragments,组3:INTERNAL:full_cube_periodic:j11,组3,same_particle_periodic_junction,r14,r472,14,472,,,,组3_full_cube_periodic_P0012,unique,,,,not_in_graph,not_applicable_same_particle,unique_periodic_endpoint_mapping,,,,,,,X,1,0,0,0.0,False
B_full_cube_periodic,full_cube_periodic,disconnected_fragments,组3:INTERNAL:full_cube_periodic:j12,组3,same_particle_periodic_junction,r16,r492,16,492,,,,组3_full_cube_periodic_P0014,unique,,,,not_in_graph,not_applicable_same_particle,unique_periodic_endpoint_mapping,,,,,,,X,1,0,0,0.0,False
B_full_cube_periodic,full_cube_periodic,disconnected_fragments,组3:INTERNAL:full_cube_periodic:j13,组3,same_particle_periodic_junction,r17,r395,17,395,,,,组3_full_cube_periodic_P0015,unique,,,,not_in_graph,not_applicable_same_particle,unique_periodic_endpoint_mapping,,,,,,,X,1,0,0,0.0,False
B_full_cube_periodic,full_cube_periodic,disconnected_fragments,组3:INTERNAL:full_cube_periodic:j14,组3,same_particle_periodic_junction,r18,r458,18,458,,,,组3_full_cube_periodic_P0016,unique,,,,not_in_graph,not_applicable_same_particle,unique_periodic_endpoint_mapping,,,,,,,X,1,0,0,0.0,False
B_full_cube_periodic,full_cube_periodic,disconnected_fragments,组3:INTERNAL:full_cube_periodic:j15,组3,same_particle_periodic_junction,r19,r400,19,400,,,,组3_full_cube_periodic_P0017,unique,,,,not_in_graph,not_applicable_same_particle,unique_periodic_endpoint_mapping,,,,,,,X,1,0,0,0.0,False
B_full_cube_periodic,full_cube_periodic,disconnected_fragments,组3:INTERNAL:full_cube_periodic:j16,组3,same_particle_periodic_junction,r20,r464,20,464,,,,组3_full_cube_periodic_P0018,unique,,,,not_in_graph,not_applicable_same_particle,unique_periodic_endpoint_mapping,,,,,,,X,1,0,0,0.0,False
B_full_cube_periodic,full_cube_periodic,disconnected_fragments,组3:INTERNAL:full_cube_periodic:j17,组3,same_particle_periodic_junction,r21,r488,21,488,,,,组3_full_cube_periodic_P0019,unique,,,,not_in_graph,not_applicable_same_particle,unique_periodic_endpoint_mapping,,,,,,,X,1,0,0,0.0,False
B_full_cube_periodic,full_cube_periodic,disconnected_fragments,组3:INTERNAL:full_cube_periodic:j18,组3,same_particle_periodic_junction,r22,r445,22,445,,,,组3_full_cube_periodic_P0020,unique,,,,not_in_graph,not_applicable_same_particle,unique_periodic_endpoint_mapping,,,,,,,X,1,0,0,0.0,False
B_full_cube_periodic,full_cube_periodic,disconnected_fragments,组3:INTERNAL:full_cube_periodic:j19,组3,same_particle_periodic_junction,r23,r479,23,479,,,,组3_full_cube_periodic_P0021,unique,,,,not_in_graph,not_applicable_same_particle,unique_periodic_endpoint_mapping,,,,,,,X,1,0,0,0.0,False
B_full_cube_periodic,full_cube_periodic,disconnected_fragments,组3:INTERNAL:full_cube_periodic:j20,组3,same_particle_periodic_junction,r24,r482,24,482,,,,组3_full_cube_periodic_P0022,unique,,,,not_in_graph,not_applicable_same_particle,unique_periodic_endpoint_mapping,,,,,,,X,1,0,0,0.0,False
B_full_cube_periodic,full_cube_periodic,disconnected_fragments,组3:INTERNAL:full_cube_periodic:j21,组3,same_particle_periodic_junction,r25,r522,25,522,,,,组3_full_cube_periodic_P0023,unique,,,,not_in_graph,not_applicable_same_particle,unique_periodic_endpoint_mapping,,,,,,,X,1,0,0,0.0,False
B_full_cube_periodic,full_cube_periodic,disconnected_fragments,组3:INTERNAL:full_cube_periodic:j22,组3,same_particle_periodic_junction,r26,r535,26,535,,,,组3_full_cube_periodic_P0024,unique,,,,not_in_graph,not_applicable_same_particle,unique_periodic_endpoint_mapping,,,,,,,X,1,0,0,0.0,False
B_full_cube_periodic,full_cube_periodic,disconnected_fragments,组3:INTERNAL:full_cube_periodic:j23,组3,same_particle_periodic_junction,r27,r523,27,523,,,,组3_full_cube_periodic_P0025,unique,,,,not_in_graph,not_applicable_same_particle,unique_periodic_endpoint_mapping,,,,,,,X,1,0,0,0.0,False
B_full_cube_periodic,full_cube_periodic,disconnected_fragments,组3:INTERNAL:full_cube_periodic:j24,组3,same_particle_periodic_junction,r28,r536,28,536,,,,组3_full_cube_periodic_P0026,unique,,,,not_in_graph,not_applicable_same_particle,unique_periodic_endpoint_mapping,,,,,,,X,1,0,0,0.0,False
B_full_cube_periodic,full_cube_periodic,disconnected_fragments,组3:INTERNAL:full_cube_periodic:j25,组3,same_particle_periodic_junction,r29,r466,29,466,,,,组3_full_cube_periodic_P0027,unique,,,,not_in_graph,not_applicable_same_particle,unique_periodic_endpoint_mapping,,,,,,,X,1,0,0,0.0,False
B_full_cube_periodic,full_cube_periodic,disconnected_fragments,组3:INTERNAL:full_cube_periodic:j26,组3,same_particle_periodic_junction,r30,r514,30,514,,,,组3_full_cube_periodic_P0028,unique,,,,not_in_graph,not_applicable_same_particle,unique_periodic_endpoint_mapping,,,,,,,X,1,0,0,0.0,False
B_full_cube_periodic,full_cube_periodic,disconnected_fragments,组3:INTERNAL:full_cube_periodic:j27,组3,same_particle_periodic_junction,r31,r506,31,506,,,,组3_full_cube_periodic_P0029,unique,,,,not_in_graph,not_applicable_same_particle,unique_periodic_endpoint_mapping,,,,,,,X,1,0,0,0.0,False
B_full_cube_periodic,full_cube_periodic,disconnected_fragments,组3:INTERNAL:full_cube_periodic:j28,组3,same_particle_periodic_junction,r32,r383,32,383,,,,组3_full_cube_periodic_P0030,unique,,,,not_in_graph,not_applicable_same_particle,unique_periodic_endpoint_mapping,,,,,,,X,1,0,0,0.0,False
B_full_cube_periodic,full_cube_periodic,disconnected_fragments,组3:INTERNAL:full_cube_periodic:j29,组3,same_particle_periodic_junction,r33,r531,33,531,,,,组3_full_cube_periodic_P0031,unique,,,,not_in_graph,not_applicable_same_particle,unique_periodic_endpoint_mapping,,,,,,,X,1,0,0,0.0,False
B_full_cube_periodic,full_cube_periodic,disconnected_fragments,组3:INTERNAL:full_cube_periodic:j30,组3,same_particle_periodic_junction,r34,r511,34,511,,,,组3_full_cube_periodic_P0032,unique,,,,not_in_graph,not_applicable_same_particle,unique_periodic_endpoint_mapping,,,,,,,X,1,0,0,0.0,False
B_full_cube_periodic,full_cube_periodic,disconnected_fragments,组3:INTERNAL:full_cube_periodic:j31,组3,same_particle_periodic_junction,r35,r493,35,493,,,,组3_full_cube_periodic_P0033,unique,,,,not_in_graph,not_applicable_same_particle,unique_periodic_endpoint_mapping,,,,,,,X,1,0,0,0.0,False
B_full_cube_periodic,full_cube_periodic,disconnected_fragments,组3:INTERNAL:full_cube_periodic:j32,组3,same_particle_periodic_junction,r36,r508,36,508,,,,组3_full_cube_periodic_P0034,unique,,,,not_in_graph,not_applicable_same_particle,unique_periodic_endpoint_mapping,,,,,,,X,1,0,0,0.0,False
B_full_cube_periodic,full_cube_periodic,disconnected_fragments,组3:INTERNAL:full_cube_periodic:j33,组3,same_particle_periodic_junction,r37,r484,37,484,,,,组3_full_cube_periodic_P0035,unique,,,,not_in_graph,not_applicable_same_particle,unique_periodic_endpoint_mapping,,,,,,,X,1,0,0,0.0,False
B_full_cube_periodic,full_cube_periodic,disconnected_fragments,组3:INTERNAL:full_cube_periodic:j34,组3,same_particle_periodic_junction,r38,r532,38,532,,,,组3_full_cube_periodic_P0036,unique,,,,not_in_graph,not_applicable_same_particle,unique_periodic_endpoint_mapping,,,,,,,X,1,0,0,0.0,False
B_full_cube_periodic,full_cube_periodic,disconnected_fragments,组3:INTERNAL:full_cube_periodic:j35,组3,same_particle_periodic_junction,r39,r473,39,473,,,,组3_full_cube_periodic_P0037,unique,,,,not_in_graph,not_applicable_same_particle,unique_periodic_endpoint_mapping,,,,,,,X,1,0,0,0.0,False
B_full_cube_periodic,full_cube_periodic,disconnected_fragments,组3:INTERNAL:full_cube_periodic:j36,组3,same_particle_periodic_junction,r39,r144,39,144,,,,组3_full_cube_periodic_P0037,unique,,,,not_in_graph,not_applicable_same_particle,unique_periodic_endpoint_mapping,,,,,,,Z,0,0,-1,0.0,False
B_full_cube_periodic,full_cube_periodic,disconnected_fragments,组3:INTERNAL:full_cube_periodic:j37,组3,same_particle_periodic_junction,r40,r430,40,430,,,,组3_full_cube_periodic_P0038,unique,,,,not_in_graph,not_applicable_same_particle,unique_periodic_endpoint_mapping,,,,,,,X,1,0,0,0.0,False
B_full_cube_periodic,full_cube_periodic,disconnected_fragments,组3:INTERNAL:full_cube_periodic:j38,组3,same_particle_periodic_junction,r41,r530,41,530,,,,组3_full_cube_periodic_P0039,unique,,,,not_in_graph,not_applicable_same_particle,unique_periodic_endpoint_mapping,,,,,,,X,1,0,0,0.0,False
B_full_cube_periodic,full_cube_periodic,disconnected_fragments,组3:INTERNAL:full_cube_periodic:j39,组3,same_particle_periodic_junction,r41,r135,41,135,,,,组3_full_cube_periodic_P0039,unique,,,,not_in_graph,not_applicable_same_particle,unique_periodic_endpoint_mapping,,,,,,,Z,0,0,-1,0.0,False
B_full_cube_periodic,full_cube_periodic,disconnected_fragments,组3:INTERNAL:full_cube_periodic:j40,组3,same_particle_periodic_junction,r42,r456,42,456,,,,组3_full_cube_periodic_P0040,unique,,,,not_in_graph,not_applicable_same_particle,unique_periodic_endpoint_mapping,,,,,,,X,1,0,0,0.0,False
B_full_cube_periodic,full_cube_periodic,disconnected_fragments,组3:INTERNAL:full_cube_periodic:j41,组3,same_particle_periodic_junction,r43,r518,43,518,,,,组3_full_cube_periodic_P0041,unique,,,,not_in_graph,not_applicable_same_particle,unique_periodic_endpoint_mapping,,,,,,,X,1,0,0,0.0,False
B_full_cube_periodic,full_cube_periodic,disconnected_fragments,组3:INTERNAL:full_cube_periodic:j42,组3,same_particle_periodic_junction,r44,r405,44,405,,,,组3_full_cube_periodic_P0042,unique,,,,not_in_graph,not_applicable_same_particle,unique_periodic_endpoint_mapping,,,,,,,X,1,0,0,0.0,False
B_full_cube_periodic,full_cube_periodic,disconnected_fragments,组3:INTERNAL:full_cube_periodic:j43,组3,same_particle_periodic_junction,r45,r421,45,421,,,,组3_full_cube_periodic_P0043,unique,,,,not_in_graph,not_applicable_same_particle,unique_periodic_endpoint_mapping,,,,,,,X,1,0,0,0.0,False
B_full_cube_periodic,full_cube_periodic,disconnected_fragments,组3:INTERNAL:full_cube_periodic:j44,组3,same_particle_periodic_junction,r46,r447,46,447,,,,组3_full_cube_periodic_P0044,unique,,,,not_in_graph,not_applicable_same_particle,unique_periodic_endpoint_mapping,,,,,,,X,1,0,0,0.0,False
B_full_cube_periodic,full_cube_periodic,disconnected_fragments,组3:INTERNAL:full_cube_periodic:j45,组3,same_particle_periodic_junction,r47,r468,47,468,,,,组3_full_cube_periodic_P0045,unique,,,,not_in_graph,not_applicable_same_particle,unique_periodic_endpoint_mapping,,,,,,,X,1,0,0,0.0,False
B_full_cube_periodic,full_cube_periodic,disconnected_fragments,组3:INTERNAL:full_cube_periodic:j46,组3,same_particle_periodic_junction,r48,r404,48,404,,,,组3_full_cube_periodic_P0046,unique,,,,not_in_graph,not_applicable_same_particle,unique_periodic_endpoint_mapping,,,,,,,X,1,0,0,0.0,False
B_full_cube_periodic,full_cube_periodic,disconnected_fragments,组3:INTERNAL:full_cube_periodic:j47,组3,same_particle_periodic_junction,r49,r418,49,418,,,,组3_full_cube_periodic_P0047,unique,,,,not_in_graph,not_applicable_same_particle,unique_periodic_endpoint_mapping,,,,,,,X,1,0,0,0.0,False
B_full_cube_periodic,full_cube_periodic,disconnected_fragments,组3:INTERNAL:full_cube_periodic:j48,组3,same_particle_periodic_junction,r50,r483,50,483,,,,组3_full_cube_periodic_P0048,unique,,,,not_in_graph,not_applicable_same_particle,unique_periodic_endpoint_mapping,,,,,,,X,1,0,0,0.0,False
B_full_cube_periodic,full_cube_periodic,disconnected_fragments,组3:INTERNAL:full_cube_periodic:j49,组3,same_particle_periodic_junction,r50,r171,50,171,,,,组3_full_cube_periodic_P0048,unique,,,,not_in_graph,not_applicable_same_particle,unique_periodic_endpoint_mapping,,,,,,,Z,0,0,-1,0.0,False
B_full_cube_periodic,full_cube_periodic,disconnected_fragments,组3:INTERNAL:full_cube_periodic:j50,组3,same_particle_periodic_junction,r52,r500,52,500,,,,组3_full_cube_periodic_P0050,unique,,,,not_in_graph,not_applicable_same_particle,unique_periodic_endpoint_mapping,,,,,,,X,1,0,0,0.0,False
B_full_cube_periodic,full_cube_periodic,disconnected_fragments,组3:INTERNAL:full_cube_periodic:j51,组3,same_particle_periodic_junction,r53,r474,53,474,,,,组3_full_cube_periodic_P0051,unique,,,,not_in_graph,not_applicable_same_particle,unique_periodic_endpoint_mapping,,,,,,,X,1,0,0,0.0,False
B_full_cube_periodic,full_cube_periodic,disconnected_fragments,组3:INTERNAL:full_cube_periodic:j52,组3,same_particle_periodic_junction,r55,r502,55,502,,,,组3_full_cube_periodic_P0053,unique,,,,not_in_graph,not_applicable_same_particle,unique_periodic_endpoint_mapping,,,,,,,X,1,0,0,0.0,False
B_full_cube_periodic,full_cube_periodic,disconnected_fragments,组3:INTERNAL:full_cube_periodic:j53,组3,same_particle_periodic_junction,r56,r449,56,449,,,,组3_full_cube_periodic_P0054,unique,,,,not_in_graph,not_applicable_same_particle,unique_periodic_endpoint_mapping,,,,,,,X,1,0,0,0.0,False
B_full_cube_periodic,full_cube_periodic,disconnected_fragments,组3:INTERNAL:full_cube_periodic:j54,组3,same_particle_periodic_junction,r57,r481,57,481,,,,组3_full_cube_periodic_P0055,unique,,,,not_in_graph,not_applicable_same_particle,unique_periodic_endpoint_mapping,,,,,,,X,1,0,0,0.0,False
B_full_cube_periodic,full_cube_periodic,disconnected_fragments,组3:INTERNAL:full_cube_periodic:j55,组3,same_particle_periodic_junction,r58,r437,58,437,,,,组3_full_cube_periodic_P0056,unique,,,,not_in_graph,not_applicable_same_particle,unique_periodic_endpoint_mapping,,,,,,,X,1,0,0,0.0,False
B_full_cube_periodic,full_cube_periodic,disconnected_fragments,组3:INTERNAL:full_cube_periodic:j56,组3,same_particle_periodic_junction,r58,r112,58,112,,,,组3_full_cube_periodic_P0056,unique,,,,not_in_graph,not_applicable_same_particle,unique_periodic_endpoint_mapping,,,,,,,Z,0,0,1,0.0,False
B_full_cube_periodic,full_cube_periodic,disconnected_fragments,组3:INTERNAL:full_cube_periodic:j57,组3,same_particle_periodic_junction,r59,r504,59,504,,,,组3_full_cube_periodic_P0057,unique,,,,not_in_graph,not_applicable_same_particle,unique_periodic_endpoint_mapping,,,,,,,X,1,0,0,0.0,False
B_full_cube_periodic,full_cube_periodic,disconnected_fragments,组3:INTERNAL:full_cube_periodic:j58,组3,same_particle_periodic_junction,r60,r431,60,431,,,,组3_full_cube_periodic_P0058,unique,,,,not_in_graph,not_applicable_same_particle,unique_periodic_endpoint_mapping,,,,,,,X,1,0,0,0.0,False
B_full_cube_periodic,full_cube_periodic,disconnected_fragments,组3:INTERNAL:full_cube_periodic:j59,组3,same_particle_periodic_junction,r61,r501,61,501,,,,组3_full_cube_periodic_P0059,unique,,,,not_in_graph,not_applicable_same_particle,unique_periodic_endpoint_mapping,,,,,,,X,1,0,0,0.0,False
B_full_cube_periodic,full_cube_periodic,disconnected_fragments,组3:INTERNAL:full_cube_periodic:j60,组3,same_particle_periodic_junction,r62,r533,62,533,,,,组3_full_cube_periodic_P0060,unique,,,,not_in_graph,not_applicable_same_particle,unique_periodic_endpoint_mapping,,,,,,,X,1,0,0,0.0,False
B_full_cube_periodic,full_cube_periodic,disconnected_fragments,组3:INTERNAL:full_cube_periodic:j61,组3,same_particle_periodic_junction,r63,r509,63,509,,,,组3_full_cube_periodic_P0061,unique,,,,not_in_graph,not_applicable_same_particle,unique_periodic_endpoint_mapping,,,,,,,X,1,0,0,0.0,False
B_full_cube_periodic,full_cube_periodic,disconnected_fragments,组3:INTERNAL:full_cube_periodic:j62,组3,same_particle_periodic_junction,r64,r463,64,463,,,,组3_full_cube_periodic_P0062,unique,,,,not_in_graph,not_applicable_same_particle,unique_periodic_endpoint_mapping,,,,,,,X,1,0,0,0.0,False
B_full_cube_periodic,full_cube_periodic,disconnected_fragments,组3:INTERNAL:full_cube_periodic:j63,组3,same_particle_periodic_junction,r67,r499,67,499,,,,组3_full_cube_periodic_P0065,unique,,,,not_in_graph,not_applicable_same_particle,unique_periodic_endpoint_mapping,,,,,,,X,1,0,0,0.0,False
B_full_cube_periodic,full_cube_periodic,disconnected_fragments,组3:INTERNAL:full_cube_periodic:j64,组3,same_particle_periodic_junction,r68,r446,68,446,,,,组3_full_cube_periodic_P0066,unique,,,,not_in_graph,not_applicable_same_particle,unique_periodic_endpoint_mapping,,,,,,,X,1,0,0,0.0,False
B_full_cube_periodic,full_cube_periodic,disconnected_fragments,组3:INTERNAL:full_cube_periodic:j65,组3,same_particle_periodic_junction,r70,r519,70,519,,,,组3_full_cube_periodic_P0068,unique,,,,not_in_graph,not_applicable_same_particle,unique_periodic_endpoint_mapping,,,,,,,X,1,0,0,0.0,False
B_full_cube_periodic,full_cube_periodic,disconnected_fragments,组3:INTERNAL:full_cube_periodic:j66,组3,same_particle_periodic_junction,r71,r376,71,376,,,,组3_full_cube_periodic_P0069,unique,,,,not_in_graph,not_applicable_same_particle,unique_periodic_endpoint_mapping,,,,,,,X,1,0,0,0.0,False
B_full_cube_periodic,full_cube_periodic,disconnected_fragments,组3:INTERNAL:full_cube_periodic:j67,组3,same_particle_periodic_junction,r72,r524,72,524,,,,组3_full_cube_periodic_P0070,unique,,,,not_in_graph,not_applicable_same_particle,unique_periodic_endpoint_mapping,,,,,,,X,1,0,0,0.0,False
B_full_cube_periodic,full_cube_periodic,disconnected_fragments,组3:INTERNAL:full_cube_periodic:j68,组3,same_particle_periodic_junction,r73,r480,73,480,,,,组3_full_cube_periodic_P0071,unique,,,,not_in_graph,not_applicable_same_particle,unique_periodic_endpoint_mapping,,,,,,,X,1,0,0,0.0,False
B_full_cube_periodic,full_cube_periodic,disconnected_fragments,组3:INTERNAL:full_cube_periodic:j69,组3,same_particle_periodic_junction,r74,r491,74,491,,,,组3_full_cube_periodic_P0072,unique,,,,not_in_graph,not_applicable_same_particle,unique_periodic_endpoint_mapping,,,,,,,X,1,0,0,0.0,False
B_full_cube_periodic,full_cube_periodic,disconnected_fragments,组3:INTERNAL:full_cube_periodic:j70,组3,same_particle_periodic_junction,r76,r388,76,388,,,,组3_full_cube_periodic_P0074,unique,,,,not_in_graph,not_applicable_same_particle,unique_periodic_endpoint_mapping,,,,,,,X,1,0,0,0.0,False
B_full_cube_periodic,full_cube_periodic,disconnected_fragments,组3:INTERNAL:full_cube_periodic:j71,组3,same_particle_periodic_junction,r77,r517,77,517,,,,组3_full_cube_periodic_P0075,unique,,,,not_in_graph,not_applicable_same_particle,unique_periodic_endpoint_mapping,,,,,,,X,1,0,0,0.0,False
B_full_cube_periodic,full_cube_periodic,disconnected_fragments,组3:INTERNAL:full_cube_periodic:j72,组3,same_particle_periodic_junction,r78,r521,78,521,,,,组3_full_cube_periodic_P0076,unique,,,,not_in_graph,not_applicable_same_particle,unique_periodic_endpoint_mapping,,,,,,,X,1,0,0,0.0,False
B_full_cube_periodic,full_cube_periodic,disconnected_fragments,组3:INTERNAL:full_cube_periodic:j73,组3,same_particle_periodic_junction,r78,r211,78,211,,,,组3_full_cube_periodic_P0076,unique,,,,not_in_graph,not_applicable_same_particle,unique_periodic_endpoint_mapping,,,,,,,Z,0,0,1,0.0,False
B_full_cube_periodic,full_cube_periodic,disconnected_fragments,组3:INTERNAL:full_cube_periodic:j74,组3,same_particle_periodic_junction,r79,r525,79,525,,,,组3_full_cube_periodic_P0077,unique,,,,not_in_graph,not_applicable_same_particle,unique_periodic_endpoint_mapping,,,,,,,X,1,0,0,0.0,False
B_full_cube_periodic,full_cube_periodic,disconnected_fragments,组3:INTERNAL:full_cube_periodic:j75,组3,same_particle_periodic_junction,r80,r390,80,390,,,,组3_full_cube_periodic_P0078,unique,,,,not_in_graph,not_applicable_same_particle,unique_periodic_endpoint_mapping,,,,,,,X,1,0,0,0.0,False
B_full_cube_periodic,full_cube_periodic,disconnected_fragments,组3:INTERNAL:full_cube_periodic:j76,组3,same_particle_periodic_junction,r81,r503,81,503,,,,组3_full_cube_periodic_P0079,unique,,,,not_in_graph,not_applicable_same_particle,unique_periodic_endpoint_mapping,,,,,,,X,1,0,0,0.0,False
B_full_cube_periodic,full_cube_periodic,disconnected_fragments,组3:INTERNAL:full_cube_periodic:j77,组3,same_particle_periodic_junction,r82,r443,82,443,,,,组3_full_cube_periodic_P0080,cannot_reconstruct,,,,not_in_graph,not_applicable_same_particle,unique_periodic_endpoint_mapping,,,,,,,X,1,0,0,0.0,False
B_full_cube_periodic,full_cube_periodic,disconnected_fragments,组3:INTERNAL:full_cube_periodic:j78,组3,same_particle_periodic_junction,r83,r512,83,512,,,,组3_full_cube_periodic_P0081,unique,,,,not_in_graph,not_applicable_same_particle,unique_periodic_endpoint_mapping,,,,,,,X,1,0,0,0.0,False
B_full_cube_periodic,full_cube_periodic,disconnected_fragments,组3:INTERNAL:full_cube_periodic:j79,组3,same_particle_periodic_junction,r83,r141,83,141,,,,组3_full_cube_periodic_P0081,unique,,,,not_in_graph,not_applicable_same_particle,unique_periodic_endpoint_mapping,,,,,,,Y,0,-1,0,0.0,False
B_full_cube_periodic,full_cube_periodic,disconnected_fragments,组3:INTERNAL:full_cube_periodic:j80,组3,same_particle_periodic_junction,r84,r461,84,461,,,,组3_full_cube_periodic_P0082,unique,,,,not_in_graph,not_applicable_same_particle,unique_periodic_endpoint_mapping,,,,,,,X,1,0,0,0.0,False
B_full_cube_periodic,full_cube_periodic,disconnected_fragments,组3:INTERNAL:full_cube_periodic:j81,组3,same_particle_periodic_junction,r85,r465,85,465,,,,组3_full_cube_periodic_P0083,unique,,,,not_in_graph,not_applicable_same_particle,unique_periodic_endpoint_mapping,,,,,,,X,1,0,0,0.0,False
B_full_cube_periodic,full_cube_periodic,disconnected_fragments,组3:INTERNAL:full_cube_periodic:j82,组3,same_particle_periodic_junction,r86,r516,86,516,,,,组3_full_cube_periodic_P0084,unique,,,,not_in_graph,not_applicable_same_particle,unique_periodic_endpoint_mapping,,,,,,,X,1,0,0,0.0,False
B_full_cube_periodic,full_cube_periodic,disconnected_fragments,组3:INTERNAL:full_cube_periodic:j83,组3,same_particle_periodic_junction,r87,r510,87,510,,,,组3_full_cube_periodic_P0085,unique,,,,not_in_graph,not_applicable_same_particle,unique_periodic_endpoint_mapping,,,,,,,X,1,0,0,0.0,False
B_full_cube_periodic,full_cube_periodic,disconnected_fragments,组3:INTERNAL:full_cube_periodic:j84,组3,same_particle_periodic_junction,r87,r148,87,148,,,,组3_full_cube_periodic_P0085,unique,,,,not_in_graph,not_applicable_same_particle,unique_periodic_endpoint_mapping,,,,,,,Y,0,-1,0,0.0,False
B_full_cube_periodic,full_cube_periodic,disconnected_fragments,组3:INTERNAL:full_cube_periodic:j85,组3,same_particle_periodic_junction,r88,r513,88,513,,,,组3_full_cube_periodic_P0086,cannot_reconstruct,,,,not_in_graph,not_applicable_same_particle,unique_periodic_endpoint_mapping,,,,,,,X,1,0,0,0.0,False
B_full_cube_periodic,full_cube_periodic,disconnected_fragments,组3:INTERNAL:full_cube_periodic:j86,组3,same_particle_periodic_junction,r89,r529,89,529,,,,组3_full_cube_periodic_P0087,unique,,,,not_in_graph,not_applicable_same_particle,unique_periodic_endpoint_mapping,,,,,,,X,1,0,0,0.0,False
B_full_cube_periodic,full_cube_periodic,disconnected_fragments,组3:INTERNAL:full_cube_periodic:j87,组3,same_particle_periodic_junction,r90,r498,90,498,,,,组3_full_cube_periodic_P0088,cannot_reconstruct,,,,not_in_graph,not_applicable_same_particle,unique_periodic_endpoint_mapping,,,,,,,X,1,0,0,0.0,False
B_full_cube_periodic,full_cube_periodic,disconnected_fragments,组3:INTERNAL:full_cube_periodic:j88,组3,same_particle_periodic_junction,r90,r136,90,136,,,,组3_full_cube_periodic_P0088,cannot_reconstruct,,,,not_in_graph,not_applicable_same_particle,unique_periodic_endpoint_mapping,,,,,,,Z,0,0,1,0.0,False
B_full_cube_periodic,full_cube_periodic,disconnected_fragments,组3:INTERNAL:full_cube_periodic:j89,组3,same_particle_periodic_junction,r91,r471,91,471,,,,组3_full_cube_periodic_P0089,unique,,,,not_in_graph,not_applicable_same_particle,unique_periodic_endpoint_mapping,,,,,,,X,1,0,0,0.0,False
B_full_cube_periodic,full_cube_periodic,disconnected_fragments,组3:INTERNAL:full_cube_periodic:j90,组3,same_particle_periodic_junction,r92,r424,92,424,,,,组3_full_cube_periodic_P0090,unique,,,,not_in_graph,not_applicable_same_particle,unique_periodic_endpoint_mapping,,,,,,,X,1,0,0,0.0,False
B_full_cube_periodic,full_cube_periodic,disconnected_fragments,组3:INTERNAL:full_cube_periodic:j91,组3,same_particle_periodic_junction,r93,r528,93,528,,,,组3_full_cube_periodic_P0091,unique,,,,not_in_graph,not_applicable_same_particle,unique_periodic_endpoint_mapping,,,,,,,X,1,0,0,0.0,False
B_full_cube_periodic,full_cube_periodic,disconnected_fragments,组3:INTERNAL:full_cube_periodic:j92,组3,same_particle_periodic_junction,r93,r126,93,126,,,,组3_full_cube_periodic_P0091,unique,,,,not_in_graph,not_applicable_same_particle,unique_periodic_endpoint_mapping,,,,,,,Y,0,-1,0,0.0,False
B_full_cube_periodic,full_cube_periodic,disconnected_fragments,组3:INTERNAL:full_cube_periodic:j93,组3,same_particle_periodic_junction,r94,r142,94,142,,,,组3_full_cube_periodic_P0092,unique,,,,not_in_graph,not_applicable_same_particle,unique_periodic_endpoint_mapping,,,,,,,Z,0,0,-1,0.0,False
B_full_cube_periodic,full_cube_periodic,disconnected_fragments,组3:INTERNAL:full_cube_periodic:j94,组3,same_particle_periodic_junction,r98,r123,98,123,,,,组3_full_cube_periodic_P0096,unique,,,,not_in_graph,not_applicable_same_particle,unique_periodic_endpoint_mapping,,,,,,,Z,0,0,1,0.0,False
B_full_cube_periodic,full_cube_periodic,disconnected_fragments,组3:INTERNAL:full_cube_periodic:j95,组3,same_particle_periodic_junction,r106,r137,106,137,,,,组3_full_cube_periodic_P0103,unique,,,,not_in_graph,not_applicable_same_particle,unique_periodic_endpoint_mapping,,,,,,,Y,0,-1,0,0.0,False
B_full_cube_periodic,full_cube_periodic,disconnected_fragments,组3:INTERNAL:full_cube_periodic:j96,组3,same_particle_periodic_junction,r107,r260,107,260,,,,组3_full_cube_periodic_P0104,unique,,,,not_in_graph,not_applicable_same_particle,unique_periodic_endpoint_mapping,,,,,,,Z,0,0,1,0.0,False
B_full_cube_periodic,full_cube_periodic,disconnected_fragments,组3:INTERNAL:full_cube_periodic:j97,组3,same_particle_periodic_junction,r114,r134,114,134,,,,组3_full_cube_periodic_P0110,unique,,,,not_in_graph,not_applicable_same_particle,unique_periodic_endpoint_mapping,,,,,,,Z,0,0,1,0.0,False
B_full_cube_periodic,full_cube_periodic,disconnected_fragments,组3:INTERNAL:full_cube_periodic:j98,组3,same_particle_periodic_junction,r125,r131,125,131,,,,组3_full_cube_periodic_P0120,unique,,,,not_in_graph,not_applicable_same_particle,unique_periodic_endpoint_mapping,,,,,,,Y,0,1,0,0.0,False
B_full_cube_periodic,full_cube_periodic,disconnected_fragments,组3:INTERNAL:full_cube_periodic:j99,组3,same_particle_periodic_junction,r129,r145,129,145,,,,组3_full_cube_periodic_P0123,unique,,,,not_in_graph,not_applicable_same_particle,unique_periodic_endpoint_mapping,,,,,,,Y,0,-1,0,0.0,False
B_full_cube_periodic,full_cube_periodic,disconnected_fragments,组3:INTERNAL:full_cube_periodic:j100,组3,same_particle_periodic_junction,r131,r132,131,132,,,,组3_full_cube_periodic_P0120,unique,,,,not_in_graph,not_applicable_same_particle,unique_periodic_endpoint_mapping,,,,,,,Z,0,0,1,0.0,False
B_full_cube_periodic,full_cube_periodic,disconnected_fragments,组3:INTERNAL:full_cube_periodic:j101,组3,same_particle_periodic_junction,r140,r189,140,189,,,,组3_full_cube_periodic_P0128,unique,,,,not_in_graph,not_applicable_same_particle,unique_periodic_endpoint_mapping,,,,,,,Z,0,0,1,0.0,False
B_full_cube_periodic,full_cube_periodic,disconnected_fragments,组3:INTERNAL:full_cube_periodic:j102,组3,same_particle_periodic_junction,r147,r175,147,175,,,,组3_full_cube_periodic_P0131,unique,,,,not_in_graph,not_applicable_same_particle,unique_periodic_endpoint_mapping,,,,,,,Z,0,0,1,0.0,False
B_full_cube_periodic,full_cube_periodic,disconnected_fragments,组3:INTERNAL:full_cube_periodic:j103,组3,same_particle_periodic_junction,r149,r351,149,351,,,,组3_full_cube_periodic_P0132,unique,,,,not_in_graph,not_applicable_same_particle,unique_periodic_endpoint_mapping,,,,,,,Z,0,0,-1,0.0,False
B_full_cube_periodic,full_cube_periodic,disconnected_fragments,组3:INTERNAL:full_cube_periodic:j104,组3,same_particle_periodic_junction,r152,r229,152,229,,,,组3_full_cube_periodic_P0135,unique,,,,not_in_graph,not_applicable_same_particle,unique_periodic_endpoint_mapping,,,,,,,Y,0,-1,0,0.0,False
B_full_cube_periodic,full_cube_periodic,disconnected_fragments,组3:INTERNAL:full_cube_periodic:j105,组3,same_particle_periodic_junction,r154,r191,154,191,,,,组3_full_cube_periodic_P0137,unique,,,,not_in_graph,not_applicable_same_particle,unique_periodic_endpoint_mapping,,,,,,,Y,0,-1,0,0.0,False
B_full_cube_periodic,full_cube_periodic,disconnected_fragments,组3:INTERNAL:full_cube_periodic:j106,组3,same_particle_periodic_junction,r155,r164,155,164,,,,组3_full_cube_periodic_P0138,unique,,,,not_in_graph,not_applicable_same_particle,unique_periodic_endpoint_mapping,,,,,,,Y,0,-1,0,0.0,False
B_full_cube_periodic,full_cube_periodic,disconnected_fragments,组3:INTERNAL:full_cube_periodic:j107,组3,same_particle_periodic_junction,r158,r292,158,292,,,,组3_full_cube_periodic_P0141,unique,,,,not_in_graph,not_applicable_same_particle,unique_periodic_endpoint_mapping,,,,,,,Z,0,0,-1,0.0,False
B_full_cube_periodic,full_cube_periodic,disconnected_fragments,组3:INTERNAL:full_cube_periodic:j108,组3,same_particle_periodic_junction,r165,r274,165,274,,,,组3_full_cube_periodic_P0147,unique,,,,not_in_graph,not_applicable_same_particle,unique_periodic_endpoint_mapping,,,,,,,Y,0,1,0,0.0,False
B_full_cube_periodic,full_cube_periodic,disconnected_fragments,组3:INTERNAL:full_cube_periodic:j109,组3,same_particle_periodic_junction,r167,r241,167,241,,,,组3_full_cube_periodic_P0149,unique,,,,not_in_graph,not_applicable_same_particle,unique_periodic_endpoint_mapping,,,,,,,Z,0,0,-1,0.0,False
B_full_cube_periodic,full_cube_periodic,disconnected_fragments,组3:INTERNAL:full_cube_periodic:j110,组3,same_particle_periodic_junction,r168,r363,168,363,,,,组3_full_cube_periodic_P0150,unique,,,,not_in_graph,not_applicable_same_particle,unique_periodic_endpoint_mapping,,,,,,,Y,0,1,0,0.0,False
B_full_cube_periodic,full_cube_periodic,disconnected_fragments,组3:INTERNAL:full_cube_periodic:j111,组3,same_particle_periodic_junction,r169,r181,169,181,,,,组3_full_cube_periodic_P0151,unique,,,,not_in_graph,not_applicable_same_particle,unique_periodic_endpoint_mapping,,,,,,,Z,0,0,-1,0.0,False
B_full_cube_periodic,full_cube_periodic,disconnected_fragments,组3:INTERNAL:full_cube_periodic:j112,组3,same_particle_periodic_junction,r176,r220,176,220,,,,组3_full_cube_periodic_P0156,unique,,,,not_in_graph,not_applicable_same_particle,unique_periodic_endpoint_mapping,,,,,,,Z,0,0,-1,0.0,False
B_full_cube_periodic,full_cube_periodic,disconnected_fragments,组3:INTERNAL:full_cube_periodic:j113,组3,same_particle_periodic_junction,r179,r245,179,245,,,,组3_full_cube_periodic_P0159,unique,,,,not_in_graph,not_applicable_same_particle,unique_periodic_endpoint_mapping,,,,,,,Z,0,0,-1,0.0,False
B_full_cube_periodic,full_cube_periodic,disconnected_fragments,组3:INTERNAL:full_cube_periodic:j114,组3,same_particle_periodic_junction,r184,r248,184,248,,,,组3_full_cube_periodic_P0163,unique,,,,not_in_graph,not_applicable_same_particle,unique_periodic_endpoint_mapping,,,,,,,Y,0,-1,0,0.0,False
B_full_cube_periodic,full_cube_periodic,disconnected_fragments,组3:INTERNAL:full_cube_periodic:j115,组3,same_particle_periodic_junction,r187,r197,187,197,,,,组3_full_cube_periodic_P0166,unique,,,,not_in_graph,not_applicable_same_particle,unique_periodic_endpoint_mapping,,,,,,,Z,0,0,1,0.0,False
B_full_cube_periodic,full_cube_periodic,disconnected_fragments,组3:INTERNAL:full_cube_periodic:j116,组3,same_particle_periodic_junction,r190,r368,190,368,,,,组3_full_cube_periodic_P0168,unique,,,,not_in_graph,not_applicable_same_particle,unique_periodic_endpoint_mapping,,,,,,,Z,0,0,-1,0.0,False
B_full_cube_periodic,full_cube_periodic,disconnected_fragments,组3:INTERNAL:full_cube_periodic:j117,组3,same_particle_periodic_junction,r199,r201,199,201,,,,组3_full_cube_periodic_P0175,unique,,,,not_in_graph,not_applicable_same_particle,unique_periodic_endpoint_mapping,,,,,,,Y,0,1,0,0.0,False
B_full_cube_periodic,full_cube_periodic,disconnected_fragments,组3:INTERNAL:full_cube_periodic:j118,组3,same_particle_periodic_junction,r200,r358,200,358,,,,组3_full_cube_periodic_P0176,unique,,,,not_in_graph,not_applicable_same_particle,unique_periodic_endpoint_mapping,,,,,,,Y,0,1,0,0.0,False
B_full_cube_periodic,full_cube_periodic,disconnected_fragments,组3:INTERNAL:full_cube_periodic:j119,组3,same_particle_periodic_junction,r201,r202,201,202,,,,组3_full_cube_periodic_P0175,unique,,,,not_in_graph,not_applicable_same_particle,unique_periodic_endpoint_mapping,,,,,,,Z,0,0,-1,0.0,False
B_full_cube_periodic,full_cube_periodic,disconnected_fragments,组3:INTERNAL:full_cube_periodic:j120,组3,same_particle_periodic_junction,r203,r238,203,238,,,,组3_full_cube_periodic_P0177,unique,,,,not_in_graph,not_applicable_same_particle,unique_periodic_endpoint_mapping,,,,,,,Y,0,-1,0,0.0,False
B_full_cube_periodic,full_cube_periodic,disconnected_fragments,组3:INTERNAL:full_cube_periodic:j121,组3,same_particle_periodic_junction,r206,r254,206,254,,,,组3_full_cube_periodic_P0180,unique,,,,not_in_graph,not_applicable_same_particle,unique_periodic_endpoint_mapping,,,,,,,Y,0,-1,0,0.0,False
B_full_cube_periodic,full_cube_periodic,disconnected_fragments,组3:INTERNAL:full_cube_periodic:j122,组3,same_particle_periodic_junction,r210,r234,210,234,,,,组3_full_cube_periodic_P0184,unique,,,,not_in_graph,not_applicable_same_particle,unique_periodic_endpoint_mapping,,,,,,,Y,0,1,0,0.0,False
B_full_cube_periodic,full_cube_periodic,disconnected_fragments,组3:INTERNAL:full_cube_periodic:j123,组3,same_particle_periodic_junction,r212,r265,212,265,,,,组3_full_cube_periodic_P0185,unique,,,,not_in_graph,not_applicable_same_particle,unique_periodic_endpoint_mapping,,,,,,,Z,0,0,-1,0.0,False
B_full_cube_periodic,full_cube_periodic,disconnected_fragments,组3:INTERNAL:full_cube_periodic:j124,组3,same_particle_periodic_junction,r214,r373,214,373,,,,组3_full_cube_periodic_P0187,unique,,,,not_in_graph,not_applicable_same_particle,unique_periodic_endpoint_mapping,,,,,,,Y,0,-1,0,0.0,False
B_full_cube_periodic,full_cube_periodic,disconnected_fragments,组3:INTERNAL:full_cube_periodic:j125,组3,same_particle_periodic_junction,r215,r306,215,306,,,,组3_full_cube_periodic_P0188,unique,,,,not_in_graph,not_applicable_same_particle,unique_periodic_endpoint_mapping,,,,,,,Y,0,-1,0,0.0,False
B_full_cube_periodic,full_cube_periodic,disconnected_fragments,组3:INTERNAL:full_cube_periodic:j126,组3,same_particle_periodic_junction,r217,r236,217,236,,,,组3_full_cube_periodic_P0190,unique,,,,not_in_graph,not_applicable_same_particle,unique_periodic_endpoint_mapping,,,,,,,Z,0,0,1,0.0,False
B_full_cube_periodic,full_cube_periodic,disconnected_fragments,组3:INTERNAL:full_cube_periodic:j127,组3,same_particle_periodic_junction,r219,r243,219,243,,,,组3_full_cube_periodic_P0192,unique,,,,not_in_graph,not_applicable_same_particle,unique_periodic_endpoint_mapping,,,,,,,Y,0,-1,0,0.0,False
B_full_cube_periodic,full_cube_periodic,disconnected_fragments,组3:INTERNAL:full_cube_periodic:j128,组3,same_particle_periodic_junction,r226,r317,226,317,,,,组3_full_cube_periodic_P0198,unique,,,,not_in_graph,not_applicable_same_particle,unique_periodic_endpoint_mapping,,,,,,,Y,0,1,0,0.0,False
B_full_cube_periodic,full_cube_periodic,disconnected_fragments,组3:INTERNAL:full_cube_periodic:j129,组3,same_particle_periodic_junction,r228,r246,228,246,,,,组3_full_cube_periodic_P0200,unique,,,,not_in_graph,not_applicable_same_particle,unique_periodic_endpoint_mapping,,,,,,,Y,0,1,0,0.0,False
B_full_cube_periodic,full_cube_periodic,disconnected_fragments,组3:INTERNAL:full_cube_periodic:j130,组3,same_particle_periodic_junction,r232,r361,232,361,,,,组3_full_cube_periodic_P0203,unique,,,,not_in_graph,not_applicable_same_particle,unique_periodic_endpoint_mapping,,,,,,,Z,0,0,-1,0.0,False
B_full_cube_periodic,full_cube_periodic,disconnected_fragments,组3:INTERNAL:full_cube_periodic:j131,组3,same_particle_periodic_junction,r233,r237,233,237,,,,组3_full_cube_periodic_P0204,unique,,,,not_in_graph,not_applicable_same_particle,unique_periodic_endpoint_mapping,,,,,,,Z,0,0,1,0.0,False
B_full_cube_periodic,full_cube_periodic,disconnected_fragments,组3:INTERNAL:full_cube_periodic:j132,组3,same_particle_periodic_junction,r234,r239,234,239,,,,组3_full_cube_periodic_P0184,unique,,,,not_in_graph,not_applicable_same_particle,unique_periodic_endpoint_mapping,,,,,,,Z,0,0,1,0.0,False
B_full_cube_periodic,full_cube_periodic,disconnected_fragments,组3:INTERNAL:full_cube_periodic:j133,组3,same_particle_periodic_junction,r236,r299,236,299,,,,组3_full_cube_periodic_P0190,unique,,,,not_in_graph,not_applicable_same_particle,unique_periodic_endpoint_mapping,,,,,,,Y,0,1,0,0.0,False
B_full_cube_periodic,full_cube_periodic,disconnected_fragments,组3:INTERNAL:full_cube_periodic:j134,组3,same_particle_periodic_junction,r238,r285,238,285,,,,组3_full_cube_periodic_P0177,unique,,,,not_in_graph,not_applicable_same_particle,unique_periodic_endpoint_mapping,,,,,,,Z,0,0,-1,0.0,False
B_full_cube_periodic,full_cube_periodic,disconnected_fragments,组3:INTERNAL:full_cube_periodic:j135,组3,same_particle_periodic_junction,r246,r258,246,258,,,,组3_full_cube_periodic_P0200,unique,,,,not_in_graph,not_applicable_same_particle,unique_periodic_endpoint_mapping,,,,,,,Z,0,0,-1,0.0,False
B_full_cube_periodic,full_cube_periodic,disconnected_fragments,组3:INTERNAL:full_cube_periodic:j136,组3,same_particle_periodic_junction,r253,r435,253,435,,,,组3_full_cube_periodic_P0214,unique,,,,not_in_graph,not_applicable_same_particle,unique_periodic_endpoint_mapping,,,,,,,Z,0,0,1,0.0,False
B_full_cube_periodic,full_cube_periodic,disconnected_fragments,组3:INTERNAL:full_cube_periodic:j137,组3,same_particle_periodic_junction,r256,r275,256,275,,,,组3_full_cube_periodic_P0216,unique,,,,not_in_graph,not_applicable_same_particle,unique_periodic_endpoint_mapping,,,,,,,Y,0,-1,0,0.0,False
B_full_cube_periodic,full_cube_periodic,disconnected_fragments,组3:INTERNAL:full_cube_periodic:j138,组3,same_particle_periodic_junction,r273,r302,273,302,,,,组3_full_cube_periodic_P0230,unique,,,,not_in_graph,not_applicable_same_particle,unique_periodic_endpoint_mapping,,,,,,,Y,0,1,0,0.0,False
B_full_cube_periodic,full_cube_periodic,disconnected_fragments,组3:INTERNAL:full_cube_periodic:j139,组3,same_particle_periodic_junction,r279,r357,279,357,,,,组3_full_cube_periodic_P0234,unique,,,,not_in_graph,not_applicable_same_particle,unique_periodic_endpoint_mapping,,,,,,,Z,0,0,-1,0.0,False
B_full_cube_periodic,full_cube_periodic,disconnected_fragments,组3:INTERNAL:full_cube_periodic:j140,组3,same_particle_periodic_junction,r281,r371,281,371,,,,组3_full_cube_periodic_P0236,unique,,,,not_in_graph,not_applicable_same_particle,unique_periodic_endpoint_mapping,,,,,,,Y,0,1,0,0.0,False
B_full_cube_periodic,full_cube_periodic,disconnected_fragments,组3:INTERNAL:full_cube_periodic:j141,组3,same_particle_periodic_junction,r283,r312,283,312,,,,组3_full_cube_periodic_P0238,unique,,,,not_in_graph,not_applicable_same_particle,unique_periodic_endpoint_mapping,,,,,,,Y,0,1,0,0.0,False
B_full_cube_periodic,full_cube_periodic,disconnected_fragments,组3:INTERNAL:full_cube_periodic:j142,组3,same_particle_periodic_junction,r294,r310,294,310,,,,组3_full_cube_periodic_P0247,unique,,,,not_in_graph,not_applicable_same_particle,unique_periodic_endpoint_mapping,,,,,,,Z,0,0,1,0.0,False
B_full_cube_periodic,full_cube_periodic,disconnected_fragments,组3:INTERNAL:full_cube_periodic:j143,组3,same_particle_periodic_junction,r303,r378,303,378,,,,组3_full_cube_periodic_P0254,unique,,,,not_in_graph,not_applicable_same_particle,unique_periodic_endpoint_mapping,,,,,,,Y,0,1,0,0.0,False
B_full_cube_periodic,full_cube_periodic,disconnected_fragments,组3:INTERNAL:full_cube_periodic:j144,组3,same_particle_periodic_junction,r304,r309,304,309,,,,组3_full_cube_periodic_P0255,unique,,,,not_in_graph,not_applicable_same_particle,unique_periodic_endpoint_mapping,,,,,,,Y,0,1,0,0.0,False
B_full_cube_periodic,full_cube_periodic,disconnected_fragments,组3:INTERNAL:full_cube_periodic:j145,组3,same_particle_periodic_junction,r313,r410,313,410,,,,组3_full_cube_periodic_P0260,unique,,,,not_in_graph,not_applicable_same_particle,unique_periodic_endpoint_mapping,,,,,,,Z,0,0,-1,0.0,False
B_full_cube_periodic,full_cube_periodic,disconnected_fragments,组3:INTERNAL:full_cube_periodic:j146,组3,same_particle_periodic_junction,r319,r347,319,347,,,,组3_full_cube_periodic_P0265,unique,,,,not_in_graph,not_applicable_same_particle,unique_periodic_endpoint_mapping,,,,,,,Z,0,0,-1,0.0,False
B_full_cube_periodic,full_cube_periodic,disconnected_fragments,组3:INTERNAL:full_cube_periodic:j147,组3,same_particle_periodic_junction,r323,r416,323,416,,,,组3_full_cube_periodic_P0269,unique,,,,not_in_graph,not_applicable_same_particle,unique_periodic_endpoint_mapping,,,,,,,Z,0,0,1,0.0,False
B_full_cube_periodic,full_cube_periodic,disconnected_fragments,组3:INTERNAL:full_cube_periodic:j148,组3,same_particle_periodic_junction,r334,r337,334,337,,,,组3_full_cube_periodic_P0280,unique,,,,not_in_graph,not_applicable_same_particle,unique_periodic_endpoint_mapping,,,,,,,Z,0,0,1,0.0,False
B_full_cube_periodic,full_cube_periodic,disconnected_fragments,组3:INTERNAL:full_cube_periodic:j149,组3,same_particle_periodic_junction,r336,r467,336,467,,,,组3_full_cube_periodic_P0282,unique,,,,not_in_graph,not_applicable_same_particle,unique_periodic_endpoint_mapping,,,,,,,Z,0,0,1,0.0,False
B_full_cube_periodic,full_cube_periodic,disconnected_fragments,组3:INTERNAL:full_cube_periodic:j150,组3,same_particle_periodic_junction,r344,r364,344,364,,,,组3_full_cube_periodic_P0289,unique,,,,not_in_graph,not_applicable_same_particle,unique_periodic_endpoint_mapping,,,,,,,Y,0,1,0,0.0,False
B_full_cube_periodic,full_cube_periodic,disconnected_fragments,组3:INTERNAL:full_cube_periodic:j151,组3,same_particle_periodic_junction,r348,r356,348,356,,,,组3_full_cube_periodic_P0292,unique,,,,not_in_graph,not_applicable_same_particle,unique_periodic_endpoint_mapping,,,,,,,Z,0,0,1,0.0,False
B_full_cube_periodic,full_cube_periodic,disconnected_fragments,组3:INTERNAL:full_cube_periodic:j152,组3,same_particle_periodic_junction,r352,r393,352,393,,,,组3_full_cube_periodic_P0295,unique,,,,not_in_graph,not_applicable_same_particle,unique_periodic_endpoint_mapping,,,,,,,Y,0,-1,0,0.0,False
B_full_cube_periodic,full_cube_periodic,disconnected_fragments,组3:INTERNAL:full_cube_periodic:j153,组3,same_particle_periodic_junction,r354,r420,354,420,,,,组3_full_cube_periodic_P0297,unique,,,,not_in_graph,not_applicable_same_particle,unique_periodic_endpoint_mapping,,,,,,,Y,0,-1,0,0.0,False
B_full_cube_periodic,full_cube_periodic,disconnected_fragments,组3:INTERNAL:full_cube_periodic:j154,组3,same_particle_periodic_junction,r362,r370,362,370,,,,组3_full_cube_periodic_P0301,unique,,,,not_in_graph,not_applicable_same_particle,unique_periodic_endpoint_mapping,,,,,,,Y,0,-1,0,0.0,False
B_full_cube_periodic,full_cube_periodic,disconnected_fragments,组3:INTERNAL:full_cube_periodic:j155,组3,same_particle_periodic_junction,r367,r397,367,397,,,,组3_full_cube_periodic_P0304,unique,,,,not_in_graph,not_applicable_same_particle,unique_periodic_endpoint_mapping,,,,,,,Z,0,0,1,0.0,False
B_full_cube_periodic,full_cube_periodic,disconnected_fragments,组3:INTERNAL:full_cube_periodic:j156,组3,same_particle_periodic_junction,r377,r412,377,412,,,,组3_full_cube_periodic_P0309,cannot_reconstruct,,,,not_in_graph,not_applicable_same_particle,unique_periodic_endpoint_mapping,,,,,,,Y,0,1,0,0.0,False
B_full_cube_periodic,full_cube_periodic,disconnected_fragments,组3:INTERNAL:full_cube_periodic:j157,组3,same_particle_periodic_junction,r385,r394,385,394,,,,组3_full_cube_periodic_P0315,unique,,,,not_in_graph,not_applicable_same_particle,unique_periodic_endpoint_mapping,,,,,,,Y,0,1,0,0.0,False
B_full_cube_periodic,full_cube_periodic,disconnected_fragments,组3:INTERNAL:full_cube_periodic:j158,组3,same_particle_periodic_junction,r401,r436,401,436,,,,组3_full_cube_periodic_P0324,unique,,,,not_in_graph,not_applicable_same_particle,unique_periodic_endpoint_mapping,,,,,,,Z,0,0,1,0.0,False
B_full_cube_periodic,full_cube_periodic,disconnected_fragments,组3:INTERNAL:full_cube_periodic:j159,组3,same_particle_periodic_junction,r402,r427,402,427,,,,组3_full_cube_periodic_P0325,unique,,,,not_in_graph,not_applicable_same_particle,unique_periodic_endpoint_mapping,,,,,,,Y,0,-1,0,0.0,False
B_full_cube_periodic,full_cube_periodic,disconnected_fragments,组3:INTERNAL:full_cube_periodic:j160,组3,same_particle_periodic_junction,r403,r409,403,409,,,,组3_full_cube_periodic_P0326,unique,,,,not_in_graph,not_applicable_same_particle,unique_periodic_endpoint_mapping,,,,,,,Z,0,0,1,0.0,False
B_full_cube_periodic,full_cube_periodic,disconnected_fragments,组3:INTERNAL:full_cube_periodic:j161,组3,same_particle_periodic_junction,r408,r450,408,450,,,,组3_full_cube_periodic_P0329,unique,,,,not_in_graph,not_applicable_same_particle,unique_periodic_endpoint_mapping,,,,,,,Z,0,0,1,0.0,False
B_full_cube_periodic,full_cube_periodic,disconnected_fragments,组3:INTERNAL:full_cube_periodic:j162,组3,same_particle_periodic_junction,r409,r414,409,414,,,,组3_full_cube_periodic_P0326,unique,,,,not_in_graph,not_applicable_same_particle,unique_periodic_endpoint_mapping,,,,,,,Y,0,1,0,0.0,False
B_full_cube_periodic,full_cube_periodic,disconnected_fragments,组3:INTERNAL:full_cube_periodic:j163,组3,same_particle_periodic_junction,r419,r441,419,441,,,,组3_full_cube_periodic_P0334,unique,,,,not_in_graph,not_applicable_same_particle,unique_periodic_endpoint_mapping,,,,,,,Y,0,1,0,0.0,False
B_full_cube_periodic,full_cube_periodic,disconnected_fragments,组3:INTERNAL:full_cube_periodic:j164,组3,same_particle_periodic_junction,r422,r490,422,490,,,,组3_full_cube_periodic_P0004,unique,,,,not_in_graph,not_applicable_same_particle,unique_periodic_endpoint_mapping,,,,,,,Y,0,-1,0,0.0,False
B_full_cube_periodic,full_cube_periodic,disconnected_fragments,组3:INTERNAL:full_cube_periodic:j165,组3,same_particle_periodic_junction,r425,r434,425,434,,,,组3_full_cube_periodic_P0336,unique,,,,not_in_graph,not_applicable_same_particle,unique_periodic_endpoint_mapping,,,,,,,Y,0,1,0,0.0,False
B_full_cube_periodic,full_cube_periodic,disconnected_fragments,组3:INTERNAL:full_cube_periodic:j166,组3,same_particle_periodic_junction,r426,r529,426,529,,,,组3_full_cube_periodic_P0087,unique,,,,not_in_graph,not_applicable_same_particle,unique_periodic_endpoint_mapping,,,,,,,Y,0,1,0,0.0,False
B_full_cube_periodic,full_cube_periodic,disconnected_fragments,组3:INTERNAL:full_cube_periodic:j167,组3,same_particle_periodic_junction,r428,r447,428,447,,,,组3_full_cube_periodic_P0044,unique,,,,not_in_graph,not_applicable_same_particle,unique_periodic_endpoint_mapping,,,,,,,Z,0,0,1,0.0,False
B_full_cube_periodic,full_cube_periodic,disconnected_fragments,组3:INTERNAL:full_cube_periodic:j168,组3,same_particle_periodic_junction,r429,r460,429,460,,,,组3_full_cube_periodic_P0337,unique,,,,not_in_graph,not_applicable_same_particle,unique_periodic_endpoint_mapping,,,,,,,Z,0,0,1,0.0,False
B_full_cube_periodic,full_cube_periodic,disconnected_fragments,组3:INTERNAL:full_cube_periodic:j169,组3,same_particle_periodic_junction,r433,r515,433,515,,,,组3_full_cube_periodic_P0339,unique,,,,not_in_graph,not_applicable_same_particle,unique_periodic_endpoint_mapping,,,,,,,Z,0,0,-1,0.0,False
B_full_cube_periodic,full_cube_periodic,disconnected_fragments,组3:INTERNAL:full_cube_periodic:j170,组3,same_particle_periodic_junction,r440,r471,440,471,,,,组3_full_cube_periodic_P0089,unique,,,,not_in_graph,not_applicable_same_particle,unique_periodic_endpoint_mapping,,,,,,,Y,0,1,0,0.0,False
B_full_cube_periodic,full_cube_periodic,disconnected_fragments,组3:INTERNAL:full_cube_periodic:j171,组3,same_particle_periodic_junction,r442,r472,442,472,,,,组3_full_cube_periodic_P0012,unique,,,,not_in_graph,not_applicable_same_particle,unique_periodic_endpoint_mapping,,,,,,,Z,0,0,1,0.0,False
B_full_cube_periodic,full_cube_periodic,disconnected_fragments,组3:INTERNAL:full_cube_periodic:j172,组3,same_particle_periodic_junction,r444,r459,444,459,,,,组3_full_cube_periodic_P0342,unique,,,,not_in_graph,not_applicable_same_particle,unique_periodic_endpoint_mapping,,,,,,,Y,0,-1,0,0.0,False
B_full_cube_periodic,full_cube_periodic,disconnected_fragments,组3:INTERNAL:full_cube_periodic:j173,组3,same_particle_periodic_junction,r453,r477,453,477,,,,组3_full_cube_periodic_P0345,unique,,,,not_in_graph,not_applicable_same_particle,unique_periodic_endpoint_mapping,,,,,,,Z,0,0,1,0.0,False
B_full_cube_periodic,full_cube_periodic,disconnected_fragments,组3:INTERNAL:full_cube_periodic:j174,组3,same_particle_periodic_junction,r469,r497,469,497,,,,组3_full_cube_periodic_P0349,unique,,,,not_in_graph,not_applicable_same_particle,unique_periodic_endpoint_mapping,,,,,,,Y,0,1,0,0.0,False
B_full_cube_periodic,full_cube_periodic,disconnected_fragments,组3:INTERNAL:full_cube_periodic:j175,组3,same_particle_periodic_junction,r475,r495,475,495,,,,组3_full_cube_periodic_P0351,unique,,,,not_in_graph,not_applicable_same_particle,unique_periodic_endpoint_mapping,,,,,,,Y,0,1,0,0.0,False
B_full_cube_periodic,full_cube_periodic,disconnected_fragments,组3:INTERNAL:full_cube_periodic:j176,组3,same_particle_periodic_junction,r476,r488,476,488,,,,组3_full_cube_periodic_P0019,unique,,,,not_in_graph,not_applicable_same_particle,unique_periodic_endpoint_mapping,,,,,,,Y,0,-1,0,0.0,False
B_full_cube_periodic,full_cube_periodic,disconnected_fragments,组3:INTERNAL:full_cube_periodic:j177,组3,same_particle_periodic_junction,r494,r496,494,496,,,,组3_full_cube_periodic_P0356,unique,,,,not_in_graph,not_applicable_same_particle,unique_periodic_endpoint_mapping,,,,,,,Z,0,0,-1,0.0,False
B_full_cube_periodic,full_cube_periodic,disconnected_fragments,组3:INTERNAL:full_cube_periodic:j178,组3,same_particle_periodic_junction,r505,r534,505,534,,,,组3_full_cube_periodic_P0009,unique,,,,not_in_graph,not_applicable_same_particle,unique_periodic_endpoint_mapping,,,,,,,Y,0,-1,0,0.0,False
B_full_cube_periodic,full_cube_periodic,connected_same_particle,组1:INTERNAL:full_cube_periodic:j1,组1,same_particle_periodic_junction,r3,r14,3,14,,,,组1_full_cube_periodic_P0001,cannot_reconstruct,,,,internal_assumption,not_applicable_same_particle,unique_periodic_endpoint_mapping,,,,,,,X,1,0,0,0.0,True
B_full_cube_periodic,full_cube_periodic,connected_same_particle,组1:INTERNAL:full_cube_periodic:j2,组1,same_particle_periodic_junction,r4,r12,4,12,,,,组1_full_cube_periodic_P0002,unique,,,,internal_assumption,not_applicable_same_particle,unique_periodic_endpoint_mapping,,,,,,,X,1,0,0,0.0,True
B_full_cube_periodic,full_cube_periodic,connected_same_particle,组1:INTERNAL:full_cube_periodic:j3,组1,same_particle_periodic_junction,r5,r11,5,11,,,,组1_full_cube_periodic_P0003,unique,,,,internal_assumption,not_applicable_same_particle,unique_periodic_endpoint_mapping,,,,,,,X,1,0,0,0.0,True
B_full_cube_periodic,full_cube_periodic,connected_same_particle,组2:INTERNAL:full_cube_periodic:j1,组2,same_particle_periodic_junction,r3,r49,3,49,,,,组2_full_cube_periodic_P0001,cannot_reconstruct,,,,internal_assumption,not_applicable_same_particle,unique_periodic_endpoint_mapping,,,,,,,X,1,0,0,0.0,True
B_full_cube_periodic,full_cube_periodic,connected_same_particle,组2:INTERNAL:full_cube_periodic:j2,组2,same_particle_periodic_junction,r4,r51,4,51,,,,组2_full_cube_periodic_P0002,cannot_reconstruct,,,,internal_assumption,not_applicable_same_particle,unique_periodic_endpoint_mapping,,,,,,,X,1,0,0,0.0,True
B_full_cube_periodic,full_cube_periodic,connected_same_particle,组2:INTERNAL:full_cube_periodic:j3,组2,same_particle_periodic_junction,r5,r45,5,45,,,,组2_full_cube_periodic_P0003,cannot_reconstruct,,,,internal_assumption,not_applicable_same_particle,unique_periodic_endpoint_mapping,,,,,,,X,1,0,0,0.0,True
B_full_cube_periodic,full_cube_periodic,connected_same_particle,组2:INTERNAL:full_cube_periodic:j4,组2,same_particle_periodic_junction,r6,r47,6,47,,,,组2_full_cube_periodic_P0004,unique,,,,internal_assumption,not_applicable_same_particle,unique_periodic_endpoint_mapping,,,,,,,X,1,0,0,0.0,True
B_full_cube_periodic,full_cube_periodic,connected_same_particle,组2:INTERNAL:full_cube_periodic:j5,组2,same_particle_periodic_junction,r7,r48,7,48,,,,组2_full_cube_periodic_P0005,cannot_reconstruct,,,,internal_assumption,not_applicable_same_particle,unique_periodic_endpoint_mapping,,,,,,,X,1,0,0,0.0,True
B_full_cube_periodic,full_cube_periodic,connected_same_particle,组2:INTERNAL:full_cube_periodic:j6,组2,same_particle_periodic_junction,r8,r44,8,44,,,,组2_full_cube_periodic_P0006,unique,,,,internal_assumption,not_applicable_same_particle,unique_periodic_endpoint_mapping,,,,,,,X,1,0,0,0.0,True
B_full_cube_periodic,full_cube_periodic,connected_same_particle,组2:INTERNAL:full_cube_periodic:j7,组2,same_particle_periodic_junction,r9,r40,9,40,,,,组2_full_cube_periodic_P0007,unique,,,,internal_assumption,not_applicable_same_particle,unique_periodic_endpoint_mapping,,,,,,,X,1,0,0,0.0,True
B_full_cube_periodic,full_cube_periodic,connected_same_particle,组2:INTERNAL:full_cube_periodic:j8,组2,same_particle_periodic_junction,r11,r50,11,50,,,,组2_full_cube_periodic_P0009,cannot_reconstruct,,,,internal_assumption,not_applicable_same_particle,unique_periodic_endpoint_mapping,,,,,,,X,1,0,0,0.0,True
B_full_cube_periodic,full_cube_periodic,connected_same_particle,组2:INTERNAL:full_cube_periodic:j9,组2,same_particle_periodic_junction,r12,r41,12,41,,,,组2_full_cube_periodic_P0010,unique,,,,internal_assumption,not_applicable_same_particle,unique_periodic_endpoint_mapping,,,,,,,X,1,0,0,0.0,True
B_full_cube_periodic,full_cube_periodic,connected_same_particle,组2:INTERNAL:full_cube_periodic:j10,组2,same_particle_periodic_junction,r13,r46,13,46,,,,组2_full_cube_periodic_P0011,unique,,,,internal_assumption,not_applicable_same_particle,unique_periodic_endpoint_mapping,,,,,,,X,1,0,0,0.0,True
B_full_cube_periodic,full_cube_periodic,connected_same_particle,组3:INTERNAL:full_cube_periodic:j1,组3,same_particle_periodic_junction,r4,r507,4,507,,,,组3_full_cube_periodic_P0002,unique,,,,internal_assumption,not_applicable_same_particle,unique_periodic_endpoint_mapping,,,,,,,X,1,0,0,0.0,True
B_full_cube_periodic,full_cube_periodic,connected_same_particle,组3:INTERNAL:full_cube_periodic:j2,组3,same_particle_periodic_junction,r6,r490,6,490,,,,组3_full_cube_periodic_P0004,unique,,,,internal_assumption,not_applicable_same_particle,unique_periodic_endpoint_mapping,,,,,,,X,1,0,0,0.0,True
B_full_cube_periodic,full_cube_periodic,connected_same_particle,组3:INTERNAL:full_cube_periodic:j3,组3,same_particle_periodic_junction,r7,r537,7,537,,,,组3_full_cube_periodic_P0005,unique,,,,internal_assumption,not_applicable_same_particle,unique_periodic_endpoint_mapping,,,,,,,X,1,0,0,0.0,True
B_full_cube_periodic,full_cube_periodic,connected_same_particle,组3:INTERNAL:full_cube_periodic:j4,组3,same_particle_periodic_junction,r8,r487,8,487,,,,组3_full_cube_periodic_P0006,unique,,,,internal_assumption,not_applicable_same_particle,unique_periodic_endpoint_mapping,,,,,,,X,1,0,0,0.0,True
B_full_cube_periodic,full_cube_periodic,connected_same_particle,组3:INTERNAL:full_cube_periodic:j5,组3,same_particle_periodic_junction,r9,r454,9,454,,,,组3_full_cube_periodic_P0007,unique,,,,internal_assumption,not_applicable_same_particle,unique_periodic_endpoint_mapping,,,,,,,X,1,0,0,0.0,True
B_full_cube_periodic,full_cube_periodic,connected_same_particle,组3:INTERNAL:full_cube_periodic:j6,组3,same_particle_periodic_junction,r10,r452,10,452,,,,组3_full_cube_periodic_P0008,unique,,,,internal_assumption,not_applicable_same_particle,unique_periodic_endpoint_mapping,,,,,,,X,1,0,0,0.0,True
B_full_cube_periodic,full_cube_periodic,connected_same_particle,组3:INTERNAL:full_cube_periodic:j7,组3,same_particle_periodic_junction,r11,r534,11,534,,,,组3_full_cube_periodic_P0009,unique,,,,internal_assumption,not_applicable_same_particle,unique_periodic_endpoint_mapping,,,,,,,X,1,0,0,0.0,True
B_full_cube_periodic,full_cube_periodic,connected_same_particle,组3:INTERNAL:full_cube_periodic:j8,组3,same_particle_periodic_junction,r12,r527,12,527,,,,组3_full_cube_periodic_P0010,unique,,,,internal_assumption,not_applicable_same_particle,unique_periodic_endpoint_mapping,,,,,,,X,1,0,0,0.0,True
B_full_cube_periodic,full_cube_periodic,connected_same_particle,组3:INTERNAL:full_cube_periodic:j9,组3,same_particle_periodic_junction,r13,r526,13,526,,,,组3_full_cube_periodic_P0011,unique,,,,internal_assumption,not_applicable_same_particle,unique_periodic_endpoint_mapping,,,,,,,X,1,0,0,0.0,True
B_full_cube_periodic,full_cube_periodic,connected_same_particle,组3:INTERNAL:full_cube_periodic:j10,组3,same_particle_periodic_junction,r13,r101,13,101,,,,组3_full_cube_periodic_P0011,unique,,,,internal_assumption,not_applicable_same_particle,unique_periodic_endpoint_mapping,,,,,,,Y,0,1,0,0.0,True
B_full_cube_periodic,full_cube_periodic,connected_same_particle,组3:INTERNAL:full_cube_periodic:j11,组3,same_particle_periodic_junction,r14,r472,14,472,,,,组3_full_cube_periodic_P0012,unique,,,,internal_assumption,not_applicable_same_particle,unique_periodic_endpoint_mapping,,,,,,,X,1,0,0,0.0,True
B_full_cube_periodic,full_cube_periodic,connected_same_particle,组3:INTERNAL:full_cube_periodic:j12,组3,same_particle_periodic_junction,r16,r492,16,492,,,,组3_full_cube_periodic_P0014,unique,,,,internal_assumption,not_applicable_same_particle,unique_periodic_endpoint_mapping,,,,,,,X,1,0,0,0.0,True
B_full_cube_periodic,full_cube_periodic,connected_same_particle,组3:INTERNAL:full_cube_periodic:j13,组3,same_particle_periodic_junction,r17,r395,17,395,,,,组3_full_cube_periodic_P0015,unique,,,,internal_assumption,not_applicable_same_particle,unique_periodic_endpoint_mapping,,,,,,,X,1,0,0,0.0,True
B_full_cube_periodic,full_cube_periodic,connected_same_particle,组3:INTERNAL:full_cube_periodic:j14,组3,same_particle_periodic_junction,r18,r458,18,458,,,,组3_full_cube_periodic_P0016,unique,,,,internal_assumption,not_applicable_same_particle,unique_periodic_endpoint_mapping,,,,,,,X,1,0,0,0.0,True
B_full_cube_periodic,full_cube_periodic,connected_same_particle,组3:INTERNAL:full_cube_periodic:j15,组3,same_particle_periodic_junction,r19,r400,19,400,,,,组3_full_cube_periodic_P0017,unique,,,,internal_assumption,not_applicable_same_particle,unique_periodic_endpoint_mapping,,,,,,,X,1,0,0,0.0,True
B_full_cube_periodic,full_cube_periodic,connected_same_particle,组3:INTERNAL:full_cube_periodic:j16,组3,same_particle_periodic_junction,r20,r464,20,464,,,,组3_full_cube_periodic_P0018,unique,,,,internal_assumption,not_applicable_same_particle,unique_periodic_endpoint_mapping,,,,,,,X,1,0,0,0.0,True
B_full_cube_periodic,full_cube_periodic,connected_same_particle,组3:INTERNAL:full_cube_periodic:j17,组3,same_particle_periodic_junction,r21,r488,21,488,,,,组3_full_cube_periodic_P0019,unique,,,,internal_assumption,not_applicable_same_particle,unique_periodic_endpoint_mapping,,,,,,,X,1,0,0,0.0,True
B_full_cube_periodic,full_cube_periodic,connected_same_particle,组3:INTERNAL:full_cube_periodic:j18,组3,same_particle_periodic_junction,r22,r445,22,445,,,,组3_full_cube_periodic_P0020,unique,,,,internal_assumption,not_applicable_same_particle,unique_periodic_endpoint_mapping,,,,,,,X,1,0,0,0.0,True
B_full_cube_periodic,full_cube_periodic,connected_same_particle,组3:INTERNAL:full_cube_periodic:j19,组3,same_particle_periodic_junction,r23,r479,23,479,,,,组3_full_cube_periodic_P0021,unique,,,,internal_assumption,not_applicable_same_particle,unique_periodic_endpoint_mapping,,,,,,,X,1,0,0,0.0,True
B_full_cube_periodic,full_cube_periodic,connected_same_particle,组3:INTERNAL:full_cube_periodic:j20,组3,same_particle_periodic_junction,r24,r482,24,482,,,,组3_full_cube_periodic_P0022,unique,,,,internal_assumption,not_applicable_same_particle,unique_periodic_endpoint_mapping,,,,,,,X,1,0,0,0.0,True
B_full_cube_periodic,full_cube_periodic,connected_same_particle,组3:INTERNAL:full_cube_periodic:j21,组3,same_particle_periodic_junction,r25,r522,25,522,,,,组3_full_cube_periodic_P0023,unique,,,,internal_assumption,not_applicable_same_particle,unique_periodic_endpoint_mapping,,,,,,,X,1,0,0,0.0,True
B_full_cube_periodic,full_cube_periodic,connected_same_particle,组3:INTERNAL:full_cube_periodic:j22,组3,same_particle_periodic_junction,r26,r535,26,535,,,,组3_full_cube_periodic_P0024,unique,,,,internal_assumption,not_applicable_same_particle,unique_periodic_endpoint_mapping,,,,,,,X,1,0,0,0.0,True
B_full_cube_periodic,full_cube_periodic,connected_same_particle,组3:INTERNAL:full_cube_periodic:j23,组3,same_particle_periodic_junction,r27,r523,27,523,,,,组3_full_cube_periodic_P0025,unique,,,,internal_assumption,not_applicable_same_particle,unique_periodic_endpoint_mapping,,,,,,,X,1,0,0,0.0,True
B_full_cube_periodic,full_cube_periodic,connected_same_particle,组3:INTERNAL:full_cube_periodic:j24,组3,same_particle_periodic_junction,r28,r536,28,536,,,,组3_full_cube_periodic_P0026,unique,,,,internal_assumption,not_applicable_same_particle,unique_periodic_endpoint_mapping,,,,,,,X,1,0,0,0.0,True
B_full_cube_periodic,full_cube_periodic,connected_same_particle,组3:INTERNAL:full_cube_periodic:j25,组3,same_particle_periodic_junction,r29,r466,29,466,,,,组3_full_cube_periodic_P0027,unique,,,,internal_assumption,not_applicable_same_particle,unique_periodic_endpoint_mapping,,,,,,,X,1,0,0,0.0,True
B_full_cube_periodic,full_cube_periodic,connected_same_particle,组3:INTERNAL:full_cube_periodic:j26,组3,same_particle_periodic_junction,r30,r514,30,514,,,,组3_full_cube_periodic_P0028,unique,,,,internal_assumption,not_applicable_same_particle,unique_periodic_endpoint_mapping,,,,,,,X,1,0,0,0.0,True
B_full_cube_periodic,full_cube_periodic,connected_same_particle,组3:INTERNAL:full_cube_periodic:j27,组3,same_particle_periodic_junction,r31,r506,31,506,,,,组3_full_cube_periodic_P0029,unique,,,,internal_assumption,not_applicable_same_particle,unique_periodic_endpoint_mapping,,,,,,,X,1,0,0,0.0,True
B_full_cube_periodic,full_cube_periodic,connected_same_particle,组3:INTERNAL:full_cube_periodic:j28,组3,same_particle_periodic_junction,r32,r383,32,383,,,,组3_full_cube_periodic_P0030,unique,,,,internal_assumption,not_applicable_same_particle,unique_periodic_endpoint_mapping,,,,,,,X,1,0,0,0.0,True
B_full_cube_periodic,full_cube_periodic,connected_same_particle,组3:INTERNAL:full_cube_periodic:j29,组3,same_particle_periodic_junction,r33,r531,33,531,,,,组3_full_cube_periodic_P0031,unique,,,,internal_assumption,not_applicable_same_particle,unique_periodic_endpoint_mapping,,,,,,,X,1,0,0,0.0,True
B_full_cube_periodic,full_cube_periodic,connected_same_particle,组3:INTERNAL:full_cube_periodic:j30,组3,same_particle_periodic_junction,r34,r511,34,511,,,,组3_full_cube_periodic_P0032,unique,,,,internal_assumption,not_applicable_same_particle,unique_periodic_endpoint_mapping,,,,,,,X,1,0,0,0.0,True
B_full_cube_periodic,full_cube_periodic,connected_same_particle,组3:INTERNAL:full_cube_periodic:j31,组3,same_particle_periodic_junction,r35,r493,35,493,,,,组3_full_cube_periodic_P0033,unique,,,,internal_assumption,not_applicable_same_particle,unique_periodic_endpoint_mapping,,,,,,,X,1,0,0,0.0,True
B_full_cube_periodic,full_cube_periodic,connected_same_particle,组3:INTERNAL:full_cube_periodic:j32,组3,same_particle_periodic_junction,r36,r508,36,508,,,,组3_full_cube_periodic_P0034,unique,,,,internal_assumption,not_applicable_same_particle,unique_periodic_endpoint_mapping,,,,,,,X,1,0,0,0.0,True
B_full_cube_periodic,full_cube_periodic,connected_same_particle,组3:INTERNAL:full_cube_periodic:j33,组3,same_particle_periodic_junction,r37,r484,37,484,,,,组3_full_cube_periodic_P0035,unique,,,,internal_assumption,not_applicable_same_particle,unique_periodic_endpoint_mapping,,,,,,,X,1,0,0,0.0,True
B_full_cube_periodic,full_cube_periodic,connected_same_particle,组3:INTERNAL:full_cube_periodic:j34,组3,same_particle_periodic_junction,r38,r532,38,532,,,,组3_full_cube_periodic_P0036,unique,,,,internal_assumption,not_applicable_same_particle,unique_periodic_endpoint_mapping,,,,,,,X,1,0,0,0.0,True
B_full_cube_periodic,full_cube_periodic,connected_same_particle,组3:INTERNAL:full_cube_periodic:j35,组3,same_particle_periodic_junction,r39,r473,39,473,,,,组3_full_cube_periodic_P0037,unique,,,,internal_assumption,not_applicable_same_particle,unique_periodic_endpoint_mapping,,,,,,,X,1,0,0,0.0,True
B_full_cube_periodic,full_cube_periodic,connected_same_particle,组3:INTERNAL:full_cube_periodic:j36,组3,same_particle_periodic_junction,r39,r144,39,144,,,,组3_full_cube_periodic_P0037,unique,,,,internal_assumption,not_applicable_same_particle,unique_periodic_endpoint_mapping,,,,,,,Z,0,0,-1,0.0,True
B_full_cube_periodic,full_cube_periodic,connected_same_particle,组3:INTERNAL:full_cube_periodic:j37,组3,same_particle_periodic_junction,r40,r430,40,430,,,,组3_full_cube_periodic_P0038,unique,,,,internal_assumption,not_applicable_same_particle,unique_periodic_endpoint_mapping,,,,,,,X,1,0,0,0.0,True
B_full_cube_periodic,full_cube_periodic,connected_same_particle,组3:INTERNAL:full_cube_periodic:j38,组3,same_particle_periodic_junction,r41,r530,41,530,,,,组3_full_cube_periodic_P0039,unique,,,,internal_assumption,not_applicable_same_particle,unique_periodic_endpoint_mapping,,,,,,,X,1,0,0,0.0,True
B_full_cube_periodic,full_cube_periodic,connected_same_particle,组3:INTERNAL:full_cube_periodic:j39,组3,same_particle_periodic_junction,r41,r135,41,135,,,,组3_full_cube_periodic_P0039,unique,,,,internal_assumption,not_applicable_same_particle,unique_periodic_endpoint_mapping,,,,,,,Z,0,0,-1,0.0,True
B_full_cube_periodic,full_cube_periodic,connected_same_particle,组3:INTERNAL:full_cube_periodic:j40,组3,same_particle_periodic_junction,r42,r456,42,456,,,,组3_full_cube_periodic_P0040,unique,,,,internal_assumption,not_applicable_same_particle,unique_periodic_endpoint_mapping,,,,,,,X,1,0,0,0.0,True
B_full_cube_periodic,full_cube_periodic,connected_same_particle,组3:INTERNAL:full_cube_periodic:j41,组3,same_particle_periodic_junction,r43,r518,43,518,,,,组3_full_cube_periodic_P0041,unique,,,,internal_assumption,not_applicable_same_particle,unique_periodic_endpoint_mapping,,,,,,,X,1,0,0,0.0,True
B_full_cube_periodic,full_cube_periodic,connected_same_particle,组3:INTERNAL:full_cube_periodic:j42,组3,same_particle_periodic_junction,r44,r405,44,405,,,,组3_full_cube_periodic_P0042,unique,,,,internal_assumption,not_applicable_same_particle,unique_periodic_endpoint_mapping,,,,,,,X,1,0,0,0.0,True
B_full_cube_periodic,full_cube_periodic,connected_same_particle,组3:INTERNAL:full_cube_periodic:j43,组3,same_particle_periodic_junction,r45,r421,45,421,,,,组3_full_cube_periodic_P0043,unique,,,,internal_assumption,not_applicable_same_particle,unique_periodic_endpoint_mapping,,,,,,,X,1,0,0,0.0,True
B_full_cube_periodic,full_cube_periodic,connected_same_particle,组3:INTERNAL:full_cube_periodic:j44,组3,same_particle_periodic_junction,r46,r447,46,447,,,,组3_full_cube_periodic_P0044,unique,,,,internal_assumption,not_applicable_same_particle,unique_periodic_endpoint_mapping,,,,,,,X,1,0,0,0.0,True
B_full_cube_periodic,full_cube_periodic,connected_same_particle,组3:INTERNAL:full_cube_periodic:j45,组3,same_particle_periodic_junction,r47,r468,47,468,,,,组3_full_cube_periodic_P0045,unique,,,,internal_assumption,not_applicable_same_particle,unique_periodic_endpoint_mapping,,,,,,,X,1,0,0,0.0,True
B_full_cube_periodic,full_cube_periodic,connected_same_particle,组3:INTERNAL:full_cube_periodic:j46,组3,same_particle_periodic_junction,r48,r404,48,404,,,,组3_full_cube_periodic_P0046,unique,,,,internal_assumption,not_applicable_same_particle,unique_periodic_endpoint_mapping,,,,,,,X,1,0,0,0.0,True
B_full_cube_periodic,full_cube_periodic,connected_same_particle,组3:INTERNAL:full_cube_periodic:j47,组3,same_particle_periodic_junction,r49,r418,49,418,,,,组3_full_cube_periodic_P0047,unique,,,,internal_assumption,not_applicable_same_particle,unique_periodic_endpoint_mapping,,,,,,,X,1,0,0,0.0,True
B_full_cube_periodic,full_cube_periodic,connected_same_particle,组3:INTERNAL:full_cube_periodic:j48,组3,same_particle_periodic_junction,r50,r483,50,483,,,,组3_full_cube_periodic_P0048,unique,,,,internal_assumption,not_applicable_same_particle,unique_periodic_endpoint_mapping,,,,,,,X,1,0,0,0.0,True
B_full_cube_periodic,full_cube_periodic,connected_same_particle,组3:INTERNAL:full_cube_periodic:j49,组3,same_particle_periodic_junction,r50,r171,50,171,,,,组3_full_cube_periodic_P0048,unique,,,,internal_assumption,not_applicable_same_particle,unique_periodic_endpoint_mapping,,,,,,,Z,0,0,-1,0.0,True
B_full_cube_periodic,full_cube_periodic,connected_same_particle,组3:INTERNAL:full_cube_periodic:j50,组3,same_particle_periodic_junction,r52,r500,52,500,,,,组3_full_cube_periodic_P0050,unique,,,,internal_assumption,not_applicable_same_particle,unique_periodic_endpoint_mapping,,,,,,,X,1,0,0,0.0,True
B_full_cube_periodic,full_cube_periodic,connected_same_particle,组3:INTERNAL:full_cube_periodic:j51,组3,same_particle_periodic_junction,r53,r474,53,474,,,,组3_full_cube_periodic_P0051,unique,,,,internal_assumption,not_applicable_same_particle,unique_periodic_endpoint_mapping,,,,,,,X,1,0,0,0.0,True
B_full_cube_periodic,full_cube_periodic,connected_same_particle,组3:INTERNAL:full_cube_periodic:j52,组3,same_particle_periodic_junction,r55,r502,55,502,,,,组3_full_cube_periodic_P0053,unique,,,,internal_assumption,not_applicable_same_particle,unique_periodic_endpoint_mapping,,,,,,,X,1,0,0,0.0,True
B_full_cube_periodic,full_cube_periodic,connected_same_particle,组3:INTERNAL:full_cube_periodic:j53,组3,same_particle_periodic_junction,r56,r449,56,449,,,,组3_full_cube_periodic_P0054,unique,,,,internal_assumption,not_applicable_same_particle,unique_periodic_endpoint_mapping,,,,,,,X,1,0,0,0.0,True
B_full_cube_periodic,full_cube_periodic,connected_same_particle,组3:INTERNAL:full_cube_periodic:j54,组3,same_particle_periodic_junction,r57,r481,57,481,,,,组3_full_cube_periodic_P0055,unique,,,,internal_assumption,not_applicable_same_particle,unique_periodic_endpoint_mapping,,,,,,,X,1,0,0,0.0,True
B_full_cube_periodic,full_cube_periodic,connected_same_particle,组3:INTERNAL:full_cube_periodic:j55,组3,same_particle_periodic_junction,r58,r437,58,437,,,,组3_full_cube_periodic_P0056,unique,,,,internal_assumption,not_applicable_same_particle,unique_periodic_endpoint_mapping,,,,,,,X,1,0,0,0.0,True
B_full_cube_periodic,full_cube_periodic,connected_same_particle,组3:INTERNAL:full_cube_periodic:j56,组3,same_particle_periodic_junction,r58,r112,58,112,,,,组3_full_cube_periodic_P0056,unique,,,,internal_assumption,not_applicable_same_particle,unique_periodic_endpoint_mapping,,,,,,,Z,0,0,1,0.0,True
B_full_cube_periodic,full_cube_periodic,connected_same_particle,组3:INTERNAL:full_cube_periodic:j57,组3,same_particle_periodic_junction,r59,r504,59,504,,,,组3_full_cube_periodic_P0057,unique,,,,internal_assumption,not_applicable_same_particle,unique_periodic_endpoint_mapping,,,,,,,X,1,0,0,0.0,True
B_full_cube_periodic,full_cube_periodic,connected_same_particle,组3:INTERNAL:full_cube_periodic:j58,组3,same_particle_periodic_junction,r60,r431,60,431,,,,组3_full_cube_periodic_P0058,unique,,,,internal_assumption,not_applicable_same_particle,unique_periodic_endpoint_mapping,,,,,,,X,1,0,0,0.0,True
B_full_cube_periodic,full_cube_periodic,connected_same_particle,组3:INTERNAL:full_cube_periodic:j59,组3,same_particle_periodic_junction,r61,r501,61,501,,,,组3_full_cube_periodic_P0059,unique,,,,internal_assumption,not_applicable_same_particle,unique_periodic_endpoint_mapping,,,,,,,X,1,0,0,0.0,True
B_full_cube_periodic,full_cube_periodic,connected_same_particle,组3:INTERNAL:full_cube_periodic:j60,组3,same_particle_periodic_junction,r62,r533,62,533,,,,组3_full_cube_periodic_P0060,unique,,,,internal_assumption,not_applicable_same_particle,unique_periodic_endpoint_mapping,,,,,,,X,1,0,0,0.0,True
B_full_cube_periodic,full_cube_periodic,connected_same_particle,组3:INTERNAL:full_cube_periodic:j61,组3,same_particle_periodic_junction,r63,r509,63,509,,,,组3_full_cube_periodic_P0061,unique,,,,internal_assumption,not_applicable_same_particle,unique_periodic_endpoint_mapping,,,,,,,X,1,0,0,0.0,True
B_full_cube_periodic,full_cube_periodic,connected_same_particle,组3:INTERNAL:full_cube_periodic:j62,组3,same_particle_periodic_junction,r64,r463,64,463,,,,组3_full_cube_periodic_P0062,unique,,,,internal_assumption,not_applicable_same_particle,unique_periodic_endpoint_mapping,,,,,,,X,1,0,0,0.0,True
B_full_cube_periodic,full_cube_periodic,connected_same_particle,组3:INTERNAL:full_cube_periodic:j63,组3,same_particle_periodic_junction,r67,r499,67,499,,,,组3_full_cube_periodic_P0065,unique,,,,internal_assumption,not_applicable_same_particle,unique_periodic_endpoint_mapping,,,,,,,X,1,0,0,0.0,True
B_full_cube_periodic,full_cube_periodic,connected_same_particle,组3:INTERNAL:full_cube_periodic:j64,组3,same_particle_periodic_junction,r68,r446,68,446,,,,组3_full_cube_periodic_P0066,unique,,,,internal_assumption,not_applicable_same_particle,unique_periodic_endpoint_mapping,,,,,,,X,1,0,0,0.0,True
B_full_cube_periodic,full_cube_periodic,connected_same_particle,组3:INTERNAL:full_cube_periodic:j65,组3,same_particle_periodic_junction,r70,r519,70,519,,,,组3_full_cube_periodic_P0068,unique,,,,internal_assumption,not_applicable_same_particle,unique_periodic_endpoint_mapping,,,,,,,X,1,0,0,0.0,True
B_full_cube_periodic,full_cube_periodic,connected_same_particle,组3:INTERNAL:full_cube_periodic:j66,组3,same_particle_periodic_junction,r71,r376,71,376,,,,组3_full_cube_periodic_P0069,unique,,,,internal_assumption,not_applicable_same_particle,unique_periodic_endpoint_mapping,,,,,,,X,1,0,0,0.0,True
B_full_cube_periodic,full_cube_periodic,connected_same_particle,组3:INTERNAL:full_cube_periodic:j67,组3,same_particle_periodic_junction,r72,r524,72,524,,,,组3_full_cube_periodic_P0070,unique,,,,internal_assumption,not_applicable_same_particle,unique_periodic_endpoint_mapping,,,,,,,X,1,0,0,0.0,True
B_full_cube_periodic,full_cube_periodic,connected_same_particle,组3:INTERNAL:full_cube_periodic:j68,组3,same_particle_periodic_junction,r73,r480,73,480,,,,组3_full_cube_periodic_P0071,unique,,,,internal_assumption,not_applicable_same_particle,unique_periodic_endpoint_mapping,,,,,,,X,1,0,0,0.0,True
B_full_cube_periodic,full_cube_periodic,connected_same_particle,组3:INTERNAL:full_cube_periodic:j69,组3,same_particle_periodic_junction,r74,r491,74,491,,,,组3_full_cube_periodic_P0072,unique,,,,internal_assumption,not_applicable_same_particle,unique_periodic_endpoint_mapping,,,,,,,X,1,0,0,0.0,True
B_full_cube_periodic,full_cube_periodic,connected_same_particle,组3:INTERNAL:full_cube_periodic:j70,组3,same_particle_periodic_junction,r76,r388,76,388,,,,组3_full_cube_periodic_P0074,unique,,,,internal_assumption,not_applicable_same_particle,unique_periodic_endpoint_mapping,,,,,,,X,1,0,0,0.0,True
B_full_cube_periodic,full_cube_periodic,connected_same_particle,组3:INTERNAL:full_cube_periodic:j71,组3,same_particle_periodic_junction,r77,r517,77,517,,,,组3_full_cube_periodic_P0075,unique,,,,internal_assumption,not_applicable_same_particle,unique_periodic_endpoint_mapping,,,,,,,X,1,0,0,0.0,True
B_full_cube_periodic,full_cube_periodic,connected_same_particle,组3:INTERNAL:full_cube_periodic:j72,组3,same_particle_periodic_junction,r78,r521,78,521,,,,组3_full_cube_periodic_P0076,unique,,,,internal_assumption,not_applicable_same_particle,unique_periodic_endpoint_mapping,,,,,,,X,1,0,0,0.0,True
B_full_cube_periodic,full_cube_periodic,connected_same_particle,组3:INTERNAL:full_cube_periodic:j73,组3,same_particle_periodic_junction,r78,r211,78,211,,,,组3_full_cube_periodic_P0076,unique,,,,internal_assumption,not_applicable_same_particle,unique_periodic_endpoint_mapping,,,,,,,Z,0,0,1,0.0,True
B_full_cube_periodic,full_cube_periodic,connected_same_particle,组3:INTERNAL:full_cube_periodic:j74,组3,same_particle_periodic_junction,r79,r525,79,525,,,,组3_full_cube_periodic_P0077,unique,,,,internal_assumption,not_applicable_same_particle,unique_periodic_endpoint_mapping,,,,,,,X,1,0,0,0.0,True
B_full_cube_periodic,full_cube_periodic,connected_same_particle,组3:INTERNAL:full_cube_periodic:j75,组3,same_particle_periodic_junction,r80,r390,80,390,,,,组3_full_cube_periodic_P0078,unique,,,,internal_assumption,not_applicable_same_particle,unique_periodic_endpoint_mapping,,,,,,,X,1,0,0,0.0,True
B_full_cube_periodic,full_cube_periodic,connected_same_particle,组3:INTERNAL:full_cube_periodic:j76,组3,same_particle_periodic_junction,r81,r503,81,503,,,,组3_full_cube_periodic_P0079,unique,,,,internal_assumption,not_applicable_same_particle,unique_periodic_endpoint_mapping,,,,,,,X,1,0,0,0.0,True
B_full_cube_periodic,full_cube_periodic,connected_same_particle,组3:INTERNAL:full_cube_periodic:j77,组3,same_particle_periodic_junction,r82,r443,82,443,,,,组3_full_cube_periodic_P0080,cannot_reconstruct,,,,internal_assumption,not_applicable_same_particle,unique_periodic_endpoint_mapping,,,,,,,X,1,0,0,0.0,True
B_full_cube_periodic,full_cube_periodic,connected_same_particle,组3:INTERNAL:full_cube_periodic:j78,组3,same_particle_periodic_junction,r83,r512,83,512,,,,组3_full_cube_periodic_P0081,unique,,,,internal_assumption,not_applicable_same_particle,unique_periodic_endpoint_mapping,,,,,,,X,1,0,0,0.0,True
B_full_cube_periodic,full_cube_periodic,connected_same_particle,组3:INTERNAL:full_cube_periodic:j79,组3,same_particle_periodic_junction,r83,r141,83,141,,,,组3_full_cube_periodic_P0081,unique,,,,internal_assumption,not_applicable_same_particle,unique_periodic_endpoint_mapping,,,,,,,Y,0,-1,0,0.0,True
B_full_cube_periodic,full_cube_periodic,connected_same_particle,组3:INTERNAL:full_cube_periodic:j80,组3,same_particle_periodic_junction,r84,r461,84,461,,,,组3_full_cube_periodic_P0082,unique,,,,internal_assumption,not_applicable_same_particle,unique_periodic_endpoint_mapping,,,,,,,X,1,0,0,0.0,True
B_full_cube_periodic,full_cube_periodic,connected_same_particle,组3:INTERNAL:full_cube_periodic:j81,组3,same_particle_periodic_junction,r85,r465,85,465,,,,组3_full_cube_periodic_P0083,unique,,,,internal_assumption,not_applicable_same_particle,unique_periodic_endpoint_mapping,,,,,,,X,1,0,0,0.0,True
B_full_cube_periodic,full_cube_periodic,connected_same_particle,组3:INTERNAL:full_cube_periodic:j82,组3,same_particle_periodic_junction,r86,r516,86,516,,,,组3_full_cube_periodic_P0084,unique,,,,internal_assumption,not_applicable_same_particle,unique_periodic_endpoint_mapping,,,,,,,X,1,0,0,0.0,True
B_full_cube_periodic,full_cube_periodic,connected_same_particle,组3:INTERNAL:full_cube_periodic:j83,组3,same_particle_periodic_junction,r87,r510,87,510,,,,组3_full_cube_periodic_P0085,unique,,,,internal_assumption,not_applicable_same_particle,unique_periodic_endpoint_mapping,,,,,,,X,1,0,0,0.0,True
B_full_cube_periodic,full_cube_periodic,connected_same_particle,组3:INTERNAL:full_cube_periodic:j84,组3,same_particle_periodic_junction,r87,r148,87,148,,,,组3_full_cube_periodic_P0085,unique,,,,internal_assumption,not_applicable_same_particle,unique_periodic_endpoint_mapping,,,,,,,Y,0,-1,0,0.0,True
B_full_cube_periodic,full_cube_periodic,connected_same_particle,组3:INTERNAL:full_cube_periodic:j85,组3,same_particle_periodic_junction,r88,r513,88,513,,,,组3_full_cube_periodic_P0086,cannot_reconstruct,,,,internal_assumption,not_applicable_same_particle,unique_periodic_endpoint_mapping,,,,,,,X,1,0,0,0.0,True
B_full_cube_periodic,full_cube_periodic,connected_same_particle,组3:INTERNAL:full_cube_periodic:j86,组3,same_particle_periodic_junction,r89,r529,89,529,,,,组3_full_cube_periodic_P0087,unique,,,,internal_assumption,not_applicable_same_particle,unique_periodic_endpoint_mapping,,,,,,,X,1,0,0,0.0,True
B_full_cube_periodic,full_cube_periodic,connected_same_particle,组3:INTERNAL:full_cube_periodic:j87,组3,same_particle_periodic_junction,r90,r498,90,498,,,,组3_full_cube_periodic_P0088,cannot_reconstruct,,,,internal_assumption,not_applicable_same_particle,unique_periodic_endpoint_mapping,,,,,,,X,1,0,0,0.0,True
B_full_cube_periodic,full_cube_periodic,connected_same_particle,组3:INTERNAL:full_cube_periodic:j88,组3,same_particle_periodic_junction,r90,r136,90,136,,,,组3_full_cube_periodic_P0088,cannot_reconstruct,,,,internal_assumption,not_applicable_same_particle,unique_periodic_endpoint_mapping,,,,,,,Z,0,0,1,0.0,True
B_full_cube_periodic,full_cube_periodic,connected_same_particle,组3:INTERNAL:full_cube_periodic:j89,组3,same_particle_periodic_junction,r91,r471,91,471,,,,组3_full_cube_periodic_P0089,unique,,,,internal_assumption,not_applicable_same_particle,unique_periodic_endpoint_mapping,,,,,,,X,1,0,0,0.0,True
B_full_cube_periodic,full_cube_periodic,connected_same_particle,组3:INTERNAL:full_cube_periodic:j90,组3,same_particle_periodic_junction,r92,r424,92,424,,,,组3_full_cube_periodic_P0090,unique,,,,internal_assumption,not_applicable_same_particle,unique_periodic_endpoint_mapping,,,,,,,X,1,0,0,0.0,True
B_full_cube_periodic,full_cube_periodic,connected_same_particle,组3:INTERNAL:full_cube_periodic:j91,组3,same_particle_periodic_junction,r93,r528,93,528,,,,组3_full_cube_periodic_P0091,unique,,,,internal_assumption,not_applicable_same_particle,unique_periodic_endpoint_mapping,,,,,,,X,1,0,0,0.0,True
B_full_cube_periodic,full_cube_periodic,connected_same_particle,组3:INTERNAL:full_cube_periodic:j92,组3,same_particle_periodic_junction,r93,r126,93,126,,,,组3_full_cube_periodic_P0091,unique,,,,internal_assumption,not_applicable_same_particle,unique_periodic_endpoint_mapping,,,,,,,Y,0,-1,0,0.0,True
B_full_cube_periodic,full_cube_periodic,connected_same_particle,组3:INTERNAL:full_cube_periodic:j93,组3,same_particle_periodic_junction,r94,r142,94,142,,,,组3_full_cube_periodic_P0092,unique,,,,internal_assumption,not_applicable_same_particle,unique_periodic_endpoint_mapping,,,,,,,Z,0,0,-1,0.0,True
B_full_cube_periodic,full_cube_periodic,connected_same_particle,组3:INTERNAL:full_cube_periodic:j94,组3,same_particle_periodic_junction,r98,r123,98,123,,,,组3_full_cube_periodic_P0096,unique,,,,internal_assumption,not_applicable_same_particle,unique_periodic_endpoint_mapping,,,,,,,Z,0,0,1,0.0,True
B_full_cube_periodic,full_cube_periodic,connected_same_particle,组3:INTERNAL:full_cube_periodic:j95,组3,same_particle_periodic_junction,r106,r137,106,137,,,,组3_full_cube_periodic_P0103,unique,,,,internal_assumption,not_applicable_same_particle,unique_periodic_endpoint_mapping,,,,,,,Y,0,-1,0,0.0,True
B_full_cube_periodic,full_cube_periodic,connected_same_particle,组3:INTERNAL:full_cube_periodic:j96,组3,same_particle_periodic_junction,r107,r260,107,260,,,,组3_full_cube_periodic_P0104,unique,,,,internal_assumption,not_applicable_same_particle,unique_periodic_endpoint_mapping,,,,,,,Z,0,0,1,0.0,True
B_full_cube_periodic,full_cube_periodic,connected_same_particle,组3:INTERNAL:full_cube_periodic:j97,组3,same_particle_periodic_junction,r114,r134,114,134,,,,组3_full_cube_periodic_P0110,unique,,,,internal_assumption,not_applicable_same_particle,unique_periodic_endpoint_mapping,,,,,,,Z,0,0,1,0.0,True
B_full_cube_periodic,full_cube_periodic,connected_same_particle,组3:INTERNAL:full_cube_periodic:j98,组3,same_particle_periodic_junction,r125,r131,125,131,,,,组3_full_cube_periodic_P0120,unique,,,,internal_assumption,not_applicable_same_particle,unique_periodic_endpoint_mapping,,,,,,,Y,0,1,0,0.0,True
B_full_cube_periodic,full_cube_periodic,connected_same_particle,组3:INTERNAL:full_cube_periodic:j99,组3,same_particle_periodic_junction,r129,r145,129,145,,,,组3_full_cube_periodic_P0123,unique,,,,internal_assumption,not_applicable_same_particle,unique_periodic_endpoint_mapping,,,,,,,Y,0,-1,0,0.0,True
B_full_cube_periodic,full_cube_periodic,connected_same_particle,组3:INTERNAL:full_cube_periodic:j100,组3,same_particle_periodic_junction,r131,r132,131,132,,,,组3_full_cube_periodic_P0120,unique,,,,internal_assumption,not_applicable_same_particle,unique_periodic_endpoint_mapping,,,,,,,Z,0,0,1,0.0,True
B_full_cube_periodic,full_cube_periodic,connected_same_particle,组3:INTERNAL:full_cube_periodic:j101,组3,same_particle_periodic_junction,r140,r189,140,189,,,,组3_full_cube_periodic_P0128,unique,,,,internal_assumption,not_applicable_same_particle,unique_periodic_endpoint_mapping,,,,,,,Z,0,0,1,0.0,True
B_full_cube_periodic,full_cube_periodic,connected_same_particle,组3:INTERNAL:full_cube_periodic:j102,组3,same_particle_periodic_junction,r147,r175,147,175,,,,组3_full_cube_periodic_P0131,unique,,,,internal_assumption,not_applicable_same_particle,unique_periodic_endpoint_mapping,,,,,,,Z,0,0,1,0.0,True
B_full_cube_periodic,full_cube_periodic,connected_same_particle,组3:INTERNAL:full_cube_periodic:j103,组3,same_particle_periodic_junction,r149,r351,149,351,,,,组3_full_cube_periodic_P0132,unique,,,,internal_assumption,not_applicable_same_particle,unique_periodic_endpoint_mapping,,,,,,,Z,0,0,-1,0.0,True
B_full_cube_periodic,full_cube_periodic,connected_same_particle,组3:INTERNAL:full_cube_periodic:j104,组3,same_particle_periodic_junction,r152,r229,152,229,,,,组3_full_cube_periodic_P0135,unique,,,,internal_assumption,not_applicable_same_particle,unique_periodic_endpoint_mapping,,,,,,,Y,0,-1,0,0.0,True
B_full_cube_periodic,full_cube_periodic,connected_same_particle,组3:INTERNAL:full_cube_periodic:j105,组3,same_particle_periodic_junction,r154,r191,154,191,,,,组3_full_cube_periodic_P0137,unique,,,,internal_assumption,not_applicable_same_particle,unique_periodic_endpoint_mapping,,,,,,,Y,0,-1,0,0.0,True
B_full_cube_periodic,full_cube_periodic,connected_same_particle,组3:INTERNAL:full_cube_periodic:j106,组3,same_particle_periodic_junction,r155,r164,155,164,,,,组3_full_cube_periodic_P0138,unique,,,,internal_assumption,not_applicable_same_particle,unique_periodic_endpoint_mapping,,,,,,,Y,0,-1,0,0.0,True
B_full_cube_periodic,full_cube_periodic,connected_same_particle,组3:INTERNAL:full_cube_periodic:j107,组3,same_particle_periodic_junction,r158,r292,158,292,,,,组3_full_cube_periodic_P0141,unique,,,,internal_assumption,not_applicable_same_particle,unique_periodic_endpoint_mapping,,,,,,,Z,0,0,-1,0.0,True
B_full_cube_periodic,full_cube_periodic,connected_same_particle,组3:INTERNAL:full_cube_periodic:j108,组3,same_particle_periodic_junction,r165,r274,165,274,,,,组3_full_cube_periodic_P0147,unique,,,,internal_assumption,not_applicable_same_particle,unique_periodic_endpoint_mapping,,,,,,,Y,0,1,0,0.0,True
B_full_cube_periodic,full_cube_periodic,connected_same_particle,组3:INTERNAL:full_cube_periodic:j109,组3,same_particle_periodic_junction,r167,r241,167,241,,,,组3_full_cube_periodic_P0149,unique,,,,internal_assumption,not_applicable_same_particle,unique_periodic_endpoint_mapping,,,,,,,Z,0,0,-1,0.0,True
B_full_cube_periodic,full_cube_periodic,connected_same_particle,组3:INTERNAL:full_cube_periodic:j110,组3,same_particle_periodic_junction,r168,r363,168,363,,,,组3_full_cube_periodic_P0150,unique,,,,internal_assumption,not_applicable_same_particle,unique_periodic_endpoint_mapping,,,,,,,Y,0,1,0,0.0,True
B_full_cube_periodic,full_cube_periodic,connected_same_particle,组3:INTERNAL:full_cube_periodic:j111,组3,same_particle_periodic_junction,r169,r181,169,181,,,,组3_full_cube_periodic_P0151,unique,,,,internal_assumption,not_applicable_same_particle,unique_periodic_endpoint_mapping,,,,,,,Z,0,0,-1,0.0,True
B_full_cube_periodic,full_cube_periodic,connected_same_particle,组3:INTERNAL:full_cube_periodic:j112,组3,same_particle_periodic_junction,r176,r220,176,220,,,,组3_full_cube_periodic_P0156,unique,,,,internal_assumption,not_applicable_same_particle,unique_periodic_endpoint_mapping,,,,,,,Z,0,0,-1,0.0,True
B_full_cube_periodic,full_cube_periodic,connected_same_particle,组3:INTERNAL:full_cube_periodic:j113,组3,same_particle_periodic_junction,r179,r245,179,245,,,,组3_full_cube_periodic_P0159,unique,,,,internal_assumption,not_applicable_same_particle,unique_periodic_endpoint_mapping,,,,,,,Z,0,0,-1,0.0,True
B_full_cube_periodic,full_cube_periodic,connected_same_particle,组3:INTERNAL:full_cube_periodic:j114,组3,same_particle_periodic_junction,r184,r248,184,248,,,,组3_full_cube_periodic_P0163,unique,,,,internal_assumption,not_applicable_same_particle,unique_periodic_endpoint_mapping,,,,,,,Y,0,-1,0,0.0,True
B_full_cube_periodic,full_cube_periodic,connected_same_particle,组3:INTERNAL:full_cube_periodic:j115,组3,same_particle_periodic_junction,r187,r197,187,197,,,,组3_full_cube_periodic_P0166,unique,,,,internal_assumption,not_applicable_same_particle,unique_periodic_endpoint_mapping,,,,,,,Z,0,0,1,0.0,True
B_full_cube_periodic,full_cube_periodic,connected_same_particle,组3:INTERNAL:full_cube_periodic:j116,组3,same_particle_periodic_junction,r190,r368,190,368,,,,组3_full_cube_periodic_P0168,unique,,,,internal_assumption,not_applicable_same_particle,unique_periodic_endpoint_mapping,,,,,,,Z,0,0,-1,0.0,True
B_full_cube_periodic,full_cube_periodic,connected_same_particle,组3:INTERNAL:full_cube_periodic:j117,组3,same_particle_periodic_junction,r199,r201,199,201,,,,组3_full_cube_periodic_P0175,unique,,,,internal_assumption,not_applicable_same_particle,unique_periodic_endpoint_mapping,,,,,,,Y,0,1,0,0.0,True
B_full_cube_periodic,full_cube_periodic,connected_same_particle,组3:INTERNAL:full_cube_periodic:j118,组3,same_particle_periodic_junction,r200,r358,200,358,,,,组3_full_cube_periodic_P0176,unique,,,,internal_assumption,not_applicable_same_particle,unique_periodic_endpoint_mapping,,,,,,,Y,0,1,0,0.0,True
B_full_cube_periodic,full_cube_periodic,connected_same_particle,组3:INTERNAL:full_cube_periodic:j119,组3,same_particle_periodic_junction,r201,r202,201,202,,,,组3_full_cube_periodic_P0175,unique,,,,internal_assumption,not_applicable_same_particle,unique_periodic_endpoint_mapping,,,,,,,Z,0,0,-1,0.0,True
B_full_cube_periodic,full_cube_periodic,connected_same_particle,组3:INTERNAL:full_cube_periodic:j120,组3,same_particle_periodic_junction,r203,r238,203,238,,,,组3_full_cube_periodic_P0177,unique,,,,internal_assumption,not_applicable_same_particle,unique_periodic_endpoint_mapping,,,,,,,Y,0,-1,0,0.0,True
B_full_cube_periodic,full_cube_periodic,connected_same_particle,组3:INTERNAL:full_cube_periodic:j121,组3,same_particle_periodic_junction,r206,r254,206,254,,,,组3_full_cube_periodic_P0180,unique,,,,internal_assumption,not_applicable_same_particle,unique_periodic_endpoint_mapping,,,,,,,Y,0,-1,0,0.0,True
B_full_cube_periodic,full_cube_periodic,connected_same_particle,组3:INTERNAL:full_cube_periodic:j122,组3,same_particle_periodic_junction,r210,r234,210,234,,,,组3_full_cube_periodic_P0184,unique,,,,internal_assumption,not_applicable_same_particle,unique_periodic_endpoint_mapping,,,,,,,Y,0,1,0,0.0,True
B_full_cube_periodic,full_cube_periodic,connected_same_particle,组3:INTERNAL:full_cube_periodic:j123,组3,same_particle_periodic_junction,r212,r265,212,265,,,,组3_full_cube_periodic_P0185,unique,,,,internal_assumption,not_applicable_same_particle,unique_periodic_endpoint_mapping,,,,,,,Z,0,0,-1,0.0,True
B_full_cube_periodic,full_cube_periodic,connected_same_particle,组3:INTERNAL:full_cube_periodic:j124,组3,same_particle_periodic_junction,r214,r373,214,373,,,,组3_full_cube_periodic_P0187,unique,,,,internal_assumption,not_applicable_same_particle,unique_periodic_endpoint_mapping,,,,,,,Y,0,-1,0,0.0,True
B_full_cube_periodic,full_cube_periodic,connected_same_particle,组3:INTERNAL:full_cube_periodic:j125,组3,same_particle_periodic_junction,r215,r306,215,306,,,,组3_full_cube_periodic_P0188,unique,,,,internal_assumption,not_applicable_same_particle,unique_periodic_endpoint_mapping,,,,,,,Y,0,-1,0,0.0,True
B_full_cube_periodic,full_cube_periodic,connected_same_particle,组3:INTERNAL:full_cube_periodic:j126,组3,same_particle_periodic_junction,r217,r236,217,236,,,,组3_full_cube_periodic_P0190,unique,,,,internal_assumption,not_applicable_same_particle,unique_periodic_endpoint_mapping,,,,,,,Z,0,0,1,0.0,True
B_full_cube_periodic,full_cube_periodic,connected_same_particle,组3:INTERNAL:full_cube_periodic:j127,组3,same_particle_periodic_junction,r219,r243,219,243,,,,组3_full_cube_periodic_P0192,unique,,,,internal_assumption,not_applicable_same_particle,unique_periodic_endpoint_mapping,,,,,,,Y,0,-1,0,0.0,True
B_full_cube_periodic,full_cube_periodic,connected_same_particle,组3:INTERNAL:full_cube_periodic:j128,组3,same_particle_periodic_junction,r226,r317,226,317,,,,组3_full_cube_periodic_P0198,unique,,,,internal_assumption,not_applicable_same_particle,unique_periodic_endpoint_mapping,,,,,,,Y,0,1,0,0.0,True
B_full_cube_periodic,full_cube_periodic,connected_same_particle,组3:INTERNAL:full_cube_periodic:j129,组3,same_particle_periodic_junction,r228,r246,228,246,,,,组3_full_cube_periodic_P0200,unique,,,,internal_assumption,not_applicable_same_particle,unique_periodic_endpoint_mapping,,,,,,,Y,0,1,0,0.0,True
B_full_cube_periodic,full_cube_periodic,connected_same_particle,组3:INTERNAL:full_cube_periodic:j130,组3,same_particle_periodic_junction,r232,r361,232,361,,,,组3_full_cube_periodic_P0203,unique,,,,internal_assumption,not_applicable_same_particle,unique_periodic_endpoint_mapping,,,,,,,Z,0,0,-1,0.0,True
B_full_cube_periodic,full_cube_periodic,connected_same_particle,组3:INTERNAL:full_cube_periodic:j131,组3,same_particle_periodic_junction,r233,r237,233,237,,,,组3_full_cube_periodic_P0204,unique,,,,internal_assumption,not_applicable_same_particle,unique_periodic_endpoint_mapping,,,,,,,Z,0,0,1,0.0,True
B_full_cube_periodic,full_cube_periodic,connected_same_particle,组3:INTERNAL:full_cube_periodic:j132,组3,same_particle_periodic_junction,r234,r239,234,239,,,,组3_full_cube_periodic_P0184,unique,,,,internal_assumption,not_applicable_same_particle,unique_periodic_endpoint_mapping,,,,,,,Z,0,0,1,0.0,True
B_full_cube_periodic,full_cube_periodic,connected_same_particle,组3:INTERNAL:full_cube_periodic:j133,组3,same_particle_periodic_junction,r236,r299,236,299,,,,组3_full_cube_periodic_P0190,unique,,,,internal_assumption,not_applicable_same_particle,unique_periodic_endpoint_mapping,,,,,,,Y,0,1,0,0.0,True
B_full_cube_periodic,full_cube_periodic,connected_same_particle,组3:INTERNAL:full_cube_periodic:j134,组3,same_particle_periodic_junction,r238,r285,238,285,,,,组3_full_cube_periodic_P0177,unique,,,,internal_assumption,not_applicable_same_particle,unique_periodic_endpoint_mapping,,,,,,,Z,0,0,-1,0.0,True
B_full_cube_periodic,full_cube_periodic,connected_same_particle,组3:INTERNAL:full_cube_periodic:j135,组3,same_particle_periodic_junction,r246,r258,246,258,,,,组3_full_cube_periodic_P0200,unique,,,,internal_assumption,not_applicable_same_particle,unique_periodic_endpoint_mapping,,,,,,,Z,0,0,-1,0.0,True
B_full_cube_periodic,full_cube_periodic,connected_same_particle,组3:INTERNAL:full_cube_periodic:j136,组3,same_particle_periodic_junction,r253,r435,253,435,,,,组3_full_cube_periodic_P0214,unique,,,,internal_assumption,not_applicable_same_particle,unique_periodic_endpoint_mapping,,,,,,,Z,0,0,1,0.0,True
B_full_cube_periodic,full_cube_periodic,connected_same_particle,组3:INTERNAL:full_cube_periodic:j137,组3,same_particle_periodic_junction,r256,r275,256,275,,,,组3_full_cube_periodic_P0216,unique,,,,internal_assumption,not_applicable_same_particle,unique_periodic_endpoint_mapping,,,,,,,Y,0,-1,0,0.0,True
B_full_cube_periodic,full_cube_periodic,connected_same_particle,组3:INTERNAL:full_cube_periodic:j138,组3,same_particle_periodic_junction,r273,r302,273,302,,,,组3_full_cube_periodic_P0230,unique,,,,internal_assumption,not_applicable_same_particle,unique_periodic_endpoint_mapping,,,,,,,Y,0,1,0,0.0,True
B_full_cube_periodic,full_cube_periodic,connected_same_particle,组3:INTERNAL:full_cube_periodic:j139,组3,same_particle_periodic_junction,r279,r357,279,357,,,,组3_full_cube_periodic_P0234,unique,,,,internal_assumption,not_applicable_same_particle,unique_periodic_endpoint_mapping,,,,,,,Z,0,0,-1,0.0,True
B_full_cube_periodic,full_cube_periodic,connected_same_particle,组3:INTERNAL:full_cube_periodic:j140,组3,same_particle_periodic_junction,r281,r371,281,371,,,,组3_full_cube_periodic_P0236,unique,,,,internal_assumption,not_applicable_same_particle,unique_periodic_endpoint_mapping,,,,,,,Y,0,1,0,0.0,True
B_full_cube_periodic,full_cube_periodic,connected_same_particle,组3:INTERNAL:full_cube_periodic:j141,组3,same_particle_periodic_junction,r283,r312,283,312,,,,组3_full_cube_periodic_P0238,unique,,,,internal_assumption,not_applicable_same_particle,unique_periodic_endpoint_mapping,,,,,,,Y,0,1,0,0.0,True
B_full_cube_periodic,full_cube_periodic,connected_same_particle,组3:INTERNAL:full_cube_periodic:j142,组3,same_particle_periodic_junction,r294,r310,294,310,,,,组3_full_cube_periodic_P0247,unique,,,,internal_assumption,not_applicable_same_particle,unique_periodic_endpoint_mapping,,,,,,,Z,0,0,1,0.0,True
B_full_cube_periodic,full_cube_periodic,connected_same_particle,组3:INTERNAL:full_cube_periodic:j143,组3,same_particle_periodic_junction,r303,r378,303,378,,,,组3_full_cube_periodic_P0254,unique,,,,internal_assumption,not_applicable_same_particle,unique_periodic_endpoint_mapping,,,,,,,Y,0,1,0,0.0,True
B_full_cube_periodic,full_cube_periodic,connected_same_particle,组3:INTERNAL:full_cube_periodic:j144,组3,same_particle_periodic_junction,r304,r309,304,309,,,,组3_full_cube_periodic_P0255,unique,,,,internal_assumption,not_applicable_same_particle,unique_periodic_endpoint_mapping,,,,,,,Y,0,1,0,0.0,True
B_full_cube_periodic,full_cube_periodic,connected_same_particle,组3:INTERNAL:full_cube_periodic:j145,组3,same_particle_periodic_junction,r313,r410,313,410,,,,组3_full_cube_periodic_P0260,unique,,,,internal_assumption,not_applicable_same_particle,unique_periodic_endpoint_mapping,,,,,,,Z,0,0,-1,0.0,True
B_full_cube_periodic,full_cube_periodic,connected_same_particle,组3:INTERNAL:full_cube_periodic:j146,组3,same_particle_periodic_junction,r319,r347,319,347,,,,组3_full_cube_periodic_P0265,unique,,,,internal_assumption,not_applicable_same_particle,unique_periodic_endpoint_mapping,,,,,,,Z,0,0,-1,0.0,True
B_full_cube_periodic,full_cube_periodic,connected_same_particle,组3:INTERNAL:full_cube_periodic:j147,组3,same_particle_periodic_junction,r323,r416,323,416,,,,组3_full_cube_periodic_P0269,unique,,,,internal_assumption,not_applicable_same_particle,unique_periodic_endpoint_mapping,,,,,,,Z,0,0,1,0.0,True
B_full_cube_periodic,full_cube_periodic,connected_same_particle,组3:INTERNAL:full_cube_periodic:j148,组3,same_particle_periodic_junction,r334,r337,334,337,,,,组3_full_cube_periodic_P0280,unique,,,,internal_assumption,not_applicable_same_particle,unique_periodic_endpoint_mapping,,,,,,,Z,0,0,1,0.0,True
B_full_cube_periodic,full_cube_periodic,connected_same_particle,组3:INTERNAL:full_cube_periodic:j149,组3,same_particle_periodic_junction,r336,r467,336,467,,,,组3_full_cube_periodic_P0282,unique,,,,internal_assumption,not_applicable_same_particle,unique_periodic_endpoint_mapping,,,,,,,Z,0,0,1,0.0,True
B_full_cube_periodic,full_cube_periodic,connected_same_particle,组3:INTERNAL:full_cube_periodic:j150,组3,same_particle_periodic_junction,r344,r364,344,364,,,,组3_full_cube_periodic_P0289,unique,,,,internal_assumption,not_applicable_same_particle,unique_periodic_endpoint_mapping,,,,,,,Y,0,1,0,0.0,True
B_full_cube_periodic,full_cube_periodic,connected_same_particle,组3:INTERNAL:full_cube_periodic:j151,组3,same_particle_periodic_junction,r348,r356,348,356,,,,组3_full_cube_periodic_P0292,unique,,,,internal_assumption,not_applicable_same_particle,unique_periodic_endpoint_mapping,,,,,,,Z,0,0,1,0.0,True
B_full_cube_periodic,full_cube_periodic,connected_same_particle,组3:INTERNAL:full_cube_periodic:j152,组3,same_particle_periodic_junction,r352,r393,352,393,,,,组3_full_cube_periodic_P0295,unique,,,,internal_assumption,not_applicable_same_particle,unique_periodic_endpoint_mapping,,,,,,,Y,0,-1,0,0.0,True
B_full_cube_periodic,full_cube_periodic,connected_same_particle,组3:INTERNAL:full_cube_periodic:j153,组3,same_particle_periodic_junction,r354,r420,354,420,,,,组3_full_cube_periodic_P0297,unique,,,,internal_assumption,not_applicable_same_particle,unique_periodic_endpoint_mapping,,,,,,,Y,0,-1,0,0.0,True
B_full_cube_periodic,full_cube_periodic,connected_same_particle,组3:INTERNAL:full_cube_periodic:j154,组3,same_particle_periodic_junction,r362,r370,362,370,,,,组3_full_cube_periodic_P0301,unique,,,,internal_assumption,not_applicable_same_particle,unique_periodic_endpoint_mapping,,,,,,,Y,0,-1,0,0.0,True
B_full_cube_periodic,full_cube_periodic,connected_same_particle,组3:INTERNAL:full_cube_periodic:j155,组3,same_particle_periodic_junction,r367,r397,367,397,,,,组3_full_cube_periodic_P0304,unique,,,,internal_assumption,not_applicable_same_particle,unique_periodic_endpoint_mapping,,,,,,,Z,0,0,1,0.0,True
B_full_cube_periodic,full_cube_periodic,connected_same_particle,组3:INTERNAL:full_cube_periodic:j156,组3,same_particle_periodic_junction,r377,r412,377,412,,,,组3_full_cube_periodic_P0309,cannot_reconstruct,,,,internal_assumption,not_applicable_same_particle,unique_periodic_endpoint_mapping,,,,,,,Y,0,1,0,0.0,True
B_full_cube_periodic,full_cube_periodic,connected_same_particle,组3:INTERNAL:full_cube_periodic:j157,组3,same_particle_periodic_junction,r385,r394,385,394,,,,组3_full_cube_periodic_P0315,unique,,,,internal_assumption,not_applicable_same_particle,unique_periodic_endpoint_mapping,,,,,,,Y,0,1,0,0.0,True
B_full_cube_periodic,full_cube_periodic,connected_same_particle,组3:INTERNAL:full_cube_periodic:j158,组3,same_particle_periodic_junction,r401,r436,401,436,,,,组3_full_cube_periodic_P0324,unique,,,,internal_assumption,not_applicable_same_particle,unique_periodic_endpoint_mapping,,,,,,,Z,0,0,1,0.0,True
B_full_cube_periodic,full_cube_periodic,connected_same_particle,组3:INTERNAL:full_cube_periodic:j159,组3,same_particle_periodic_junction,r402,r427,402,427,,,,组3_full_cube_periodic_P0325,unique,,,,internal_assumption,not_applicable_same_particle,unique_periodic_endpoint_mapping,,,,,,,Y,0,-1,0,0.0,True
B_full_cube_periodic,full_cube_periodic,connected_same_particle,组3:INTERNAL:full_cube_periodic:j160,组3,same_particle_periodic_junction,r403,r409,403,409,,,,组3_full_cube_periodic_P0326,unique,,,,internal_assumption,not_applicable_same_particle,unique_periodic_endpoint_mapping,,,,,,,Z,0,0,1,0.0,True
B_full_cube_periodic,full_cube_periodic,connected_same_particle,组3:INTERNAL:full_cube_periodic:j161,组3,same_particle_periodic_junction,r408,r450,408,450,,,,组3_full_cube_periodic_P0329,unique,,,,internal_assumption,not_applicable_same_particle,unique_periodic_endpoint_mapping,,,,,,,Z,0,0,1,0.0,True
B_full_cube_periodic,full_cube_periodic,connected_same_particle,组3:INTERNAL:full_cube_periodic:j162,组3,same_particle_periodic_junction,r409,r414,409,414,,,,组3_full_cube_periodic_P0326,unique,,,,internal_assumption,not_applicable_same_particle,unique_periodic_endpoint_mapping,,,,,,,Y,0,1,0,0.0,True
B_full_cube_periodic,full_cube_periodic,connected_same_particle,组3:INTERNAL:full_cube_periodic:j163,组3,same_particle_periodic_junction,r419,r441,419,441,,,,组3_full_cube_periodic_P0334,unique,,,,internal_assumption,not_applicable_same_particle,unique_periodic_endpoint_mapping,,,,,,,Y,0,1,0,0.0,True
B_full_cube_periodic,full_cube_periodic,connected_same_particle,组3:INTERNAL:full_cube_periodic:j164,组3,same_particle_periodic_junction,r422,r490,422,490,,,,组3_full_cube_periodic_P0004,unique,,,,internal_assumption,not_applicable_same_particle,unique_periodic_endpoint_mapping,,,,,,,Y,0,-1,0,0.0,True
B_full_cube_periodic,full_cube_periodic,connected_same_particle,组3:INTERNAL:full_cube_periodic:j165,组3,same_particle_periodic_junction,r425,r434,425,434,,,,组3_full_cube_periodic_P0336,unique,,,,internal_assumption,not_applicable_same_particle,unique_periodic_endpoint_mapping,,,,,,,Y,0,1,0,0.0,True
B_full_cube_periodic,full_cube_periodic,connected_same_particle,组3:INTERNAL:full_cube_periodic:j166,组3,same_particle_periodic_junction,r426,r529,426,529,,,,组3_full_cube_periodic_P0087,unique,,,,internal_assumption,not_applicable_same_particle,unique_periodic_endpoint_mapping,,,,,,,Y,0,1,0,0.0,True
B_full_cube_periodic,full_cube_periodic,connected_same_particle,组3:INTERNAL:full_cube_periodic:j167,组3,same_particle_periodic_junction,r428,r447,428,447,,,,组3_full_cube_periodic_P0044,unique,,,,internal_assumption,not_applicable_same_particle,unique_periodic_endpoint_mapping,,,,,,,Z,0,0,1,0.0,True
B_full_cube_periodic,full_cube_periodic,connected_same_particle,组3:INTERNAL:full_cube_periodic:j168,组3,same_particle_periodic_junction,r429,r460,429,460,,,,组3_full_cube_periodic_P0337,unique,,,,internal_assumption,not_applicable_same_particle,unique_periodic_endpoint_mapping,,,,,,,Z,0,0,1,0.0,True
B_full_cube_periodic,full_cube_periodic,connected_same_particle,组3:INTERNAL:full_cube_periodic:j169,组3,same_particle_periodic_junction,r433,r515,433,515,,,,组3_full_cube_periodic_P0339,unique,,,,internal_assumption,not_applicable_same_particle,unique_periodic_endpoint_mapping,,,,,,,Z,0,0,-1,0.0,True
B_full_cube_periodic,full_cube_periodic,connected_same_particle,组3:INTERNAL:full_cube_periodic:j170,组3,same_particle_periodic_junction,r440,r471,440,471,,,,组3_full_cube_periodic_P0089,unique,,,,internal_assumption,not_applicable_same_particle,unique_periodic_endpoint_mapping,,,,,,,Y,0,1,0,0.0,True
B_full_cube_periodic,full_cube_periodic,connected_same_particle,组3:INTERNAL:full_cube_periodic:j171,组3,same_particle_periodic_junction,r442,r472,442,472,,,,组3_full_cube_periodic_P0012,unique,,,,internal_assumption,not_applicable_same_particle,unique_periodic_endpoint_mapping,,,,,,,Z,0,0,1,0.0,True
B_full_cube_periodic,full_cube_periodic,connected_same_particle,组3:INTERNAL:full_cube_periodic:j172,组3,same_particle_periodic_junction,r444,r459,444,459,,,,组3_full_cube_periodic_P0342,unique,,,,internal_assumption,not_applicable_same_particle,unique_periodic_endpoint_mapping,,,,,,,Y,0,-1,0,0.0,True
B_full_cube_periodic,full_cube_periodic,connected_same_particle,组3:INTERNAL:full_cube_periodic:j173,组3,same_particle_periodic_junction,r453,r477,453,477,,,,组3_full_cube_periodic_P0345,unique,,,,internal_assumption,not_applicable_same_particle,unique_periodic_endpoint_mapping,,,,,,,Z,0,0,1,0.0,True
B_full_cube_periodic,full_cube_periodic,connected_same_particle,组3:INTERNAL:full_cube_periodic:j174,组3,same_particle_periodic_junction,r469,r497,469,497,,,,组3_full_cube_periodic_P0349,unique,,,,internal_assumption,not_applicable_same_particle,unique_periodic_endpoint_mapping,,,,,,,Y,0,1,0,0.0,True
B_full_cube_periodic,full_cube_periodic,connected_same_particle,组3:INTERNAL:full_cube_periodic:j175,组3,same_particle_periodic_junction,r475,r495,475,495,,,,组3_full_cube_periodic_P0351,unique,,,,internal_assumption,not_applicable_same_particle,unique_periodic_endpoint_mapping,,,,,,,Y,0,1,0,0.0,True
B_full_cube_periodic,full_cube_periodic,connected_same_particle,组3:INTERNAL:full_cube_periodic:j176,组3,same_particle_periodic_junction,r476,r488,476,488,,,,组3_full_cube_periodic_P0019,unique,,,,internal_assumption,not_applicable_same_particle,unique_periodic_endpoint_mapping,,,,,,,Y,0,-1,0,0.0,True
B_full_cube_periodic,full_cube_periodic,connected_same_particle,组3:INTERNAL:full_cube_periodic:j177,组3,same_particle_periodic_junction,r494,r496,494,496,,,,组3_full_cube_periodic_P0356,unique,,,,internal_assumption,not_applicable_same_particle,unique_periodic_endpoint_mapping,,,,,,,Z,0,0,-1,0.0,True
B_full_cube_periodic,full_cube_periodic,connected_same_particle,组3:INTERNAL:full_cube_periodic:j178,组3,same_particle_periodic_junction,r505,r534,505,534,,,,组3_full_cube_periodic_P0009,unique,,,,internal_assumption,not_applicable_same_particle,unique_periodic_endpoint_mapping,,,,,,,Y,0,-1,0,0.0,True
C_thin_12_full_3,thin_prism_periodic,disconnected_fragments,组1:INTERNAL:thin_prism_periodic:j1,组1,same_particle_periodic_junction,r3,r14,3,14,,,,组1_thin_prism_periodic_P0001,cannot_reconstruct,,,,not_in_graph,not_applicable_same_particle,unique_periodic_endpoint_mapping,,,,,,,X,1,0,0,0.0,False
C_thin_12_full_3,thin_prism_periodic,disconnected_fragments,组1:INTERNAL:thin_prism_periodic:j2,组1,same_particle_periodic_junction,r4,r12,4,12,,,,组1_thin_prism_periodic_P0002,unique,,,,not_in_graph,not_applicable_same_particle,unique_periodic_endpoint_mapping,,,,,,,X,1,0,0,0.0,False
C_thin_12_full_3,thin_prism_periodic,disconnected_fragments,组1:INTERNAL:thin_prism_periodic:j3,组1,same_particle_periodic_junction,r5,r11,5,11,,,,组1_thin_prism_periodic_P0003,unique,,,,not_in_graph,not_applicable_same_particle,unique_periodic_endpoint_mapping,,,,,,,X,1,0,0,0.0,False
C_thin_12_full_3,thin_prism_periodic,disconnected_fragments,组1:INTERNAL:thin_prism_periodic:j4,组1,same_particle_periodic_junction,r8,r9,8,9,,,,组1_thin_prism_periodic_P0006,unique,,,,not_in_graph,not_applicable_same_particle,unique_periodic_endpoint_mapping,,,,,,,Z,0,0,-1,0.0,False
C_thin_12_full_3,thin_prism_periodic,disconnected_fragments,组1:INTERNAL:thin_prism_periodic:j5,组1,same_particle_periodic_junction,r13,r14,13,14,,,,组1_thin_prism_periodic_P0001,cannot_reconstruct,,,,not_in_graph,not_applicable_same_particle,unique_periodic_endpoint_mapping,,,,,,,Z,0,0,-1,0.0,False
C_thin_12_full_3,thin_prism_periodic,disconnected_fragments,组2:INTERNAL:thin_prism_periodic:j1,组2,same_particle_periodic_junction,r3,r49,3,49,,,,组2_thin_prism_periodic_P0001,unique,,,,not_in_graph,not_applicable_same_particle,unique_periodic_endpoint_mapping,,,,,,,X,1,0,0,0.0,False
C_thin_12_full_3,thin_prism_periodic,disconnected_fragments,组2:INTERNAL:thin_prism_periodic:j2,组2,same_particle_periodic_junction,r3,r19,3,19,,,,组2_thin_prism_periodic_P0001,unique,,,,not_in_graph,not_applicable_same_particle,unique_periodic_endpoint_mapping,,,,,,,Z,0,0,1,0.0,False
C_thin_12_full_3,thin_prism_periodic,disconnected_fragments,组2:INTERNAL:thin_prism_periodic:j3,组2,same_particle_periodic_junction,r4,r51,4,51,,,,组2_thin_prism_periodic_P0002,cannot_reconstruct,,,,not_in_graph,not_applicable_same_particle,unique_periodic_endpoint_mapping,,,,,,,X,1,0,0,0.0,False
C_thin_12_full_3,thin_prism_periodic,disconnected_fragments,组2:INTERNAL:thin_prism_periodic:j4,组2,same_particle_periodic_junction,r5,r45,5,45,,,,组2_thin_prism_periodic_P0003,unique,,,,not_in_graph,not_applicable_same_particle,unique_periodic_endpoint_mapping,,,,,,,X,1,0,0,0.0,False
C_thin_12_full_3,thin_prism_periodic,disconnected_fragments,组2:INTERNAL:thin_prism_periodic:j5,组2,same_particle_periodic_junction,r6,r47,6,47,,,,组2_thin_prism_periodic_P0004,unique,,,,not_in_graph,not_applicable_same_particle,unique_periodic_endpoint_mapping,,,,,,,X,1,0,0,0.0,False
C_thin_12_full_3,thin_prism_periodic,disconnected_fragments,组2:INTERNAL:thin_prism_periodic:j6,组2,same_particle_periodic_junction,r7,r48,7,48,,,,组2_thin_prism_periodic_P0005,cannot_reconstruct,,,,not_in_graph,not_applicable_same_particle,unique_periodic_endpoint_mapping,,,,,,,X,1,0,0,0.0,False
C_thin_12_full_3,thin_prism_periodic,disconnected_fragments,组2:INTERNAL:thin_prism_periodic:j7,组2,same_particle_periodic_junction,r8,r44,8,44,,,,组2_thin_prism_periodic_P0006,unique,,,,not_in_graph,not_applicable_same_particle,unique_periodic_endpoint_mapping,,,,,,,X,1,0,0,0.0,False
C_thin_12_full_3,thin_prism_periodic,disconnected_fragments,组2:INTERNAL:thin_prism_periodic:j8,组2,same_particle_periodic_junction,r9,r40,9,40,,,,组2_thin_prism_periodic_P0007,unique,,,,not_in_graph,not_applicable_same_particle,unique_periodic_endpoint_mapping,,,,,,,X,1,0,0,0.0,False
C_thin_12_full_3,thin_prism_periodic,disconnected_fragments,组2:INTERNAL:thin_prism_periodic:j9,组2,same_particle_periodic_junction,r10,r17,10,17,,,,组2_thin_prism_periodic_P0008,cannot_reconstruct,,,,not_in_graph,not_applicable_same_particle,unique_periodic_endpoint_mapping,,,,,,,Z,0,0,1,0.0,False
C_thin_12_full_3,thin_prism_periodic,disconnected_fragments,组2:INTERNAL:thin_prism_periodic:j10,组2,same_particle_periodic_junction,r11,r50,11,50,,,,组2_thin_prism_periodic_P0009,unique,,,,not_in_graph,not_applicable_same_particle,unique_periodic_endpoint_mapping,,,,,,,X,1,0,0,0.0,False
C_thin_12_full_3,thin_prism_periodic,disconnected_fragments,组2:INTERNAL:thin_prism_periodic:j11,组2,same_particle_periodic_junction,r11,r22,11,22,,,,组2_thin_prism_periodic_P0009,unique,,,,not_in_graph,not_applicable_same_particle,unique_periodic_endpoint_mapping,,,,,,,Z,0,0,1,0.0,False
C_thin_12_full_3,thin_prism_periodic,disconnected_fragments,组2:INTERNAL:thin_prism_periodic:j12,组2,same_particle_periodic_junction,r12,r41,12,41,,,,组2_thin_prism_periodic_P0010,unique,,,,not_in_graph,not_applicable_same_particle,unique_periodic_endpoint_mapping,,,,,,,X,1,0,0,0.0,False
C_thin_12_full_3,thin_prism_periodic,disconnected_fragments,组2:INTERNAL:thin_prism_periodic:j13,组2,same_particle_periodic_junction,r13,r46,13,46,,,,组2_thin_prism_periodic_P0011,unique,,,,not_in_graph,not_applicable_same_particle,unique_periodic_endpoint_mapping,,,,,,,X,1,0,0,0.0,False
C_thin_12_full_3,thin_prism_periodic,disconnected_fragments,组2:INTERNAL:thin_prism_periodic:j14,组2,same_particle_periodic_junction,r15,r30,15,30,,,,组2_thin_prism_periodic_P0013,unique,,,,not_in_graph,not_applicable_same_particle,unique_periodic_endpoint_mapping,,,,,,,Y,0,-1,0,0.0,False
C_thin_12_full_3,thin_prism_periodic,disconnected_fragments,组2:INTERNAL:thin_prism_periodic:j15,组2,same_particle_periodic_junction,r21,r37,21,37,,,,组2_thin_prism_periodic_P0017,unique,,,,not_in_graph,not_applicable_same_particle,unique_periodic_endpoint_mapping,,,,,,,Y,0,-1,0,0.0,False
C_thin_12_full_3,thin_prism_periodic,disconnected_fragments,组2:INTERNAL:thin_prism_periodic:j16,组2,same_particle_periodic_junction,r24,r29,24,29,,,,组2_thin_prism_periodic_P0019,unique,,,,not_in_graph,not_applicable_same_particle,unique_periodic_endpoint_mapping,,,,,,,Z,0,0,-1,0.0,False
C_thin_12_full_3,thin_prism_periodic,disconnected_fragments,组2:INTERNAL:thin_prism_periodic:j17,组2,same_particle_periodic_junction,r25,r39,25,39,,,,组2_thin_prism_periodic_P0020,unique,,,,not_in_graph,not_applicable_same_particle,unique_periodic_endpoint_mapping,,,,,,,Y,0,1,0,0.0,False
C_thin_12_full_3,thin_prism_periodic,disconnected_fragments,组2:INTERNAL:thin_prism_periodic:j18,组2,same_particle_periodic_junction,r30,r32,30,32,,,,组2_thin_prism_periodic_P0013,unique,,,,not_in_graph,not_applicable_same_particle,unique_periodic_endpoint_mapping,,,,,,,Z,0,0,-1,0.0,False
C_thin_12_full_3,thin_prism_periodic,disconnected_fragments,组2:INTERNAL:thin_prism_periodic:j19,组2,same_particle_periodic_junction,r34,r38,34,38,,,,组2_thin_prism_periodic_P0026,unique,,,,not_in_graph,not_applicable_same_particle,unique_periodic_endpoint_mapping,,,,,,,Y,0,-1,0,0.0,False
C_thin_12_full_3,thin_prism_periodic,disconnected_fragments,组2:INTERNAL:thin_prism_periodic:j20,组2,same_particle_periodic_junction,r42,r45,42,45,,,,组2_thin_prism_periodic_P0003,unique,,,,not_in_graph,not_applicable_same_particle,unique_periodic_endpoint_mapping,,,,,,,Y,0,-1,0,0.0,False
C_thin_12_full_3,thin_prism_periodic,disconnected_fragments,组2:INTERNAL:thin_prism_periodic:j21,组2,same_particle_periodic_junction,r43,r49,43,49,,,,组2_thin_prism_periodic_P0001,unique,,,,not_in_graph,not_applicable_same_particle,unique_periodic_endpoint_mapping,,,,,,,Y,0,-1,0,0.0,False
C_thin_12_full_3,full_cube_periodic,disconnected_fragments,组3:INTERNAL:full_cube_periodic:j1,组3,same_particle_periodic_junction,r4,r507,4,507,,,,组3_full_cube_periodic_P0002,unique,,,,not_in_graph,not_applicable_same_particle,unique_periodic_endpoint_mapping,,,,,,,X,1,0,0,0.0,False
C_thin_12_full_3,full_cube_periodic,disconnected_fragments,组3:INTERNAL:full_cube_periodic:j2,组3,same_particle_periodic_junction,r6,r490,6,490,,,,组3_full_cube_periodic_P0004,unique,,,,not_in_graph,not_applicable_same_particle,unique_periodic_endpoint_mapping,,,,,,,X,1,0,0,0.0,False
C_thin_12_full_3,full_cube_periodic,disconnected_fragments,组3:INTERNAL:full_cube_periodic:j3,组3,same_particle_periodic_junction,r7,r537,7,537,,,,组3_full_cube_periodic_P0005,unique,,,,not_in_graph,not_applicable_same_particle,unique_periodic_endpoint_mapping,,,,,,,X,1,0,0,0.0,False
C_thin_12_full_3,full_cube_periodic,disconnected_fragments,组3:INTERNAL:full_cube_periodic:j4,组3,same_particle_periodic_junction,r8,r487,8,487,,,,组3_full_cube_periodic_P0006,unique,,,,not_in_graph,not_applicable_same_particle,unique_periodic_endpoint_mapping,,,,,,,X,1,0,0,0.0,False
C_thin_12_full_3,full_cube_periodic,disconnected_fragments,组3:INTERNAL:full_cube_periodic:j5,组3,same_particle_periodic_junction,r9,r454,9,454,,,,组3_full_cube_periodic_P0007,unique,,,,not_in_graph,not_applicable_same_particle,unique_periodic_endpoint_mapping,,,,,,,X,1,0,0,0.0,False
C_thin_12_full_3,full_cube_periodic,disconnected_fragments,组3:INTERNAL:full_cube_periodic:j6,组3,same_particle_periodic_junction,r10,r452,10,452,,,,组3_full_cube_periodic_P0008,unique,,,,not_in_graph,not_applicable_same_particle,unique_periodic_endpoint_mapping,,,,,,,X,1,0,0,0.0,False
C_thin_12_full_3,full_cube_periodic,disconnected_fragments,组3:INTERNAL:full_cube_periodic:j7,组3,same_particle_periodic_junction,r11,r534,11,534,,,,组3_full_cube_periodic_P0009,unique,,,,not_in_graph,not_applicable_same_particle,unique_periodic_endpoint_mapping,,,,,,,X,1,0,0,0.0,False
C_thin_12_full_3,full_cube_periodic,disconnected_fragments,组3:INTERNAL:full_cube_periodic:j8,组3,same_particle_periodic_junction,r12,r527,12,527,,,,组3_full_cube_periodic_P0010,unique,,,,not_in_graph,not_applicable_same_particle,unique_periodic_endpoint_mapping,,,,,,,X,1,0,0,0.0,False
C_thin_12_full_3,full_cube_periodic,disconnected_fragments,组3:INTERNAL:full_cube_periodic:j9,组3,same_particle_periodic_junction,r13,r526,13,526,,,,组3_full_cube_periodic_P0011,unique,,,,not_in_graph,not_applicable_same_particle,unique_periodic_endpoint_mapping,,,,,,,X,1,0,0,0.0,False
C_thin_12_full_3,full_cube_periodic,disconnected_fragments,组3:INTERNAL:full_cube_periodic:j10,组3,same_particle_periodic_junction,r13,r101,13,101,,,,组3_full_cube_periodic_P0011,unique,,,,not_in_graph,not_applicable_same_particle,unique_periodic_endpoint_mapping,,,,,,,Y,0,1,0,0.0,False
C_thin_12_full_3,full_cube_periodic,disconnected_fragments,组3:INTERNAL:full_cube_periodic:j11,组3,same_particle_periodic_junction,r14,r472,14,472,,,,组3_full_cube_periodic_P0012,unique,,,,not_in_graph,not_applicable_same_particle,unique_periodic_endpoint_mapping,,,,,,,X,1,0,0,0.0,False
C_thin_12_full_3,full_cube_periodic,disconnected_fragments,组3:INTERNAL:full_cube_periodic:j12,组3,same_particle_periodic_junction,r16,r492,16,492,,,,组3_full_cube_periodic_P0014,unique,,,,not_in_graph,not_applicable_same_particle,unique_periodic_endpoint_mapping,,,,,,,X,1,0,0,0.0,False
C_thin_12_full_3,full_cube_periodic,disconnected_fragments,组3:INTERNAL:full_cube_periodic:j13,组3,same_particle_periodic_junction,r17,r395,17,395,,,,组3_full_cube_periodic_P0015,unique,,,,not_in_graph,not_applicable_same_particle,unique_periodic_endpoint_mapping,,,,,,,X,1,0,0,0.0,False
C_thin_12_full_3,full_cube_periodic,disconnected_fragments,组3:INTERNAL:full_cube_periodic:j14,组3,same_particle_periodic_junction,r18,r458,18,458,,,,组3_full_cube_periodic_P0016,unique,,,,not_in_graph,not_applicable_same_particle,unique_periodic_endpoint_mapping,,,,,,,X,1,0,0,0.0,False
C_thin_12_full_3,full_cube_periodic,disconnected_fragments,组3:INTERNAL:full_cube_periodic:j15,组3,same_particle_periodic_junction,r19,r400,19,400,,,,组3_full_cube_periodic_P0017,unique,,,,not_in_graph,not_applicable_same_particle,unique_periodic_endpoint_mapping,,,,,,,X,1,0,0,0.0,False
C_thin_12_full_3,full_cube_periodic,disconnected_fragments,组3:INTERNAL:full_cube_periodic:j16,组3,same_particle_periodic_junction,r20,r464,20,464,,,,组3_full_cube_periodic_P0018,unique,,,,not_in_graph,not_applicable_same_particle,unique_periodic_endpoint_mapping,,,,,,,X,1,0,0,0.0,False
C_thin_12_full_3,full_cube_periodic,disconnected_fragments,组3:INTERNAL:full_cube_periodic:j17,组3,same_particle_periodic_junction,r21,r488,21,488,,,,组3_full_cube_periodic_P0019,unique,,,,not_in_graph,not_applicable_same_particle,unique_periodic_endpoint_mapping,,,,,,,X,1,0,0,0.0,False
C_thin_12_full_3,full_cube_periodic,disconnected_fragments,组3:INTERNAL:full_cube_periodic:j18,组3,same_particle_periodic_junction,r22,r445,22,445,,,,组3_full_cube_periodic_P0020,unique,,,,not_in_graph,not_applicable_same_particle,unique_periodic_endpoint_mapping,,,,,,,X,1,0,0,0.0,False
C_thin_12_full_3,full_cube_periodic,disconnected_fragments,组3:INTERNAL:full_cube_periodic:j19,组3,same_particle_periodic_junction,r23,r479,23,479,,,,组3_full_cube_periodic_P0021,unique,,,,not_in_graph,not_applicable_same_particle,unique_periodic_endpoint_mapping,,,,,,,X,1,0,0,0.0,False
C_thin_12_full_3,full_cube_periodic,disconnected_fragments,组3:INTERNAL:full_cube_periodic:j20,组3,same_particle_periodic_junction,r24,r482,24,482,,,,组3_full_cube_periodic_P0022,unique,,,,not_in_graph,not_applicable_same_particle,unique_periodic_endpoint_mapping,,,,,,,X,1,0,0,0.0,False
C_thin_12_full_3,full_cube_periodic,disconnected_fragments,组3:INTERNAL:full_cube_periodic:j21,组3,same_particle_periodic_junction,r25,r522,25,522,,,,组3_full_cube_periodic_P0023,unique,,,,not_in_graph,not_applicable_same_particle,unique_periodic_endpoint_mapping,,,,,,,X,1,0,0,0.0,False
C_thin_12_full_3,full_cube_periodic,disconnected_fragments,组3:INTERNAL:full_cube_periodic:j22,组3,same_particle_periodic_junction,r26,r535,26,535,,,,组3_full_cube_periodic_P0024,unique,,,,not_in_graph,not_applicable_same_particle,unique_periodic_endpoint_mapping,,,,,,,X,1,0,0,0.0,False
C_thin_12_full_3,full_cube_periodic,disconnected_fragments,组3:INTERNAL:full_cube_periodic:j23,组3,same_particle_periodic_junction,r27,r523,27,523,,,,组3_full_cube_periodic_P0025,unique,,,,not_in_graph,not_applicable_same_particle,unique_periodic_endpoint_mapping,,,,,,,X,1,0,0,0.0,False
C_thin_12_full_3,full_cube_periodic,disconnected_fragments,组3:INTERNAL:full_cube_periodic:j24,组3,same_particle_periodic_junction,r28,r536,28,536,,,,组3_full_cube_periodic_P0026,unique,,,,not_in_graph,not_applicable_same_particle,unique_periodic_endpoint_mapping,,,,,,,X,1,0,0,0.0,False
C_thin_12_full_3,full_cube_periodic,disconnected_fragments,组3:INTERNAL:full_cube_periodic:j25,组3,same_particle_periodic_junction,r29,r466,29,466,,,,组3_full_cube_periodic_P0027,unique,,,,not_in_graph,not_applicable_same_particle,unique_periodic_endpoint_mapping,,,,,,,X,1,0,0,0.0,False
C_thin_12_full_3,full_cube_periodic,disconnected_fragments,组3:INTERNAL:full_cube_periodic:j26,组3,same_particle_periodic_junction,r30,r514,30,514,,,,组3_full_cube_periodic_P0028,unique,,,,not_in_graph,not_applicable_same_particle,unique_periodic_endpoint_mapping,,,,,,,X,1,0,0,0.0,False
C_thin_12_full_3,full_cube_periodic,disconnected_fragments,组3:INTERNAL:full_cube_periodic:j27,组3,same_particle_periodic_junction,r31,r506,31,506,,,,组3_full_cube_periodic_P0029,unique,,,,not_in_graph,not_applicable_same_particle,unique_periodic_endpoint_mapping,,,,,,,X,1,0,0,0.0,False
C_thin_12_full_3,full_cube_periodic,disconnected_fragments,组3:INTERNAL:full_cube_periodic:j28,组3,same_particle_periodic_junction,r32,r383,32,383,,,,组3_full_cube_periodic_P0030,unique,,,,not_in_graph,not_applicable_same_particle,unique_periodic_endpoint_mapping,,,,,,,X,1,0,0,0.0,False
C_thin_12_full_3,full_cube_periodic,disconnected_fragments,组3:INTERNAL:full_cube_periodic:j29,组3,same_particle_periodic_junction,r33,r531,33,531,,,,组3_full_cube_periodic_P0031,unique,,,,not_in_graph,not_applicable_same_particle,unique_periodic_endpoint_mapping,,,,,,,X,1,0,0,0.0,False
C_thin_12_full_3,full_cube_periodic,disconnected_fragments,组3:INTERNAL:full_cube_periodic:j30,组3,same_particle_periodic_junction,r34,r511,34,511,,,,组3_full_cube_periodic_P0032,unique,,,,not_in_graph,not_applicable_same_particle,unique_periodic_endpoint_mapping,,,,,,,X,1,0,0,0.0,False
C_thin_12_full_3,full_cube_periodic,disconnected_fragments,组3:INTERNAL:full_cube_periodic:j31,组3,same_particle_periodic_junction,r35,r493,35,493,,,,组3_full_cube_periodic_P0033,unique,,,,not_in_graph,not_applicable_same_particle,unique_periodic_endpoint_mapping,,,,,,,X,1,0,0,0.0,False
C_thin_12_full_3,full_cube_periodic,disconnected_fragments,组3:INTERNAL:full_cube_periodic:j32,组3,same_particle_periodic_junction,r36,r508,36,508,,,,组3_full_cube_periodic_P0034,unique,,,,not_in_graph,not_applicable_same_particle,unique_periodic_endpoint_mapping,,,,,,,X,1,0,0,0.0,False
C_thin_12_full_3,full_cube_periodic,disconnected_fragments,组3:INTERNAL:full_cube_periodic:j33,组3,same_particle_periodic_junction,r37,r484,37,484,,,,组3_full_cube_periodic_P0035,unique,,,,not_in_graph,not_applicable_same_particle,unique_periodic_endpoint_mapping,,,,,,,X,1,0,0,0.0,False
C_thin_12_full_3,full_cube_periodic,disconnected_fragments,组3:INTERNAL:full_cube_periodic:j34,组3,same_particle_periodic_junction,r38,r532,38,532,,,,组3_full_cube_periodic_P0036,unique,,,,not_in_graph,not_applicable_same_particle,unique_periodic_endpoint_mapping,,,,,,,X,1,0,0,0.0,False
C_thin_12_full_3,full_cube_periodic,disconnected_fragments,组3:INTERNAL:full_cube_periodic:j35,组3,same_particle_periodic_junction,r39,r473,39,473,,,,组3_full_cube_periodic_P0037,unique,,,,not_in_graph,not_applicable_same_particle,unique_periodic_endpoint_mapping,,,,,,,X,1,0,0,0.0,False
C_thin_12_full_3,full_cube_periodic,disconnected_fragments,组3:INTERNAL:full_cube_periodic:j36,组3,same_particle_periodic_junction,r39,r144,39,144,,,,组3_full_cube_periodic_P0037,unique,,,,not_in_graph,not_applicable_same_particle,unique_periodic_endpoint_mapping,,,,,,,Z,0,0,-1,0.0,False
C_thin_12_full_3,full_cube_periodic,disconnected_fragments,组3:INTERNAL:full_cube_periodic:j37,组3,same_particle_periodic_junction,r40,r430,40,430,,,,组3_full_cube_periodic_P0038,unique,,,,not_in_graph,not_applicable_same_particle,unique_periodic_endpoint_mapping,,,,,,,X,1,0,0,0.0,False
C_thin_12_full_3,full_cube_periodic,disconnected_fragments,组3:INTERNAL:full_cube_periodic:j38,组3,same_particle_periodic_junction,r41,r530,41,530,,,,组3_full_cube_periodic_P0039,unique,,,,not_in_graph,not_applicable_same_particle,unique_periodic_endpoint_mapping,,,,,,,X,1,0,0,0.0,False
C_thin_12_full_3,full_cube_periodic,disconnected_fragments,组3:INTERNAL:full_cube_periodic:j39,组3,same_particle_periodic_junction,r41,r135,41,135,,,,组3_full_cube_periodic_P0039,unique,,,,not_in_graph,not_applicable_same_particle,unique_periodic_endpoint_mapping,,,,,,,Z,0,0,-1,0.0,False
C_thin_12_full_3,full_cube_periodic,disconnected_fragments,组3:INTERNAL:full_cube_periodic:j40,组3,same_particle_periodic_junction,r42,r456,42,456,,,,组3_full_cube_periodic_P0040,unique,,,,not_in_graph,not_applicable_same_particle,unique_periodic_endpoint_mapping,,,,,,,X,1,0,0,0.0,False
C_thin_12_full_3,full_cube_periodic,disconnected_fragments,组3:INTERNAL:full_cube_periodic:j41,组3,same_particle_periodic_junction,r43,r518,43,518,,,,组3_full_cube_periodic_P0041,unique,,,,not_in_graph,not_applicable_same_particle,unique_periodic_endpoint_mapping,,,,,,,X,1,0,0,0.0,False
C_thin_12_full_3,full_cube_periodic,disconnected_fragments,组3:INTERNAL:full_cube_periodic:j42,组3,same_particle_periodic_junction,r44,r405,44,405,,,,组3_full_cube_periodic_P0042,unique,,,,not_in_graph,not_applicable_same_particle,unique_periodic_endpoint_mapping,,,,,,,X,1,0,0,0.0,False
C_thin_12_full_3,full_cube_periodic,disconnected_fragments,组3:INTERNAL:full_cube_periodic:j43,组3,same_particle_periodic_junction,r45,r421,45,421,,,,组3_full_cube_periodic_P0043,unique,,,,not_in_graph,not_applicable_same_particle,unique_periodic_endpoint_mapping,,,,,,,X,1,0,0,0.0,False
C_thin_12_full_3,full_cube_periodic,disconnected_fragments,组3:INTERNAL:full_cube_periodic:j44,组3,same_particle_periodic_junction,r46,r447,46,447,,,,组3_full_cube_periodic_P0044,unique,,,,not_in_graph,not_applicable_same_particle,unique_periodic_endpoint_mapping,,,,,,,X,1,0,0,0.0,False
C_thin_12_full_3,full_cube_periodic,disconnected_fragments,组3:INTERNAL:full_cube_periodic:j45,组3,same_particle_periodic_junction,r47,r468,47,468,,,,组3_full_cube_periodic_P0045,unique,,,,not_in_graph,not_applicable_same_particle,unique_periodic_endpoint_mapping,,,,,,,X,1,0,0,0.0,False
C_thin_12_full_3,full_cube_periodic,disconnected_fragments,组3:INTERNAL:full_cube_periodic:j46,组3,same_particle_periodic_junction,r48,r404,48,404,,,,组3_full_cube_periodic_P0046,unique,,,,not_in_graph,not_applicable_same_particle,unique_periodic_endpoint_mapping,,,,,,,X,1,0,0,0.0,False
C_thin_12_full_3,full_cube_periodic,disconnected_fragments,组3:INTERNAL:full_cube_periodic:j47,组3,same_particle_periodic_junction,r49,r418,49,418,,,,组3_full_cube_periodic_P0047,unique,,,,not_in_graph,not_applicable_same_particle,unique_periodic_endpoint_mapping,,,,,,,X,1,0,0,0.0,False
C_thin_12_full_3,full_cube_periodic,disconnected_fragments,组3:INTERNAL:full_cube_periodic:j48,组3,same_particle_periodic_junction,r50,r483,50,483,,,,组3_full_cube_periodic_P0048,unique,,,,not_in_graph,not_applicable_same_particle,unique_periodic_endpoint_mapping,,,,,,,X,1,0,0,0.0,False
C_thin_12_full_3,full_cube_periodic,disconnected_fragments,组3:INTERNAL:full_cube_periodic:j49,组3,same_particle_periodic_junction,r50,r171,50,171,,,,组3_full_cube_periodic_P0048,unique,,,,not_in_graph,not_applicable_same_particle,unique_periodic_endpoint_mapping,,,,,,,Z,0,0,-1,0.0,False
C_thin_12_full_3,full_cube_periodic,disconnected_fragments,组3:INTERNAL:full_cube_periodic:j50,组3,same_particle_periodic_junction,r52,r500,52,500,,,,组3_full_cube_periodic_P0050,unique,,,,not_in_graph,not_applicable_same_particle,unique_periodic_endpoint_mapping,,,,,,,X,1,0,0,0.0,False
C_thin_12_full_3,full_cube_periodic,disconnected_fragments,组3:INTERNAL:full_cube_periodic:j51,组3,same_particle_periodic_junction,r53,r474,53,474,,,,组3_full_cube_periodic_P0051,unique,,,,not_in_graph,not_applicable_same_particle,unique_periodic_endpoint_mapping,,,,,,,X,1,0,0,0.0,False
C_thin_12_full_3,full_cube_periodic,disconnected_fragments,组3:INTERNAL:full_cube_periodic:j52,组3,same_particle_periodic_junction,r55,r502,55,502,,,,组3_full_cube_periodic_P0053,unique,,,,not_in_graph,not_applicable_same_particle,unique_periodic_endpoint_mapping,,,,,,,X,1,0,0,0.0,False
C_thin_12_full_3,full_cube_periodic,disconnected_fragments,组3:INTERNAL:full_cube_periodic:j53,组3,same_particle_periodic_junction,r56,r449,56,449,,,,组3_full_cube_periodic_P0054,unique,,,,not_in_graph,not_applicable_same_particle,unique_periodic_endpoint_mapping,,,,,,,X,1,0,0,0.0,False
C_thin_12_full_3,full_cube_periodic,disconnected_fragments,组3:INTERNAL:full_cube_periodic:j54,组3,same_particle_periodic_junction,r57,r481,57,481,,,,组3_full_cube_periodic_P0055,unique,,,,not_in_graph,not_applicable_same_particle,unique_periodic_endpoint_mapping,,,,,,,X,1,0,0,0.0,False
C_thin_12_full_3,full_cube_periodic,disconnected_fragments,组3:INTERNAL:full_cube_periodic:j55,组3,same_particle_periodic_junction,r58,r437,58,437,,,,组3_full_cube_periodic_P0056,unique,,,,not_in_graph,not_applicable_same_particle,unique_periodic_endpoint_mapping,,,,,,,X,1,0,0,0.0,False
C_thin_12_full_3,full_cube_periodic,disconnected_fragments,组3:INTERNAL:full_cube_periodic:j56,组3,same_particle_periodic_junction,r58,r112,58,112,,,,组3_full_cube_periodic_P0056,unique,,,,not_in_graph,not_applicable_same_particle,unique_periodic_endpoint_mapping,,,,,,,Z,0,0,1,0.0,False
C_thin_12_full_3,full_cube_periodic,disconnected_fragments,组3:INTERNAL:full_cube_periodic:j57,组3,same_particle_periodic_junction,r59,r504,59,504,,,,组3_full_cube_periodic_P0057,unique,,,,not_in_graph,not_applicable_same_particle,unique_periodic_endpoint_mapping,,,,,,,X,1,0,0,0.0,False
C_thin_12_full_3,full_cube_periodic,disconnected_fragments,组3:INTERNAL:full_cube_periodic:j58,组3,same_particle_periodic_junction,r60,r431,60,431,,,,组3_full_cube_periodic_P0058,unique,,,,not_in_graph,not_applicable_same_particle,unique_periodic_endpoint_mapping,,,,,,,X,1,0,0,0.0,False
C_thin_12_full_3,full_cube_periodic,disconnected_fragments,组3:INTERNAL:full_cube_periodic:j59,组3,same_particle_periodic_junction,r61,r501,61,501,,,,组3_full_cube_periodic_P0059,unique,,,,not_in_graph,not_applicable_same_particle,unique_periodic_endpoint_mapping,,,,,,,X,1,0,0,0.0,False
C_thin_12_full_3,full_cube_periodic,disconnected_fragments,组3:INTERNAL:full_cube_periodic:j60,组3,same_particle_periodic_junction,r62,r533,62,533,,,,组3_full_cube_periodic_P0060,unique,,,,not_in_graph,not_applicable_same_particle,unique_periodic_endpoint_mapping,,,,,,,X,1,0,0,0.0,False
C_thin_12_full_3,full_cube_periodic,disconnected_fragments,组3:INTERNAL:full_cube_periodic:j61,组3,same_particle_periodic_junction,r63,r509,63,509,,,,组3_full_cube_periodic_P0061,unique,,,,not_in_graph,not_applicable_same_particle,unique_periodic_endpoint_mapping,,,,,,,X,1,0,0,0.0,False
C_thin_12_full_3,full_cube_periodic,disconnected_fragments,组3:INTERNAL:full_cube_periodic:j62,组3,same_particle_periodic_junction,r64,r463,64,463,,,,组3_full_cube_periodic_P0062,unique,,,,not_in_graph,not_applicable_same_particle,unique_periodic_endpoint_mapping,,,,,,,X,1,0,0,0.0,False
C_thin_12_full_3,full_cube_periodic,disconnected_fragments,组3:INTERNAL:full_cube_periodic:j63,组3,same_particle_periodic_junction,r67,r499,67,499,,,,组3_full_cube_periodic_P0065,unique,,,,not_in_graph,not_applicable_same_particle,unique_periodic_endpoint_mapping,,,,,,,X,1,0,0,0.0,False
C_thin_12_full_3,full_cube_periodic,disconnected_fragments,组3:INTERNAL:full_cube_periodic:j64,组3,same_particle_periodic_junction,r68,r446,68,446,,,,组3_full_cube_periodic_P0066,unique,,,,not_in_graph,not_applicable_same_particle,unique_periodic_endpoint_mapping,,,,,,,X,1,0,0,0.0,False
C_thin_12_full_3,full_cube_periodic,disconnected_fragments,组3:INTERNAL:full_cube_periodic:j65,组3,same_particle_periodic_junction,r70,r519,70,519,,,,组3_full_cube_periodic_P0068,unique,,,,not_in_graph,not_applicable_same_particle,unique_periodic_endpoint_mapping,,,,,,,X,1,0,0,0.0,False
C_thin_12_full_3,full_cube_periodic,disconnected_fragments,组3:INTERNAL:full_cube_periodic:j66,组3,same_particle_periodic_junction,r71,r376,71,376,,,,组3_full_cube_periodic_P0069,unique,,,,not_in_graph,not_applicable_same_particle,unique_periodic_endpoint_mapping,,,,,,,X,1,0,0,0.0,False
C_thin_12_full_3,full_cube_periodic,disconnected_fragments,组3:INTERNAL:full_cube_periodic:j67,组3,same_particle_periodic_junction,r72,r524,72,524,,,,组3_full_cube_periodic_P0070,unique,,,,not_in_graph,not_applicable_same_particle,unique_periodic_endpoint_mapping,,,,,,,X,1,0,0,0.0,False
C_thin_12_full_3,full_cube_periodic,disconnected_fragments,组3:INTERNAL:full_cube_periodic:j68,组3,same_particle_periodic_junction,r73,r480,73,480,,,,组3_full_cube_periodic_P0071,unique,,,,not_in_graph,not_applicable_same_particle,unique_periodic_endpoint_mapping,,,,,,,X,1,0,0,0.0,False
C_thin_12_full_3,full_cube_periodic,disconnected_fragments,组3:INTERNAL:full_cube_periodic:j69,组3,same_particle_periodic_junction,r74,r491,74,491,,,,组3_full_cube_periodic_P0072,unique,,,,not_in_graph,not_applicable_same_particle,unique_periodic_endpoint_mapping,,,,,,,X,1,0,0,0.0,False
C_thin_12_full_3,full_cube_periodic,disconnected_fragments,组3:INTERNAL:full_cube_periodic:j70,组3,same_particle_periodic_junction,r76,r388,76,388,,,,组3_full_cube_periodic_P0074,unique,,,,not_in_graph,not_applicable_same_particle,unique_periodic_endpoint_mapping,,,,,,,X,1,0,0,0.0,False
C_thin_12_full_3,full_cube_periodic,disconnected_fragments,组3:INTERNAL:full_cube_periodic:j71,组3,same_particle_periodic_junction,r77,r517,77,517,,,,组3_full_cube_periodic_P0075,unique,,,,not_in_graph,not_applicable_same_particle,unique_periodic_endpoint_mapping,,,,,,,X,1,0,0,0.0,False
C_thin_12_full_3,full_cube_periodic,disconnected_fragments,组3:INTERNAL:full_cube_periodic:j72,组3,same_particle_periodic_junction,r78,r521,78,521,,,,组3_full_cube_periodic_P0076,unique,,,,not_in_graph,not_applicable_same_particle,unique_periodic_endpoint_mapping,,,,,,,X,1,0,0,0.0,False
C_thin_12_full_3,full_cube_periodic,disconnected_fragments,组3:INTERNAL:full_cube_periodic:j73,组3,same_particle_periodic_junction,r78,r211,78,211,,,,组3_full_cube_periodic_P0076,unique,,,,not_in_graph,not_applicable_same_particle,unique_periodic_endpoint_mapping,,,,,,,Z,0,0,1,0.0,False
C_thin_12_full_3,full_cube_periodic,disconnected_fragments,组3:INTERNAL:full_cube_periodic:j74,组3,same_particle_periodic_junction,r79,r525,79,525,,,,组3_full_cube_periodic_P0077,unique,,,,not_in_graph,not_applicable_same_particle,unique_periodic_endpoint_mapping,,,,,,,X,1,0,0,0.0,False
C_thin_12_full_3,full_cube_periodic,disconnected_fragments,组3:INTERNAL:full_cube_periodic:j75,组3,same_particle_periodic_junction,r80,r390,80,390,,,,组3_full_cube_periodic_P0078,unique,,,,not_in_graph,not_applicable_same_particle,unique_periodic_endpoint_mapping,,,,,,,X,1,0,0,0.0,False
C_thin_12_full_3,full_cube_periodic,disconnected_fragments,组3:INTERNAL:full_cube_periodic:j76,组3,same_particle_periodic_junction,r81,r503,81,503,,,,组3_full_cube_periodic_P0079,unique,,,,not_in_graph,not_applicable_same_particle,unique_periodic_endpoint_mapping,,,,,,,X,1,0,0,0.0,False
C_thin_12_full_3,full_cube_periodic,disconnected_fragments,组3:INTERNAL:full_cube_periodic:j77,组3,same_particle_periodic_junction,r82,r443,82,443,,,,组3_full_cube_periodic_P0080,cannot_reconstruct,,,,not_in_graph,not_applicable_same_particle,unique_periodic_endpoint_mapping,,,,,,,X,1,0,0,0.0,False
C_thin_12_full_3,full_cube_periodic,disconnected_fragments,组3:INTERNAL:full_cube_periodic:j78,组3,same_particle_periodic_junction,r83,r512,83,512,,,,组3_full_cube_periodic_P0081,unique,,,,not_in_graph,not_applicable_same_particle,unique_periodic_endpoint_mapping,,,,,,,X,1,0,0,0.0,False
C_thin_12_full_3,full_cube_periodic,disconnected_fragments,组3:INTERNAL:full_cube_periodic:j79,组3,same_particle_periodic_junction,r83,r141,83,141,,,,组3_full_cube_periodic_P0081,unique,,,,not_in_graph,not_applicable_same_particle,unique_periodic_endpoint_mapping,,,,,,,Y,0,-1,0,0.0,False
C_thin_12_full_3,full_cube_periodic,disconnected_fragments,组3:INTERNAL:full_cube_periodic:j80,组3,same_particle_periodic_junction,r84,r461,84,461,,,,组3_full_cube_periodic_P0082,unique,,,,not_in_graph,not_applicable_same_particle,unique_periodic_endpoint_mapping,,,,,,,X,1,0,0,0.0,False
C_thin_12_full_3,full_cube_periodic,disconnected_fragments,组3:INTERNAL:full_cube_periodic:j81,组3,same_particle_periodic_junction,r85,r465,85,465,,,,组3_full_cube_periodic_P0083,unique,,,,not_in_graph,not_applicable_same_particle,unique_periodic_endpoint_mapping,,,,,,,X,1,0,0,0.0,False
C_thin_12_full_3,full_cube_periodic,disconnected_fragments,组3:INTERNAL:full_cube_periodic:j82,组3,same_particle_periodic_junction,r86,r516,86,516,,,,组3_full_cube_periodic_P0084,unique,,,,not_in_graph,not_applicable_same_particle,unique_periodic_endpoint_mapping,,,,,,,X,1,0,0,0.0,False
C_thin_12_full_3,full_cube_periodic,disconnected_fragments,组3:INTERNAL:full_cube_periodic:j83,组3,same_particle_periodic_junction,r87,r510,87,510,,,,组3_full_cube_periodic_P0085,unique,,,,not_in_graph,not_applicable_same_particle,unique_periodic_endpoint_mapping,,,,,,,X,1,0,0,0.0,False
C_thin_12_full_3,full_cube_periodic,disconnected_fragments,组3:INTERNAL:full_cube_periodic:j84,组3,same_particle_periodic_junction,r87,r148,87,148,,,,组3_full_cube_periodic_P0085,unique,,,,not_in_graph,not_applicable_same_particle,unique_periodic_endpoint_mapping,,,,,,,Y,0,-1,0,0.0,False
C_thin_12_full_3,full_cube_periodic,disconnected_fragments,组3:INTERNAL:full_cube_periodic:j85,组3,same_particle_periodic_junction,r88,r513,88,513,,,,组3_full_cube_periodic_P0086,cannot_reconstruct,,,,not_in_graph,not_applicable_same_particle,unique_periodic_endpoint_mapping,,,,,,,X,1,0,0,0.0,False
C_thin_12_full_3,full_cube_periodic,disconnected_fragments,组3:INTERNAL:full_cube_periodic:j86,组3,same_particle_periodic_junction,r89,r529,89,529,,,,组3_full_cube_periodic_P0087,unique,,,,not_in_graph,not_applicable_same_particle,unique_periodic_endpoint_mapping,,,,,,,X,1,0,0,0.0,False
C_thin_12_full_3,full_cube_periodic,disconnected_fragments,组3:INTERNAL:full_cube_periodic:j87,组3,same_particle_periodic_junction,r90,r498,90,498,,,,组3_full_cube_periodic_P0088,cannot_reconstruct,,,,not_in_graph,not_applicable_same_particle,unique_periodic_endpoint_mapping,,,,,,,X,1,0,0,0.0,False
C_thin_12_full_3,full_cube_periodic,disconnected_fragments,组3:INTERNAL:full_cube_periodic:j88,组3,same_particle_periodic_junction,r90,r136,90,136,,,,组3_full_cube_periodic_P0088,cannot_reconstruct,,,,not_in_graph,not_applicable_same_particle,unique_periodic_endpoint_mapping,,,,,,,Z,0,0,1,0.0,False
C_thin_12_full_3,full_cube_periodic,disconnected_fragments,组3:INTERNAL:full_cube_periodic:j89,组3,same_particle_periodic_junction,r91,r471,91,471,,,,组3_full_cube_periodic_P0089,unique,,,,not_in_graph,not_applicable_same_particle,unique_periodic_endpoint_mapping,,,,,,,X,1,0,0,0.0,False
C_thin_12_full_3,full_cube_periodic,disconnected_fragments,组3:INTERNAL:full_cube_periodic:j90,组3,same_particle_periodic_junction,r92,r424,92,424,,,,组3_full_cube_periodic_P0090,unique,,,,not_in_graph,not_applicable_same_particle,unique_periodic_endpoint_mapping,,,,,,,X,1,0,0,0.0,False
C_thin_12_full_3,full_cube_periodic,disconnected_fragments,组3:INTERNAL:full_cube_periodic:j91,组3,same_particle_periodic_junction,r93,r528,93,528,,,,组3_full_cube_periodic_P0091,unique,,,,not_in_graph,not_applicable_same_particle,unique_periodic_endpoint_mapping,,,,,,,X,1,0,0,0.0,False
C_thin_12_full_3,full_cube_periodic,disconnected_fragments,组3:INTERNAL:full_cube_periodic:j92,组3,same_particle_periodic_junction,r93,r126,93,126,,,,组3_full_cube_periodic_P0091,unique,,,,not_in_graph,not_applicable_same_particle,unique_periodic_endpoint_mapping,,,,,,,Y,0,-1,0,0.0,False
C_thin_12_full_3,full_cube_periodic,disconnected_fragments,组3:INTERNAL:full_cube_periodic:j93,组3,same_particle_periodic_junction,r94,r142,94,142,,,,组3_full_cube_periodic_P0092,unique,,,,not_in_graph,not_applicable_same_particle,unique_periodic_endpoint_mapping,,,,,,,Z,0,0,-1,0.0,False
C_thin_12_full_3,full_cube_periodic,disconnected_fragments,组3:INTERNAL:full_cube_periodic:j94,组3,same_particle_periodic_junction,r98,r123,98,123,,,,组3_full_cube_periodic_P0096,unique,,,,not_in_graph,not_applicable_same_particle,unique_periodic_endpoint_mapping,,,,,,,Z,0,0,1,0.0,False
C_thin_12_full_3,full_cube_periodic,disconnected_fragments,组3:INTERNAL:full_cube_periodic:j95,组3,same_particle_periodic_junction,r106,r137,106,137,,,,组3_full_cube_periodic_P0103,unique,,,,not_in_graph,not_applicable_same_particle,unique_periodic_endpoint_mapping,,,,,,,Y,0,-1,0,0.0,False
C_thin_12_full_3,full_cube_periodic,disconnected_fragments,组3:INTERNAL:full_cube_periodic:j96,组3,same_particle_periodic_junction,r107,r260,107,260,,,,组3_full_cube_periodic_P0104,unique,,,,not_in_graph,not_applicable_same_particle,unique_periodic_endpoint_mapping,,,,,,,Z,0,0,1,0.0,False
C_thin_12_full_3,full_cube_periodic,disconnected_fragments,组3:INTERNAL:full_cube_periodic:j97,组3,same_particle_periodic_junction,r114,r134,114,134,,,,组3_full_cube_periodic_P0110,unique,,,,not_in_graph,not_applicable_same_particle,unique_periodic_endpoint_mapping,,,,,,,Z,0,0,1,0.0,False
C_thin_12_full_3,full_cube_periodic,disconnected_fragments,组3:INTERNAL:full_cube_periodic:j98,组3,same_particle_periodic_junction,r125,r131,125,131,,,,组3_full_cube_periodic_P0120,unique,,,,not_in_graph,not_applicable_same_particle,unique_periodic_endpoint_mapping,,,,,,,Y,0,1,0,0.0,False
C_thin_12_full_3,full_cube_periodic,disconnected_fragments,组3:INTERNAL:full_cube_periodic:j99,组3,same_particle_periodic_junction,r129,r145,129,145,,,,组3_full_cube_periodic_P0123,unique,,,,not_in_graph,not_applicable_same_particle,unique_periodic_endpoint_mapping,,,,,,,Y,0,-1,0,0.0,False
C_thin_12_full_3,full_cube_periodic,disconnected_fragments,组3:INTERNAL:full_cube_periodic:j100,组3,same_particle_periodic_junction,r131,r132,131,132,,,,组3_full_cube_periodic_P0120,unique,,,,not_in_graph,not_applicable_same_particle,unique_periodic_endpoint_mapping,,,,,,,Z,0,0,1,0.0,False
C_thin_12_full_3,full_cube_periodic,disconnected_fragments,组3:INTERNAL:full_cube_periodic:j101,组3,same_particle_periodic_junction,r140,r189,140,189,,,,组3_full_cube_periodic_P0128,unique,,,,not_in_graph,not_applicable_same_particle,unique_periodic_endpoint_mapping,,,,,,,Z,0,0,1,0.0,False
C_thin_12_full_3,full_cube_periodic,disconnected_fragments,组3:INTERNAL:full_cube_periodic:j102,组3,same_particle_periodic_junction,r147,r175,147,175,,,,组3_full_cube_periodic_P0131,unique,,,,not_in_graph,not_applicable_same_particle,unique_periodic_endpoint_mapping,,,,,,,Z,0,0,1,0.0,False
C_thin_12_full_3,full_cube_periodic,disconnected_fragments,组3:INTERNAL:full_cube_periodic:j103,组3,same_particle_periodic_junction,r149,r351,149,351,,,,组3_full_cube_periodic_P0132,unique,,,,not_in_graph,not_applicable_same_particle,unique_periodic_endpoint_mapping,,,,,,,Z,0,0,-1,0.0,False
C_thin_12_full_3,full_cube_periodic,disconnected_fragments,组3:INTERNAL:full_cube_periodic:j104,组3,same_particle_periodic_junction,r152,r229,152,229,,,,组3_full_cube_periodic_P0135,unique,,,,not_in_graph,not_applicable_same_particle,unique_periodic_endpoint_mapping,,,,,,,Y,0,-1,0,0.0,False
C_thin_12_full_3,full_cube_periodic,disconnected_fragments,组3:INTERNAL:full_cube_periodic:j105,组3,same_particle_periodic_junction,r154,r191,154,191,,,,组3_full_cube_periodic_P0137,unique,,,,not_in_graph,not_applicable_same_particle,unique_periodic_endpoint_mapping,,,,,,,Y,0,-1,0,0.0,False
C_thin_12_full_3,full_cube_periodic,disconnected_fragments,组3:INTERNAL:full_cube_periodic:j106,组3,same_particle_periodic_junction,r155,r164,155,164,,,,组3_full_cube_periodic_P0138,unique,,,,not_in_graph,not_applicable_same_particle,unique_periodic_endpoint_mapping,,,,,,,Y,0,-1,0,0.0,False
C_thin_12_full_3,full_cube_periodic,disconnected_fragments,组3:INTERNAL:full_cube_periodic:j107,组3,same_particle_periodic_junction,r158,r292,158,292,,,,组3_full_cube_periodic_P0141,unique,,,,not_in_graph,not_applicable_same_particle,unique_periodic_endpoint_mapping,,,,,,,Z,0,0,-1,0.0,False
C_thin_12_full_3,full_cube_periodic,disconnected_fragments,组3:INTERNAL:full_cube_periodic:j108,组3,same_particle_periodic_junction,r165,r274,165,274,,,,组3_full_cube_periodic_P0147,unique,,,,not_in_graph,not_applicable_same_particle,unique_periodic_endpoint_mapping,,,,,,,Y,0,1,0,0.0,False
C_thin_12_full_3,full_cube_periodic,disconnected_fragments,组3:INTERNAL:full_cube_periodic:j109,组3,same_particle_periodic_junction,r167,r241,167,241,,,,组3_full_cube_periodic_P0149,unique,,,,not_in_graph,not_applicable_same_particle,unique_periodic_endpoint_mapping,,,,,,,Z,0,0,-1,0.0,False
C_thin_12_full_3,full_cube_periodic,disconnected_fragments,组3:INTERNAL:full_cube_periodic:j110,组3,same_particle_periodic_junction,r168,r363,168,363,,,,组3_full_cube_periodic_P0150,unique,,,,not_in_graph,not_applicable_same_particle,unique_periodic_endpoint_mapping,,,,,,,Y,0,1,0,0.0,False
C_thin_12_full_3,full_cube_periodic,disconnected_fragments,组3:INTERNAL:full_cube_periodic:j111,组3,same_particle_periodic_junction,r169,r181,169,181,,,,组3_full_cube_periodic_P0151,unique,,,,not_in_graph,not_applicable_same_particle,unique_periodic_endpoint_mapping,,,,,,,Z,0,0,-1,0.0,False
C_thin_12_full_3,full_cube_periodic,disconnected_fragments,组3:INTERNAL:full_cube_periodic:j112,组3,same_particle_periodic_junction,r176,r220,176,220,,,,组3_full_cube_periodic_P0156,unique,,,,not_in_graph,not_applicable_same_particle,unique_periodic_endpoint_mapping,,,,,,,Z,0,0,-1,0.0,False
C_thin_12_full_3,full_cube_periodic,disconnected_fragments,组3:INTERNAL:full_cube_periodic:j113,组3,same_particle_periodic_junction,r179,r245,179,245,,,,组3_full_cube_periodic_P0159,unique,,,,not_in_graph,not_applicable_same_particle,unique_periodic_endpoint_mapping,,,,,,,Z,0,0,-1,0.0,False
C_thin_12_full_3,full_cube_periodic,disconnected_fragments,组3:INTERNAL:full_cube_periodic:j114,组3,same_particle_periodic_junction,r184,r248,184,248,,,,组3_full_cube_periodic_P0163,unique,,,,not_in_graph,not_applicable_same_particle,unique_periodic_endpoint_mapping,,,,,,,Y,0,-1,0,0.0,False
C_thin_12_full_3,full_cube_periodic,disconnected_fragments,组3:INTERNAL:full_cube_periodic:j115,组3,same_particle_periodic_junction,r187,r197,187,197,,,,组3_full_cube_periodic_P0166,unique,,,,not_in_graph,not_applicable_same_particle,unique_periodic_endpoint_mapping,,,,,,,Z,0,0,1,0.0,False
C_thin_12_full_3,full_cube_periodic,disconnected_fragments,组3:INTERNAL:full_cube_periodic:j116,组3,same_particle_periodic_junction,r190,r368,190,368,,,,组3_full_cube_periodic_P0168,unique,,,,not_in_graph,not_applicable_same_particle,unique_periodic_endpoint_mapping,,,,,,,Z,0,0,-1,0.0,False
C_thin_12_full_3,full_cube_periodic,disconnected_fragments,组3:INTERNAL:full_cube_periodic:j117,组3,same_particle_periodic_junction,r199,r201,199,201,,,,组3_full_cube_periodic_P0175,unique,,,,not_in_graph,not_applicable_same_particle,unique_periodic_endpoint_mapping,,,,,,,Y,0,1,0,0.0,False
C_thin_12_full_3,full_cube_periodic,disconnected_fragments,组3:INTERNAL:full_cube_periodic:j118,组3,same_particle_periodic_junction,r200,r358,200,358,,,,组3_full_cube_periodic_P0176,unique,,,,not_in_graph,not_applicable_same_particle,unique_periodic_endpoint_mapping,,,,,,,Y,0,1,0,0.0,False
C_thin_12_full_3,full_cube_periodic,disconnected_fragments,组3:INTERNAL:full_cube_periodic:j119,组3,same_particle_periodic_junction,r201,r202,201,202,,,,组3_full_cube_periodic_P0175,unique,,,,not_in_graph,not_applicable_same_particle,unique_periodic_endpoint_mapping,,,,,,,Z,0,0,-1,0.0,False
C_thin_12_full_3,full_cube_periodic,disconnected_fragments,组3:INTERNAL:full_cube_periodic:j120,组3,same_particle_periodic_junction,r203,r238,203,238,,,,组3_full_cube_periodic_P0177,unique,,,,not_in_graph,not_applicable_same_particle,unique_periodic_endpoint_mapping,,,,,,,Y,0,-1,0,0.0,False
C_thin_12_full_3,full_cube_periodic,disconnected_fragments,组3:INTERNAL:full_cube_periodic:j121,组3,same_particle_periodic_junction,r206,r254,206,254,,,,组3_full_cube_periodic_P0180,unique,,,,not_in_graph,not_applicable_same_particle,unique_periodic_endpoint_mapping,,,,,,,Y,0,-1,0,0.0,False
C_thin_12_full_3,full_cube_periodic,disconnected_fragments,组3:INTERNAL:full_cube_periodic:j122,组3,same_particle_periodic_junction,r210,r234,210,234,,,,组3_full_cube_periodic_P0184,unique,,,,not_in_graph,not_applicable_same_particle,unique_periodic_endpoint_mapping,,,,,,,Y,0,1,0,0.0,False
C_thin_12_full_3,full_cube_periodic,disconnected_fragments,组3:INTERNAL:full_cube_periodic:j123,组3,same_particle_periodic_junction,r212,r265,212,265,,,,组3_full_cube_periodic_P0185,unique,,,,not_in_graph,not_applicable_same_particle,unique_periodic_endpoint_mapping,,,,,,,Z,0,0,-1,0.0,False
C_thin_12_full_3,full_cube_periodic,disconnected_fragments,组3:INTERNAL:full_cube_periodic:j124,组3,same_particle_periodic_junction,r214,r373,214,373,,,,组3_full_cube_periodic_P0187,unique,,,,not_in_graph,not_applicable_same_particle,unique_periodic_endpoint_mapping,,,,,,,Y,0,-1,0,0.0,False
C_thin_12_full_3,full_cube_periodic,disconnected_fragments,组3:INTERNAL:full_cube_periodic:j125,组3,same_particle_periodic_junction,r215,r306,215,306,,,,组3_full_cube_periodic_P0188,unique,,,,not_in_graph,not_applicable_same_particle,unique_periodic_endpoint_mapping,,,,,,,Y,0,-1,0,0.0,False
C_thin_12_full_3,full_cube_periodic,disconnected_fragments,组3:INTERNAL:full_cube_periodic:j126,组3,same_particle_periodic_junction,r217,r236,217,236,,,,组3_full_cube_periodic_P0190,unique,,,,not_in_graph,not_applicable_same_particle,unique_periodic_endpoint_mapping,,,,,,,Z,0,0,1,0.0,False
C_thin_12_full_3,full_cube_periodic,disconnected_fragments,组3:INTERNAL:full_cube_periodic:j127,组3,same_particle_periodic_junction,r219,r243,219,243,,,,组3_full_cube_periodic_P0192,unique,,,,not_in_graph,not_applicable_same_particle,unique_periodic_endpoint_mapping,,,,,,,Y,0,-1,0,0.0,False
C_thin_12_full_3,full_cube_periodic,disconnected_fragments,组3:INTERNAL:full_cube_periodic:j128,组3,same_particle_periodic_junction,r226,r317,226,317,,,,组3_full_cube_periodic_P0198,unique,,,,not_in_graph,not_applicable_same_particle,unique_periodic_endpoint_mapping,,,,,,,Y,0,1,0,0.0,False
C_thin_12_full_3,full_cube_periodic,disconnected_fragments,组3:INTERNAL:full_cube_periodic:j129,组3,same_particle_periodic_junction,r228,r246,228,246,,,,组3_full_cube_periodic_P0200,unique,,,,not_in_graph,not_applicable_same_particle,unique_periodic_endpoint_mapping,,,,,,,Y,0,1,0,0.0,False
C_thin_12_full_3,full_cube_periodic,disconnected_fragments,组3:INTERNAL:full_cube_periodic:j130,组3,same_particle_periodic_junction,r232,r361,232,361,,,,组3_full_cube_periodic_P0203,unique,,,,not_in_graph,not_applicable_same_particle,unique_periodic_endpoint_mapping,,,,,,,Z,0,0,-1,0.0,False
C_thin_12_full_3,full_cube_periodic,disconnected_fragments,组3:INTERNAL:full_cube_periodic:j131,组3,same_particle_periodic_junction,r233,r237,233,237,,,,组3_full_cube_periodic_P0204,unique,,,,not_in_graph,not_applicable_same_particle,unique_periodic_endpoint_mapping,,,,,,,Z,0,0,1,0.0,False
C_thin_12_full_3,full_cube_periodic,disconnected_fragments,组3:INTERNAL:full_cube_periodic:j132,组3,same_particle_periodic_junction,r234,r239,234,239,,,,组3_full_cube_periodic_P0184,unique,,,,not_in_graph,not_applicable_same_particle,unique_periodic_endpoint_mapping,,,,,,,Z,0,0,1,0.0,False
C_thin_12_full_3,full_cube_periodic,disconnected_fragments,组3:INTERNAL:full_cube_periodic:j133,组3,same_particle_periodic_junction,r236,r299,236,299,,,,组3_full_cube_periodic_P0190,unique,,,,not_in_graph,not_applicable_same_particle,unique_periodic_endpoint_mapping,,,,,,,Y,0,1,0,0.0,False
C_thin_12_full_3,full_cube_periodic,disconnected_fragments,组3:INTERNAL:full_cube_periodic:j134,组3,same_particle_periodic_junction,r238,r285,238,285,,,,组3_full_cube_periodic_P0177,unique,,,,not_in_graph,not_applicable_same_particle,unique_periodic_endpoint_mapping,,,,,,,Z,0,0,-1,0.0,False
C_thin_12_full_3,full_cube_periodic,disconnected_fragments,组3:INTERNAL:full_cube_periodic:j135,组3,same_particle_periodic_junction,r246,r258,246,258,,,,组3_full_cube_periodic_P0200,unique,,,,not_in_graph,not_applicable_same_particle,unique_periodic_endpoint_mapping,,,,,,,Z,0,0,-1,0.0,False
C_thin_12_full_3,full_cube_periodic,disconnected_fragments,组3:INTERNAL:full_cube_periodic:j136,组3,same_particle_periodic_junction,r253,r435,253,435,,,,组3_full_cube_periodic_P0214,unique,,,,not_in_graph,not_applicable_same_particle,unique_periodic_endpoint_mapping,,,,,,,Z,0,0,1,0.0,False
C_thin_12_full_3,full_cube_periodic,disconnected_fragments,组3:INTERNAL:full_cube_periodic:j137,组3,same_particle_periodic_junction,r256,r275,256,275,,,,组3_full_cube_periodic_P0216,unique,,,,not_in_graph,not_applicable_same_particle,unique_periodic_endpoint_mapping,,,,,,,Y,0,-1,0,0.0,False
C_thin_12_full_3,full_cube_periodic,disconnected_fragments,组3:INTERNAL:full_cube_periodic:j138,组3,same_particle_periodic_junction,r273,r302,273,302,,,,组3_full_cube_periodic_P0230,unique,,,,not_in_graph,not_applicable_same_particle,unique_periodic_endpoint_mapping,,,,,,,Y,0,1,0,0.0,False
C_thin_12_full_3,full_cube_periodic,disconnected_fragments,组3:INTERNAL:full_cube_periodic:j139,组3,same_particle_periodic_junction,r279,r357,279,357,,,,组3_full_cube_periodic_P0234,unique,,,,not_in_graph,not_applicable_same_particle,unique_periodic_endpoint_mapping,,,,,,,Z,0,0,-1,0.0,False
C_thin_12_full_3,full_cube_periodic,disconnected_fragments,组3:INTERNAL:full_cube_periodic:j140,组3,same_particle_periodic_junction,r281,r371,281,371,,,,组3_full_cube_periodic_P0236,unique,,,,not_in_graph,not_applicable_same_particle,unique_periodic_endpoint_mapping,,,,,,,Y,0,1,0,0.0,False
C_thin_12_full_3,full_cube_periodic,disconnected_fragments,组3:INTERNAL:full_cube_periodic:j141,组3,same_particle_periodic_junction,r283,r312,283,312,,,,组3_full_cube_periodic_P0238,unique,,,,not_in_graph,not_applicable_same_particle,unique_periodic_endpoint_mapping,,,,,,,Y,0,1,0,0.0,False
C_thin_12_full_3,full_cube_periodic,disconnected_fragments,组3:INTERNAL:full_cube_periodic:j142,组3,same_particle_periodic_junction,r294,r310,294,310,,,,组3_full_cube_periodic_P0247,unique,,,,not_in_graph,not_applicable_same_particle,unique_periodic_endpoint_mapping,,,,,,,Z,0,0,1,0.0,False
C_thin_12_full_3,full_cube_periodic,disconnected_fragments,组3:INTERNAL:full_cube_periodic:j143,组3,same_particle_periodic_junction,r303,r378,303,378,,,,组3_full_cube_periodic_P0254,unique,,,,not_in_graph,not_applicable_same_particle,unique_periodic_endpoint_mapping,,,,,,,Y,0,1,0,0.0,False
C_thin_12_full_3,full_cube_periodic,disconnected_fragments,组3:INTERNAL:full_cube_periodic:j144,组3,same_particle_periodic_junction,r304,r309,304,309,,,,组3_full_cube_periodic_P0255,unique,,,,not_in_graph,not_applicable_same_particle,unique_periodic_endpoint_mapping,,,,,,,Y,0,1,0,0.0,False
C_thin_12_full_3,full_cube_periodic,disconnected_fragments,组3:INTERNAL:full_cube_periodic:j145,组3,same_particle_periodic_junction,r313,r410,313,410,,,,组3_full_cube_periodic_P0260,unique,,,,not_in_graph,not_applicable_same_particle,unique_periodic_endpoint_mapping,,,,,,,Z,0,0,-1,0.0,False
C_thin_12_full_3,full_cube_periodic,disconnected_fragments,组3:INTERNAL:full_cube_periodic:j146,组3,same_particle_periodic_junction,r319,r347,319,347,,,,组3_full_cube_periodic_P0265,unique,,,,not_in_graph,not_applicable_same_particle,unique_periodic_endpoint_mapping,,,,,,,Z,0,0,-1,0.0,False
C_thin_12_full_3,full_cube_periodic,disconnected_fragments,组3:INTERNAL:full_cube_periodic:j147,组3,same_particle_periodic_junction,r323,r416,323,416,,,,组3_full_cube_periodic_P0269,unique,,,,not_in_graph,not_applicable_same_particle,unique_periodic_endpoint_mapping,,,,,,,Z,0,0,1,0.0,False
C_thin_12_full_3,full_cube_periodic,disconnected_fragments,组3:INTERNAL:full_cube_periodic:j148,组3,same_particle_periodic_junction,r334,r337,334,337,,,,组3_full_cube_periodic_P0280,unique,,,,not_in_graph,not_applicable_same_particle,unique_periodic_endpoint_mapping,,,,,,,Z,0,0,1,0.0,False
C_thin_12_full_3,full_cube_periodic,disconnected_fragments,组3:INTERNAL:full_cube_periodic:j149,组3,same_particle_periodic_junction,r336,r467,336,467,,,,组3_full_cube_periodic_P0282,unique,,,,not_in_graph,not_applicable_same_particle,unique_periodic_endpoint_mapping,,,,,,,Z,0,0,1,0.0,False
C_thin_12_full_3,full_cube_periodic,disconnected_fragments,组3:INTERNAL:full_cube_periodic:j150,组3,same_particle_periodic_junction,r344,r364,344,364,,,,组3_full_cube_periodic_P0289,unique,,,,not_in_graph,not_applicable_same_particle,unique_periodic_endpoint_mapping,,,,,,,Y,0,1,0,0.0,False
C_thin_12_full_3,full_cube_periodic,disconnected_fragments,组3:INTERNAL:full_cube_periodic:j151,组3,same_particle_periodic_junction,r348,r356,348,356,,,,组3_full_cube_periodic_P0292,unique,,,,not_in_graph,not_applicable_same_particle,unique_periodic_endpoint_mapping,,,,,,,Z,0,0,1,0.0,False
C_thin_12_full_3,full_cube_periodic,disconnected_fragments,组3:INTERNAL:full_cube_periodic:j152,组3,same_particle_periodic_junction,r352,r393,352,393,,,,组3_full_cube_periodic_P0295,unique,,,,not_in_graph,not_applicable_same_particle,unique_periodic_endpoint_mapping,,,,,,,Y,0,-1,0,0.0,False
C_thin_12_full_3,full_cube_periodic,disconnected_fragments,组3:INTERNAL:full_cube_periodic:j153,组3,same_particle_periodic_junction,r354,r420,354,420,,,,组3_full_cube_periodic_P0297,unique,,,,not_in_graph,not_applicable_same_particle,unique_periodic_endpoint_mapping,,,,,,,Y,0,-1,0,0.0,False
C_thin_12_full_3,full_cube_periodic,disconnected_fragments,组3:INTERNAL:full_cube_periodic:j154,组3,same_particle_periodic_junction,r362,r370,362,370,,,,组3_full_cube_periodic_P0301,unique,,,,not_in_graph,not_applicable_same_particle,unique_periodic_endpoint_mapping,,,,,,,Y,0,-1,0,0.0,False
C_thin_12_full_3,full_cube_periodic,disconnected_fragments,组3:INTERNAL:full_cube_periodic:j155,组3,same_particle_periodic_junction,r367,r397,367,397,,,,组3_full_cube_periodic_P0304,unique,,,,not_in_graph,not_applicable_same_particle,unique_periodic_endpoint_mapping,,,,,,,Z,0,0,1,0.0,False
C_thin_12_full_3,full_cube_periodic,disconnected_fragments,组3:INTERNAL:full_cube_periodic:j156,组3,same_particle_periodic_junction,r377,r412,377,412,,,,组3_full_cube_periodic_P0309,cannot_reconstruct,,,,not_in_graph,not_applicable_same_particle,unique_periodic_endpoint_mapping,,,,,,,Y,0,1,0,0.0,False
C_thin_12_full_3,full_cube_periodic,disconnected_fragments,组3:INTERNAL:full_cube_periodic:j157,组3,same_particle_periodic_junction,r385,r394,385,394,,,,组3_full_cube_periodic_P0315,unique,,,,not_in_graph,not_applicable_same_particle,unique_periodic_endpoint_mapping,,,,,,,Y,0,1,0,0.0,False
C_thin_12_full_3,full_cube_periodic,disconnected_fragments,组3:INTERNAL:full_cube_periodic:j158,组3,same_particle_periodic_junction,r401,r436,401,436,,,,组3_full_cube_periodic_P0324,unique,,,,not_in_graph,not_applicable_same_particle,unique_periodic_endpoint_mapping,,,,,,,Z,0,0,1,0.0,False
C_thin_12_full_3,full_cube_periodic,disconnected_fragments,组3:INTERNAL:full_cube_periodic:j159,组3,same_particle_periodic_junction,r402,r427,402,427,,,,组3_full_cube_periodic_P0325,unique,,,,not_in_graph,not_applicable_same_particle,unique_periodic_endpoint_mapping,,,,,,,Y,0,-1,0,0.0,False
C_thin_12_full_3,full_cube_periodic,disconnected_fragments,组3:INTERNAL:full_cube_periodic:j160,组3,same_particle_periodic_junction,r403,r409,403,409,,,,组3_full_cube_periodic_P0326,unique,,,,not_in_graph,not_applicable_same_particle,unique_periodic_endpoint_mapping,,,,,,,Z,0,0,1,0.0,False
C_thin_12_full_3,full_cube_periodic,disconnected_fragments,组3:INTERNAL:full_cube_periodic:j161,组3,same_particle_periodic_junction,r408,r450,408,450,,,,组3_full_cube_periodic_P0329,unique,,,,not_in_graph,not_applicable_same_particle,unique_periodic_endpoint_mapping,,,,,,,Z,0,0,1,0.0,False
C_thin_12_full_3,full_cube_periodic,disconnected_fragments,组3:INTERNAL:full_cube_periodic:j162,组3,same_particle_periodic_junction,r409,r414,409,414,,,,组3_full_cube_periodic_P0326,unique,,,,not_in_graph,not_applicable_same_particle,unique_periodic_endpoint_mapping,,,,,,,Y,0,1,0,0.0,False
C_thin_12_full_3,full_cube_periodic,disconnected_fragments,组3:INTERNAL:full_cube_periodic:j163,组3,same_particle_periodic_junction,r419,r441,419,441,,,,组3_full_cube_periodic_P0334,unique,,,,not_in_graph,not_applicable_same_particle,unique_periodic_endpoint_mapping,,,,,,,Y,0,1,0,0.0,False
C_thin_12_full_3,full_cube_periodic,disconnected_fragments,组3:INTERNAL:full_cube_periodic:j164,组3,same_particle_periodic_junction,r422,r490,422,490,,,,组3_full_cube_periodic_P0004,unique,,,,not_in_graph,not_applicable_same_particle,unique_periodic_endpoint_mapping,,,,,,,Y,0,-1,0,0.0,False
C_thin_12_full_3,full_cube_periodic,disconnected_fragments,组3:INTERNAL:full_cube_periodic:j165,组3,same_particle_periodic_junction,r425,r434,425,434,,,,组3_full_cube_periodic_P0336,unique,,,,not_in_graph,not_applicable_same_particle,unique_periodic_endpoint_mapping,,,,,,,Y,0,1,0,0.0,False
C_thin_12_full_3,full_cube_periodic,disconnected_fragments,组3:INTERNAL:full_cube_periodic:j166,组3,same_particle_periodic_junction,r426,r529,426,529,,,,组3_full_cube_periodic_P0087,unique,,,,not_in_graph,not_applicable_same_particle,unique_periodic_endpoint_mapping,,,,,,,Y,0,1,0,0.0,False
C_thin_12_full_3,full_cube_periodic,disconnected_fragments,组3:INTERNAL:full_cube_periodic:j167,组3,same_particle_periodic_junction,r428,r447,428,447,,,,组3_full_cube_periodic_P0044,unique,,,,not_in_graph,not_applicable_same_particle,unique_periodic_endpoint_mapping,,,,,,,Z,0,0,1,0.0,False
C_thin_12_full_3,full_cube_periodic,disconnected_fragments,组3:INTERNAL:full_cube_periodic:j168,组3,same_particle_periodic_junction,r429,r460,429,460,,,,组3_full_cube_periodic_P0337,unique,,,,not_in_graph,not_applicable_same_particle,unique_periodic_endpoint_mapping,,,,,,,Z,0,0,1,0.0,False
C_thin_12_full_3,full_cube_periodic,disconnected_fragments,组3:INTERNAL:full_cube_periodic:j169,组3,same_particle_periodic_junction,r433,r515,433,515,,,,组3_full_cube_periodic_P0339,unique,,,,not_in_graph,not_applicable_same_particle,unique_periodic_endpoint_mapping,,,,,,,Z,0,0,-1,0.0,False
C_thin_12_full_3,full_cube_periodic,disconnected_fragments,组3:INTERNAL:full_cube_periodic:j170,组3,same_particle_periodic_junction,r440,r471,440,471,,,,组3_full_cube_periodic_P0089,unique,,,,not_in_graph,not_applicable_same_particle,unique_periodic_endpoint_mapping,,,,,,,Y,0,1,0,0.0,False
C_thin_12_full_3,full_cube_periodic,disconnected_fragments,组3:INTERNAL:full_cube_periodic:j171,组3,same_particle_periodic_junction,r442,r472,442,472,,,,组3_full_cube_periodic_P0012,unique,,,,not_in_graph,not_applicable_same_particle,unique_periodic_endpoint_mapping,,,,,,,Z,0,0,1,0.0,False
C_thin_12_full_3,full_cube_periodic,disconnected_fragments,组3:INTERNAL:full_cube_periodic:j172,组3,same_particle_periodic_junction,r444,r459,444,459,,,,组3_full_cube_periodic_P0342,unique,,,,not_in_graph,not_applicable_same_particle,unique_periodic_endpoint_mapping,,,,,,,Y,0,-1,0,0.0,False
C_thin_12_full_3,full_cube_periodic,disconnected_fragments,组3:INTERNAL:full_cube_periodic:j173,组3,same_particle_periodic_junction,r453,r477,453,477,,,,组3_full_cube_periodic_P0345,unique,,,,not_in_graph,not_applicable_same_particle,unique_periodic_endpoint_mapping,,,,,,,Z,0,0,1,0.0,False
C_thin_12_full_3,full_cube_periodic,disconnected_fragments,组3:INTERNAL:full_cube_periodic:j174,组3,same_particle_periodic_junction,r469,r497,469,497,,,,组3_full_cube_periodic_P0349,unique,,,,not_in_graph,not_applicable_same_particle,unique_periodic_endpoint_mapping,,,,,,,Y,0,1,0,0.0,False
C_thin_12_full_3,full_cube_periodic,disconnected_fragments,组3:INTERNAL:full_cube_periodic:j175,组3,same_particle_periodic_junction,r475,r495,475,495,,,,组3_full_cube_periodic_P0351,unique,,,,not_in_graph,not_applicable_same_particle,unique_periodic_endpoint_mapping,,,,,,,Y,0,1,0,0.0,False
C_thin_12_full_3,full_cube_periodic,disconnected_fragments,组3:INTERNAL:full_cube_periodic:j176,组3,same_particle_periodic_junction,r476,r488,476,488,,,,组3_full_cube_periodic_P0019,unique,,,,not_in_graph,not_applicable_same_particle,unique_periodic_endpoint_mapping,,,,,,,Y,0,-1,0,0.0,False
C_thin_12_full_3,full_cube_periodic,disconnected_fragments,组3:INTERNAL:full_cube_periodic:j177,组3,same_particle_periodic_junction,r494,r496,494,496,,,,组3_full_cube_periodic_P0356,unique,,,,not_in_graph,not_applicable_same_particle,unique_periodic_endpoint_mapping,,,,,,,Z,0,0,-1,0.0,False
C_thin_12_full_3,full_cube_periodic,disconnected_fragments,组3:INTERNAL:full_cube_periodic:j178,组3,same_particle_periodic_junction,r505,r534,505,534,,,,组3_full_cube_periodic_P0009,unique,,,,not_in_graph,not_applicable_same_particle,unique_periodic_endpoint_mapping,,,,,,,Y,0,-1,0,0.0,False
C_thin_12_full_3,thin_prism_periodic,connected_same_particle,组1:INTERNAL:thin_prism_periodic:j1,组1,same_particle_periodic_junction,r3,r14,3,14,,,,组1_thin_prism_periodic_P0001,cannot_reconstruct,,,,internal_assumption,not_applicable_same_particle,unique_periodic_endpoint_mapping,,,,,,,X,1,0,0,0.0,True
C_thin_12_full_3,thin_prism_periodic,connected_same_particle,组1:INTERNAL:thin_prism_periodic:j2,组1,same_particle_periodic_junction,r4,r12,4,12,,,,组1_thin_prism_periodic_P0002,unique,,,,internal_assumption,not_applicable_same_particle,unique_periodic_endpoint_mapping,,,,,,,X,1,0,0,0.0,True
C_thin_12_full_3,thin_prism_periodic,connected_same_particle,组1:INTERNAL:thin_prism_periodic:j3,组1,same_particle_periodic_junction,r5,r11,5,11,,,,组1_thin_prism_periodic_P0003,unique,,,,internal_assumption,not_applicable_same_particle,unique_periodic_endpoint_mapping,,,,,,,X,1,0,0,0.0,True
C_thin_12_full_3,thin_prism_periodic,connected_same_particle,组1:INTERNAL:thin_prism_periodic:j4,组1,same_particle_periodic_junction,r8,r9,8,9,,,,组1_thin_prism_periodic_P0006,unique,,,,internal_assumption,not_applicable_same_particle,unique_periodic_endpoint_mapping,,,,,,,Z,0,0,-1,0.0,True
C_thin_12_full_3,thin_prism_periodic,connected_same_particle,组1:INTERNAL:thin_prism_periodic:j5,组1,same_particle_periodic_junction,r13,r14,13,14,,,,组1_thin_prism_periodic_P0001,cannot_reconstruct,,,,internal_assumption,not_applicable_same_particle,unique_periodic_endpoint_mapping,,,,,,,Z,0,0,-1,0.0,True
C_thin_12_full_3,thin_prism_periodic,connected_same_particle,组2:INTERNAL:thin_prism_periodic:j1,组2,same_particle_periodic_junction,r3,r49,3,49,,,,组2_thin_prism_periodic_P0001,unique,,,,internal_assumption,not_applicable_same_particle,unique_periodic_endpoint_mapping,,,,,,,X,1,0,0,0.0,True
C_thin_12_full_3,thin_prism_periodic,connected_same_particle,组2:INTERNAL:thin_prism_periodic:j2,组2,same_particle_periodic_junction,r3,r19,3,19,,,,组2_thin_prism_periodic_P0001,unique,,,,internal_assumption,not_applicable_same_particle,unique_periodic_endpoint_mapping,,,,,,,Z,0,0,1,0.0,True
C_thin_12_full_3,thin_prism_periodic,connected_same_particle,组2:INTERNAL:thin_prism_periodic:j3,组2,same_particle_periodic_junction,r4,r51,4,51,,,,组2_thin_prism_periodic_P0002,cannot_reconstruct,,,,internal_assumption,not_applicable_same_particle,unique_periodic_endpoint_mapping,,,,,,,X,1,0,0,0.0,True
C_thin_12_full_3,thin_prism_periodic,connected_same_particle,组2:INTERNAL:thin_prism_periodic:j4,组2,same_particle_periodic_junction,r5,r45,5,45,,,,组2_thin_prism_periodic_P0003,unique,,,,internal_assumption,not_applicable_same_particle,unique_periodic_endpoint_mapping,,,,,,,X,1,0,0,0.0,True
C_thin_12_full_3,thin_prism_periodic,connected_same_particle,组2:INTERNAL:thin_prism_periodic:j5,组2,same_particle_periodic_junction,r6,r47,6,47,,,,组2_thin_prism_periodic_P0004,unique,,,,internal_assumption,not_applicable_same_particle,unique_periodic_endpoint_mapping,,,,,,,X,1,0,0,0.0,True
C_thin_12_full_3,thin_prism_periodic,connected_same_particle,组2:INTERNAL:thin_prism_periodic:j6,组2,same_particle_periodic_junction,r7,r48,7,48,,,,组2_thin_prism_periodic_P0005,cannot_reconstruct,,,,internal_assumption,not_applicable_same_particle,unique_periodic_endpoint_mapping,,,,,,,X,1,0,0,0.0,True
C_thin_12_full_3,thin_prism_periodic,connected_same_particle,组2:INTERNAL:thin_prism_periodic:j7,组2,same_particle_periodic_junction,r8,r44,8,44,,,,组2_thin_prism_periodic_P0006,unique,,,,internal_assumption,not_applicable_same_particle,unique_periodic_endpoint_mapping,,,,,,,X,1,0,0,0.0,True
C_thin_12_full_3,thin_prism_periodic,connected_same_particle,组2:INTERNAL:thin_prism_periodic:j8,组2,same_particle_periodic_junction,r9,r40,9,40,,,,组2_thin_prism_periodic_P0007,unique,,,,internal_assumption,not_applicable_same_particle,unique_periodic_endpoint_mapping,,,,,,,X,1,0,0,0.0,True
C_thin_12_full_3,thin_prism_periodic,connected_same_particle,组2:INTERNAL:thin_prism_periodic:j9,组2,same_particle_periodic_junction,r10,r17,10,17,,,,组2_thin_prism_periodic_P0008,cannot_reconstruct,,,,internal_assumption,not_applicable_same_particle,unique_periodic_endpoint_mapping,,,,,,,Z,0,0,1,0.0,True
C_thin_12_full_3,thin_prism_periodic,connected_same_particle,组2:INTERNAL:thin_prism_periodic:j10,组2,same_particle_periodic_junction,r11,r50,11,50,,,,组2_thin_prism_periodic_P0009,unique,,,,internal_assumption,not_applicable_same_particle,unique_periodic_endpoint_mapping,,,,,,,X,1,0,0,0.0,True
C_thin_12_full_3,thin_prism_periodic,connected_same_particle,组2:INTERNAL:thin_prism_periodic:j11,组2,same_particle_periodic_junction,r11,r22,11,22,,,,组2_thin_prism_periodic_P0009,unique,,,,internal_assumption,not_applicable_same_particle,unique_periodic_endpoint_mapping,,,,,,,Z,0,0,1,0.0,True
C_thin_12_full_3,thin_prism_periodic,connected_same_particle,组2:INTERNAL:thin_prism_periodic:j12,组2,same_particle_periodic_junction,r12,r41,12,41,,,,组2_thin_prism_periodic_P0010,unique,,,,internal_assumption,not_applicable_same_particle,unique_periodic_endpoint_mapping,,,,,,,X,1,0,0,0.0,True
C_thin_12_full_3,thin_prism_periodic,connected_same_particle,组2:INTERNAL:thin_prism_periodic:j13,组2,same_particle_periodic_junction,r13,r46,13,46,,,,组2_thin_prism_periodic_P0011,unique,,,,internal_assumption,not_applicable_same_particle,unique_periodic_endpoint_mapping,,,,,,,X,1,0,0,0.0,True
C_thin_12_full_3,thin_prism_periodic,connected_same_particle,组2:INTERNAL:thin_prism_periodic:j14,组2,same_particle_periodic_junction,r15,r30,15,30,,,,组2_thin_prism_periodic_P0013,unique,,,,internal_assumption,not_applicable_same_particle,unique_periodic_endpoint_mapping,,,,,,,Y,0,-1,0,0.0,True
C_thin_12_full_3,thin_prism_periodic,connected_same_particle,组2:INTERNAL:thin_prism_periodic:j15,组2,same_particle_periodic_junction,r21,r37,21,37,,,,组2_thin_prism_periodic_P0017,unique,,,,internal_assumption,not_applicable_same_particle,unique_periodic_endpoint_mapping,,,,,,,Y,0,-1,0,0.0,True
C_thin_12_full_3,thin_prism_periodic,connected_same_particle,组2:INTERNAL:thin_prism_periodic:j16,组2,same_particle_periodic_junction,r24,r29,24,29,,,,组2_thin_prism_periodic_P0019,unique,,,,internal_assumption,not_applicable_same_particle,unique_periodic_endpoint_mapping,,,,,,,Z,0,0,-1,0.0,True
C_thin_12_full_3,thin_prism_periodic,connected_same_particle,组2:INTERNAL:thin_prism_periodic:j17,组2,same_particle_periodic_junction,r25,r39,25,39,,,,组2_thin_prism_periodic_P0020,unique,,,,internal_assumption,not_applicable_same_particle,unique_periodic_endpoint_mapping,,,,,,,Y,0,1,0,0.0,True
C_thin_12_full_3,thin_prism_periodic,connected_same_particle,组2:INTERNAL:thin_prism_periodic:j18,组2,same_particle_periodic_junction,r30,r32,30,32,,,,组2_thin_prism_periodic_P0013,unique,,,,internal_assumption,not_applicable_same_particle,unique_periodic_endpoint_mapping,,,,,,,Z,0,0,-1,0.0,True
C_thin_12_full_3,thin_prism_periodic,connected_same_particle,组2:INTERNAL:thin_prism_periodic:j19,组2,same_particle_periodic_junction,r34,r38,34,38,,,,组2_thin_prism_periodic_P0026,unique,,,,internal_assumption,not_applicable_same_particle,unique_periodic_endpoint_mapping,,,,,,,Y,0,-1,0,0.0,True
C_thin_12_full_3,thin_prism_periodic,connected_same_particle,组2:INTERNAL:thin_prism_periodic:j20,组2,same_particle_periodic_junction,r42,r45,42,45,,,,组2_thin_prism_periodic_P0003,unique,,,,internal_assumption,not_applicable_same_particle,unique_periodic_endpoint_mapping,,,,,,,Y,0,-1,0,0.0,True
C_thin_12_full_3,thin_prism_periodic,connected_same_particle,组2:INTERNAL:thin_prism_periodic:j21,组2,same_particle_periodic_junction,r43,r49,43,49,,,,组2_thin_prism_periodic_P0001,unique,,,,internal_assumption,not_applicable_same_particle,unique_periodic_endpoint_mapping,,,,,,,Y,0,-1,0,0.0,True
C_thin_12_full_3,full_cube_periodic,connected_same_particle,组3:INTERNAL:full_cube_periodic:j1,组3,same_particle_periodic_junction,r4,r507,4,507,,,,组3_full_cube_periodic_P0002,unique,,,,internal_assumption,not_applicable_same_particle,unique_periodic_endpoint_mapping,,,,,,,X,1,0,0,0.0,True
C_thin_12_full_3,full_cube_periodic,connected_same_particle,组3:INTERNAL:full_cube_periodic:j2,组3,same_particle_periodic_junction,r6,r490,6,490,,,,组3_full_cube_periodic_P0004,unique,,,,internal_assumption,not_applicable_same_particle,unique_periodic_endpoint_mapping,,,,,,,X,1,0,0,0.0,True
C_thin_12_full_3,full_cube_periodic,connected_same_particle,组3:INTERNAL:full_cube_periodic:j3,组3,same_particle_periodic_junction,r7,r537,7,537,,,,组3_full_cube_periodic_P0005,unique,,,,internal_assumption,not_applicable_same_particle,unique_periodic_endpoint_mapping,,,,,,,X,1,0,0,0.0,True
C_thin_12_full_3,full_cube_periodic,connected_same_particle,组3:INTERNAL:full_cube_periodic:j4,组3,same_particle_periodic_junction,r8,r487,8,487,,,,组3_full_cube_periodic_P0006,unique,,,,internal_assumption,not_applicable_same_particle,unique_periodic_endpoint_mapping,,,,,,,X,1,0,0,0.0,True
C_thin_12_full_3,full_cube_periodic,connected_same_particle,组3:INTERNAL:full_cube_periodic:j5,组3,same_particle_periodic_junction,r9,r454,9,454,,,,组3_full_cube_periodic_P0007,unique,,,,internal_assumption,not_applicable_same_particle,unique_periodic_endpoint_mapping,,,,,,,X,1,0,0,0.0,True
C_thin_12_full_3,full_cube_periodic,connected_same_particle,组3:INTERNAL:full_cube_periodic:j6,组3,same_particle_periodic_junction,r10,r452,10,452,,,,组3_full_cube_periodic_P0008,unique,,,,internal_assumption,not_applicable_same_particle,unique_periodic_endpoint_mapping,,,,,,,X,1,0,0,0.0,True
C_thin_12_full_3,full_cube_periodic,connected_same_particle,组3:INTERNAL:full_cube_periodic:j7,组3,same_particle_periodic_junction,r11,r534,11,534,,,,组3_full_cube_periodic_P0009,unique,,,,internal_assumption,not_applicable_same_particle,unique_periodic_endpoint_mapping,,,,,,,X,1,0,0,0.0,True
C_thin_12_full_3,full_cube_periodic,connected_same_particle,组3:INTERNAL:full_cube_periodic:j8,组3,same_particle_periodic_junction,r12,r527,12,527,,,,组3_full_cube_periodic_P0010,unique,,,,internal_assumption,not_applicable_same_particle,unique_periodic_endpoint_mapping,,,,,,,X,1,0,0,0.0,True
C_thin_12_full_3,full_cube_periodic,connected_same_particle,组3:INTERNAL:full_cube_periodic:j9,组3,same_particle_periodic_junction,r13,r526,13,526,,,,组3_full_cube_periodic_P0011,unique,,,,internal_assumption,not_applicable_same_particle,unique_periodic_endpoint_mapping,,,,,,,X,1,0,0,0.0,True
C_thin_12_full_3,full_cube_periodic,connected_same_particle,组3:INTERNAL:full_cube_periodic:j10,组3,same_particle_periodic_junction,r13,r101,13,101,,,,组3_full_cube_periodic_P0011,unique,,,,internal_assumption,not_applicable_same_particle,unique_periodic_endpoint_mapping,,,,,,,Y,0,1,0,0.0,True
C_thin_12_full_3,full_cube_periodic,connected_same_particle,组3:INTERNAL:full_cube_periodic:j11,组3,same_particle_periodic_junction,r14,r472,14,472,,,,组3_full_cube_periodic_P0012,unique,,,,internal_assumption,not_applicable_same_particle,unique_periodic_endpoint_mapping,,,,,,,X,1,0,0,0.0,True
C_thin_12_full_3,full_cube_periodic,connected_same_particle,组3:INTERNAL:full_cube_periodic:j12,组3,same_particle_periodic_junction,r16,r492,16,492,,,,组3_full_cube_periodic_P0014,unique,,,,internal_assumption,not_applicable_same_particle,unique_periodic_endpoint_mapping,,,,,,,X,1,0,0,0.0,True
C_thin_12_full_3,full_cube_periodic,connected_same_particle,组3:INTERNAL:full_cube_periodic:j13,组3,same_particle_periodic_junction,r17,r395,17,395,,,,组3_full_cube_periodic_P0015,unique,,,,internal_assumption,not_applicable_same_particle,unique_periodic_endpoint_mapping,,,,,,,X,1,0,0,0.0,True
C_thin_12_full_3,full_cube_periodic,connected_same_particle,组3:INTERNAL:full_cube_periodic:j14,组3,same_particle_periodic_junction,r18,r458,18,458,,,,组3_full_cube_periodic_P0016,unique,,,,internal_assumption,not_applicable_same_particle,unique_periodic_endpoint_mapping,,,,,,,X,1,0,0,0.0,True
C_thin_12_full_3,full_cube_periodic,connected_same_particle,组3:INTERNAL:full_cube_periodic:j15,组3,same_particle_periodic_junction,r19,r400,19,400,,,,组3_full_cube_periodic_P0017,unique,,,,internal_assumption,not_applicable_same_particle,unique_periodic_endpoint_mapping,,,,,,,X,1,0,0,0.0,True
C_thin_12_full_3,full_cube_periodic,connected_same_particle,组3:INTERNAL:full_cube_periodic:j16,组3,same_particle_periodic_junction,r20,r464,20,464,,,,组3_full_cube_periodic_P0018,unique,,,,internal_assumption,not_applicable_same_particle,unique_periodic_endpoint_mapping,,,,,,,X,1,0,0,0.0,True
C_thin_12_full_3,full_cube_periodic,connected_same_particle,组3:INTERNAL:full_cube_periodic:j17,组3,same_particle_periodic_junction,r21,r488,21,488,,,,组3_full_cube_periodic_P0019,unique,,,,internal_assumption,not_applicable_same_particle,unique_periodic_endpoint_mapping,,,,,,,X,1,0,0,0.0,True
C_thin_12_full_3,full_cube_periodic,connected_same_particle,组3:INTERNAL:full_cube_periodic:j18,组3,same_particle_periodic_junction,r22,r445,22,445,,,,组3_full_cube_periodic_P0020,unique,,,,internal_assumption,not_applicable_same_particle,unique_periodic_endpoint_mapping,,,,,,,X,1,0,0,0.0,True
C_thin_12_full_3,full_cube_periodic,connected_same_particle,组3:INTERNAL:full_cube_periodic:j19,组3,same_particle_periodic_junction,r23,r479,23,479,,,,组3_full_cube_periodic_P0021,unique,,,,internal_assumption,not_applicable_same_particle,unique_periodic_endpoint_mapping,,,,,,,X,1,0,0,0.0,True
C_thin_12_full_3,full_cube_periodic,connected_same_particle,组3:INTERNAL:full_cube_periodic:j20,组3,same_particle_periodic_junction,r24,r482,24,482,,,,组3_full_cube_periodic_P0022,unique,,,,internal_assumption,not_applicable_same_particle,unique_periodic_endpoint_mapping,,,,,,,X,1,0,0,0.0,True
C_thin_12_full_3,full_cube_periodic,connected_same_particle,组3:INTERNAL:full_cube_periodic:j21,组3,same_particle_periodic_junction,r25,r522,25,522,,,,组3_full_cube_periodic_P0023,unique,,,,internal_assumption,not_applicable_same_particle,unique_periodic_endpoint_mapping,,,,,,,X,1,0,0,0.0,True
C_thin_12_full_3,full_cube_periodic,connected_same_particle,组3:INTERNAL:full_cube_periodic:j22,组3,same_particle_periodic_junction,r26,r535,26,535,,,,组3_full_cube_periodic_P0024,unique,,,,internal_assumption,not_applicable_same_particle,unique_periodic_endpoint_mapping,,,,,,,X,1,0,0,0.0,True
C_thin_12_full_3,full_cube_periodic,connected_same_particle,组3:INTERNAL:full_cube_periodic:j23,组3,same_particle_periodic_junction,r27,r523,27,523,,,,组3_full_cube_periodic_P0025,unique,,,,internal_assumption,not_applicable_same_particle,unique_periodic_endpoint_mapping,,,,,,,X,1,0,0,0.0,True
C_thin_12_full_3,full_cube_periodic,connected_same_particle,组3:INTERNAL:full_cube_periodic:j24,组3,same_particle_periodic_junction,r28,r536,28,536,,,,组3_full_cube_periodic_P0026,unique,,,,internal_assumption,not_applicable_same_particle,unique_periodic_endpoint_mapping,,,,,,,X,1,0,0,0.0,True
C_thin_12_full_3,full_cube_periodic,connected_same_particle,组3:INTERNAL:full_cube_periodic:j25,组3,same_particle_periodic_junction,r29,r466,29,466,,,,组3_full_cube_periodic_P0027,unique,,,,internal_assumption,not_applicable_same_particle,unique_periodic_endpoint_mapping,,,,,,,X,1,0,0,0.0,True
C_thin_12_full_3,full_cube_periodic,connected_same_particle,组3:INTERNAL:full_cube_periodic:j26,组3,same_particle_periodic_junction,r30,r514,30,514,,,,组3_full_cube_periodic_P0028,unique,,,,internal_assumption,not_applicable_same_particle,unique_periodic_endpoint_mapping,,,,,,,X,1,0,0,0.0,True
C_thin_12_full_3,full_cube_periodic,connected_same_particle,组3:INTERNAL:full_cube_periodic:j27,组3,same_particle_periodic_junction,r31,r506,31,506,,,,组3_full_cube_periodic_P0029,unique,,,,internal_assumption,not_applicable_same_particle,unique_periodic_endpoint_mapping,,,,,,,X,1,0,0,0.0,True
C_thin_12_full_3,full_cube_periodic,connected_same_particle,组3:INTERNAL:full_cube_periodic:j28,组3,same_particle_periodic_junction,r32,r383,32,383,,,,组3_full_cube_periodic_P0030,unique,,,,internal_assumption,not_applicable_same_particle,unique_periodic_endpoint_mapping,,,,,,,X,1,0,0,0.0,True
C_thin_12_full_3,full_cube_periodic,connected_same_particle,组3:INTERNAL:full_cube_periodic:j29,组3,same_particle_periodic_junction,r33,r531,33,531,,,,组3_full_cube_periodic_P0031,unique,,,,internal_assumption,not_applicable_same_particle,unique_periodic_endpoint_mapping,,,,,,,X,1,0,0,0.0,True
C_thin_12_full_3,full_cube_periodic,connected_same_particle,组3:INTERNAL:full_cube_periodic:j30,组3,same_particle_periodic_junction,r34,r511,34,511,,,,组3_full_cube_periodic_P0032,unique,,,,internal_assumption,not_applicable_same_particle,unique_periodic_endpoint_mapping,,,,,,,X,1,0,0,0.0,True
C_thin_12_full_3,full_cube_periodic,connected_same_particle,组3:INTERNAL:full_cube_periodic:j31,组3,same_particle_periodic_junction,r35,r493,35,493,,,,组3_full_cube_periodic_P0033,unique,,,,internal_assumption,not_applicable_same_particle,unique_periodic_endpoint_mapping,,,,,,,X,1,0,0,0.0,True
C_thin_12_full_3,full_cube_periodic,connected_same_particle,组3:INTERNAL:full_cube_periodic:j32,组3,same_particle_periodic_junction,r36,r508,36,508,,,,组3_full_cube_periodic_P0034,unique,,,,internal_assumption,not_applicable_same_particle,unique_periodic_endpoint_mapping,,,,,,,X,1,0,0,0.0,True
C_thin_12_full_3,full_cube_periodic,connected_same_particle,组3:INTERNAL:full_cube_periodic:j33,组3,same_particle_periodic_junction,r37,r484,37,484,,,,组3_full_cube_periodic_P0035,unique,,,,internal_assumption,not_applicable_same_particle,unique_periodic_endpoint_mapping,,,,,,,X,1,0,0,0.0,True
C_thin_12_full_3,full_cube_periodic,connected_same_particle,组3:INTERNAL:full_cube_periodic:j34,组3,same_particle_periodic_junction,r38,r532,38,532,,,,组3_full_cube_periodic_P0036,unique,,,,internal_assumption,not_applicable_same_particle,unique_periodic_endpoint_mapping,,,,,,,X,1,0,0,0.0,True
C_thin_12_full_3,full_cube_periodic,connected_same_particle,组3:INTERNAL:full_cube_periodic:j35,组3,same_particle_periodic_junction,r39,r473,39,473,,,,组3_full_cube_periodic_P0037,unique,,,,internal_assumption,not_applicable_same_particle,unique_periodic_endpoint_mapping,,,,,,,X,1,0,0,0.0,True
C_thin_12_full_3,full_cube_periodic,connected_same_particle,组3:INTERNAL:full_cube_periodic:j36,组3,same_particle_periodic_junction,r39,r144,39,144,,,,组3_full_cube_periodic_P0037,unique,,,,internal_assumption,not_applicable_same_particle,unique_periodic_endpoint_mapping,,,,,,,Z,0,0,-1,0.0,True
C_thin_12_full_3,full_cube_periodic,connected_same_particle,组3:INTERNAL:full_cube_periodic:j37,组3,same_particle_periodic_junction,r40,r430,40,430,,,,组3_full_cube_periodic_P0038,unique,,,,internal_assumption,not_applicable_same_particle,unique_periodic_endpoint_mapping,,,,,,,X,1,0,0,0.0,True
C_thin_12_full_3,full_cube_periodic,connected_same_particle,组3:INTERNAL:full_cube_periodic:j38,组3,same_particle_periodic_junction,r41,r530,41,530,,,,组3_full_cube_periodic_P0039,unique,,,,internal_assumption,not_applicable_same_particle,unique_periodic_endpoint_mapping,,,,,,,X,1,0,0,0.0,True
C_thin_12_full_3,full_cube_periodic,connected_same_particle,组3:INTERNAL:full_cube_periodic:j39,组3,same_particle_periodic_junction,r41,r135,41,135,,,,组3_full_cube_periodic_P0039,unique,,,,internal_assumption,not_applicable_same_particle,unique_periodic_endpoint_mapping,,,,,,,Z,0,0,-1,0.0,True
C_thin_12_full_3,full_cube_periodic,connected_same_particle,组3:INTERNAL:full_cube_periodic:j40,组3,same_particle_periodic_junction,r42,r456,42,456,,,,组3_full_cube_periodic_P0040,unique,,,,internal_assumption,not_applicable_same_particle,unique_periodic_endpoint_mapping,,,,,,,X,1,0,0,0.0,True
C_thin_12_full_3,full_cube_periodic,connected_same_particle,组3:INTERNAL:full_cube_periodic:j41,组3,same_particle_periodic_junction,r43,r518,43,518,,,,组3_full_cube_periodic_P0041,unique,,,,internal_assumption,not_applicable_same_particle,unique_periodic_endpoint_mapping,,,,,,,X,1,0,0,0.0,True
C_thin_12_full_3,full_cube_periodic,connected_same_particle,组3:INTERNAL:full_cube_periodic:j42,组3,same_particle_periodic_junction,r44,r405,44,405,,,,组3_full_cube_periodic_P0042,unique,,,,internal_assumption,not_applicable_same_particle,unique_periodic_endpoint_mapping,,,,,,,X,1,0,0,0.0,True
C_thin_12_full_3,full_cube_periodic,connected_same_particle,组3:INTERNAL:full_cube_periodic:j43,组3,same_particle_periodic_junction,r45,r421,45,421,,,,组3_full_cube_periodic_P0043,unique,,,,internal_assumption,not_applicable_same_particle,unique_periodic_endpoint_mapping,,,,,,,X,1,0,0,0.0,True
C_thin_12_full_3,full_cube_periodic,connected_same_particle,组3:INTERNAL:full_cube_periodic:j44,组3,same_particle_periodic_junction,r46,r447,46,447,,,,组3_full_cube_periodic_P0044,unique,,,,internal_assumption,not_applicable_same_particle,unique_periodic_endpoint_mapping,,,,,,,X,1,0,0,0.0,True
C_thin_12_full_3,full_cube_periodic,connected_same_particle,组3:INTERNAL:full_cube_periodic:j45,组3,same_particle_periodic_junction,r47,r468,47,468,,,,组3_full_cube_periodic_P0045,unique,,,,internal_assumption,not_applicable_same_particle,unique_periodic_endpoint_mapping,,,,,,,X,1,0,0,0.0,True
C_thin_12_full_3,full_cube_periodic,connected_same_particle,组3:INTERNAL:full_cube_periodic:j46,组3,same_particle_periodic_junction,r48,r404,48,404,,,,组3_full_cube_periodic_P0046,unique,,,,internal_assumption,not_applicable_same_particle,unique_periodic_endpoint_mapping,,,,,,,X,1,0,0,0.0,True
C_thin_12_full_3,full_cube_periodic,connected_same_particle,组3:INTERNAL:full_cube_periodic:j47,组3,same_particle_periodic_junction,r49,r418,49,418,,,,组3_full_cube_periodic_P0047,unique,,,,internal_assumption,not_applicable_same_particle,unique_periodic_endpoint_mapping,,,,,,,X,1,0,0,0.0,True
C_thin_12_full_3,full_cube_periodic,connected_same_particle,组3:INTERNAL:full_cube_periodic:j48,组3,same_particle_periodic_junction,r50,r483,50,483,,,,组3_full_cube_periodic_P0048,unique,,,,internal_assumption,not_applicable_same_particle,unique_periodic_endpoint_mapping,,,,,,,X,1,0,0,0.0,True
C_thin_12_full_3,full_cube_periodic,connected_same_particle,组3:INTERNAL:full_cube_periodic:j49,组3,same_particle_periodic_junction,r50,r171,50,171,,,,组3_full_cube_periodic_P0048,unique,,,,internal_assumption,not_applicable_same_particle,unique_periodic_endpoint_mapping,,,,,,,Z,0,0,-1,0.0,True
C_thin_12_full_3,full_cube_periodic,connected_same_particle,组3:INTERNAL:full_cube_periodic:j50,组3,same_particle_periodic_junction,r52,r500,52,500,,,,组3_full_cube_periodic_P0050,unique,,,,internal_assumption,not_applicable_same_particle,unique_periodic_endpoint_mapping,,,,,,,X,1,0,0,0.0,True
C_thin_12_full_3,full_cube_periodic,connected_same_particle,组3:INTERNAL:full_cube_periodic:j51,组3,same_particle_periodic_junction,r53,r474,53,474,,,,组3_full_cube_periodic_P0051,unique,,,,internal_assumption,not_applicable_same_particle,unique_periodic_endpoint_mapping,,,,,,,X,1,0,0,0.0,True
C_thin_12_full_3,full_cube_periodic,connected_same_particle,组3:INTERNAL:full_cube_periodic:j52,组3,same_particle_periodic_junction,r55,r502,55,502,,,,组3_full_cube_periodic_P0053,unique,,,,internal_assumption,not_applicable_same_particle,unique_periodic_endpoint_mapping,,,,,,,X,1,0,0,0.0,True
C_thin_12_full_3,full_cube_periodic,connected_same_particle,组3:INTERNAL:full_cube_periodic:j53,组3,same_particle_periodic_junction,r56,r449,56,449,,,,组3_full_cube_periodic_P0054,unique,,,,internal_assumption,not_applicable_same_particle,unique_periodic_endpoint_mapping,,,,,,,X,1,0,0,0.0,True
C_thin_12_full_3,full_cube_periodic,connected_same_particle,组3:INTERNAL:full_cube_periodic:j54,组3,same_particle_periodic_junction,r57,r481,57,481,,,,组3_full_cube_periodic_P0055,unique,,,,internal_assumption,not_applicable_same_particle,unique_periodic_endpoint_mapping,,,,,,,X,1,0,0,0.0,True
C_thin_12_full_3,full_cube_periodic,connected_same_particle,组3:INTERNAL:full_cube_periodic:j55,组3,same_particle_periodic_junction,r58,r437,58,437,,,,组3_full_cube_periodic_P0056,unique,,,,internal_assumption,not_applicable_same_particle,unique_periodic_endpoint_mapping,,,,,,,X,1,0,0,0.0,True
C_thin_12_full_3,full_cube_periodic,connected_same_particle,组3:INTERNAL:full_cube_periodic:j56,组3,same_particle_periodic_junction,r58,r112,58,112,,,,组3_full_cube_periodic_P0056,unique,,,,internal_assumption,not_applicable_same_particle,unique_periodic_endpoint_mapping,,,,,,,Z,0,0,1,0.0,True
C_thin_12_full_3,full_cube_periodic,connected_same_particle,组3:INTERNAL:full_cube_periodic:j57,组3,same_particle_periodic_junction,r59,r504,59,504,,,,组3_full_cube_periodic_P0057,unique,,,,internal_assumption,not_applicable_same_particle,unique_periodic_endpoint_mapping,,,,,,,X,1,0,0,0.0,True
C_thin_12_full_3,full_cube_periodic,connected_same_particle,组3:INTERNAL:full_cube_periodic:j58,组3,same_particle_periodic_junction,r60,r431,60,431,,,,组3_full_cube_periodic_P0058,unique,,,,internal_assumption,not_applicable_same_particle,unique_periodic_endpoint_mapping,,,,,,,X,1,0,0,0.0,True
C_thin_12_full_3,full_cube_periodic,connected_same_particle,组3:INTERNAL:full_cube_periodic:j59,组3,same_particle_periodic_junction,r61,r501,61,501,,,,组3_full_cube_periodic_P0059,unique,,,,internal_assumption,not_applicable_same_particle,unique_periodic_endpoint_mapping,,,,,,,X,1,0,0,0.0,True
C_thin_12_full_3,full_cube_periodic,connected_same_particle,组3:INTERNAL:full_cube_periodic:j60,组3,same_particle_periodic_junction,r62,r533,62,533,,,,组3_full_cube_periodic_P0060,unique,,,,internal_assumption,not_applicable_same_particle,unique_periodic_endpoint_mapping,,,,,,,X,1,0,0,0.0,True
C_thin_12_full_3,full_cube_periodic,connected_same_particle,组3:INTERNAL:full_cube_periodic:j61,组3,same_particle_periodic_junction,r63,r509,63,509,,,,组3_full_cube_periodic_P0061,unique,,,,internal_assumption,not_applicable_same_particle,unique_periodic_endpoint_mapping,,,,,,,X,1,0,0,0.0,True
C_thin_12_full_3,full_cube_periodic,connected_same_particle,组3:INTERNAL:full_cube_periodic:j62,组3,same_particle_periodic_junction,r64,r463,64,463,,,,组3_full_cube_periodic_P0062,unique,,,,internal_assumption,not_applicable_same_particle,unique_periodic_endpoint_mapping,,,,,,,X,1,0,0,0.0,True
C_thin_12_full_3,full_cube_periodic,connected_same_particle,组3:INTERNAL:full_cube_periodic:j63,组3,same_particle_periodic_junction,r67,r499,67,499,,,,组3_full_cube_periodic_P0065,unique,,,,internal_assumption,not_applicable_same_particle,unique_periodic_endpoint_mapping,,,,,,,X,1,0,0,0.0,True
C_thin_12_full_3,full_cube_periodic,connected_same_particle,组3:INTERNAL:full_cube_periodic:j64,组3,same_particle_periodic_junction,r68,r446,68,446,,,,组3_full_cube_periodic_P0066,unique,,,,internal_assumption,not_applicable_same_particle,unique_periodic_endpoint_mapping,,,,,,,X,1,0,0,0.0,True
C_thin_12_full_3,full_cube_periodic,connected_same_particle,组3:INTERNAL:full_cube_periodic:j65,组3,same_particle_periodic_junction,r70,r519,70,519,,,,组3_full_cube_periodic_P0068,unique,,,,internal_assumption,not_applicable_same_particle,unique_periodic_endpoint_mapping,,,,,,,X,1,0,0,0.0,True
C_thin_12_full_3,full_cube_periodic,connected_same_particle,组3:INTERNAL:full_cube_periodic:j66,组3,same_particle_periodic_junction,r71,r376,71,376,,,,组3_full_cube_periodic_P0069,unique,,,,internal_assumption,not_applicable_same_particle,unique_periodic_endpoint_mapping,,,,,,,X,1,0,0,0.0,True
C_thin_12_full_3,full_cube_periodic,connected_same_particle,组3:INTERNAL:full_cube_periodic:j67,组3,same_particle_periodic_junction,r72,r524,72,524,,,,组3_full_cube_periodic_P0070,unique,,,,internal_assumption,not_applicable_same_particle,unique_periodic_endpoint_mapping,,,,,,,X,1,0,0,0.0,True
C_thin_12_full_3,full_cube_periodic,connected_same_particle,组3:INTERNAL:full_cube_periodic:j68,组3,same_particle_periodic_junction,r73,r480,73,480,,,,组3_full_cube_periodic_P0071,unique,,,,internal_assumption,not_applicable_same_particle,unique_periodic_endpoint_mapping,,,,,,,X,1,0,0,0.0,True
C_thin_12_full_3,full_cube_periodic,connected_same_particle,组3:INTERNAL:full_cube_periodic:j69,组3,same_particle_periodic_junction,r74,r491,74,491,,,,组3_full_cube_periodic_P0072,unique,,,,internal_assumption,not_applicable_same_particle,unique_periodic_endpoint_mapping,,,,,,,X,1,0,0,0.0,True
C_thin_12_full_3,full_cube_periodic,connected_same_particle,组3:INTERNAL:full_cube_periodic:j70,组3,same_particle_periodic_junction,r76,r388,76,388,,,,组3_full_cube_periodic_P0074,unique,,,,internal_assumption,not_applicable_same_particle,unique_periodic_endpoint_mapping,,,,,,,X,1,0,0,0.0,True
C_thin_12_full_3,full_cube_periodic,connected_same_particle,组3:INTERNAL:full_cube_periodic:j71,组3,same_particle_periodic_junction,r77,r517,77,517,,,,组3_full_cube_periodic_P0075,unique,,,,internal_assumption,not_applicable_same_particle,unique_periodic_endpoint_mapping,,,,,,,X,1,0,0,0.0,True
C_thin_12_full_3,full_cube_periodic,connected_same_particle,组3:INTERNAL:full_cube_periodic:j72,组3,same_particle_periodic_junction,r78,r521,78,521,,,,组3_full_cube_periodic_P0076,unique,,,,internal_assumption,not_applicable_same_particle,unique_periodic_endpoint_mapping,,,,,,,X,1,0,0,0.0,True
C_thin_12_full_3,full_cube_periodic,connected_same_particle,组3:INTERNAL:full_cube_periodic:j73,组3,same_particle_periodic_junction,r78,r211,78,211,,,,组3_full_cube_periodic_P0076,unique,,,,internal_assumption,not_applicable_same_particle,unique_periodic_endpoint_mapping,,,,,,,Z,0,0,1,0.0,True
C_thin_12_full_3,full_cube_periodic,connected_same_particle,组3:INTERNAL:full_cube_periodic:j74,组3,same_particle_periodic_junction,r79,r525,79,525,,,,组3_full_cube_periodic_P0077,unique,,,,internal_assumption,not_applicable_same_particle,unique_periodic_endpoint_mapping,,,,,,,X,1,0,0,0.0,True
C_thin_12_full_3,full_cube_periodic,connected_same_particle,组3:INTERNAL:full_cube_periodic:j75,组3,same_particle_periodic_junction,r80,r390,80,390,,,,组3_full_cube_periodic_P0078,unique,,,,internal_assumption,not_applicable_same_particle,unique_periodic_endpoint_mapping,,,,,,,X,1,0,0,0.0,True
C_thin_12_full_3,full_cube_periodic,connected_same_particle,组3:INTERNAL:full_cube_periodic:j76,组3,same_particle_periodic_junction,r81,r503,81,503,,,,组3_full_cube_periodic_P0079,unique,,,,internal_assumption,not_applicable_same_particle,unique_periodic_endpoint_mapping,,,,,,,X,1,0,0,0.0,True
C_thin_12_full_3,full_cube_periodic,connected_same_particle,组3:INTERNAL:full_cube_periodic:j77,组3,same_particle_periodic_junction,r82,r443,82,443,,,,组3_full_cube_periodic_P0080,cannot_reconstruct,,,,internal_assumption,not_applicable_same_particle,unique_periodic_endpoint_mapping,,,,,,,X,1,0,0,0.0,True
C_thin_12_full_3,full_cube_periodic,connected_same_particle,组3:INTERNAL:full_cube_periodic:j78,组3,same_particle_periodic_junction,r83,r512,83,512,,,,组3_full_cube_periodic_P0081,unique,,,,internal_assumption,not_applicable_same_particle,unique_periodic_endpoint_mapping,,,,,,,X,1,0,0,0.0,True
C_thin_12_full_3,full_cube_periodic,connected_same_particle,组3:INTERNAL:full_cube_periodic:j79,组3,same_particle_periodic_junction,r83,r141,83,141,,,,组3_full_cube_periodic_P0081,unique,,,,internal_assumption,not_applicable_same_particle,unique_periodic_endpoint_mapping,,,,,,,Y,0,-1,0,0.0,True
C_thin_12_full_3,full_cube_periodic,connected_same_particle,组3:INTERNAL:full_cube_periodic:j80,组3,same_particle_periodic_junction,r84,r461,84,461,,,,组3_full_cube_periodic_P0082,unique,,,,internal_assumption,not_applicable_same_particle,unique_periodic_endpoint_mapping,,,,,,,X,1,0,0,0.0,True
C_thin_12_full_3,full_cube_periodic,connected_same_particle,组3:INTERNAL:full_cube_periodic:j81,组3,same_particle_periodic_junction,r85,r465,85,465,,,,组3_full_cube_periodic_P0083,unique,,,,internal_assumption,not_applicable_same_particle,unique_periodic_endpoint_mapping,,,,,,,X,1,0,0,0.0,True
C_thin_12_full_3,full_cube_periodic,connected_same_particle,组3:INTERNAL:full_cube_periodic:j82,组3,same_particle_periodic_junction,r86,r516,86,516,,,,组3_full_cube_periodic_P0084,unique,,,,internal_assumption,not_applicable_same_particle,unique_periodic_endpoint_mapping,,,,,,,X,1,0,0,0.0,True
C_thin_12_full_3,full_cube_periodic,connected_same_particle,组3:INTERNAL:full_cube_periodic:j83,组3,same_particle_periodic_junction,r87,r510,87,510,,,,组3_full_cube_periodic_P0085,unique,,,,internal_assumption,not_applicable_same_particle,unique_periodic_endpoint_mapping,,,,,,,X,1,0,0,0.0,True
C_thin_12_full_3,full_cube_periodic,connected_same_particle,组3:INTERNAL:full_cube_periodic:j84,组3,same_particle_periodic_junction,r87,r148,87,148,,,,组3_full_cube_periodic_P0085,unique,,,,internal_assumption,not_applicable_same_particle,unique_periodic_endpoint_mapping,,,,,,,Y,0,-1,0,0.0,True
C_thin_12_full_3,full_cube_periodic,connected_same_particle,组3:INTERNAL:full_cube_periodic:j85,组3,same_particle_periodic_junction,r88,r513,88,513,,,,组3_full_cube_periodic_P0086,cannot_reconstruct,,,,internal_assumption,not_applicable_same_particle,unique_periodic_endpoint_mapping,,,,,,,X,1,0,0,0.0,True
C_thin_12_full_3,full_cube_periodic,connected_same_particle,组3:INTERNAL:full_cube_periodic:j86,组3,same_particle_periodic_junction,r89,r529,89,529,,,,组3_full_cube_periodic_P0087,unique,,,,internal_assumption,not_applicable_same_particle,unique_periodic_endpoint_mapping,,,,,,,X,1,0,0,0.0,True
C_thin_12_full_3,full_cube_periodic,connected_same_particle,组3:INTERNAL:full_cube_periodic:j87,组3,same_particle_periodic_junction,r90,r498,90,498,,,,组3_full_cube_periodic_P0088,cannot_reconstruct,,,,internal_assumption,not_applicable_same_particle,unique_periodic_endpoint_mapping,,,,,,,X,1,0,0,0.0,True
C_thin_12_full_3,full_cube_periodic,connected_same_particle,组3:INTERNAL:full_cube_periodic:j88,组3,same_particle_periodic_junction,r90,r136,90,136,,,,组3_full_cube_periodic_P0088,cannot_reconstruct,,,,internal_assumption,not_applicable_same_particle,unique_periodic_endpoint_mapping,,,,,,,Z,0,0,1,0.0,True
C_thin_12_full_3,full_cube_periodic,connected_same_particle,组3:INTERNAL:full_cube_periodic:j89,组3,same_particle_periodic_junction,r91,r471,91,471,,,,组3_full_cube_periodic_P0089,unique,,,,internal_assumption,not_applicable_same_particle,unique_periodic_endpoint_mapping,,,,,,,X,1,0,0,0.0,True
C_thin_12_full_3,full_cube_periodic,connected_same_particle,组3:INTERNAL:full_cube_periodic:j90,组3,same_particle_periodic_junction,r92,r424,92,424,,,,组3_full_cube_periodic_P0090,unique,,,,internal_assumption,not_applicable_same_particle,unique_periodic_endpoint_mapping,,,,,,,X,1,0,0,0.0,True
C_thin_12_full_3,full_cube_periodic,connected_same_particle,组3:INTERNAL:full_cube_periodic:j91,组3,same_particle_periodic_junction,r93,r528,93,528,,,,组3_full_cube_periodic_P0091,unique,,,,internal_assumption,not_applicable_same_particle,unique_periodic_endpoint_mapping,,,,,,,X,1,0,0,0.0,True
C_thin_12_full_3,full_cube_periodic,connected_same_particle,组3:INTERNAL:full_cube_periodic:j92,组3,same_particle_periodic_junction,r93,r126,93,126,,,,组3_full_cube_periodic_P0091,unique,,,,internal_assumption,not_applicable_same_particle,unique_periodic_endpoint_mapping,,,,,,,Y,0,-1,0,0.0,True
C_thin_12_full_3,full_cube_periodic,connected_same_particle,组3:INTERNAL:full_cube_periodic:j93,组3,same_particle_periodic_junction,r94,r142,94,142,,,,组3_full_cube_periodic_P0092,unique,,,,internal_assumption,not_applicable_same_particle,unique_periodic_endpoint_mapping,,,,,,,Z,0,0,-1,0.0,True
C_thin_12_full_3,full_cube_periodic,connected_same_particle,组3:INTERNAL:full_cube_periodic:j94,组3,same_particle_periodic_junction,r98,r123,98,123,,,,组3_full_cube_periodic_P0096,unique,,,,internal_assumption,not_applicable_same_particle,unique_periodic_endpoint_mapping,,,,,,,Z,0,0,1,0.0,True
C_thin_12_full_3,full_cube_periodic,connected_same_particle,组3:INTERNAL:full_cube_periodic:j95,组3,same_particle_periodic_junction,r106,r137,106,137,,,,组3_full_cube_periodic_P0103,unique,,,,internal_assumption,not_applicable_same_particle,unique_periodic_endpoint_mapping,,,,,,,Y,0,-1,0,0.0,True
C_thin_12_full_3,full_cube_periodic,connected_same_particle,组3:INTERNAL:full_cube_periodic:j96,组3,same_particle_periodic_junction,r107,r260,107,260,,,,组3_full_cube_periodic_P0104,unique,,,,internal_assumption,not_applicable_same_particle,unique_periodic_endpoint_mapping,,,,,,,Z,0,0,1,0.0,True
C_thin_12_full_3,full_cube_periodic,connected_same_particle,组3:INTERNAL:full_cube_periodic:j97,组3,same_particle_periodic_junction,r114,r134,114,134,,,,组3_full_cube_periodic_P0110,unique,,,,internal_assumption,not_applicable_same_particle,unique_periodic_endpoint_mapping,,,,,,,Z,0,0,1,0.0,True
C_thin_12_full_3,full_cube_periodic,connected_same_particle,组3:INTERNAL:full_cube_periodic:j98,组3,same_particle_periodic_junction,r125,r131,125,131,,,,组3_full_cube_periodic_P0120,unique,,,,internal_assumption,not_applicable_same_particle,unique_periodic_endpoint_mapping,,,,,,,Y,0,1,0,0.0,True
C_thin_12_full_3,full_cube_periodic,connected_same_particle,组3:INTERNAL:full_cube_periodic:j99,组3,same_particle_periodic_junction,r129,r145,129,145,,,,组3_full_cube_periodic_P0123,unique,,,,internal_assumption,not_applicable_same_particle,unique_periodic_endpoint_mapping,,,,,,,Y,0,-1,0,0.0,True
C_thin_12_full_3,full_cube_periodic,connected_same_particle,组3:INTERNAL:full_cube_periodic:j100,组3,same_particle_periodic_junction,r131,r132,131,132,,,,组3_full_cube_periodic_P0120,unique,,,,internal_assumption,not_applicable_same_particle,unique_periodic_endpoint_mapping,,,,,,,Z,0,0,1,0.0,True
C_thin_12_full_3,full_cube_periodic,connected_same_particle,组3:INTERNAL:full_cube_periodic:j101,组3,same_particle_periodic_junction,r140,r189,140,189,,,,组3_full_cube_periodic_P0128,unique,,,,internal_assumption,not_applicable_same_particle,unique_periodic_endpoint_mapping,,,,,,,Z,0,0,1,0.0,True
C_thin_12_full_3,full_cube_periodic,connected_same_particle,组3:INTERNAL:full_cube_periodic:j102,组3,same_particle_periodic_junction,r147,r175,147,175,,,,组3_full_cube_periodic_P0131,unique,,,,internal_assumption,not_applicable_same_particle,unique_periodic_endpoint_mapping,,,,,,,Z,0,0,1,0.0,True
C_thin_12_full_3,full_cube_periodic,connected_same_particle,组3:INTERNAL:full_cube_periodic:j103,组3,same_particle_periodic_junction,r149,r351,149,351,,,,组3_full_cube_periodic_P0132,unique,,,,internal_assumption,not_applicable_same_particle,unique_periodic_endpoint_mapping,,,,,,,Z,0,0,-1,0.0,True
C_thin_12_full_3,full_cube_periodic,connected_same_particle,组3:INTERNAL:full_cube_periodic:j104,组3,same_particle_periodic_junction,r152,r229,152,229,,,,组3_full_cube_periodic_P0135,unique,,,,internal_assumption,not_applicable_same_particle,unique_periodic_endpoint_mapping,,,,,,,Y,0,-1,0,0.0,True
C_thin_12_full_3,full_cube_periodic,connected_same_particle,组3:INTERNAL:full_cube_periodic:j105,组3,same_particle_periodic_junction,r154,r191,154,191,,,,组3_full_cube_periodic_P0137,unique,,,,internal_assumption,not_applicable_same_particle,unique_periodic_endpoint_mapping,,,,,,,Y,0,-1,0,0.0,True
C_thin_12_full_3,full_cube_periodic,connected_same_particle,组3:INTERNAL:full_cube_periodic:j106,组3,same_particle_periodic_junction,r155,r164,155,164,,,,组3_full_cube_periodic_P0138,unique,,,,internal_assumption,not_applicable_same_particle,unique_periodic_endpoint_mapping,,,,,,,Y,0,-1,0,0.0,True
C_thin_12_full_3,full_cube_periodic,connected_same_particle,组3:INTERNAL:full_cube_periodic:j107,组3,same_particle_periodic_junction,r158,r292,158,292,,,,组3_full_cube_periodic_P0141,unique,,,,internal_assumption,not_applicable_same_particle,unique_periodic_endpoint_mapping,,,,,,,Z,0,0,-1,0.0,True
C_thin_12_full_3,full_cube_periodic,connected_same_particle,组3:INTERNAL:full_cube_periodic:j108,组3,same_particle_periodic_junction,r165,r274,165,274,,,,组3_full_cube_periodic_P0147,unique,,,,internal_assumption,not_applicable_same_particle,unique_periodic_endpoint_mapping,,,,,,,Y,0,1,0,0.0,True
C_thin_12_full_3,full_cube_periodic,connected_same_particle,组3:INTERNAL:full_cube_periodic:j109,组3,same_particle_periodic_junction,r167,r241,167,241,,,,组3_full_cube_periodic_P0149,unique,,,,internal_assumption,not_applicable_same_particle,unique_periodic_endpoint_mapping,,,,,,,Z,0,0,-1,0.0,True
C_thin_12_full_3,full_cube_periodic,connected_same_particle,组3:INTERNAL:full_cube_periodic:j110,组3,same_particle_periodic_junction,r168,r363,168,363,,,,组3_full_cube_periodic_P0150,unique,,,,internal_assumption,not_applicable_same_particle,unique_periodic_endpoint_mapping,,,,,,,Y,0,1,0,0.0,True
C_thin_12_full_3,full_cube_periodic,connected_same_particle,组3:INTERNAL:full_cube_periodic:j111,组3,same_particle_periodic_junction,r169,r181,169,181,,,,组3_full_cube_periodic_P0151,unique,,,,internal_assumption,not_applicable_same_particle,unique_periodic_endpoint_mapping,,,,,,,Z,0,0,-1,0.0,True
C_thin_12_full_3,full_cube_periodic,connected_same_particle,组3:INTERNAL:full_cube_periodic:j112,组3,same_particle_periodic_junction,r176,r220,176,220,,,,组3_full_cube_periodic_P0156,unique,,,,internal_assumption,not_applicable_same_particle,unique_periodic_endpoint_mapping,,,,,,,Z,0,0,-1,0.0,True
C_thin_12_full_3,full_cube_periodic,connected_same_particle,组3:INTERNAL:full_cube_periodic:j113,组3,same_particle_periodic_junction,r179,r245,179,245,,,,组3_full_cube_periodic_P0159,unique,,,,internal_assumption,not_applicable_same_particle,unique_periodic_endpoint_mapping,,,,,,,Z,0,0,-1,0.0,True
C_thin_12_full_3,full_cube_periodic,connected_same_particle,组3:INTERNAL:full_cube_periodic:j114,组3,same_particle_periodic_junction,r184,r248,184,248,,,,组3_full_cube_periodic_P0163,unique,,,,internal_assumption,not_applicable_same_particle,unique_periodic_endpoint_mapping,,,,,,,Y,0,-1,0,0.0,True
C_thin_12_full_3,full_cube_periodic,connected_same_particle,组3:INTERNAL:full_cube_periodic:j115,组3,same_particle_periodic_junction,r187,r197,187,197,,,,组3_full_cube_periodic_P0166,unique,,,,internal_assumption,not_applicable_same_particle,unique_periodic_endpoint_mapping,,,,,,,Z,0,0,1,0.0,True
C_thin_12_full_3,full_cube_periodic,connected_same_particle,组3:INTERNAL:full_cube_periodic:j116,组3,same_particle_periodic_junction,r190,r368,190,368,,,,组3_full_cube_periodic_P0168,unique,,,,internal_assumption,not_applicable_same_particle,unique_periodic_endpoint_mapping,,,,,,,Z,0,0,-1,0.0,True
C_thin_12_full_3,full_cube_periodic,connected_same_particle,组3:INTERNAL:full_cube_periodic:j117,组3,same_particle_periodic_junction,r199,r201,199,201,,,,组3_full_cube_periodic_P0175,unique,,,,internal_assumption,not_applicable_same_particle,unique_periodic_endpoint_mapping,,,,,,,Y,0,1,0,0.0,True
C_thin_12_full_3,full_cube_periodic,connected_same_particle,组3:INTERNAL:full_cube_periodic:j118,组3,same_particle_periodic_junction,r200,r358,200,358,,,,组3_full_cube_periodic_P0176,unique,,,,internal_assumption,not_applicable_same_particle,unique_periodic_endpoint_mapping,,,,,,,Y,0,1,0,0.0,True
C_thin_12_full_3,full_cube_periodic,connected_same_particle,组3:INTERNAL:full_cube_periodic:j119,组3,same_particle_periodic_junction,r201,r202,201,202,,,,组3_full_cube_periodic_P0175,unique,,,,internal_assumption,not_applicable_same_particle,unique_periodic_endpoint_mapping,,,,,,,Z,0,0,-1,0.0,True
C_thin_12_full_3,full_cube_periodic,connected_same_particle,组3:INTERNAL:full_cube_periodic:j120,组3,same_particle_periodic_junction,r203,r238,203,238,,,,组3_full_cube_periodic_P0177,unique,,,,internal_assumption,not_applicable_same_particle,unique_periodic_endpoint_mapping,,,,,,,Y,0,-1,0,0.0,True
C_thin_12_full_3,full_cube_periodic,connected_same_particle,组3:INTERNAL:full_cube_periodic:j121,组3,same_particle_periodic_junction,r206,r254,206,254,,,,组3_full_cube_periodic_P0180,unique,,,,internal_assumption,not_applicable_same_particle,unique_periodic_endpoint_mapping,,,,,,,Y,0,-1,0,0.0,True
C_thin_12_full_3,full_cube_periodic,connected_same_particle,组3:INTERNAL:full_cube_periodic:j122,组3,same_particle_periodic_junction,r210,r234,210,234,,,,组3_full_cube_periodic_P0184,unique,,,,internal_assumption,not_applicable_same_particle,unique_periodic_endpoint_mapping,,,,,,,Y,0,1,0,0.0,True
C_thin_12_full_3,full_cube_periodic,connected_same_particle,组3:INTERNAL:full_cube_periodic:j123,组3,same_particle_periodic_junction,r212,r265,212,265,,,,组3_full_cube_periodic_P0185,unique,,,,internal_assumption,not_applicable_same_particle,unique_periodic_endpoint_mapping,,,,,,,Z,0,0,-1,0.0,True
C_thin_12_full_3,full_cube_periodic,connected_same_particle,组3:INTERNAL:full_cube_periodic:j124,组3,same_particle_periodic_junction,r214,r373,214,373,,,,组3_full_cube_periodic_P0187,unique,,,,internal_assumption,not_applicable_same_particle,unique_periodic_endpoint_mapping,,,,,,,Y,0,-1,0,0.0,True
C_thin_12_full_3,full_cube_periodic,connected_same_particle,组3:INTERNAL:full_cube_periodic:j125,组3,same_particle_periodic_junction,r215,r306,215,306,,,,组3_full_cube_periodic_P0188,unique,,,,internal_assumption,not_applicable_same_particle,unique_periodic_endpoint_mapping,,,,,,,Y,0,-1,0,0.0,True
C_thin_12_full_3,full_cube_periodic,connected_same_particle,组3:INTERNAL:full_cube_periodic:j126,组3,same_particle_periodic_junction,r217,r236,217,236,,,,组3_full_cube_periodic_P0190,unique,,,,internal_assumption,not_applicable_same_particle,unique_periodic_endpoint_mapping,,,,,,,Z,0,0,1,0.0,True
C_thin_12_full_3,full_cube_periodic,connected_same_particle,组3:INTERNAL:full_cube_periodic:j127,组3,same_particle_periodic_junction,r219,r243,219,243,,,,组3_full_cube_periodic_P0192,unique,,,,internal_assumption,not_applicable_same_particle,unique_periodic_endpoint_mapping,,,,,,,Y,0,-1,0,0.0,True
C_thin_12_full_3,full_cube_periodic,connected_same_particle,组3:INTERNAL:full_cube_periodic:j128,组3,same_particle_periodic_junction,r226,r317,226,317,,,,组3_full_cube_periodic_P0198,unique,,,,internal_assumption,not_applicable_same_particle,unique_periodic_endpoint_mapping,,,,,,,Y,0,1,0,0.0,True
C_thin_12_full_3,full_cube_periodic,connected_same_particle,组3:INTERNAL:full_cube_periodic:j129,组3,same_particle_periodic_junction,r228,r246,228,246,,,,组3_full_cube_periodic_P0200,unique,,,,internal_assumption,not_applicable_same_particle,unique_periodic_endpoint_mapping,,,,,,,Y,0,1,0,0.0,True
C_thin_12_full_3,full_cube_periodic,connected_same_particle,组3:INTERNAL:full_cube_periodic:j130,组3,same_particle_periodic_junction,r232,r361,232,361,,,,组3_full_cube_periodic_P0203,unique,,,,internal_assumption,not_applicable_same_particle,unique_periodic_endpoint_mapping,,,,,,,Z,0,0,-1,0.0,True
C_thin_12_full_3,full_cube_periodic,connected_same_particle,组3:INTERNAL:full_cube_periodic:j131,组3,same_particle_periodic_junction,r233,r237,233,237,,,,组3_full_cube_periodic_P0204,unique,,,,internal_assumption,not_applicable_same_particle,unique_periodic_endpoint_mapping,,,,,,,Z,0,0,1,0.0,True
C_thin_12_full_3,full_cube_periodic,connected_same_particle,组3:INTERNAL:full_cube_periodic:j132,组3,same_particle_periodic_junction,r234,r239,234,239,,,,组3_full_cube_periodic_P0184,unique,,,,internal_assumption,not_applicable_same_particle,unique_periodic_endpoint_mapping,,,,,,,Z,0,0,1,0.0,True
C_thin_12_full_3,full_cube_periodic,connected_same_particle,组3:INTERNAL:full_cube_periodic:j133,组3,same_particle_periodic_junction,r236,r299,236,299,,,,组3_full_cube_periodic_P0190,unique,,,,internal_assumption,not_applicable_same_particle,unique_periodic_endpoint_mapping,,,,,,,Y,0,1,0,0.0,True
C_thin_12_full_3,full_cube_periodic,connected_same_particle,组3:INTERNAL:full_cube_periodic:j134,组3,same_particle_periodic_junction,r238,r285,238,285,,,,组3_full_cube_periodic_P0177,unique,,,,internal_assumption,not_applicable_same_particle,unique_periodic_endpoint_mapping,,,,,,,Z,0,0,-1,0.0,True
C_thin_12_full_3,full_cube_periodic,connected_same_particle,组3:INTERNAL:full_cube_periodic:j135,组3,same_particle_periodic_junction,r246,r258,246,258,,,,组3_full_cube_periodic_P0200,unique,,,,internal_assumption,not_applicable_same_particle,unique_periodic_endpoint_mapping,,,,,,,Z,0,0,-1,0.0,True
C_thin_12_full_3,full_cube_periodic,connected_same_particle,组3:INTERNAL:full_cube_periodic:j136,组3,same_particle_periodic_junction,r253,r435,253,435,,,,组3_full_cube_periodic_P0214,unique,,,,internal_assumption,not_applicable_same_particle,unique_periodic_endpoint_mapping,,,,,,,Z,0,0,1,0.0,True
C_thin_12_full_3,full_cube_periodic,connected_same_particle,组3:INTERNAL:full_cube_periodic:j137,组3,same_particle_periodic_junction,r256,r275,256,275,,,,组3_full_cube_periodic_P0216,unique,,,,internal_assumption,not_applicable_same_particle,unique_periodic_endpoint_mapping,,,,,,,Y,0,-1,0,0.0,True
C_thin_12_full_3,full_cube_periodic,connected_same_particle,组3:INTERNAL:full_cube_periodic:j138,组3,same_particle_periodic_junction,r273,r302,273,302,,,,组3_full_cube_periodic_P0230,unique,,,,internal_assumption,not_applicable_same_particle,unique_periodic_endpoint_mapping,,,,,,,Y,0,1,0,0.0,True
C_thin_12_full_3,full_cube_periodic,connected_same_particle,组3:INTERNAL:full_cube_periodic:j139,组3,same_particle_periodic_junction,r279,r357,279,357,,,,组3_full_cube_periodic_P0234,unique,,,,internal_assumption,not_applicable_same_particle,unique_periodic_endpoint_mapping,,,,,,,Z,0,0,-1,0.0,True
C_thin_12_full_3,full_cube_periodic,connected_same_particle,组3:INTERNAL:full_cube_periodic:j140,组3,same_particle_periodic_junction,r281,r371,281,371,,,,组3_full_cube_periodic_P0236,unique,,,,internal_assumption,not_applicable_same_particle,unique_periodic_endpoint_mapping,,,,,,,Y,0,1,0,0.0,True
C_thin_12_full_3,full_cube_periodic,connected_same_particle,组3:INTERNAL:full_cube_periodic:j141,组3,same_particle_periodic_junction,r283,r312,283,312,,,,组3_full_cube_periodic_P0238,unique,,,,internal_assumption,not_applicable_same_particle,unique_periodic_endpoint_mapping,,,,,,,Y,0,1,0,0.0,True
C_thin_12_full_3,full_cube_periodic,connected_same_particle,组3:INTERNAL:full_cube_periodic:j142,组3,same_particle_periodic_junction,r294,r310,294,310,,,,组3_full_cube_periodic_P0247,unique,,,,internal_assumption,not_applicable_same_particle,unique_periodic_endpoint_mapping,,,,,,,Z,0,0,1,0.0,True
C_thin_12_full_3,full_cube_periodic,connected_same_particle,组3:INTERNAL:full_cube_periodic:j143,组3,same_particle_periodic_junction,r303,r378,303,378,,,,组3_full_cube_periodic_P0254,unique,,,,internal_assumption,not_applicable_same_particle,unique_periodic_endpoint_mapping,,,,,,,Y,0,1,0,0.0,True
C_thin_12_full_3,full_cube_periodic,connected_same_particle,组3:INTERNAL:full_cube_periodic:j144,组3,same_particle_periodic_junction,r304,r309,304,309,,,,组3_full_cube_periodic_P0255,unique,,,,internal_assumption,not_applicable_same_particle,unique_periodic_endpoint_mapping,,,,,,,Y,0,1,0,0.0,True
C_thin_12_full_3,full_cube_periodic,connected_same_particle,组3:INTERNAL:full_cube_periodic:j145,组3,same_particle_periodic_junction,r313,r410,313,410,,,,组3_full_cube_periodic_P0260,unique,,,,internal_assumption,not_applicable_same_particle,unique_periodic_endpoint_mapping,,,,,,,Z,0,0,-1,0.0,True
C_thin_12_full_3,full_cube_periodic,connected_same_particle,组3:INTERNAL:full_cube_periodic:j146,组3,same_particle_periodic_junction,r319,r347,319,347,,,,组3_full_cube_periodic_P0265,unique,,,,internal_assumption,not_applicable_same_particle,unique_periodic_endpoint_mapping,,,,,,,Z,0,0,-1,0.0,True
C_thin_12_full_3,full_cube_periodic,connected_same_particle,组3:INTERNAL:full_cube_periodic:j147,组3,same_particle_periodic_junction,r323,r416,323,416,,,,组3_full_cube_periodic_P0269,unique,,,,internal_assumption,not_applicable_same_particle,unique_periodic_endpoint_mapping,,,,,,,Z,0,0,1,0.0,True
C_thin_12_full_3,full_cube_periodic,connected_same_particle,组3:INTERNAL:full_cube_periodic:j148,组3,same_particle_periodic_junction,r334,r337,334,337,,,,组3_full_cube_periodic_P0280,unique,,,,internal_assumption,not_applicable_same_particle,unique_periodic_endpoint_mapping,,,,,,,Z,0,0,1,0.0,True
C_thin_12_full_3,full_cube_periodic,connected_same_particle,组3:INTERNAL:full_cube_periodic:j149,组3,same_particle_periodic_junction,r336,r467,336,467,,,,组3_full_cube_periodic_P0282,unique,,,,internal_assumption,not_applicable_same_particle,unique_periodic_endpoint_mapping,,,,,,,Z,0,0,1,0.0,True
C_thin_12_full_3,full_cube_periodic,connected_same_particle,组3:INTERNAL:full_cube_periodic:j150,组3,same_particle_periodic_junction,r344,r364,344,364,,,,组3_full_cube_periodic_P0289,unique,,,,internal_assumption,not_applicable_same_particle,unique_periodic_endpoint_mapping,,,,,,,Y,0,1,0,0.0,True
C_thin_12_full_3,full_cube_periodic,connected_same_particle,组3:INTERNAL:full_cube_periodic:j151,组3,same_particle_periodic_junction,r348,r356,348,356,,,,组3_full_cube_periodic_P0292,unique,,,,internal_assumption,not_applicable_same_particle,unique_periodic_endpoint_mapping,,,,,,,Z,0,0,1,0.0,True
C_thin_12_full_3,full_cube_periodic,connected_same_particle,组3:INTERNAL:full_cube_periodic:j152,组3,same_particle_periodic_junction,r352,r393,352,393,,,,组3_full_cube_periodic_P0295,unique,,,,internal_assumption,not_applicable_same_particle,unique_periodic_endpoint_mapping,,,,,,,Y,0,-1,0,0.0,True
C_thin_12_full_3,full_cube_periodic,connected_same_particle,组3:INTERNAL:full_cube_periodic:j153,组3,same_particle_periodic_junction,r354,r420,354,420,,,,组3_full_cube_periodic_P0297,unique,,,,internal_assumption,not_applicable_same_particle,unique_periodic_endpoint_mapping,,,,,,,Y,0,-1,0,0.0,True
C_thin_12_full_3,full_cube_periodic,connected_same_particle,组3:INTERNAL:full_cube_periodic:j154,组3,same_particle_periodic_junction,r362,r370,362,370,,,,组3_full_cube_periodic_P0301,unique,,,,internal_assumption,not_applicable_same_particle,unique_periodic_endpoint_mapping,,,,,,,Y,0,-1,0,0.0,True
C_thin_12_full_3,full_cube_periodic,connected_same_particle,组3:INTERNAL:full_cube_periodic:j155,组3,same_particle_periodic_junction,r367,r397,367,397,,,,组3_full_cube_periodic_P0304,unique,,,,internal_assumption,not_applicable_same_particle,unique_periodic_endpoint_mapping,,,,,,,Z,0,0,1,0.0,True
C_thin_12_full_3,full_cube_periodic,connected_same_particle,组3:INTERNAL:full_cube_periodic:j156,组3,same_particle_periodic_junction,r377,r412,377,412,,,,组3_full_cube_periodic_P0309,cannot_reconstruct,,,,internal_assumption,not_applicable_same_particle,unique_periodic_endpoint_mapping,,,,,,,Y,0,1,0,0.0,True
C_thin_12_full_3,full_cube_periodic,connected_same_particle,组3:INTERNAL:full_cube_periodic:j157,组3,same_particle_periodic_junction,r385,r394,385,394,,,,组3_full_cube_periodic_P0315,unique,,,,internal_assumption,not_applicable_same_particle,unique_periodic_endpoint_mapping,,,,,,,Y,0,1,0,0.0,True
C_thin_12_full_3,full_cube_periodic,connected_same_particle,组3:INTERNAL:full_cube_periodic:j158,组3,same_particle_periodic_junction,r401,r436,401,436,,,,组3_full_cube_periodic_P0324,unique,,,,internal_assumption,not_applicable_same_particle,unique_periodic_endpoint_mapping,,,,,,,Z,0,0,1,0.0,True
C_thin_12_full_3,full_cube_periodic,connected_same_particle,组3:INTERNAL:full_cube_periodic:j159,组3,same_particle_periodic_junction,r402,r427,402,427,,,,组3_full_cube_periodic_P0325,unique,,,,internal_assumption,not_applicable_same_particle,unique_periodic_endpoint_mapping,,,,,,,Y,0,-1,0,0.0,True
C_thin_12_full_3,full_cube_periodic,connected_same_particle,组3:INTERNAL:full_cube_periodic:j160,组3,same_particle_periodic_junction,r403,r409,403,409,,,,组3_full_cube_periodic_P0326,unique,,,,internal_assumption,not_applicable_same_particle,unique_periodic_endpoint_mapping,,,,,,,Z,0,0,1,0.0,True
C_thin_12_full_3,full_cube_periodic,connected_same_particle,组3:INTERNAL:full_cube_periodic:j161,组3,same_particle_periodic_junction,r408,r450,408,450,,,,组3_full_cube_periodic_P0329,unique,,,,internal_assumption,not_applicable_same_particle,unique_periodic_endpoint_mapping,,,,,,,Z,0,0,1,0.0,True
C_thin_12_full_3,full_cube_periodic,connected_same_particle,组3:INTERNAL:full_cube_periodic:j162,组3,same_particle_periodic_junction,r409,r414,409,414,,,,组3_full_cube_periodic_P0326,unique,,,,internal_assumption,not_applicable_same_particle,unique_periodic_endpoint_mapping,,,,,,,Y,0,1,0,0.0,True
C_thin_12_full_3,full_cube_periodic,connected_same_particle,组3:INTERNAL:full_cube_periodic:j163,组3,same_particle_periodic_junction,r419,r441,419,441,,,,组3_full_cube_periodic_P0334,unique,,,,internal_assumption,not_applicable_same_particle,unique_periodic_endpoint_mapping,,,,,,,Y,0,1,0,0.0,True
C_thin_12_full_3,full_cube_periodic,connected_same_particle,组3:INTERNAL:full_cube_periodic:j164,组3,same_particle_periodic_junction,r422,r490,422,490,,,,组3_full_cube_periodic_P0004,unique,,,,internal_assumption,not_applicable_same_particle,unique_periodic_endpoint_mapping,,,,,,,Y,0,-1,0,0.0,True
C_thin_12_full_3,full_cube_periodic,connected_same_particle,组3:INTERNAL:full_cube_periodic:j165,组3,same_particle_periodic_junction,r425,r434,425,434,,,,组3_full_cube_periodic_P0336,unique,,,,internal_assumption,not_applicable_same_particle,unique_periodic_endpoint_mapping,,,,,,,Y,0,1,0,0.0,True
C_thin_12_full_3,full_cube_periodic,connected_same_particle,组3:INTERNAL:full_cube_periodic:j166,组3,same_particle_periodic_junction,r426,r529,426,529,,,,组3_full_cube_periodic_P0087,unique,,,,internal_assumption,not_applicable_same_particle,unique_periodic_endpoint_mapping,,,,,,,Y,0,1,0,0.0,True
C_thin_12_full_3,full_cube_periodic,connected_same_particle,组3:INTERNAL:full_cube_periodic:j167,组3,same_particle_periodic_junction,r428,r447,428,447,,,,组3_full_cube_periodic_P0044,unique,,,,internal_assumption,not_applicable_same_particle,unique_periodic_endpoint_mapping,,,,,,,Z,0,0,1,0.0,True
C_thin_12_full_3,full_cube_periodic,connected_same_particle,组3:INTERNAL:full_cube_periodic:j168,组3,same_particle_periodic_junction,r429,r460,429,460,,,,组3_full_cube_periodic_P0337,unique,,,,internal_assumption,not_applicable_same_particle,unique_periodic_endpoint_mapping,,,,,,,Z,0,0,1,0.0,True
C_thin_12_full_3,full_cube_periodic,connected_same_particle,组3:INTERNAL:full_cube_periodic:j169,组3,same_particle_periodic_junction,r433,r515,433,515,,,,组3_full_cube_periodic_P0339,unique,,,,internal_assumption,not_applicable_same_particle,unique_periodic_endpoint_mapping,,,,,,,Z,0,0,-1,0.0,True
C_thin_12_full_3,full_cube_periodic,connected_same_particle,组3:INTERNAL:full_cube_periodic:j170,组3,same_particle_periodic_junction,r440,r471,440,471,,,,组3_full_cube_periodic_P0089,unique,,,,internal_assumption,not_applicable_same_particle,unique_periodic_endpoint_mapping,,,,,,,Y,0,1,0,0.0,True
C_thin_12_full_3,full_cube_periodic,connected_same_particle,组3:INTERNAL:full_cube_periodic:j171,组3,same_particle_periodic_junction,r442,r472,442,472,,,,组3_full_cube_periodic_P0012,unique,,,,internal_assumption,not_applicable_same_particle,unique_periodic_endpoint_mapping,,,,,,,Z,0,0,1,0.0,True
C_thin_12_full_3,full_cube_periodic,connected_same_particle,组3:INTERNAL:full_cube_periodic:j172,组3,same_particle_periodic_junction,r444,r459,444,459,,,,组3_full_cube_periodic_P0342,unique,,,,internal_assumption,not_applicable_same_particle,unique_periodic_endpoint_mapping,,,,,,,Y,0,-1,0,0.0,True
C_thin_12_full_3,full_cube_periodic,connected_same_particle,组3:INTERNAL:full_cube_periodic:j173,组3,same_particle_periodic_junction,r453,r477,453,477,,,,组3_full_cube_periodic_P0345,unique,,,,internal_assumption,not_applicable_same_particle,unique_periodic_endpoint_mapping,,,,,,,Z,0,0,1,0.0,True
C_thin_12_full_3,full_cube_periodic,connected_same_particle,组3:INTERNAL:full_cube_periodic:j174,组3,same_particle_periodic_junction,r469,r497,469,497,,,,组3_full_cube_periodic_P0349,unique,,,,internal_assumption,not_applicable_same_particle,unique_periodic_endpoint_mapping,,,,,,,Y,0,1,0,0.0,True
C_thin_12_full_3,full_cube_periodic,connected_same_particle,组3:INTERNAL:full_cube_periodic:j175,组3,same_particle_periodic_junction,r475,r495,475,495,,,,组3_full_cube_periodic_P0351,unique,,,,internal_assumption,not_applicable_same_particle,unique_periodic_endpoint_mapping,,,,,,,Y,0,1,0,0.0,True
C_thin_12_full_3,full_cube_periodic,connected_same_particle,组3:INTERNAL:full_cube_periodic:j176,组3,same_particle_periodic_junction,r476,r488,476,488,,,,组3_full_cube_periodic_P0019,unique,,,,internal_assumption,not_applicable_same_particle,unique_periodic_endpoint_mapping,,,,,,,Y,0,-1,0,0.0,True
C_thin_12_full_3,full_cube_periodic,connected_same_particle,组3:INTERNAL:full_cube_periodic:j177,组3,same_particle_periodic_junction,r494,r496,494,496,,,,组3_full_cube_periodic_P0356,unique,,,,internal_assumption,not_applicable_same_particle,unique_periodic_endpoint_mapping,,,,,,,Z,0,0,-1,0.0,True
C_thin_12_full_3,full_cube_periodic,connected_same_particle,组3:INTERNAL:full_cube_periodic:j178,组3,same_particle_periodic_junction,r505,r534,505,534,,,,组3_full_cube_periodic_P0009,unique,,,,internal_assumption,not_applicable_same_particle,unique_periodic_endpoint_mapping,,,,,,,Y,0,-1,0,0.0,True
