scenario,reconstruction_scenario,internal_mode,edge_id,sheet,edge_type,node_u,node_v,row_u,row_v,electrode,particle_u,particle_v,particle_id,component_status,gap_lower_nm,gap_upper_nm,gap_estimate_nm,classification,threshold_relation,method,capsule_lower_bound_nm,gjk_iterations,gjk_converged,slsqp_check_gap_nm,slsqp_abs_difference_nm,slsqp_same_threshold_class,crossing_axes,shift_x,shift_y,shift_z,mapped_endpoint_residual_nm,enabled
A_row_literal,row_literal,disconnected_fragments,组1:ELECTRODE:LEFT:r3,组1,electrode_contact,LEFT,r3,,3,left,LEFT,组1_row_literal_P0001,,,0.0,0.0,0.0,connected,gap<=1.8,closed_form_cylinder_plane,,0,True,,,,,,,,,
A_row_literal,row_literal,disconnected_fragments,组1:ELECTRODE:LEFT:r4,组1,electrode_contact,LEFT,r4,,4,left,LEFT,组1_row_literal_P0002,,,0.0,0.0,0.0,connected,gap<=1.8,closed_form_cylinder_plane,,0,True,,,,,,,,,
A_row_literal,row_literal,disconnected_fragments,组1:ELECTRODE:LEFT:r5,组1,electrode_contact,LEFT,r5,,5,left,LEFT,组1_row_literal_P0003,,,0.0,0.0,0.0,connected,gap<=1.8,closed_form_cylinder_plane,,0,True,,,,,,,,,
A_row_literal,row_literal,disconnected_fragments,组1:ELECTRODE:RIGHT:r10,组1,electrode_contact,r10,RIGHT,10,,right,组1_row_literal_P0008,RIGHT,,,0.0,0.0,0.0,connected,gap<=1.8,closed_form_cylinder_plane,,0,True,,,,,,,,,
A_row_literal,row_literal,disconnected_fragments,组1:ELECTRODE:RIGHT:r11,组1,electrode_contact,r11,RIGHT,11,,right,组1_row_literal_P0009,RIGHT,,,0.0,0.0,0.0,connected,gap<=1.8,closed_form_cylinder_plane,,0,True,,,,,,,,,
A_row_literal,row_literal,disconnected_fragments,组1:ELECTRODE:RIGHT:r12,组1,electrode_contact,r12,RIGHT,12,,right,组1_row_literal_P0010,RIGHT,,,0.0,0.0,0.0,connected,gap<=1.8,closed_form_cylinder_plane,,0,True,,,,,,,,,
A_row_literal,row_literal,disconnected_fragments,组1:ELECTRODE:RIGHT:r14,组1,electrode_contact,r14,RIGHT,14,,right,组1_row_literal_P0012,RIGHT,,,0.0,0.0,0.0,connected,gap<=1.8,closed_form_cylinder_plane,,0,True,,,,,,,,,
A_row_literal,row_literal,disconnected_fragments,组1:PAIR:r3:r6,组1,cylinder_contact,r3,r6,3,6,,组1_row_literal_P0001,组1_row_literal_P0004,,,0.0,2.170009413277917e-10,0.0,connected,gap<=1.8,capsule_then_flat_cylinder_gjk,0.0,5,True,3.1776437161565096e-14,3.1776437161565096e-14,True,,,,,,
A_row_literal,row_literal,disconnected_fragments,组1:PAIR:r11:r12,组1,cylinder_contact,r11,r12,11,12,,组1_row_literal_P0009,组1_row_literal_P0010,,,0.0,2.0966613025182378e-10,0.0,connected,gap<=1.8,capsule_then_flat_cylinder_gjk,0.0,4,True,3.4107901638000697e-13,3.4107901638000697e-13,True,,,,,,
A_row_literal,row_literal,disconnected_fragments,组2:ELECTRODE:LEFT:r3,组2,electrode_contact,LEFT,r3,,3,left,LEFT,组2_row_literal_P0001,,,0.0,0.0,0.0,connected,gap<=1.8,closed_form_cylinder_plane,,0,True,,,,,,,,,
A_row_literal,row_literal,disconnected_fragments,组2:ELECTRODE:LEFT:r4,组2,electrode_contact,LEFT,r4,,4,left,LEFT,组2_row_literal_P0002,,,0.0,0.0,0.0,connected,gap<=1.8,closed_form_cylinder_plane,,0,True,,,,,,,,,
A_row_literal,row_literal,disconnected_fragments,组2:ELECTRODE:LEFT:r5,组2,electrode_contact,LEFT,r5,,5,left,LEFT,组2_row_literal_P0003,,,0.0,0.0,0.0,connected,gap<=1.8,closed_form_cylinder_plane,,0,True,,,,,,,,,
A_row_literal,row_literal,disconnected_fragments,组2:ELECTRODE:LEFT:r6,组2,electrode_contact,LEFT,r6,,6,left,LEFT,组2_row_literal_P0004,,,0.0,0.0,0.0,connected,gap<=1.8,closed_form_cylinder_plane,,0,True,,,,,,,,,
A_row_literal,row_literal,disconnected_fragments,组2:ELECTRODE:LEFT:r7,组2,electrode_contact,LEFT,r7,,7,left,LEFT,组2_row_literal_P0005,,,0.0,0.0,0.0,connected,gap<=1.8,closed_form_cylinder_plane,,0,True,,,,,,,,,
A_row_literal,row_literal,disconnected_fragments,组2:ELECTRODE:LEFT:r8,组2,electrode_contact,LEFT,r8,,8,left,LEFT,组2_row_literal_P0006,,,0.0,0.0,0.0,connected,gap<=1.8,closed_form_cylinder_plane,,0,True,,,,,,,,,
A_row_literal,row_literal,disconnected_fragments,组2:ELECTRODE:LEFT:r9,组2,electrode_contact,LEFT,r9,,9,left,LEFT,组2_row_literal_P0007,,,0.0,0.0,0.0,connected,gap<=1.8,closed_form_cylinder_plane,,0,True,,,,,,,,,
A_row_literal,row_literal,disconnected_fragments,组2:ELECTRODE:LEFT:r10,组2,electrode_contact,LEFT,r10,,10,left,LEFT,组2_row_literal_P0008,,,0.0,0.0,0.0,connected,gap<=1.8,closed_form_cylinder_plane,,0,True,,,,,,,,,
A_row_literal,row_literal,disconnected_fragments,组2:ELECTRODE:LEFT:r11,组2,electrode_contact,LEFT,r11,,11,left,LEFT,组2_row_literal_P0009,,,0.0,0.0,0.0,connected,gap<=1.8,closed_form_cylinder_plane,,0,True,,,,,,,,,
A_row_literal,row_literal,disconnected_fragments,组2:ELECTRODE:LEFT:r12,组2,electrode_contact,LEFT,r12,,12,left,LEFT,组2_row_literal_P0010,,,0.0,0.0,0.0,connected,gap<=1.8,closed_form_cylinder_plane,,0,True,,,,,,,,,
A_row_literal,row_literal,disconnected_fragments,组2:ELECTRODE:LEFT:r13,组2,electrode_contact,LEFT,r13,,13,left,LEFT,组2_row_literal_P0011,,,0.0,0.0,0.0,connected,gap<=1.8,closed_form_cylinder_plane,,0,True,,,,,,,,,
A_row_literal,row_literal,disconnected_fragments,组2:ELECTRODE:RIGHT:r36,组2,electrode_contact,r36,RIGHT,36,,right,组2_row_literal_P0034,RIGHT,,,0.0,0.0,0.0,connected,gap<=1.8,closed_form_cylinder_plane,,0,True,,,,,,,,,
A_row_literal,row_literal,disconnected_fragments,组2:ELECTRODE:RIGHT:r40,组2,electrode_contact,r40,RIGHT,40,,right,组2_row_literal_P0038,RIGHT,,,0.0,0.0,0.0,connected,gap<=1.8,closed_form_cylinder_plane,,0,True,,,,,,,,,
A_row_literal,row_literal,disconnected_fragments,组2:ELECTRODE:RIGHT:r41,组2,electrode_contact,r41,RIGHT,41,,right,组2_row_literal_P0039,RIGHT,,,0.0,0.0,0.0,connected,gap<=1.8,closed_form_cylinder_plane,,0,True,,,,,,,,,
A_row_literal,row_literal,disconnected_fragments,组2:ELECTRODE:RIGHT:r44,组2,electrode_contact,r44,RIGHT,44,,right,组2_row_literal_P0042,RIGHT,,,0.0,0.0,0.0,connected,gap<=1.8,closed_form_cylinder_plane,,0,True,,,,,,,,,
A_row_literal,row_literal,disconnected_fragments,组2:ELECTRODE:RIGHT:r45,组2,electrode_contact,r45,RIGHT,45,,right,组2_row_literal_P0043,RIGHT,,,0.0,0.0,0.0,connected,gap<=1.8,closed_form_cylinder_plane,,0,True,,,,,,,,,
A_row_literal,row_literal,disconnected_fragments,组2:ELECTRODE:RIGHT:r46,组2,electrode_contact,r46,RIGHT,46,,right,组2_row_literal_P0044,RIGHT,,,0.0,0.0,0.0,connected,gap<=1.8,closed_form_cylinder_plane,,0,True,,,,,,,,,
A_row_literal,row_literal,disconnected_fragments,组2:ELECTRODE:RIGHT:r47,组2,electrode_contact,r47,RIGHT,47,,right,组2_row_literal_P0045,RIGHT,,,0.0,0.0,0.0,connected,gap<=1.8,closed_form_cylinder_plane,,0,True,,,,,,,,,
A_row_literal,row_literal,disconnected_fragments,组2:ELECTRODE:RIGHT:r48,组2,electrode_contact,r48,RIGHT,48,,right,组2_row_literal_P0046,RIGHT,,,0.0,0.0,0.0,connected,gap<=1.8,closed_form_cylinder_plane,,0,True,,,,,,,,,
A_row_literal,row_literal,disconnected_fragments,组2:ELECTRODE:RIGHT:r49,组2,electrode_contact,r49,RIGHT,49,,right,组2_row_literal_P0047,RIGHT,,,0.0,0.0,0.0,connected,gap<=1.8,closed_form_cylinder_plane,,0,True,,,,,,,,,
A_row_literal,row_literal,disconnected_fragments,组2:ELECTRODE:RIGHT:r50,组2,electrode_contact,r50,RIGHT,50,,right,组2_row_literal_P0048,RIGHT,,,0.0,0.0,0.0,connected,gap<=1.8,closed_form_cylinder_plane,,0,True,,,,,,,,,
A_row_literal,row_literal,disconnected_fragments,组2:ELECTRODE:RIGHT:r51,组2,electrode_contact,r51,RIGHT,51,,right,组2_row_literal_P0049,RIGHT,,,0.0,0.0,0.0,connected,gap<=1.8,closed_form_cylinder_plane,,0,True,,,,,,,,,
A_row_literal,row_literal,disconnected_fragments,组2:PAIR:r4:r13,组2,cylinder_contact,r4,r13,4,13,,组2_row_literal_P0002,组2_row_literal_P0011,,,0.0,1.9903950043506905e-10,0.0,connected,gap<=1.8,capsule_then_flat_cylinder_gjk,0.0,5,True,2.308990589380062e-13,2.308990589380062e-13,True,,,,,,
A_row_literal,row_literal,disconnected_fragments,组2:PAIR:r4:r14,组2,cylinder_contact,r4,r14,4,14,,组2_row_literal_P0002,组2_row_literal_P0012,,,0.0,1.6746695940092656e-10,0.0,connected,gap<=1.8,capsule_then_flat_cylinder_gjk,0.0,6,True,5.453474041662791e-10,5.453474041662791e-10,True,,,,,,
A_row_literal,row_literal,disconnected_fragments,组2:PAIR:r5:r8,组2,cylinder_contact,r5,r8,5,8,,组2_row_literal_P0003,组2_row_literal_P0006,,,0.0,2.330633945603017e-10,0.0,connected,gap<=1.8,capsule_then_flat_cylinder_gjk,0.0,4,True,1.1588601317882371e-13,1.1588601317882371e-13,True,,,,,,
A_row_literal,row_literal,disconnected_fragments,组2:PAIR:r5:r18,组2,cylinder_contact,r5,r18,5,18,,组2_row_literal_P0003,组2_row_literal_P0016,,,0.0,2.3804978668550276e-10,0.0,connected,gap<=1.8,capsule_then_flat_cylinder_gjk,0.0,5,True,9.099386826154683e-13,9.099386826154683e-13,True,,,,,,
A_row_literal,row_literal,disconnected_fragments,组2:PAIR:r6:r7,组2,cylinder_contact,r6,r7,6,7,,组2_row_literal_P0004,组2_row_literal_P0005,,,0.0,2.0068569593554382e-10,0.0,connected,gap<=1.8,capsule_then_flat_cylinder_gjk,0.0,5,True,2.2914314707516465e-13,2.2914314707516465e-13,True,,,,,,
A_row_literal,row_literal,disconnected_fragments,组2:PAIR:r13:r14,组2,cylinder_contact,r13,r14,13,14,,组2_row_literal_P0011,组2_row_literal_P0012,,,0.0,1.985972445629906e-10,0.0,connected,gap<=1.8,capsule_then_flat_cylinder_gjk,0.0,4,True,1.2789769243681803e-12,1.2789769243681803e-12,True,,,,,,
A_row_literal,row_literal,disconnected_fragments,组2:PAIR:r14:r26,组2,cylinder_contact,r14,r26,14,26,,组2_row_literal_P0012,组2_row_literal_P0024,,,0.0,1.4410931306146347e-10,0.0,connected,gap<=1.8,capsule_then_flat_cylinder_gjk,0.0,4,True,5.123796534383003e-14,5.123796534383003e-14,True,,,,,,
A_row_literal,row_literal,disconnected_fragments,组2:PAIR:r16:r17,组2,cylinder_contact,r16,r17,16,17,,组2_row_literal_P0014,组2_row_literal_P0015,,,0.0,1.4325883993482166e-10,0.0,connected,gap<=1.8,capsule_then_flat_cylinder_gjk,0.0,5,True,4.556346636343676e-13,4.556346636343676e-13,True,,,,,,
A_row_literal,row_literal,disconnected_fragments,组2:PAIR:r16:r19,组2,cylinder_contact,r16,r19,16,19,,组2_row_literal_P0014,组2_row_literal_P0017,,,0.0,1.7265948717538152e-10,0.0,connected,gap<=1.8,capsule_then_flat_cylinder_gjk,0.0,7,True,4.565202517656249e-13,4.565202517656249e-13,True,,,,,,
A_row_literal,row_literal,disconnected_fragments,组2:PAIR:r16:r36,组2,cylinder_contact,r16,r36,16,36,,组2_row_literal_P0014,组2_row_literal_P0034,,,0.0,1.465584092043925e-10,0.0,connected,gap<=1.8,capsule_then_flat_cylinder_gjk,0.0,5,True,9.094947017729282e-13,9.094947017729282e-13,True,,,,,,
A_row_literal,row_literal,disconnected_fragments,组2:PAIR:r20:r32,组2,cylinder_contact,r20,r32,20,32,,组2_row_literal_P0018,组2_row_literal_P0030,,,0.0,1.4230730689125853e-10,0.0,connected,gap<=1.8,capsule_then_flat_cylinder_gjk,0.0,6,True,6.511650267020756e-13,6.511650267020756e-13,True,,,,,,
A_row_literal,row_literal,disconnected_fragments,组2:PAIR:r21:r23,组2,cylinder_contact,r21,r23,21,23,,组2_row_literal_P0019,组2_row_literal_P0021,,,0.0,1.4235358045374003e-10,0.0,connected,gap<=1.8,capsule_then_flat_cylinder_gjk,0.0,5,True,1.2445774151355083e-11,1.2445774151355083e-11,True,,,,,,
A_row_literal,row_literal,disconnected_fragments,组2:PAIR:r25:r31,组2,cylinder_contact,r25,r31,25,31,,组2_row_literal_P0023,组2_row_literal_P0029,,,0.0,1.4280326400349035e-10,0.0,connected,gap<=1.8,capsule_then_flat_cylinder_gjk,0.0,5,True,1.4210854715202004e-14,1.4210854715202004e-14,True,,,,,,
A_row_literal,row_literal,disconnected_fragments,组2:PAIR:r25:r32,组2,cylinder_contact,r25,r32,25,32,,组2_row_literal_P0023,组2_row_literal_P0030,,,0.0,9.947931235031256e-11,0.0,connected,gap<=1.8,capsule_then_flat_cylinder_gjk,0.0,6,True,1.5208828249434925e-11,1.5208828249434925e-11,True,,,,,,
A_row_literal,row_literal,disconnected_fragments,组2:PAIR:r25:r37,组2,cylinder_contact,r25,r37,25,37,,组2_row_literal_P0023,组2_row_literal_P0035,,,0.0,9.904567094827735e-11,0.0,connected,gap<=1.8,capsule_then_flat_cylinder_gjk,0.0,5,True,5.239944532003689e-10,5.239944532003689e-10,True,,,,,,
A_row_literal,row_literal,disconnected_fragments,组2:PAIR:r26:r41,组2,cylinder_contact,r26,r41,26,41,,组2_row_literal_P0024,组2_row_literal_P0039,,,0.0,1.9722499377516499e-10,0.0,connected,gap<=1.8,capsule_then_flat_cylinder_gjk,0.0,5,True,1.0064104835181445e-11,1.0064104835181445e-11,True,,,,,,
A_row_literal,row_literal,disconnected_fragments,组2:PAIR:r28:r35,组2,cylinder_contact,r28,r35,28,35,,组2_row_literal_P0026,组2_row_literal_P0033,,,0.0,1.432574219475372e-10,0.0,connected,gap<=1.8,capsule_then_flat_cylinder_gjk,0.0,4,True,6.821210263296962e-13,6.821210263296962e-13,True,,,,,,
A_row_literal,row_literal,disconnected_fragments,组2:PAIR:r28:r38,组2,cylinder_contact,r28,r38,28,38,,组2_row_literal_P0026,组2_row_literal_P0036,,,0.0,1.4952253745703913e-10,0.0,connected,gap<=1.8,capsule_then_flat_cylinder_gjk,0.0,5,True,4.591976915943464e-13,4.591976915943464e-13,True,,,,,,
A_row_literal,row_literal,disconnected_fragments,组2:PAIR:r29:r40,组2,cylinder_contact,r29,r40,29,40,,组2_row_literal_P0027,组2_row_literal_P0038,,,0.0,1.8744045431155152e-10,0.0,connected,gap<=1.8,capsule_then_flat_cylinder_gjk,0.0,5,True,2.2772866968819164e-12,2.2772866968819164e-12,True,,,,,,
A_row_literal,row_literal,disconnected_fragments,组2:PAIR:r35:r36,组2,cylinder_contact,r35,r36,35,36,,组2_row_literal_P0033,组2_row_literal_P0034,,,0.0,1.465569929785847e-10,0.0,connected,gap<=1.8,capsule_then_flat_cylinder_gjk,0.0,4,True,3.4883596115620364e-13,3.4883596115620364e-13,True,,,,,,
A_row_literal,row_literal,disconnected_fragments,组2:PAIR:r35:r40,组2,cylinder_contact,r35,r40,35,40,,组2_row_literal_P0033,组2_row_literal_P0038,,,0.0,1.8789581188243867e-10,0.0,connected,gap<=1.8,capsule_then_flat_cylinder_gjk,0.0,5,True,2.4116620165382783e-13,2.4116620165382783e-13,True,,,,,,
A_row_literal,row_literal,disconnected_fragments,组2:PAIR:r36:r38,组2,cylinder_contact,r36,r38,36,38,,组2_row_literal_P0034,组2_row_literal_P0036,,,0.0,1.4861302138440174e-10,0.0,connected,gap<=1.8,capsule_then_flat_cylinder_gjk,0.0,5,True,1.1457157353758233e-13,1.1457157353758233e-13,True,,,,,,
A_row_literal,row_literal,disconnected_fragments,组2:PAIR:r36:r45,组2,cylinder_contact,r36,r45,36,45,,组2_row_literal_P0034,组2_row_literal_P0043,,,0.0,2.2365437269505664e-10,0.0,connected,gap<=1.8,capsule_then_flat_cylinder_gjk,0.0,6,True,1.8225386545374702e-12,1.8225386545374702e-12,True,,,,,,
A_row_literal,row_literal,disconnected_fragments,组2:PAIR:r42:r43,组2,cylinder_contact,r42,r43,42,43,,组2_row_literal_P0040,组2_row_literal_P0041,,,0.0,1.8988458294165568e-10,0.0,connected,gap<=1.8,capsule_then_flat_cylinder_gjk,0.0,5,True,4.81737533526774e-10,4.81737533526774e-10,True,,,,,,
A_row_literal,row_literal,disconnected_fragments,组2:PAIR:r43:r46,组2,cylinder_contact,r43,r46,43,46,,组2_row_literal_P0041,组2_row_literal_P0044,,,0.0,2.3017602272136758e-10,0.0,connected,gap<=1.8,capsule_then_flat_cylinder_gjk,0.0,5,True,1.180442248897588e-13,1.180442248897588e-13,True,,,,,,
A_row_literal,row_literal,disconnected_fragments,组2:PAIR:r46:r50,组2,cylinder_contact,r46,r50,46,50,,组2_row_literal_P0044,组2_row_literal_P0048,,,0.0,2.564586093539256e-10,0.0,connected,gap<=1.8,capsule_then_flat_cylinder_gjk,0.0,4,True,2.929642751054232e-14,2.929642751054232e-14,True,,,,,,
A_row_literal,row_literal,disconnected_fragments,组2:PAIR:r47:r48,组2,cylinder_contact,r47,r48,47,48,,组2_row_literal_P0045,组2_row_literal_P0046,,,0.0,2.3037343521226605e-10,0.0,connected,gap<=1.8,capsule_then_flat_cylinder_gjk,0.0,5,True,1.0537414738097338e-07,1.0537414738097338e-07,True,,,,,,
A_row_literal,row_literal,disconnected_fragments,组3:ELECTRODE:LEFT:r3,组3,electrode_contact,LEFT,r3,,3,left,LEFT,组3_row_literal_P0001,,,0.0,0.0,0.0,connected,gap<=1.8,closed_form_cylinder_plane,,0,True,,,,,,,,,
A_row_literal,row_literal,disconnected_fragments,组3:ELECTRODE:LEFT:r4,组3,electrode_contact,LEFT,r4,,4,left,LEFT,组3_row_literal_P0002,,,0.0,0.0,0.0,connected,gap<=1.8,closed_form_cylinder_plane,,0,True,,,,,,,,,
A_row_literal,row_literal,disconnected_fragments,组3:ELECTRODE:LEFT:r5,组3,electrode_contact,LEFT,r5,,5,left,LEFT,组3_row_literal_P0003,,,0.0,0.0,0.0,connected,gap<=1.8,closed_form_cylinder_plane,,0,True,,,,,,,,,
A_row_literal,row_literal,disconnected_fragments,组3:ELECTRODE:LEFT:r6,组3,electrode_contact,LEFT,r6,,6,left,LEFT,组3_row_literal_P0004,,,0.0,0.0,0.0,connected,gap<=1.8,closed_form_cylinder_plane,,0,True,,,,,,,,,
A_row_literal,row_literal,disconnected_fragments,组3:ELECTRODE:LEFT:r7,组3,electrode_contact,LEFT,r7,,7,left,LEFT,组3_row_literal_P0005,,,0.0,0.0,0.0,connected,gap<=1.8,closed_form_cylinder_plane,,0,True,,,,,,,,,
A_row_literal,row_literal,disconnected_fragments,组3:ELECTRODE:LEFT:r8,组3,electrode_contact,LEFT,r8,,8,left,LEFT,组3_row_literal_P0006,,,0.0,0.0,0.0,connected,gap<=1.8,closed_form_cylinder_plane,,0,True,,,,,,,,,
A_row_literal,row_literal,disconnected_fragments,组3:ELECTRODE:LEFT:r9,组3,electrode_contact,LEFT,r9,,9,left,LEFT,组3_row_literal_P0007,,,0.0,0.0,0.0,connected,gap<=1.8,closed_form_cylinder_plane,,0,True,,,,,,,,,
A_row_literal,row_literal,disconnected_fragments,组3:ELECTRODE:LEFT:r10,组3,electrode_contact,LEFT,r10,,10,left,LEFT,组3_row_literal_P0008,,,0.0,0.0,0.0,connected,gap<=1.8,closed_form_cylinder_plane,,0,True,,,,,,,,,
A_row_literal,row_literal,disconnected_fragments,组3:ELECTRODE:LEFT:r11,组3,electrode_contact,LEFT,r11,,11,left,LEFT,组3_row_literal_P0009,,,0.0,0.0,0.0,connected,gap<=1.8,closed_form_cylinder_plane,,0,True,,,,,,,,,
A_row_literal,row_literal,disconnected_fragments,组3:ELECTRODE:LEFT:r12,组3,electrode_contact,LEFT,r12,,12,left,LEFT,组3_row_literal_P0010,,,0.0,0.0,0.0,connected,gap<=1.8,closed_form_cylinder_plane,,0,True,,,,,,,,,
A_row_literal,row_literal,disconnected_fragments,组3:ELECTRODE:LEFT:r13,组3,electrode_contact,LEFT,r13,,13,left,LEFT,组3_row_literal_P0011,,,0.0,0.0,0.0,connected,gap<=1.8,closed_form_cylinder_plane,,0,True,,,,,,,,,
A_row_literal,row_literal,disconnected_fragments,组3:ELECTRODE:LEFT:r14,组3,electrode_contact,LEFT,r14,,14,left,LEFT,组3_row_literal_P0012,,,0.0,0.0,0.0,connected,gap<=1.8,closed_form_cylinder_plane,,0,True,,,,,,,,,
A_row_literal,row_literal,disconnected_fragments,组3:ELECTRODE:LEFT:r15,组3,electrode_contact,LEFT,r15,,15,left,LEFT,组3_row_literal_P0013,,,0.0,0.0,0.0,connected,gap<=1.8,closed_form_cylinder_plane,,0,True,,,,,,,,,
A_row_literal,row_literal,disconnected_fragments,组3:ELECTRODE:LEFT:r16,组3,electrode_contact,LEFT,r16,,16,left,LEFT,组3_row_literal_P0014,,,0.0,0.0,0.0,connected,gap<=1.8,closed_form_cylinder_plane,,0,True,,,,,,,,,
A_row_literal,row_literal,disconnected_fragments,组3:ELECTRODE:LEFT:r17,组3,electrode_contact,LEFT,r17,,17,left,LEFT,组3_row_literal_P0015,,,0.0,0.0,0.0,connected,gap<=1.8,closed_form_cylinder_plane,,0,True,,,,,,,,,
A_row_literal,row_literal,disconnected_fragments,组3:ELECTRODE:LEFT:r18,组3,electrode_contact,LEFT,r18,,18,left,LEFT,组3_row_literal_P0016,,,0.0,0.0,0.0,connected,gap<=1.8,closed_form_cylinder_plane,,0,True,,,,,,,,,
A_row_literal,row_literal,disconnected_fragments,组3:ELECTRODE:LEFT:r19,组3,electrode_contact,LEFT,r19,,19,left,LEFT,组3_row_literal_P0017,,,0.0,0.0,0.0,connected,gap<=1.8,closed_form_cylinder_plane,,0,True,,,,,,,,,
A_row_literal,row_literal,disconnected_fragments,组3:ELECTRODE:LEFT:r20,组3,electrode_contact,LEFT,r20,,20,left,LEFT,组3_row_literal_P0018,,,0.0,0.0,0.0,connected,gap<=1.8,closed_form_cylinder_plane,,0,True,,,,,,,,,
A_row_literal,row_literal,disconnected_fragments,组3:ELECTRODE:LEFT:r21,组3,electrode_contact,LEFT,r21,,21,left,LEFT,组3_row_literal_P0019,,,0.0,0.0,0.0,connected,gap<=1.8,closed_form_cylinder_plane,,0,True,,,,,,,,,
A_row_literal,row_literal,disconnected_fragments,组3:ELECTRODE:LEFT:r22,组3,electrode_contact,LEFT,r22,,22,left,LEFT,组3_row_literal_P0020,,,0.0,0.0,0.0,connected,gap<=1.8,closed_form_cylinder_plane,,0,True,,,,,,,,,
A_row_literal,row_literal,disconnected_fragments,组3:ELECTRODE:LEFT:r23,组3,electrode_contact,LEFT,r23,,23,left,LEFT,组3_row_literal_P0021,,,0.0,0.0,0.0,connected,gap<=1.8,closed_form_cylinder_plane,,0,True,,,,,,,,,
A_row_literal,row_literal,disconnected_fragments,组3:ELECTRODE:LEFT:r24,组3,electrode_contact,LEFT,r24,,24,left,LEFT,组3_row_literal_P0022,,,0.0,0.0,0.0,connected,gap<=1.8,closed_form_cylinder_plane,,0,True,,,,,,,,,
A_row_literal,row_literal,disconnected_fragments,组3:ELECTRODE:LEFT:r25,组3,electrode_contact,LEFT,r25,,25,left,LEFT,组3_row_literal_P0023,,,0.0,0.0,0.0,connected,gap<=1.8,closed_form_cylinder_plane,,0,True,,,,,,,,,
A_row_literal,row_literal,disconnected_fragments,组3:ELECTRODE:LEFT:r26,组3,electrode_contact,LEFT,r26,,26,left,LEFT,组3_row_literal_P0024,,,0.0,0.0,0.0,connected,gap<=1.8,closed_form_cylinder_plane,,0,True,,,,,,,,,
A_row_literal,row_literal,disconnected_fragments,组3:ELECTRODE:LEFT:r27,组3,electrode_contact,LEFT,r27,,27,left,LEFT,组3_row_literal_P0025,,,0.0,0.0,0.0,connected,gap<=1.8,closed_form_cylinder_plane,,0,True,,,,,,,,,
A_row_literal,row_literal,disconnected_fragments,组3:ELECTRODE:LEFT:r28,组3,electrode_contact,LEFT,r28,,28,left,LEFT,组3_row_literal_P0026,,,0.0,0.0,0.0,connected,gap<=1.8,closed_form_cylinder_plane,,0,True,,,,,,,,,
A_row_literal,row_literal,disconnected_fragments,组3:ELECTRODE:LEFT:r29,组3,electrode_contact,LEFT,r29,,29,left,LEFT,组3_row_literal_P0027,,,0.0,0.0,0.0,connected,gap<=1.8,closed_form_cylinder_plane,,0,True,,,,,,,,,
A_row_literal,row_literal,disconnected_fragments,组3:ELECTRODE:LEFT:r30,组3,electrode_contact,LEFT,r30,,30,left,LEFT,组3_row_literal_P0028,,,0.0,0.0,0.0,connected,gap<=1.8,closed_form_cylinder_plane,,0,True,,,,,,,,,
A_row_literal,row_literal,disconnected_fragments,组3:ELECTRODE:LEFT:r31,组3,electrode_contact,LEFT,r31,,31,left,LEFT,组3_row_literal_P0029,,,0.0,0.0,0.0,connected,gap<=1.8,closed_form_cylinder_plane,,0,True,,,,,,,,,
A_row_literal,row_literal,disconnected_fragments,组3:ELECTRODE:LEFT:r32,组3,electrode_contact,LEFT,r32,,32,left,LEFT,组3_row_literal_P0030,,,0.0,0.0,0.0,connected,gap<=1.8,closed_form_cylinder_plane,,0,True,,,,,,,,,
A_row_literal,row_literal,disconnected_fragments,组3:ELECTRODE:LEFT:r33,组3,electrode_contact,LEFT,r33,,33,left,LEFT,组3_row_literal_P0031,,,0.0,0.0,0.0,connected,gap<=1.8,closed_form_cylinder_plane,,0,True,,,,,,,,,
A_row_literal,row_literal,disconnected_fragments,组3:ELECTRODE:LEFT:r34,组3,electrode_contact,LEFT,r34,,34,left,LEFT,组3_row_literal_P0032,,,0.0,0.0,0.0,connected,gap<=1.8,closed_form_cylinder_plane,,0,True,,,,,,,,,
A_row_literal,row_literal,disconnected_fragments,组3:ELECTRODE:LEFT:r35,组3,electrode_contact,LEFT,r35,,35,left,LEFT,组3_row_literal_P0033,,,0.0,0.0,0.0,connected,gap<=1.8,closed_form_cylinder_plane,,0,True,,,,,,,,,
A_row_literal,row_literal,disconnected_fragments,组3:ELECTRODE:LEFT:r36,组3,electrode_contact,LEFT,r36,,36,left,LEFT,组3_row_literal_P0034,,,0.0,0.0,0.0,connected,gap<=1.8,closed_form_cylinder_plane,,0,True,,,,,,,,,
A_row_literal,row_literal,disconnected_fragments,组3:ELECTRODE:LEFT:r37,组3,electrode_contact,LEFT,r37,,37,left,LEFT,组3_row_literal_P0035,,,0.0,0.0,0.0,connected,gap<=1.8,closed_form_cylinder_plane,,0,True,,,,,,,,,
A_row_literal,row_literal,disconnected_fragments,组3:ELECTRODE:LEFT:r38,组3,electrode_contact,LEFT,r38,,38,left,LEFT,组3_row_literal_P0036,,,0.0,0.0,0.0,connected,gap<=1.8,closed_form_cylinder_plane,,0,True,,,,,,,,,
A_row_literal,row_literal,disconnected_fragments,组3:ELECTRODE:LEFT:r39,组3,electrode_contact,LEFT,r39,,39,left,LEFT,组3_row_literal_P0037,,,0.0,0.0,0.0,connected,gap<=1.8,closed_form_cylinder_plane,,0,True,,,,,,,,,
A_row_literal,row_literal,disconnected_fragments,组3:ELECTRODE:LEFT:r40,组3,electrode_contact,LEFT,r40,,40,left,LEFT,组3_row_literal_P0038,,,0.0,0.0,0.0,connected,gap<=1.8,closed_form_cylinder_plane,,0,True,,,,,,,,,
A_row_literal,row_literal,disconnected_fragments,组3:ELECTRODE:LEFT:r41,组3,electrode_contact,LEFT,r41,,41,left,LEFT,组3_row_literal_P0039,,,0.0,0.0,0.0,connected,gap<=1.8,closed_form_cylinder_plane,,0,True,,,,,,,,,
A_row_literal,row_literal,disconnected_fragments,组3:ELECTRODE:LEFT:r42,组3,electrode_contact,LEFT,r42,,42,left,LEFT,组3_row_literal_P0040,,,0.0,0.0,0.0,connected,gap<=1.8,closed_form_cylinder_plane,,0,True,,,,,,,,,
A_row_literal,row_literal,disconnected_fragments,组3:ELECTRODE:LEFT:r43,组3,electrode_contact,LEFT,r43,,43,left,LEFT,组3_row_literal_P0041,,,0.0,0.0,0.0,connected,gap<=1.8,closed_form_cylinder_plane,,0,True,,,,,,,,,
A_row_literal,row_literal,disconnected_fragments,组3:ELECTRODE:LEFT:r44,组3,electrode_contact,LEFT,r44,,44,left,LEFT,组3_row_literal_P0042,,,0.0,0.0,0.0,connected,gap<=1.8,closed_form_cylinder_plane,,0,True,,,,,,,,,
A_row_literal,row_literal,disconnected_fragments,组3:ELECTRODE:LEFT:r45,组3,electrode_contact,LEFT,r45,,45,left,LEFT,组3_row_literal_P0043,,,0.0,0.0,0.0,connected,gap<=1.8,closed_form_cylinder_plane,,0,True,,,,,,,,,
A_row_literal,row_literal,disconnected_fragments,组3:ELECTRODE:LEFT:r46,组3,electrode_contact,LEFT,r46,,46,left,LEFT,组3_row_literal_P0044,,,0.0,0.0,0.0,connected,gap<=1.8,closed_form_cylinder_plane,,0,True,,,,,,,,,
A_row_literal,row_literal,disconnected_fragments,组3:ELECTRODE:LEFT:r47,组3,electrode_contact,LEFT,r47,,47,left,LEFT,组3_row_literal_P0045,,,0.0,0.0,0.0,connected,gap<=1.8,closed_form_cylinder_plane,,0,True,,,,,,,,,
A_row_literal,row_literal,disconnected_fragments,组3:ELECTRODE:LEFT:r48,组3,electrode_contact,LEFT,r48,,48,left,LEFT,组3_row_literal_P0046,,,0.0,0.0,0.0,connected,gap<=1.8,closed_form_cylinder_plane,,0,True,,,,,,,,,
A_row_literal,row_literal,disconnected_fragments,组3:ELECTRODE:LEFT:r49,组3,electrode_contact,LEFT,r49,,49,left,LEFT,组3_row_literal_P0047,,,0.0,0.0,0.0,connected,gap<=1.8,closed_form_cylinder_plane,,0,True,,,,,,,,,
A_row_literal,row_literal,disconnected_fragments,组3:ELECTRODE:LEFT:r50,组3,electrode_contact,LEFT,r50,,50,left,LEFT,组3_row_literal_P0048,,,0.0,0.0,0.0,connected,gap<=1.8,closed_form_cylinder_plane,,0,True,,,,,,,,,
A_row_literal,row_literal,disconnected_fragments,组3:ELECTRODE:LEFT:r51,组3,electrode_contact,LEFT,r51,,51,left,LEFT,组3_row_literal_P0049,,,0.0,0.0,0.0,connected,gap<=1.8,closed_form_cylinder_plane,,0,True,,,,,,,,,
A_row_literal,row_literal,disconnected_fragments,组3:ELECTRODE:LEFT:r52,组3,electrode_contact,LEFT,r52,,52,left,LEFT,组3_row_literal_P0050,,,0.0,0.0,0.0,connected,gap<=1.8,closed_form_cylinder_plane,,0,True,,,,,,,,,
A_row_literal,row_literal,disconnected_fragments,组3:ELECTRODE:LEFT:r53,组3,electrode_contact,LEFT,r53,,53,left,LEFT,组3_row_literal_P0051,,,0.0,0.0,0.0,connected,gap<=1.8,closed_form_cylinder_plane,,0,True,,,,,,,,,
A_row_literal,row_literal,disconnected_fragments,组3:ELECTRODE:LEFT:r54,组3,electrode_contact,LEFT,r54,,54,left,LEFT,组3_row_literal_P0052,,,0.0,0.0,0.0,connected,gap<=1.8,closed_form_cylinder_plane,,0,True,,,,,,,,,
A_row_literal,row_literal,disconnected_fragments,组3:ELECTRODE:LEFT:r55,组3,electrode_contact,LEFT,r55,,55,left,LEFT,组3_row_literal_P0053,,,0.0,0.0,0.0,connected,gap<=1.8,closed_form_cylinder_plane,,0,True,,,,,,,,,
A_row_literal,row_literal,disconnected_fragments,组3:ELECTRODE:LEFT:r56,组3,electrode_contact,LEFT,r56,,56,left,LEFT,组3_row_literal_P0054,,,0.0,0.0,0.0,connected,gap<=1.8,closed_form_cylinder_plane,,0,True,,,,,,,,,
A_row_literal,row_literal,disconnected_fragments,组3:ELECTRODE:LEFT:r57,组3,electrode_contact,LEFT,r57,,57,left,LEFT,组3_row_literal_P0055,,,0.0,0.0,0.0,connected,gap<=1.8,closed_form_cylinder_plane,,0,True,,,,,,,,,
A_row_literal,row_literal,disconnected_fragments,组3:ELECTRODE:LEFT:r58,组3,electrode_contact,LEFT,r58,,58,left,LEFT,组3_row_literal_P0056,,,0.0,0.0,0.0,connected,gap<=1.8,closed_form_cylinder_plane,,0,True,,,,,,,,,
A_row_literal,row_literal,disconnected_fragments,组3:ELECTRODE:LEFT:r59,组3,electrode_contact,LEFT,r59,,59,left,LEFT,组3_row_literal_P0057,,,0.0,0.0,0.0,connected,gap<=1.8,closed_form_cylinder_plane,,0,True,,,,,,,,,
A_row_literal,row_literal,disconnected_fragments,组3:ELECTRODE:LEFT:r60,组3,electrode_contact,LEFT,r60,,60,left,LEFT,组3_row_literal_P0058,,,0.0,0.0,0.0,connected,gap<=1.8,closed_form_cylinder_plane,,0,True,,,,,,,,,
A_row_literal,row_literal,disconnected_fragments,组3:ELECTRODE:LEFT:r61,组3,electrode_contact,LEFT,r61,,61,left,LEFT,组3_row_literal_P0059,,,0.0,0.0,0.0,connected,gap<=1.8,closed_form_cylinder_plane,,0,True,,,,,,,,,
A_row_literal,row_literal,disconnected_fragments,组3:ELECTRODE:LEFT:r62,组3,electrode_contact,LEFT,r62,,62,left,LEFT,组3_row_literal_P0060,,,0.0,0.0,0.0,connected,gap<=1.8,closed_form_cylinder_plane,,0,True,,,,,,,,,
A_row_literal,row_literal,disconnected_fragments,组3:ELECTRODE:LEFT:r63,组3,electrode_contact,LEFT,r63,,63,left,LEFT,组3_row_literal_P0061,,,0.0,0.0,0.0,connected,gap<=1.8,closed_form_cylinder_plane,,0,True,,,,,,,,,
A_row_literal,row_literal,disconnected_fragments,组3:ELECTRODE:LEFT:r64,组3,electrode_contact,LEFT,r64,,64,left,LEFT,组3_row_literal_P0062,,,0.0,0.0,0.0,connected,gap<=1.8,closed_form_cylinder_plane,,0,True,,,,,,,,,
A_row_literal,row_literal,disconnected_fragments,组3:ELECTRODE:LEFT:r65,组3,electrode_contact,LEFT,r65,,65,left,LEFT,组3_row_literal_P0063,,,0.0,0.0,0.0,connected,gap<=1.8,closed_form_cylinder_plane,,0,True,,,,,,,,,
A_row_literal,row_literal,disconnected_fragments,组3:ELECTRODE:LEFT:r66,组3,electrode_contact,LEFT,r66,,66,left,LEFT,组3_row_literal_P0064,,,0.0,0.0,0.0,connected,gap<=1.8,closed_form_cylinder_plane,,0,True,,,,,,,,,
A_row_literal,row_literal,disconnected_fragments,组3:ELECTRODE:LEFT:r67,组3,electrode_contact,LEFT,r67,,67,left,LEFT,组3_row_literal_P0065,,,0.0,0.0,0.0,connected,gap<=1.8,closed_form_cylinder_plane,,0,True,,,,,,,,,
A_row_literal,row_literal,disconnected_fragments,组3:ELECTRODE:LEFT:r68,组3,electrode_contact,LEFT,r68,,68,left,LEFT,组3_row_literal_P0066,,,0.0,0.0,0.0,connected,gap<=1.8,closed_form_cylinder_plane,,0,True,,,,,,,,,
A_row_literal,row_literal,disconnected_fragments,组3:ELECTRODE:LEFT:r69,组3,electrode_contact,LEFT,r69,,69,left,LEFT,组3_row_literal_P0067,,,0.0,0.0,0.0,connected,gap<=1.8,closed_form_cylinder_plane,,0,True,,,,,,,,,
A_row_literal,row_literal,disconnected_fragments,组3:ELECTRODE:LEFT:r70,组3,electrode_contact,LEFT,r70,,70,left,LEFT,组3_row_literal_P0068,,,0.0,0.0,0.0,connected,gap<=1.8,closed_form_cylinder_plane,,0,True,,,,,,,,,
A_row_literal,row_literal,disconnected_fragments,组3:ELECTRODE:LEFT:r71,组3,electrode_contact,LEFT,r71,,71,left,LEFT,组3_row_literal_P0069,,,0.0,0.0,0.0,connected,gap<=1.8,closed_form_cylinder_plane,,0,True,,,,,,,,,
A_row_literal,row_literal,disconnected_fragments,组3:ELECTRODE:LEFT:r72,组3,electrode_contact,LEFT,r72,,72,left,LEFT,组3_row_literal_P0070,,,0.0,0.0,0.0,connected,gap<=1.8,closed_form_cylinder_plane,,0,True,,,,,,,,,
A_row_literal,row_literal,disconnected_fragments,组3:ELECTRODE:LEFT:r73,组3,electrode_contact,LEFT,r73,,73,left,LEFT,组3_row_literal_P0071,,,0.0,0.0,0.0,connected,gap<=1.8,closed_form_cylinder_plane,,0,True,,,,,,,,,
A_row_literal,row_literal,disconnected_fragments,组3:ELECTRODE:LEFT:r74,组3,electrode_contact,LEFT,r74,,74,left,LEFT,组3_row_literal_P0072,,,0.0,0.0,0.0,connected,gap<=1.8,closed_form_cylinder_plane,,0,True,,,,,,,,,
A_row_literal,row_literal,disconnected_fragments,组3:ELECTRODE:LEFT:r75,组3,electrode_contact,LEFT,r75,,75,left,LEFT,组3_row_literal_P0073,,,0.0,0.0,0.0,connected,gap<=1.8,closed_form_cylinder_plane,,0,True,,,,,,,,,
A_row_literal,row_literal,disconnected_fragments,组3:ELECTRODE:LEFT:r76,组3,electrode_contact,LEFT,r76,,76,left,LEFT,组3_row_literal_P0074,,,0.0,0.0,0.0,connected,gap<=1.8,closed_form_cylinder_plane,,0,True,,,,,,,,,
A_row_literal,row_literal,disconnected_fragments,组3:ELECTRODE:LEFT:r77,组3,electrode_contact,LEFT,r77,,77,left,LEFT,组3_row_literal_P0075,,,0.0,0.0,0.0,connected,gap<=1.8,closed_form_cylinder_plane,,0,True,,,,,,,,,
A_row_literal,row_literal,disconnected_fragments,组3:ELECTRODE:LEFT:r78,组3,electrode_contact,LEFT,r78,,78,left,LEFT,组3_row_literal_P0076,,,0.0,0.0,0.0,connected,gap<=1.8,closed_form_cylinder_plane,,0,True,,,,,,,,,
A_row_literal,row_literal,disconnected_fragments,组3:ELECTRODE:LEFT:r79,组3,electrode_contact,LEFT,r79,,79,left,LEFT,组3_row_literal_P0077,,,0.0,0.0,0.0,connected,gap<=1.8,closed_form_cylinder_plane,,0,True,,,,,,,,,
A_row_literal,row_literal,disconnected_fragments,组3:ELECTRODE:LEFT:r80,组3,electrode_contact,LEFT,r80,,80,left,LEFT,组3_row_literal_P0078,,,0.0,0.0,0.0,connected,gap<=1.8,closed_form_cylinder_plane,,0,True,,,,,,,,,
A_row_literal,row_literal,disconnected_fragments,组3:ELECTRODE:LEFT:r81,组3,electrode_contact,LEFT,r81,,81,left,LEFT,组3_row_literal_P0079,,,0.0,0.0,0.0,connected,gap<=1.8,closed_form_cylinder_plane,,0,True,,,,,,,,,
A_row_literal,row_literal,disconnected_fragments,组3:ELECTRODE:LEFT:r82,组3,electrode_contact,LEFT,r82,,82,left,LEFT,组3_row_literal_P0080,,,0.0,0.0,0.0,connected,gap<=1.8,closed_form_cylinder_plane,,0,True,,,,,,,,,
A_row_literal,row_literal,disconnected_fragments,组3:ELECTRODE:LEFT:r83,组3,electrode_contact,LEFT,r83,,83,left,LEFT,组3_row_literal_P0081,,,0.0,0.0,0.0,connected,gap<=1.8,closed_form_cylinder_plane,,0,True,,,,,,,,,
A_row_literal,row_literal,disconnected_fragments,组3:ELECTRODE:LEFT:r84,组3,electrode_contact,LEFT,r84,,84,left,LEFT,组3_row_literal_P0082,,,0.0,0.0,0.0,connected,gap<=1.8,closed_form_cylinder_plane,,0,True,,,,,,,,,
A_row_literal,row_literal,disconnected_fragments,组3:ELECTRODE:LEFT:r85,组3,electrode_contact,LEFT,r85,,85,left,LEFT,组3_row_literal_P0083,,,0.0,0.0,0.0,connected,gap<=1.8,closed_form_cylinder_plane,,0,True,,,,,,,,,
A_row_literal,row_literal,disconnected_fragments,组3:ELECTRODE:LEFT:r86,组3,electrode_contact,LEFT,r86,,86,left,LEFT,组3_row_literal_P0084,,,0.0,0.0,0.0,connected,gap<=1.8,closed_form_cylinder_plane,,0,True,,,,,,,,,
A_row_literal,row_literal,disconnected_fragments,组3:ELECTRODE:LEFT:r87,组3,electrode_contact,LEFT,r87,,87,left,LEFT,组3_row_literal_P0085,,,0.0,0.0,0.0,connected,gap<=1.8,closed_form_cylinder_plane,,0,True,,,,,,,,,
A_row_literal,row_literal,disconnected_fragments,组3:ELECTRODE:LEFT:r88,组3,electrode_contact,LEFT,r88,,88,left,LEFT,组3_row_literal_P0086,,,0.0,0.0,0.0,connected,gap<=1.8,closed_form_cylinder_plane,,0,True,,,,,,,,,
A_row_literal,row_literal,disconnected_fragments,组3:ELECTRODE:LEFT:r89,组3,electrode_contact,LEFT,r89,,89,left,LEFT,组3_row_literal_P0087,,,0.0,0.0,0.0,connected,gap<=1.8,closed_form_cylinder_plane,,0,True,,,,,,,,,
A_row_literal,row_literal,disconnected_fragments,组3:ELECTRODE:LEFT:r90,组3,electrode_contact,LEFT,r90,,90,left,LEFT,组3_row_literal_P0088,,,0.0,0.0,0.0,connected,gap<=1.8,closed_form_cylinder_plane,,0,True,,,,,,,,,
A_row_literal,row_literal,disconnected_fragments,组3:ELECTRODE:LEFT:r91,组3,electrode_contact,LEFT,r91,,91,left,LEFT,组3_row_literal_P0089,,,0.0,0.0,0.0,connected,gap<=1.8,closed_form_cylinder_plane,,0,True,,,,,,,,,
A_row_literal,row_literal,disconnected_fragments,组3:ELECTRODE:LEFT:r92,组3,electrode_contact,LEFT,r92,,92,left,LEFT,组3_row_literal_P0090,,,0.0,0.0,0.0,connected,gap<=1.8,closed_form_cylinder_plane,,0,True,,,,,,,,,
A_row_literal,row_literal,disconnected_fragments,组3:ELECTRODE:LEFT:r93,组3,electrode_contact,LEFT,r93,,93,left,LEFT,组3_row_literal_P0091,,,0.0,0.0,0.0,connected,gap<=1.8,closed_form_cylinder_plane,,0,True,,,,,,,,,
A_row_literal,row_literal,disconnected_fragments,组3:ELECTRODE:LEFT:r94,组3,electrode_contact,LEFT,r94,,94,left,LEFT,组3_row_literal_P0092,,,0.0,0.0,0.0,connected,gap<=1.8,closed_form_cylinder_plane,,0,True,,,,,,,,,
A_row_literal,row_literal,disconnected_fragments,组3:ELECTRODE:RIGHT:r353,组3,electrode_contact,r353,RIGHT,353,,right,组3_row_literal_P0351,RIGHT,,,0.0,0.0,0.0,connected,gap<=1.8,closed_form_cylinder_plane,,0,True,,,,,,,,,
A_row_literal,row_literal,disconnected_fragments,组3:ELECTRODE:RIGHT:r365,组3,electrode_contact,r365,RIGHT,365,,right,组3_row_literal_P0363,RIGHT,,,0.0,0.0,0.0,connected,gap<=1.8,closed_form_cylinder_plane,,0,True,,,,,,,,,
A_row_literal,row_literal,disconnected_fragments,组3:ELECTRODE:RIGHT:r369,组3,electrode_contact,r369,RIGHT,369,,right,组3_row_literal_P0367,RIGHT,,,0.0,0.0,0.0,connected,gap<=1.8,closed_form_cylinder_plane,,0,True,,,,,,,,,
A_row_literal,row_literal,disconnected_fragments,组3:ELECTRODE:RIGHT:r376,组3,electrode_contact,r376,RIGHT,376,,right,组3_row_literal_P0374,RIGHT,,,0.0,0.0,0.0,connected,gap<=1.8,closed_form_cylinder_plane,,0,True,,,,,,,,,
A_row_literal,row_literal,disconnected_fragments,组3:ELECTRODE:RIGHT:r383,组3,electrode_contact,r383,RIGHT,383,,right,组3_row_literal_P0381,RIGHT,,,0.0,0.0,0.0,connected,gap<=1.8,closed_form_cylinder_plane,,0,True,,,,,,,,,
A_row_literal,row_literal,disconnected_fragments,组3:ELECTRODE:RIGHT:r388,组3,electrode_contact,r388,RIGHT,388,,right,组3_row_literal_P0386,RIGHT,,,0.0,0.0,0.0,connected,gap<=1.8,closed_form_cylinder_plane,,0,True,,,,,,,,,
A_row_literal,row_literal,disconnected_fragments,组3:ELECTRODE:RIGHT:r390,组3,electrode_contact,r390,RIGHT,390,,right,组3_row_literal_P0388,RIGHT,,,0.0,0.0,0.0,connected,gap<=1.8,closed_form_cylinder_plane,,0,True,,,,,,,,,
A_row_literal,row_literal,disconnected_fragments,组3:ELECTRODE:RIGHT:r391,组3,electrode_contact,r391,RIGHT,391,,right,组3_row_literal_P0389,RIGHT,,,0.0,0.0,0.0,connected,gap<=1.8,closed_form_cylinder_plane,,0,True,,,,,,,,,
A_row_literal,row_literal,disconnected_fragments,组3:ELECTRODE:RIGHT:r395,组3,electrode_contact,r395,RIGHT,395,,right,组3_row_literal_P0393,RIGHT,,,0.0,0.0,0.0,connected,gap<=1.8,closed_form_cylinder_plane,,0,True,,,,,,,,,
A_row_literal,row_literal,disconnected_fragments,组3:ELECTRODE:RIGHT:r400,组3,electrode_contact,r400,RIGHT,400,,right,组3_row_literal_P0398,RIGHT,,,0.0,0.0,0.0,connected,gap<=1.8,closed_form_cylinder_plane,,0,True,,,,,,,,,
A_row_literal,row_literal,disconnected_fragments,组3:ELECTRODE:RIGHT:r404,组3,electrode_contact,r404,RIGHT,404,,right,组3_row_literal_P0402,RIGHT,,,0.0,0.0,0.0,connected,gap<=1.8,closed_form_cylinder_plane,,0,True,,,,,,,,,
A_row_literal,row_literal,disconnected_fragments,组3:ELECTRODE:RIGHT:r405,组3,electrode_contact,r405,RIGHT,405,,right,组3_row_literal_P0403,RIGHT,,,0.0,0.0,0.0,connected,gap<=1.8,closed_form_cylinder_plane,,0,True,,,,,,,,,
A_row_literal,row_literal,disconnected_fragments,组3:ELECTRODE:RIGHT:r412,组3,electrode_contact,r412,RIGHT,412,,right,组3_row_literal_P0410,RIGHT,,,0.0,0.0,0.0,connected,gap<=1.8,closed_form_cylinder_plane,,0,True,,,,,,,,,
A_row_literal,row_literal,disconnected_fragments,组3:ELECTRODE:RIGHT:r413,组3,electrode_contact,r413,RIGHT,413,,right,组3_row_literal_P0411,RIGHT,,,0.0,0.0,0.0,connected,gap<=1.8,closed_form_cylinder_plane,,0,True,,,,,,,,,
A_row_literal,row_literal,disconnected_fragments,组3:ELECTRODE:RIGHT:r415,组3,electrode_contact,r415,RIGHT,415,,right,组3_row_literal_P0413,RIGHT,,,0.0,0.0,0.0,connected,gap<=1.8,closed_form_cylinder_plane,,0,True,,,,,,,,,
A_row_literal,row_literal,disconnected_fragments,组3:ELECTRODE:RIGHT:r418,组3,electrode_contact,r418,RIGHT,418,,right,组3_row_literal_P0416,RIGHT,,,0.0,0.0,0.0,connected,gap<=1.8,closed_form_cylinder_plane,,0,True,,,,,,,,,
A_row_literal,row_literal,disconnected_fragments,组3:ELECTRODE:RIGHT:r421,组3,electrode_contact,r421,RIGHT,421,,right,组3_row_literal_P0419,RIGHT,,,0.0,0.0,0.0,connected,gap<=1.8,closed_form_cylinder_plane,,0,True,,,,,,,,,
A_row_literal,row_literal,disconnected_fragments,组3:ELECTRODE:RIGHT:r424,组3,electrode_contact,r424,RIGHT,424,,right,组3_row_literal_P0422,RIGHT,,,0.0,0.0,0.0,connected,gap<=1.8,closed_form_cylinder_plane,,0,True,,,,,,,,,
A_row_literal,row_literal,disconnected_fragments,组3:ELECTRODE:RIGHT:r430,组3,electrode_contact,r430,RIGHT,430,,right,组3_row_literal_P0428,RIGHT,,,0.0,0.0,0.0,connected,gap<=1.8,closed_form_cylinder_plane,,0,True,,,,,,,,,
A_row_literal,row_literal,disconnected_fragments,组3:ELECTRODE:RIGHT:r431,组3,electrode_contact,r431,RIGHT,431,,right,组3_row_literal_P0429,RIGHT,,,0.0,0.0,0.0,connected,gap<=1.8,closed_form_cylinder_plane,,0,True,,,,,,,,,
A_row_literal,row_literal,disconnected_fragments,组3:ELECTRODE:RIGHT:r437,组3,electrode_contact,r437,RIGHT,437,,right,组3_row_literal_P0435,RIGHT,,,0.0,0.0,0.0,connected,gap<=1.8,closed_form_cylinder_plane,,0,True,,,,,,,,,
A_row_literal,row_literal,disconnected_fragments,组3:ELECTRODE:RIGHT:r443,组3,electrode_contact,r443,RIGHT,443,,right,组3_row_literal_P0441,RIGHT,,,0.0,0.0,0.0,connected,gap<=1.8,closed_form_cylinder_plane,,0,True,,,,,,,,,
A_row_literal,row_literal,disconnected_fragments,组3:ELECTRODE:RIGHT:r445,组3,electrode_contact,r445,RIGHT,445,,right,组3_row_literal_P0443,RIGHT,,,0.0,0.0,0.0,connected,gap<=1.8,closed_form_cylinder_plane,,0,True,,,,,,,,,
A_row_literal,row_literal,disconnected_fragments,组3:ELECTRODE:RIGHT:r446,组3,electrode_contact,r446,RIGHT,446,,right,组3_row_literal_P0444,RIGHT,,,0.0,0.0,0.0,connected,gap<=1.8,closed_form_cylinder_plane,,0,True,,,,,,,,,
A_row_literal,row_literal,disconnected_fragments,组3:ELECTRODE:RIGHT:r447,组3,electrode_contact,r447,RIGHT,447,,right,组3_row_literal_P0445,RIGHT,,,0.0,0.0,0.0,connected,gap<=1.8,closed_form_cylinder_plane,,0,True,,,,,,,,,
A_row_literal,row_literal,disconnected_fragments,组3:ELECTRODE:RIGHT:r449,组3,electrode_contact,r449,RIGHT,449,,right,组3_row_literal_P0447,RIGHT,,,0.0,0.0,0.0,connected,gap<=1.8,closed_form_cylinder_plane,,0,True,,,,,,,,,
A_row_literal,row_literal,disconnected_fragments,组3:ELECTRODE:RIGHT:r452,组3,electrode_contact,r452,RIGHT,452,,right,组3_row_literal_P0450,RIGHT,,,0.0,0.0,0.0,connected,gap<=1.8,closed_form_cylinder_plane,,0,True,,,,,,,,,
A_row_literal,row_literal,disconnected_fragments,组3:ELECTRODE:RIGHT:r454,组3,electrode_contact,r454,RIGHT,454,,right,组3_row_literal_P0452,RIGHT,,,0.0,0.0,0.0,connected,gap<=1.8,closed_form_cylinder_plane,,0,True,,,,,,,,,
A_row_literal,row_literal,disconnected_fragments,组3:ELECTRODE:RIGHT:r456,组3,electrode_contact,r456,RIGHT,456,,right,组3_row_literal_P0454,RIGHT,,,0.0,0.0,0.0,connected,gap<=1.8,closed_form_cylinder_plane,,0,True,,,,,,,,,
A_row_literal,row_literal,disconnected_fragments,组3:ELECTRODE:RIGHT:r457,组3,electrode_contact,r457,RIGHT,457,,right,组3_row_literal_P0455,RIGHT,,,0.0,0.0,0.0,connected,gap<=1.8,closed_form_cylinder_plane,,0,True,,,,,,,,,
A_row_literal,row_literal,disconnected_fragments,组3:ELECTRODE:RIGHT:r458,组3,electrode_contact,r458,RIGHT,458,,right,组3_row_literal_P0456,RIGHT,,,0.0,0.0,0.0,connected,gap<=1.8,closed_form_cylinder_plane,,0,True,,,,,,,,,
A_row_literal,row_literal,disconnected_fragments,组3:ELECTRODE:RIGHT:r461,组3,electrode_contact,r461,RIGHT,461,,right,组3_row_literal_P0459,RIGHT,,,0.0,0.0,0.0,connected,gap<=1.8,closed_form_cylinder_plane,,0,True,,,,,,,,,
A_row_literal,row_literal,disconnected_fragments,组3:ELECTRODE:RIGHT:r463,组3,electrode_contact,r463,RIGHT,463,,right,组3_row_literal_P0461,RIGHT,,,0.0,0.0,0.0,connected,gap<=1.8,closed_form_cylinder_plane,,0,True,,,,,,,,,
A_row_literal,row_literal,disconnected_fragments,组3:ELECTRODE:RIGHT:r464,组3,electrode_contact,r464,RIGHT,464,,right,组3_row_literal_P0462,RIGHT,,,0.0,0.0,0.0,connected,gap<=1.8,closed_form_cylinder_plane,,0,True,,,,,,,,,
A_row_literal,row_literal,disconnected_fragments,组3:ELECTRODE:RIGHT:r465,组3,electrode_contact,r465,RIGHT,465,,right,组3_row_literal_P0463,RIGHT,,,0.0,0.0,0.0,connected,gap<=1.8,closed_form_cylinder_plane,,0,True,,,,,,,,,
A_row_literal,row_literal,disconnected_fragments,组3:ELECTRODE:RIGHT:r466,组3,electrode_contact,r466,RIGHT,466,,right,组3_row_literal_P0464,RIGHT,,,0.0,0.0,0.0,connected,gap<=1.8,closed_form_cylinder_plane,,0,True,,,,,,,,,
A_row_literal,row_literal,disconnected_fragments,组3:ELECTRODE:RIGHT:r468,组3,electrode_contact,r468,RIGHT,468,,right,组3_row_literal_P0466,RIGHT,,,0.0,0.0,0.0,connected,gap<=1.8,closed_form_cylinder_plane,,0,True,,,,,,,,,
A_row_literal,row_literal,disconnected_fragments,组3:ELECTRODE:RIGHT:r471,组3,electrode_contact,r471,RIGHT,471,,right,组3_row_literal_P0469,RIGHT,,,0.0,0.0,0.0,connected,gap<=1.8,closed_form_cylinder_plane,,0,True,,,,,,,,,
A_row_literal,row_literal,disconnected_fragments,组3:ELECTRODE:RIGHT:r472,组3,electrode_contact,r472,RIGHT,472,,right,组3_row_literal_P0470,RIGHT,,,0.0,0.0,0.0,connected,gap<=1.8,closed_form_cylinder_plane,,0,True,,,,,,,,,
A_row_literal,row_literal,disconnected_fragments,组3:ELECTRODE:RIGHT:r473,组3,electrode_contact,r473,RIGHT,473,,right,组3_row_literal_P0471,RIGHT,,,0.0,0.0,0.0,connected,gap<=1.8,closed_form_cylinder_plane,,0,True,,,,,,,,,
A_row_literal,row_literal,disconnected_fragments,组3:ELECTRODE:RIGHT:r474,组3,electrode_contact,r474,RIGHT,474,,right,组3_row_literal_P0472,RIGHT,,,0.0,0.0,0.0,connected,gap<=1.8,closed_form_cylinder_plane,,0,True,,,,,,,,,
A_row_literal,row_literal,disconnected_fragments,组3:ELECTRODE:RIGHT:r479,组3,electrode_contact,r479,RIGHT,479,,right,组3_row_literal_P0477,RIGHT,,,0.0,0.0,0.0,connected,gap<=1.8,closed_form_cylinder_plane,,0,True,,,,,,,,,
A_row_literal,row_literal,disconnected_fragments,组3:ELECTRODE:RIGHT:r480,组3,electrode_contact,r480,RIGHT,480,,right,组3_row_literal_P0478,RIGHT,,,0.0,0.0,0.0,connected,gap<=1.8,closed_form_cylinder_plane,,0,True,,,,,,,,,
A_row_literal,row_literal,disconnected_fragments,组3:ELECTRODE:RIGHT:r481,组3,electrode_contact,r481,RIGHT,481,,right,组3_row_literal_P0479,RIGHT,,,0.0,0.0,0.0,connected,gap<=1.8,closed_form_cylinder_plane,,0,True,,,,,,,,,
A_row_literal,row_literal,disconnected_fragments,组3:ELECTRODE:RIGHT:r482,组3,electrode_contact,r482,RIGHT,482,,right,组3_row_literal_P0480,RIGHT,,,0.0,0.0,0.0,connected,gap<=1.8,closed_form_cylinder_plane,,0,True,,,,,,,,,
A_row_literal,row_literal,disconnected_fragments,组3:ELECTRODE:RIGHT:r483,组3,electrode_contact,r483,RIGHT,483,,right,组3_row_literal_P0481,RIGHT,,,0.0,0.0,0.0,connected,gap<=1.8,closed_form_cylinder_plane,,0,True,,,,,,,,,
A_row_literal,row_literal,disconnected_fragments,组3:ELECTRODE:RIGHT:r484,组3,electrode_contact,r484,RIGHT,484,,right,组3_row_literal_P0482,RIGHT,,,0.0,0.0,0.0,connected,gap<=1.8,closed_form_cylinder_plane,,0,True,,,,,,,,,
A_row_literal,row_literal,disconnected_fragments,组3:ELECTRODE:RIGHT:r487,组3,electrode_contact,r487,RIGHT,487,,right,组3_row_literal_P0485,RIGHT,,,0.0,0.0,0.0,connected,gap<=1.8,closed_form_cylinder_plane,,0,True,,,,,,,,,
A_row_literal,row_literal,disconnected_fragments,组3:ELECTRODE:RIGHT:r488,组3,electrode_contact,r488,RIGHT,488,,right,组3_row_literal_P0486,RIGHT,,,0.0,0.0,0.0,connected,gap<=1.8,closed_form_cylinder_plane,,0,True,,,,,,,,,
A_row_literal,row_literal,disconnected_fragments,组3:ELECTRODE:RIGHT:r490,组3,electrode_contact,r490,RIGHT,490,,right,组3_row_literal_P0488,RIGHT,,,0.0,0.0,0.0,connected,gap<=1.8,closed_form_cylinder_plane,,0,True,,,,,,,,,
A_row_literal,row_literal,disconnected_fragments,组3:ELECTRODE:RIGHT:r491,组3,electrode_contact,r491,RIGHT,491,,right,组3_row_literal_P0489,RIGHT,,,0.0,0.0,0.0,connected,gap<=1.8,closed_form_cylinder_plane,,0,True,,,,,,,,,
A_row_literal,row_literal,disconnected_fragments,组3:ELECTRODE:RIGHT:r492,组3,electrode_contact,r492,RIGHT,492,,right,组3_row_literal_P0490,RIGHT,,,0.0,0.0,0.0,connected,gap<=1.8,closed_form_cylinder_plane,,0,True,,,,,,,,,
A_row_literal,row_literal,disconnected_fragments,组3:ELECTRODE:RIGHT:r493,组3,electrode_contact,r493,RIGHT,493,,right,组3_row_literal_P0491,RIGHT,,,0.0,0.0,0.0,connected,gap<=1.8,closed_form_cylinder_plane,,0,True,,,,,,,,,
A_row_literal,row_literal,disconnected_fragments,组3:ELECTRODE:RIGHT:r498,组3,electrode_contact,r498,RIGHT,498,,right,组3_row_literal_P0496,RIGHT,,,0.0,0.0,0.0,connected,gap<=1.8,closed_form_cylinder_plane,,0,True,,,,,,,,,
A_row_literal,row_literal,disconnected_fragments,组3:ELECTRODE:RIGHT:r499,组3,electrode_contact,r499,RIGHT,499,,right,组3_row_literal_P0497,RIGHT,,,0.0,0.0,0.0,connected,gap<=1.8,closed_form_cylinder_plane,,0,True,,,,,,,,,
A_row_literal,row_literal,disconnected_fragments,组3:ELECTRODE:RIGHT:r500,组3,electrode_contact,r500,RIGHT,500,,right,组3_row_literal_P0498,RIGHT,,,0.0,0.0,0.0,connected,gap<=1.8,closed_form_cylinder_plane,,0,True,,,,,,,,,
A_row_literal,row_literal,disconnected_fragments,组3:ELECTRODE:RIGHT:r501,组3,electrode_contact,r501,RIGHT,501,,right,组3_row_literal_P0499,RIGHT,,,0.0,0.0,0.0,connected,gap<=1.8,closed_form_cylinder_plane,,0,True,,,,,,,,,
A_row_literal,row_literal,disconnected_fragments,组3:ELECTRODE:RIGHT:r502,组3,electrode_contact,r502,RIGHT,502,,right,组3_row_literal_P0500,RIGHT,,,0.0,0.0,0.0,connected,gap<=1.8,closed_form_cylinder_plane,,0,True,,,,,,,,,
A_row_literal,row_literal,disconnected_fragments,组3:ELECTRODE:RIGHT:r503,组3,electrode_contact,r503,RIGHT,503,,right,组3_row_literal_P0501,RIGHT,,,0.0,0.0,0.0,connected,gap<=1.8,closed_form_cylinder_plane,,0,True,,,,,,,,,
A_row_literal,row_literal,disconnected_fragments,组3:ELECTRODE:RIGHT:r504,组3,electrode_contact,r504,RIGHT,504,,right,组3_row_literal_P0502,RIGHT,,,0.0,0.0,0.0,connected,gap<=1.8,closed_form_cylinder_plane,,0,True,,,,,,,,,
A_row_literal,row_literal,disconnected_fragments,组3:ELECTRODE:RIGHT:r506,组3,electrode_contact,r506,RIGHT,506,,right,组3_row_literal_P0504,RIGHT,,,0.0,0.0,0.0,connected,gap<=1.8,closed_form_cylinder_plane,,0,True,,,,,,,,,
A_row_literal,row_literal,disconnected_fragments,组3:ELECTRODE:RIGHT:r507,组3,electrode_contact,r507,RIGHT,507,,right,组3_row_literal_P0505,RIGHT,,,0.0,0.0,0.0,connected,gap<=1.8,closed_form_cylinder_plane,,0,True,,,,,,,,,
A_row_literal,row_literal,disconnected_fragments,组3:ELECTRODE:RIGHT:r508,组3,electrode_contact,r508,RIGHT,508,,right,组3_row_literal_P0506,RIGHT,,,0.0,0.0,0.0,connected,gap<=1.8,closed_form_cylinder_plane,,0,True,,,,,,,,,
A_row_literal,row_literal,disconnected_fragments,组3:ELECTRODE:RIGHT:r509,组3,electrode_contact,r509,RIGHT,509,,right,组3_row_literal_P0507,RIGHT,,,0.0,0.0,0.0,connected,gap<=1.8,closed_form_cylinder_plane,,0,True,,,,,,,,,
A_row_literal,row_literal,disconnected_fragments,组3:ELECTRODE:RIGHT:r510,组3,electrode_contact,r510,RIGHT,510,,right,组3_row_literal_P0508,RIGHT,,,0.0,0.0,0.0,connected,gap<=1.8,closed_form_cylinder_plane,,0,True,,,,,,,,,
A_row_literal,row_literal,disconnected_fragments,组3:ELECTRODE:RIGHT:r511,组3,electrode_contact,r511,RIGHT,511,,right,组3_row_literal_P0509,RIGHT,,,0.0,0.0,0.0,connected,gap<=1.8,closed_form_cylinder_plane,,0,True,,,,,,,,,
A_row_literal,row_literal,disconnected_fragments,组3:ELECTRODE:RIGHT:r512,组3,electrode_contact,r512,RIGHT,512,,right,组3_row_literal_P0510,RIGHT,,,0.0,0.0,0.0,connected,gap<=1.8,closed_form_cylinder_plane,,0,True,,,,,,,,,
A_row_literal,row_literal,disconnected_fragments,组3:ELECTRODE:RIGHT:r513,组3,electrode_contact,r513,RIGHT,513,,right,组3_row_literal_P0511,RIGHT,,,0.0,0.0,0.0,connected,gap<=1.8,closed_form_cylinder_plane,,0,True,,,,,,,,,
A_row_literal,row_literal,disconnected_fragments,组3:ELECTRODE:RIGHT:r514,组3,electrode_contact,r514,RIGHT,514,,right,组3_row_literal_P0512,RIGHT,,,0.0,0.0,0.0,connected,gap<=1.8,closed_form_cylinder_plane,,0,True,,,,,,,,,
A_row_literal,row_literal,disconnected_fragments,组3:ELECTRODE:RIGHT:r516,组3,electrode_contact,r516,RIGHT,516,,right,组3_row_literal_P0514,RIGHT,,,0.0,0.0,0.0,connected,gap<=1.8,closed_form_cylinder_plane,,0,True,,,,,,,,,
A_row_literal,row_literal,disconnected_fragments,组3:ELECTRODE:RIGHT:r517,组3,electrode_contact,r517,RIGHT,517,,right,组3_row_literal_P0515,RIGHT,,,0.0,0.0,0.0,connected,gap<=1.8,closed_form_cylinder_plane,,0,True,,,,,,,,,
A_row_literal,row_literal,disconnected_fragments,组3:ELECTRODE:RIGHT:r518,组3,electrode_contact,r518,RIGHT,518,,right,组3_row_literal_P0516,RIGHT,,,0.0,0.0,0.0,connected,gap<=1.8,closed_form_cylinder_plane,,0,True,,,,,,,,,
A_row_literal,row_literal,disconnected_fragments,组3:ELECTRODE:RIGHT:r519,组3,electrode_contact,r519,RIGHT,519,,right,组3_row_literal_P0517,RIGHT,,,0.0,0.0,0.0,connected,gap<=1.8,closed_form_cylinder_plane,,0,True,,,,,,,,,
A_row_literal,row_literal,disconnected_fragments,组3:ELECTRODE:RIGHT:r521,组3,electrode_contact,r521,RIGHT,521,,right,组3_row_literal_P0519,RIGHT,,,0.0,0.0,0.0,connected,gap<=1.8,closed_form_cylinder_plane,,0,True,,,,,,,,,
A_row_literal,row_literal,disconnected_fragments,组3:ELECTRODE:RIGHT:r522,组3,electrode_contact,r522,RIGHT,522,,right,组3_row_literal_P0520,RIGHT,,,0.0,0.0,0.0,connected,gap<=1.8,closed_form_cylinder_plane,,0,True,,,,,,,,,
A_row_literal,row_literal,disconnected_fragments,组3:ELECTRODE:RIGHT:r523,组3,electrode_contact,r523,RIGHT,523,,right,组3_row_literal_P0521,RIGHT,,,0.0,0.0,0.0,connected,gap<=1.8,closed_form_cylinder_plane,,0,True,,,,,,,,,
A_row_literal,row_literal,disconnected_fragments,组3:ELECTRODE:RIGHT:r524,组3,electrode_contact,r524,RIGHT,524,,right,组3_row_literal_P0522,RIGHT,,,0.0,0.0,0.0,connected,gap<=1.8,closed_form_cylinder_plane,,0,True,,,,,,,,,
A_row_literal,row_literal,disconnected_fragments,组3:ELECTRODE:RIGHT:r525,组3,electrode_contact,r525,RIGHT,525,,right,组3_row_literal_P0523,RIGHT,,,0.0,0.0,0.0,connected,gap<=1.8,closed_form_cylinder_plane,,0,True,,,,,,,,,
A_row_literal,row_literal,disconnected_fragments,组3:ELECTRODE:RIGHT:r526,组3,electrode_contact,r526,RIGHT,526,,right,组3_row_literal_P0524,RIGHT,,,0.0,0.0,0.0,connected,gap<=1.8,closed_form_cylinder_plane,,0,True,,,,,,,,,
A_row_literal,row_literal,disconnected_fragments,组3:ELECTRODE:RIGHT:r527,组3,electrode_contact,r527,RIGHT,527,,right,组3_row_literal_P0525,RIGHT,,,0.0,0.0,0.0,connected,gap<=1.8,closed_form_cylinder_plane,,0,True,,,,,,,,,
A_row_literal,row_literal,disconnected_fragments,组3:ELECTRODE:RIGHT:r528,组3,electrode_contact,r528,RIGHT,528,,right,组3_row_literal_P0526,RIGHT,,,0.0,0.0,0.0,connected,gap<=1.8,closed_form_cylinder_plane,,0,True,,,,,,,,,
A_row_literal,row_literal,disconnected_fragments,组3:ELECTRODE:RIGHT:r529,组3,electrode_contact,r529,RIGHT,529,,right,组3_row_literal_P0527,RIGHT,,,0.0,0.0,0.0,connected,gap<=1.8,closed_form_cylinder_plane,,0,True,,,,,,,,,
A_row_literal,row_literal,disconnected_fragments,组3:ELECTRODE:RIGHT:r530,组3,electrode_contact,r530,RIGHT,530,,right,组3_row_literal_P0528,RIGHT,,,0.0,0.0,0.0,connected,gap<=1.8,closed_form_cylinder_plane,,0,True,,,,,,,,,
A_row_literal,row_literal,disconnected_fragments,组3:ELECTRODE:RIGHT:r531,组3,electrode_contact,r531,RIGHT,531,,right,组3_row_literal_P0529,RIGHT,,,0.0,0.0,0.0,connected,gap<=1.8,closed_form_cylinder_plane,,0,True,,,,,,,,,
A_row_literal,row_literal,disconnected_fragments,组3:ELECTRODE:RIGHT:r532,组3,electrode_contact,r532,RIGHT,532,,right,组3_row_literal_P0530,RIGHT,,,0.0,0.0,0.0,connected,gap<=1.8,closed_form_cylinder_plane,,0,True,,,,,,,,,
A_row_literal,row_literal,disconnected_fragments,组3:ELECTRODE:RIGHT:r533,组3,electrode_contact,r533,RIGHT,533,,right,组3_row_literal_P0531,RIGHT,,,0.0,0.0,0.0,connected,gap<=1.8,closed_form_cylinder_plane,,0,True,,,,,,,,,
A_row_literal,row_literal,disconnected_fragments,组3:ELECTRODE:RIGHT:r534,组3,electrode_contact,r534,RIGHT,534,,right,组3_row_literal_P0532,RIGHT,,,0.0,0.0,0.0,connected,gap<=1.8,closed_form_cylinder_plane,,0,True,,,,,,,,,
A_row_literal,row_literal,disconnected_fragments,组3:ELECTRODE:RIGHT:r535,组3,electrode_contact,r535,RIGHT,535,,right,组3_row_literal_P0533,RIGHT,,,0.0,0.0,0.0,connected,gap<=1.8,closed_form_cylinder_plane,,0,True,,,,,,,,,
A_row_literal,row_literal,disconnected_fragments,组3:ELECTRODE:RIGHT:r536,组3,electrode_contact,r536,RIGHT,536,,right,组3_row_literal_P0534,RIGHT,,,0.0,0.0,0.0,connected,gap<=1.8,closed_form_cylinder_plane,,0,True,,,,,,,,,
A_row_literal,row_literal,disconnected_fragments,组3:ELECTRODE:RIGHT:r537,组3,electrode_contact,r537,RIGHT,537,,right,组3_row_literal_P0535,RIGHT,,,0.0,0.0,0.0,connected,gap<=1.8,closed_form_cylinder_plane,,0,True,,,,,,,,,
A_row_literal,row_literal,disconnected_fragments,组3:PAIR:r3:r236,组3,cylinder_contact,r3,r236,3,236,,组3_row_literal_P0001,组3_row_literal_P0234,,,0.0,3.6322330679598313e-10,0.0,connected,gap<=1.8,capsule_then_flat_cylinder_gjk,0.0,4,True,7.190186943645083e-13,7.190186943645083e-13,True,,,,,,
A_row_literal,row_literal,disconnected_fragments,组3:PAIR:r4:r13,组3,cylinder_contact,r4,r13,4,13,,组3_row_literal_P0002,组3_row_literal_P0011,,,0.0,3.90169657312094e-10,0.0,connected,gap<=1.8,capsule_then_flat_cylinder_gjk,0.0,5,True,1.1382885756177522e-12,1.1382885756177522e-12,True,,,,,,
A_row_literal,row_literal,disconnected_fragments,组3:PAIR:r4:r109,组3,cylinder_contact,r4,r109,4,109,,组3_row_literal_P0002,组3_row_literal_P0107,,,0.0,3.7520979693301093e-10,0.0,connected,gap<=1.8,capsule_then_flat_cylinder_gjk,0.0,5,True,6.834519954515513e-13,6.834519954515513e-13,True,,,,,,
A_row_literal,row_literal,disconnected_fragments,组3:PAIR:r4:r137,组3,cylinder_contact,r4,r137,4,137,,组3_row_literal_P0002,组3_row_literal_P0135,,,0.0,3.799100440450146e-10,0.0,connected,gap<=1.8,capsule_then_flat_cylinder_gjk,0.0,5,True,6.355287432313019e-14,6.355287432313019e-14,True,,,,,,
A_row_literal,row_literal,disconnected_fragments,组3:PAIR:r8:r108,组3,cylinder_contact,r8,r108,8,108,,组3_row_literal_P0006,组3_row_literal_P0106,,,0.0,3.6284535569869344e-10,0.0,connected,gap<=1.8,capsule_then_flat_cylinder_gjk,0.0,6,True,5.084229945850414e-13,5.084229945850414e-13,True,,,,,,
A_row_literal,row_literal,disconnected_fragments,组3:PAIR:r12:r96,组3,cylinder_contact,r12,r96,12,96,,组3_row_literal_P0010,组3_row_literal_P0094,,,0.0,2.8160729015200255e-10,0.0,connected,gap<=1.8,capsule_then_flat_cylinder_gjk,0.0,5,True,2.04715241868247e-12,2.04715241868247e-12,True,,,,,,
A_row_literal,row_literal,disconnected_fragments,组3:PAIR:r12:r99,组3,cylinder_contact,r12,r99,12,99,,组3_row_literal_P0010,组3_row_literal_P0097,,,0.0,3.03367651678625e-10,0.0,connected,gap<=1.8,capsule_then_flat_cylinder_gjk,0.0,5,True,1.017739309065398e-12,1.017739309065398e-12,True,,,,,,
A_row_literal,row_literal,disconnected_fragments,组3:PAIR:r15:r96,组3,cylinder_contact,r15,r96,15,96,,组3_row_literal_P0013,组3_row_literal_P0094,,,0.0,3.0598201795062774e-10,0.0,connected,gap<=1.8,capsule_then_flat_cylinder_gjk,0.0,5,True,9.443537991180705e-13,9.443537991180705e-13,True,,,,,,
A_row_literal,row_literal,disconnected_fragments,组3:PAIR:r15:r108,组3,cylinder_contact,r15,r108,15,108,,组3_row_literal_P0013,组3_row_literal_P0106,,,0.0,3.0620939162607097e-10,0.0,connected,gap<=1.8,capsule_then_flat_cylinder_gjk,0.0,4,True,1.2710574864626036e-13,1.2710574864626036e-13,True,,,,,,
A_row_literal,row_literal,disconnected_fragments,组3:PAIR:r15:r283,组3,cylinder_contact,r15,r283,15,283,,组3_row_literal_P0013,组3_row_literal_P0281,,,0.0,3.066251278217046e-10,0.0,connected,gap<=1.8,capsule_then_flat_cylinder_gjk,0.0,5,True,1.1368683772161603e-12,1.1368683772161603e-12,True,,,,,,
A_row_literal,row_literal,disconnected_fragments,组3:PAIR:r16:r108,组3,cylinder_contact,r16,r108,16,108,,组3_row_literal_P0014,组3_row_literal_P0106,,,0.0,3.048256077220258e-10,0.0,connected,gap<=1.8,capsule_then_flat_cylinder_gjk,0.0,4,True,1.1718571004216928e-13,1.1718571004216928e-13,True,,,,,,
A_row_literal,row_literal,disconnected_fragments,组3:PAIR:r18:r145,组3,cylinder_contact,r18,r145,18,145,,组3_row_literal_P0016,组3_row_literal_P0143,,,0.6514112041151494,0.6514112065906044,0.6514112053528769,connected,gap<=1.8,capsule_then_flat_cylinder_gjk,0.6514112062508914,11,False,0.6514112062509814,8.981044796740889e-10,True,,,,,,
A_row_literal,row_literal,disconnected_fragments,组3:PAIR:r23:r38,组3,cylinder_contact,r23,r38,23,38,,组3_row_literal_P0021,组3_row_literal_P0036,,,0.0,2.4855373990347826e-10,0.0,connected,gap<=1.8,capsule_then_flat_cylinder_gjk,0.0,5,True,1.5127480943155456e-10,1.5127480943155456e-10,True,,,,,,
A_row_literal,row_literal,disconnected_fragments,组3:PAIR:r25:r121,组3,cylinder_contact,r25,r121,25,121,,组3_row_literal_P0023,组3_row_literal_P0119,,,0.0,3.393595527323306e-10,0.0,connected,gap<=1.8,capsule_then_flat_cylinder_gjk,0.0,5,True,1.0419570787589327e-12,1.0419570787589327e-12,True,,,,,,
A_row_literal,row_literal,disconnected_fragments,组3:PAIR:r31:r158,组3,cylinder_contact,r31,r158,31,158,,组3_row_literal_P0029,组3_row_literal_P0156,,,0.0,3.0671241188708456e-10,0.0,connected,gap<=1.8,capsule_then_flat_cylinder_gjk,0.0,6,True,4.823324033076557e-13,4.823324033076557e-13,True,,,,,,
A_row_literal,row_literal,disconnected_fragments,组3:PAIR:r33:r34,组3,cylinder_contact,r33,r34,33,34,,组3_row_literal_P0031,组3_row_literal_P0032,,,0.0,3.000663225375869e-10,0.0,connected,gap<=1.8,capsule_then_flat_cylinder_gjk,0.0,5,True,5.796914039811764e-13,5.796914039811764e-13,True,,,,,,
A_row_literal,row_literal,disconnected_fragments,组3:PAIR:r34:r209,组3,cylinder_contact,r34,r209,34,209,,组3_row_literal_P0032,组3_row_literal_P0207,,,0.0,2.7979659812699566e-10,0.0,connected,gap<=1.8,capsule_then_flat_cylinder_gjk,0.0,5,True,4.582862941503293e-13,4.582862941503293e-13,True,,,,,,
A_row_literal,row_literal,disconnected_fragments,组3:PAIR:r35:r140,组3,cylinder_contact,r35,r140,35,140,,组3_row_literal_P0033,组3_row_literal_P0138,,,0.0,2.862808523211742e-10,0.0,connected,gap<=1.8,capsule_then_flat_cylinder_gjk,0.0,5,True,6.915300366811403e-13,6.915300366811403e-13,True,,,,,,
A_row_literal,row_literal,disconnected_fragments,组3:PAIR:r48:r116,组3,cylinder_contact,r48,r116,48,116,,组3_row_literal_P0046,组3_row_literal_P0114,,,0.0,2.799068332862582e-10,0.0,connected,gap<=1.8,capsule_then_flat_cylinder_gjk,0.0,4,True,7.391010753932416e-13,7.391010753932416e-13,True,,,,,,
A_row_literal,row_literal,disconnected_fragments,组3:PAIR:r52:r133,组3,cylinder_contact,r52,r133,52,133,,组3_row_literal_P0050,组3_row_literal_P0131,,,0.0,2.4774567740756874e-10,0.0,connected,gap<=1.8,capsule_then_flat_cylinder_gjk,0.0,6,True,6.938623537128991e-13,6.938623537128991e-13,True,,,,,,
A_row_literal,row_literal,disconnected_fragments,组3:PAIR:r59:r157,组3,cylinder_contact,r59,r157,59,157,,组3_row_literal_P0057,组3_row_literal_P0155,,,0.0,2.1796710533608894e-10,0.0,connected,gap<=1.8,capsule_then_flat_cylinder_gjk,0.0,6,True,1.2247745318299647e-12,1.2247745318299647e-12,True,,,,,,
A_row_literal,row_literal,disconnected_fragments,组3:PAIR:r65:r266,组3,cylinder_contact,r65,r266,65,266,,组3_row_literal_P0063,组3_row_literal_P0264,,,0.0,2.5748551376950306e-10,0.0,connected,gap<=1.8,capsule_then_flat_cylinder_gjk,0.0,6,True,6.302189627392726e-12,6.302189627392726e-12,True,,,,,,
A_row_literal,row_literal,disconnected_fragments,组3:PAIR:r67:r124,组3,cylinder_contact,r67,r124,67,124,,组3_row_literal_P0065,组3_row_literal_P0122,,,0.0,2.539438146939201e-10,0.0,connected,gap<=1.8,capsule_then_flat_cylinder_gjk,0.0,4,True,2.2914314707516465e-13,2.2914314707516465e-13,True,,,,,,
A_row_literal,row_literal,disconnected_fragments,组3:PAIR:r69:r98,组3,cylinder_contact,r69,r98,69,98,,组3_row_literal_P0067,组3_row_literal_P0096,,,0.0,3.727464924304451e-10,0.0,connected,gap<=1.8,capsule_then_flat_cylinder_gjk,0.0,5,True,8.198074455012805e-13,8.198074455012805e-13,True,,,,,,
A_row_literal,row_literal,disconnected_fragments,组3:PAIR:r74:r185,组3,cylinder_contact,r74,r185,74,185,,组3_row_literal_P0072,组3_row_literal_P0183,,,0.0,2.498241530057477e-10,0.0,connected,gap<=1.8,capsule_then_flat_cylinder_gjk,0.0,5,True,7.008127344043915e-13,7.008127344043915e-13,True,,,,,,
A_row_literal,row_literal,disconnected_fragments,组3:PAIR:r78:r102,组3,cylinder_contact,r78,r102,78,102,,组3_row_literal_P0076,组3_row_literal_P0100,,,0.0,3.53030638843674e-10,0.0,connected,gap<=1.8,capsule_then_flat_cylinder_gjk,0.0,5,True,1.159382807962353e-12,1.159382807962353e-12,True,,,,,,
A_row_literal,row_literal,disconnected_fragments,组3:PAIR:r79:r207,组3,cylinder_contact,r79,r207,79,207,,组3_row_literal_P0077,组3_row_literal_P0205,,,0.0,2.3270556671151603e-10,0.0,connected,gap<=1.8,capsule_then_flat_cylinder_gjk,0.0,6,True,2.3437142008433857e-12,2.3437142008433857e-12,True,,,,,,
A_row_literal,row_literal,disconnected_fragments,组3:PAIR:r81:r124,组3,cylinder_contact,r81,r124,81,124,,组3_row_literal_P0079,组3_row_literal_P0122,,,0.7906647803569417,0.7906647822915408,0.7906647813242412,connected,gap<=1.8,capsule_then_flat_cylinder_gjk,0.790664782001393,512,False,0.7906647821141453,7.89904031073263e-10,True,,,,,,
A_row_literal,row_literal,disconnected_fragments,组3:PAIR:r81:r183,组3,cylinder_contact,r81,r183,81,183,,组3_row_literal_P0079,组3_row_literal_P0181,,,0.0,2.616565840640127e-10,0.0,connected,gap<=1.8,capsule_then_flat_cylinder_gjk,0.0,4,True,2.2737367544323206e-13,2.2737367544323206e-13,True,,,,,,
A_row_literal,row_literal,disconnected_fragments,组3:PAIR:r94:r119,组3,cylinder_contact,r94,r119,94,119,,组3_row_literal_P0092,组3_row_literal_P0117,,,0.0,3.302665447437366e-10,0.0,connected,gap<=1.8,capsule_then_flat_cylinder_gjk,0.0,6,True,2.451526899318176e-12,2.451526899318176e-12,True,,,,,,
A_row_literal,row_literal,disconnected_fragments,组3:PAIR:r94:r123,组3,cylinder_contact,r94,r123,94,123,,组3_row_literal_P0092,组3_row_literal_P0121,,,0.0,3.2882528589770684e-10,0.0,connected,gap<=1.8,capsule_then_flat_cylinder_gjk,0.0,5,True,9.646648066153115e-13,9.646648066153115e-13,True,,,,,,
A_row_literal,row_literal,disconnected_fragments,组3:PAIR:r94:r134,组3,cylinder_contact,r94,r134,94,134,,组3_row_literal_P0092,组3_row_literal_P0132,,,0.0,3.2956469432373986e-10,0.0,connected,gap<=1.8,capsule_then_flat_cylinder_gjk,0.0,5,True,9.374856803373542e-13,9.374856803373542e-13,True,,,,,,
A_row_literal,row_literal,disconnected_fragments,组3:PAIR:r96:r130,组3,cylinder_contact,r96,r130,96,130,,组3_row_literal_P0094,组3_row_literal_P0128,,,0.0,2.6993469433224526e-10,0.0,connected,gap<=1.8,capsule_then_flat_cylinder_gjk,0.0,6,True,1.2710574864626038e-13,1.2710574864626038e-13,True,,,,,,
A_row_literal,row_literal,disconnected_fragments,组3:PAIR:r96:r183,组3,cylinder_contact,r96,r183,96,183,,组3_row_literal_P0094,组3_row_literal_P0181,,,0.0,2.6963183832887953e-10,0.0,connected,gap<=1.8,capsule_then_flat_cylinder_gjk,0.0,5,True,4.856703836433968e-13,4.856703836433968e-13,True,,,,,,
A_row_literal,row_literal,disconnected_fragments,组3:PAIR:r97:r111,组3,cylinder_contact,r97,r111,97,111,,组3_row_literal_P0095,组3_row_literal_P0109,,,0.0,2.938845067991935e-10,0.0,connected,gap<=1.8,capsule_then_flat_cylinder_gjk,0.0,5,True,1.8082998531766482e-12,1.8082998531766482e-12,True,,,,,,
A_row_literal,row_literal,disconnected_fragments,组3:PAIR:r97:r128,组3,cylinder_contact,r97,r128,97,128,,组3_row_literal_P0095,组3_row_literal_P0126,,,0.0,1.482323026214072e-10,0.0,connected,gap<=1.8,capsule_then_flat_cylinder_gjk,0.0,5,True,6.514960105912179e-12,6.514960105912179e-12,True,,,,,,
A_row_literal,row_literal,disconnected_fragments,组3:PAIR:r99:r192,组3,cylinder_contact,r99,r192,99,192,,组3_row_literal_P0097,组3_row_literal_P0190,,,0.0,3.027245418075481e-10,0.0,connected,gap<=1.8,capsule_then_flat_cylinder_gjk,0.0,5,True,9.205299841540664e-13,9.205299841540664e-13,True,,,,,,
A_row_literal,row_literal,disconnected_fragments,组3:PAIR:r103:r276,组3,cylinder_contact,r103,r276,103,276,,组3_row_literal_P0101,组3_row_literal_P0274,,,0.0,1.6091376243116133e-10,0.0,connected,gap<=1.8,capsule_then_flat_cylinder_gjk,0.0,5,True,7.190186943645083e-13,7.190186943645083e-13,True,,,,,,
A_row_literal,row_literal,disconnected_fragments,组3:PAIR:r105:r251,组3,cylinder_contact,r105,r251,105,251,,组3_row_literal_P0103,组3_row_literal_P0249,,,0.0,2.01853438646169e-10,0.0,connected,gap<=1.8,capsule_then_flat_cylinder_gjk,0.0,5,True,5.209785393794664e-13,5.209785393794664e-13,True,,,,,,
A_row_literal,row_literal,disconnected_fragments,组3:PAIR:r107:r217,组3,cylinder_contact,r107,r217,107,217,,组3_row_literal_P0105,组3_row_literal_P0215,,,0.0,3.9632085429811566e-10,0.0,connected,gap<=1.8,capsule_then_flat_cylinder_gjk,0.0,4,True,1.1390866590859189e-12,1.1390866590859189e-12,True,,,,,,
A_row_literal,row_literal,disconnected_fragments,组3:PAIR:r110:r130,组3,cylinder_contact,r110,r130,110,130,,组3_row_literal_P0108,组3_row_literal_P0128,,,0.6696380953875114,0.669638101433795,0.6696380984106531,connected,gap<=1.8,capsule_then_flat_cylinder_gjk,0.6696381011183306,512,False,0.6696381011735096,2.762856499138877e-09,True,,,,,,
A_row_literal,row_literal,disconnected_fragments,组3:PAIR:r111:r115,组3,cylinder_contact,r111,r115,111,115,,组3_row_literal_P0109,组3_row_literal_P0113,,,0.0,2.942220207452614e-10,0.0,connected,gap<=1.8,capsule_then_flat_cylinder_gjk,0.0,4,True,6.233367514443361e-13,6.233367514443361e-13,True,,,,,,
A_row_literal,row_literal,disconnected_fragments,组3:PAIR:r112:r134,组3,cylinder_contact,r112,r134,112,134,,组3_row_literal_P0110,组3_row_literal_P0132,,,0.0,3.56241475281761e-10,0.0,connected,gap<=1.8,capsule_then_flat_cylinder_gjk,0.0,4,True,7.36774916095767e-13,7.36774916095767e-13,True,,,,,,
A_row_literal,row_literal,disconnected_fragments,组3:PAIR:r117:r137,组3,cylinder_contact,r117,r137,117,137,,组3_row_literal_P0115,组3_row_literal_P0135,,,0.0,3.794552966941281e-10,0.0,connected,gap<=1.8,capsule_then_flat_cylinder_gjk,0.0,5,True,4.2537719614005497e-13,4.2537719614005497e-13,True,,,,,,
A_row_literal,row_literal,disconnected_fragments,组3:PAIR:r119:r166,组3,cylinder_contact,r119,r166,119,166,,组3_row_literal_P0117,组3_row_literal_P0164,,,0.0,2.0660564259779076e-10,0.0,connected,gap<=1.8,capsule_then_flat_cylinder_gjk,0.0,4,True,8.098342059535243e-12,8.098342059535243e-12,True,,,,,,
A_row_literal,row_literal,disconnected_fragments,组3:PAIR:r119:r186,组3,cylinder_contact,r119,r186,119,186,,组3_row_literal_P0117,组3_row_literal_P0184,,,0.0,2.0709537867188277e-10,0.0,connected,gap<=1.8,capsule_then_flat_cylinder_gjk,0.0,6,True,9.379164112033322e-13,9.379164112033322e-13,True,,,,,,
A_row_literal,row_literal,disconnected_fragments,组3:PAIR:r120:r140,组3,cylinder_contact,r120,r140,120,140,,组3_row_literal_P0118,组3_row_literal_P0138,,,0.0,2.967317202477125e-10,0.0,connected,gap<=1.8,capsule_then_flat_cylinder_gjk,0.0,4,True,1.1368683772161602e-13,1.1368683772161602e-13,True,,,,,,
A_row_literal,row_literal,disconnected_fragments,组3:PAIR:r121:r125,组3,cylinder_contact,r121,r125,121,125,,组3_row_literal_P0119,组3_row_literal_P0123,,,0.0,4.065400081310672e-10,0.0,connected,gap<=1.8,capsule_then_flat_cylinder_gjk,0.0,5,True,1.256998097431732e-12,1.256998097431732e-12,True,,,,,,
A_row_literal,row_literal,disconnected_fragments,组3:PAIR:r123:r130,组3,cylinder_contact,r123,r130,123,130,,组3_row_literal_P0121,组3_row_literal_P0128,,,0.0,3.1569363569008337e-10,0.0,connected,gap<=1.8,capsule_then_flat_cylinder_gjk,0.0,6,True,1.567064913625725e-12,1.567064913625725e-12,True,,,,,,
A_row_literal,row_literal,disconnected_fragments,组3:PAIR:r123:r163,组3,cylinder_contact,r123,r163,123,163,,组3_row_literal_P0121,组3_row_literal_P0161,,,0.0,3.1559658270769926e-10,0.0,connected,gap<=1.8,capsule_then_flat_cylinder_gjk,0.0,7,True,4.547473508864641e-13,4.547473508864641e-13,True,,,,,,
A_row_literal,row_literal,disconnected_fragments,组3:PAIR:r126:r163,组3,cylinder_contact,r126,r163,126,163,,组3_row_literal_P0124,组3_row_literal_P0161,,,0.0,3.681762968831592e-10,0.0,connected,gap<=1.8,capsule_then_flat_cylinder_gjk,0.0,5,True,5.569494857771083e-13,5.569494857771083e-13,True,,,,,,
A_row_literal,row_literal,disconnected_fragments,组3:PAIR:r126:r236,组3,cylinder_contact,r126,r236,126,236,,组3_row_literal_P0124,组3_row_literal_P0234,,,0.0,3.6822997252685774e-10,0.0,connected,gap<=1.8,capsule_then_flat_cylinder_gjk,0.0,5,True,1.632702903446565e-13,1.632702903446565e-13,True,,,,,,
A_row_literal,row_literal,disconnected_fragments,组3:PAIR:r133:r158,组3,cylinder_contact,r133,r158,133,158,,组3_row_literal_P0131,组3_row_literal_P0156,,,0.0,2.5645532316965793e-10,0.0,connected,gap<=1.8,capsule_then_flat_cylinder_gjk,0.0,4,True,8.987733679556354e-14,8.987733679556354e-14,True,,,,,,
A_row_literal,row_literal,disconnected_fragments,组3:PAIR:r134:r183,组3,cylinder_contact,r134,r183,134,183,,组3_row_literal_P0132,组3_row_literal_P0181,,,0.0,2.8170993678570285e-10,0.0,connected,gap<=1.8,capsule_then_flat_cylinder_gjk,0.0,6,True,1.1138989715542167e-12,1.1138989715542167e-12,True,,,,,,
A_row_literal,row_literal,disconnected_fragments,组3:PAIR:r135:r171,组3,cylinder_contact,r135,r171,135,171,,组3_row_literal_P0133,组3_row_literal_P0169,,,0.0,3.1397551643780504e-10,0.0,connected,gap<=1.8,capsule_then_flat_cylinder_gjk,0.0,5,True,3.1776437161565096e-14,3.1776437161565096e-14,True,,,,,,
A_row_literal,row_literal,disconnected_fragments,组3:PAIR:r136:r161,组3,cylinder_contact,r136,r161,136,161,,组3_row_literal_P0134,组3_row_literal_P0159,,,0.0,3.8791296201352306e-10,0.0,connected,gap<=1.8,capsule_then_flat_cylinder_gjk,0.0,6,True,1.6077746776921858e-13,1.6077746776921858e-13,True,,,,,,
A_row_literal,row_literal,disconnected_fragments,组3:PAIR:r136:r239,组3,cylinder_contact,r136,r239,136,239,,组3_row_literal_P0134,组3_row_literal_P0237,,,0.0,3.8750135889124226e-10,0.0,connected,gap<=1.8,capsule_then_flat_cylinder_gjk,0.0,5,True,4.823324033076557e-13,4.823324033076557e-13,True,,,,,,
A_row_literal,row_literal,disconnected_fragments,组3:PAIR:r138:r237,组3,cylinder_contact,r138,r237,138,237,,组3_row_literal_P0136,组3_row_literal_P0235,,,0.0,2.38309762302247e-10,0.0,connected,gap<=1.8,capsule_then_flat_cylinder_gjk,0.0,5,True,1.4572883336875599e-12,1.4572883336875599e-12,True,,,,,,
A_row_literal,row_literal,disconnected_fragments,组3:PAIR:r139:r182,组3,cylinder_contact,r139,r182,139,182,,组3_row_literal_P0137,组3_row_literal_P0180,,,0.0,1.9621280469889224e-10,0.0,connected,gap<=1.8,capsule_then_flat_cylinder_gjk,0.0,4,True,8.038873388460929e-14,8.038873388460929e-14,True,,,,,,
A_row_literal,row_literal,disconnected_fragments,组3:PAIR:r139:r188,组3,cylinder_contact,r139,r188,139,188,,组3_row_literal_P0137,组3_row_literal_P0186,,,0.0,1.974947238150902e-10,0.0,connected,gap<=1.8,capsule_then_flat_cylinder_gjk,0.0,6,True,3.639754730461873e-13,3.639754730461873e-13,True,,,,,,
A_row_literal,row_literal,disconnected_fragments,组3:PAIR:r146:r338,组3,cylinder_contact,r146,r338,146,338,,组3_row_literal_P0144,组3_row_literal_P0336,,,0.0,1.9700654241512287e-10,0.0,connected,gap<=1.8,capsule_then_flat_cylinder_gjk,0.0,5,True,4.547473508864641e-13,4.547473508864641e-13,True,,,,,,
A_row_literal,row_literal,disconnected_fragments,组3:PAIR:r148:r162,组3,cylinder_contact,r148,r162,148,162,,组3_row_literal_P0146,组3_row_literal_P0160,,,0.0,4.0138241505275145e-10,0.0,connected,gap<=1.8,capsule_then_flat_cylinder_gjk,0.0,5,True,1.1593828079623528e-12,1.1593828079623528e-12,True,,,,,,
A_row_literal,row_literal,disconnected_fragments,组3:PAIR:r156:r251,组3,cylinder_contact,r156,r251,156,251,,组3_row_literal_P0154,组3_row_literal_P0249,,,0.0,2.334041866939208e-10,0.0,connected,gap<=1.8,capsule_then_flat_cylinder_gjk,0.0,5,True,1.1368683772161603e-13,1.1368683772161603e-13,True,,,,,,
A_row_literal,row_literal,disconnected_fragments,组3:PAIR:r159:r163,组3,cylinder_contact,r159,r163,159,163,,组3_row_literal_P0157,组3_row_literal_P0161,,,0.0,2.976863816857135e-10,0.0,connected,gap<=1.8,capsule_then_flat_cylinder_gjk,0.0,5,True,1.2505552149377761e-12,1.2505552149377761e-12,True,,,,,,
A_row_literal,row_literal,disconnected_fragments,组3:PAIR:r159:r197,组3,cylinder_contact,r159,r197,159,197,,组3_row_literal_P0157,组3_row_literal_P0195,,,0.0,2.919374556727555e-10,0.0,connected,gap<=1.8,capsule_then_flat_cylinder_gjk,0.0,4,True,9.812236146964348e-11,9.812236146964348e-11,True,,,,,,
A_row_literal,row_literal,disconnected_fragments,组3:PAIR:r160:r209,组3,cylinder_contact,r160,r209,160,209,,组3_row_literal_P0158,组3_row_literal_P0207,,,0.0,2.8550548753148186e-10,0.0,connected,gap<=1.8,capsule_then_flat_cylinder_gjk,0.0,4,True,1.2834101332393602e-13,1.2834101332393602e-13,True,,,,,,
A_row_literal,row_literal,disconnected_fragments,组3:PAIR:r161:r239,组3,cylinder_contact,r161,r239,161,239,,组3_row_literal_P0159,组3_row_literal_P0237,,,0.0,3.623870043462374e-10,0.0,connected,gap<=1.8,capsule_then_flat_cylinder_gjk,0.0,7,True,1.140188868083145e-11,1.140188868083145e-11,True,,,,,,
A_row_literal,row_literal,disconnected_fragments,组3:PAIR:r162:r192,组3,cylinder_contact,r162,r192,162,192,,组3_row_literal_P0160,组3_row_literal_P0190,,,0.0,3.1407369772378633e-10,0.0,connected,gap<=1.8,capsule_then_flat_cylinder_gjk,0.0,4,True,2.604892696897332e-13,2.604892696897332e-13,True,,,,,,
A_row_literal,row_literal,disconnected_fragments,组3:PAIR:r164:r178,组3,cylinder_contact,r164,r178,164,178,,组3_row_literal_P0162,组3_row_literal_P0176,,,0.0,3.258441145259948e-10,0.0,connected,gap<=1.8,capsule_then_flat_cylinder_gjk,0.0,6,True,3.938227581713539e-13,3.938227581713539e-13,True,,,,,,
A_row_literal,row_literal,disconnected_fragments,组3:PAIR:r167:r211,组3,cylinder_contact,r167,r211,167,211,,组3_row_literal_P0165,组3_row_literal_P0209,,,0.0,3.349077392926414e-10,0.0,connected,gap<=1.8,capsule_then_flat_cylinder_gjk,0.0,4,True,3.457613971339155e-11,3.457613971339155e-11,True,,,,,,
A_row_literal,row_literal,disconnected_fragments,组3:PAIR:r169:r175,组3,cylinder_contact,r169,r175,169,175,,组3_row_literal_P0167,组3_row_literal_P0173,,,0.0,3.680848773732284e-10,0.0,connected,gap<=1.8,capsule_then_flat_cylinder_gjk,0.0,5,True,5.209785393794665e-13,5.209785393794665e-13,True,,,,,,
A_row_literal,row_literal,disconnected_fragments,组3:PAIR:r172:r195,组3,cylinder_contact,r172,r195,172,195,,组3_row_literal_P0170,组3_row_literal_P0193,,,0.0,2.61479058754282e-10,0.0,connected,gap<=1.8,capsule_then_flat_cylinder_gjk,0.0,4,True,7.731540852509763e-13,7.731540852509763e-13,True,,,,,,
A_row_literal,row_literal,disconnected_fragments,组3:PAIR:r172:r357,组3,cylinder_contact,r172,r357,172,357,,组3_row_literal_P0170,组3_row_literal_P0355,,,0.0,2.544085043819076e-10,0.0,connected,gap<=1.8,capsule_then_flat_cylinder_gjk,0.0,5,True,1.0267281065914884e-12,1.0267281065914884e-12,True,,,,,,
A_row_literal,row_literal,disconnected_fragments,组3:PAIR:r174:r318,组3,cylinder_contact,r174,r318,174,318,,组3_row_literal_P0172,组3_row_literal_P0316,,,0.6787506345906529,0.6787506392934962,0.6787506369420746,connected,gap<=1.8,capsule_then_flat_cylinder_gjk,0.6787506389011781,512,False,0.6787506392675574,2.325482806320167e-09,True,,,,,,
A_row_literal,row_literal,disconnected_fragments,组3:PAIR:r176:r211,组3,cylinder_contact,r176,r211,176,211,,组3_row_literal_P0174,组3_row_literal_P0209,,,0.0,3.262679948635211e-10,0.0,connected,gap<=1.8,capsule_then_flat_cylinder_gjk,0.0,5,True,9.099386826154683e-13,9.099386826154683e-13,True,,,,,,
A_row_literal,row_literal,disconnected_fragments,组3:PAIR:r178:r198,组3,cylinder_contact,r178,r198,178,198,,组3_row_literal_P0176,组3_row_literal_P0196,,,0.0,2.1286491858327163e-10,0.0,connected,gap<=1.8,capsule_then_flat_cylinder_gjk,0.0,4,True,6.355287432313019e-14,6.355287432313019e-14,True,,,,,,
A_row_literal,row_literal,disconnected_fragments,组3:PAIR:r179:r183,组3,cylinder_contact,r179,r183,179,183,,组3_row_literal_P0177,组3_row_literal_P0181,,,0.0,2.2523409545231027e-10,0.0,connected,gap<=1.8,capsule_then_flat_cylinder_gjk,0.0,6,True,1.686439916067154e-11,1.686439916067154e-11,True,,,,,,
A_row_literal,row_literal,disconnected_fragments,组3:PAIR:r180:r201,组3,cylinder_contact,r180,r201,180,201,,组3_row_literal_P0178,组3_row_literal_P0199,,,0.0,4.152474931634385e-10,0.0,connected,gap<=1.8,capsule_then_flat_cylinder_gjk,0.0,4,True,2.2737367544323203e-13,2.2737367544323203e-13,True,,,,,,
A_row_literal,row_literal,disconnected_fragments,组3:PAIR:r182:r225,组3,cylinder_contact,r182,r225,182,225,,组3_row_literal_P0180,组3_row_literal_P0223,,,0.0,2.131470492514262e-10,0.0,connected,gap<=1.8,capsule_then_flat_cylinder_gjk,0.0,4,True,3.938227581713539e-13,3.938227581713539e-13,True,,,,,,
A_row_literal,row_literal,disconnected_fragments,组3:PAIR:r182:r279,组3,cylinder_contact,r182,r279,182,279,,组3_row_literal_P0180,组3_row_literal_P0277,,,0.0,2.2887915767778175e-10,0.0,connected,gap<=1.8,capsule_then_flat_cylinder_gjk,0.0,5,True,7.447483735586253e-10,7.447483735586253e-10,True,,,,,,
A_row_literal,row_literal,disconnected_fragments,组3:PAIR:r188:r225,组3,cylinder_contact,r188,r225,188,225,,组3_row_literal_P0186,组3_row_literal_P0223,,,0.0,2.1369379884965107e-10,0.0,connected,gap<=1.8,capsule_then_flat_cylinder_gjk,0.0,5,True,7.36774916095767e-13,7.36774916095767e-13,True,,,,,,
A_row_literal,row_literal,disconnected_fragments,组3:PAIR:r188:r286,组3,cylinder_contact,r188,r286,188,286,,组3_row_literal_P0186,组3_row_literal_P0284,,,0.0,1.7356942236517622e-10,0.0,connected,gap<=1.8,capsule_then_flat_cylinder_gjk,0.0,5,True,1.1368683772161605e-12,1.1368683772161605e-12,True,,,,,,
A_row_literal,row_literal,disconnected_fragments,组3:PAIR:r190:r197,组3,cylinder_contact,r190,r197,190,197,,组3_row_literal_P0188,组3_row_literal_P0195,,,0.0,2.852692715541051e-10,0.0,connected,gap<=1.8,capsule_then_flat_cylinder_gjk,0.0,5,True,1.2710574864626038e-13,1.2710574864626038e-13,True,,,,,,
A_row_literal,row_literal,disconnected_fragments,组3:PAIR:r205:r218,组3,cylinder_contact,r205,r218,205,218,,组3_row_literal_P0203,组3_row_literal_P0216,,,0.0,1.8071373931148645e-10,0.0,connected,gap<=1.8,capsule_then_flat_cylinder_gjk,0.0,6,True,1.6043167557196118e-12,1.6043167557196118e-12,True,,,,,,
A_row_literal,row_literal,disconnected_fragments,组3:PAIR:r205:r287,组3,cylinder_contact,r205,r287,205,287,,组3_row_literal_P0203,组3_row_literal_P0285,,,0.0,1.8041168995357442e-10,0.0,connected,gap<=1.8,capsule_then_flat_cylinder_gjk,0.0,5,True,5.82471714435519e-13,5.82471714435519e-13,True,,,,,,
A_row_literal,row_literal,disconnected_fragments,组3:PAIR:r208:r305,组3,cylinder_contact,r208,r305,208,305,,组3_row_literal_P0206,组3_row_literal_P0303,,,1.7786710844844462,1.7786710872937999,1.778671085889123,connected,gap<=1.8,capsule_then_flat_cylinder_gjk,1.7786710871068863,12,False,1.778671087142672,1.2535490423459805e-09,True,,,,,,
A_row_literal,row_literal,disconnected_fragments,组3:PAIR:r213:r287,组3,cylinder_contact,r213,r287,213,287,,组3_row_literal_P0211,组3_row_literal_P0285,,,0.0,1.8930594595804609e-10,0.0,connected,gap<=1.8,capsule_then_flat_cylinder_gjk,0.0,4,True,5.362597410144533e-13,5.362597410144533e-13,True,,,,,,
A_row_literal,row_literal,disconnected_fragments,组3:PAIR:r213:r364,组3,cylinder_contact,r213,r364,213,364,,组3_row_literal_P0211,组3_row_literal_P0362,,,0.0,2.1663299905383626e-10,0.0,connected,gap<=1.8,capsule_then_flat_cylinder_gjk,0.0,5,True,2.49399488080602e-13,2.49399488080602e-13,True,,,,,,
A_row_literal,row_literal,disconnected_fragments,组3:PAIR:r218:r266,组3,cylinder_contact,r218,r266,218,266,,组3_row_literal_P0216,组3_row_literal_P0264,,,0.0,1.685150038897927e-10,0.0,connected,gap<=1.8,capsule_then_flat_cylinder_gjk,0.0,6,True,1.7053025658242404e-13,1.7053025658242404e-13,True,,,,,,
A_row_literal,row_literal,disconnected_fragments,组3:PAIR:r218:r287,组3,cylinder_contact,r218,r287,218,287,,组3_row_literal_P0216,组3_row_literal_P0285,,,0.0,1.6388461110316699e-10,0.0,connected,gap<=1.8,capsule_then_flat_cylinder_gjk,0.0,6,True,2.2737367544323206e-13,2.2737367544323206e-13,True,,,,,,
A_row_literal,row_literal,disconnected_fragments,组3:PAIR:r218:r353,组3,cylinder_contact,r218,r353,218,353,,组3_row_literal_P0216,组3_row_literal_P0351,,,0.0,2.3341933865593414e-10,0.0,connected,gap<=1.8,capsule_then_flat_cylinder_gjk,0.0,5,True,4.151126638648695e-12,4.151126638648695e-12,True,,,,,,
A_row_literal,row_literal,disconnected_fragments,组3:PAIR:r223:r301,组3,cylinder_contact,r223,r301,223,301,,组3_row_literal_P0221,组3_row_literal_P0299,,,0.0,1.9295238210326363e-10,0.0,connected,gap<=1.8,capsule_then_flat_cylinder_gjk,0.0,6,True,1.628063766540671e-09,1.628063766540671e-09,True,,,,,,
A_row_literal,row_literal,disconnected_fragments,组3:PAIR:r225:r319,组3,cylinder_contact,r225,r319,225,319,,组3_row_literal_P0223,组3_row_literal_P0317,,,0.0,2.375253215042492e-10,0.0,connected,gap<=1.8,capsule_then_flat_cylinder_gjk,0.0,5,True,5.084229945850415e-13,5.084229945850415e-13,True,,,,,,
A_row_literal,row_literal,disconnected_fragments,组3:PAIR:r226:r240,组3,cylinder_contact,r226,r240,226,240,,组3_row_literal_P0224,组3_row_literal_P0238,,,0.0,2.396214031971352e-10,0.0,connected,gap<=1.8,capsule_then_flat_cylinder_gjk,0.0,6,True,1.212844625419613e-12,1.212844625419613e-12,True,,,,,,
A_row_literal,row_literal,disconnected_fragments,组3:PAIR:r227:r273,组3,cylinder_contact,r227,r273,227,273,,组3_row_literal_P0225,组3_row_literal_P0271,,,0.0,2.9168753663635964e-10,0.0,connected,gap<=1.8,capsule_then_flat_cylinder_gjk,0.0,4,True,2.5579538487363607e-13,2.5579538487363607e-13,True,,,,,,
A_row_literal,row_literal,disconnected_fragments,组3:PAIR:r227:r297,组3,cylinder_contact,r227,r297,227,297,,组3_row_literal_P0225,组3_row_literal_P0295,,,0.0,2.923306465074365e-10,0.0,connected,gap<=1.8,capsule_then_flat_cylinder_gjk,0.0,4,True,1.632702903446565e-13,1.632702903446565e-13,True,,,,,,
A_row_literal,row_literal,disconnected_fragments,组3:PAIR:r229:r283,组3,cylinder_contact,r229,r283,229,283,,组3_row_literal_P0227,组3_row_literal_P0281,,,0.0,2.9094623998356114e-10,0.0,connected,gap<=1.8,capsule_then_flat_cylinder_gjk,0.0,4,True,4.617981178760124e-13,4.617981178760124e-13,True,,,,,,
A_row_literal,row_literal,disconnected_fragments,组3:PAIR:r235:r323,组3,cylinder_contact,r235,r323,235,323,,组3_row_literal_P0233,组3_row_literal_P0321,,,0.0,3.0650279439901365e-10,0.0,connected,gap<=1.8,capsule_then_flat_cylinder_gjk,0.0,6,True,7.626344918775623e-13,7.626344918775623e-13,True,,,,,,
A_row_literal,row_literal,disconnected_fragments,组3:PAIR:r235:r364,组3,cylinder_contact,r235,r364,235,364,,组3_row_literal_P0233,组3_row_literal_P0362,,,0.0,2.532451079585132e-10,0.0,connected,gap<=1.8,capsule_then_flat_cylinder_gjk,0.0,5,True,3.215549355384371e-13,3.215549355384371e-13,True,,,,,,
A_row_literal,row_literal,disconnected_fragments,组3:PAIR:r240:r316,组3,cylinder_contact,r240,r316,240,316,,组3_row_literal_P0238,组3_row_literal_P0314,,,0.0,2.209260186921251e-10,0.0,connected,gap<=1.8,capsule_then_flat_cylinder_gjk,0.0,6,True,1.1457157353758233e-13,1.1457157353758233e-13,True,,,,,,
A_row_literal,row_literal,disconnected_fragments,组3:PAIR:r240:r389,组3,cylinder_contact,r240,r389,240,389,,组3_row_literal_P0238,组3_row_literal_P0387,,,0.0,2.685357951485943e-10,0.0,connected,gap<=1.8,capsule_then_flat_cylinder_gjk,0.0,5,True,3.5950934718225415e-13,3.5950934718225415e-13,True,,,,,,
A_row_literal,row_literal,disconnected_fragments,组3:PAIR:r244:r248,组3,cylinder_contact,r244,r248,244,248,,组3_row_literal_P0242,组3_row_literal_P0246,,,0.0,2.9305337103152396e-10,0.0,connected,gap<=1.8,capsule_then_flat_cylinder_gjk,0.0,6,True,6.278560827688159e-13,6.278560827688159e-13,True,,,,,,
A_row_literal,row_literal,disconnected_fragments,组3:PAIR:r244:r254,组3,cylinder_contact,r244,r254,244,254,,组3_row_literal_P0242,组3_row_literal_P0252,,,0.0,2.9623390581094036e-10,0.0,connected,gap<=1.8,capsule_then_flat_cylinder_gjk,0.0,4,True,7.78360568894479e-14,7.78360568894479e-14,True,,,,,,
A_row_literal,row_literal,disconnected_fragments,组3:PAIR:r248:r254,组3,cylinder_contact,r248,r254,248,254,,组3_row_literal_P0246,组3_row_literal_P0252,,,0.0,2.9551367933102037e-10,0.0,connected,gap<=1.8,capsule_then_flat_cylinder_gjk,0.0,4,True,7.279509460923747e-13,7.279509460923747e-13,True,,,,,,
A_row_literal,row_literal,disconnected_fragments,组3:PAIR:r251:r266,组3,cylinder_contact,r251,r266,251,266,,组3_row_literal_P0249,组3_row_literal_P0264,,,0.0,1.824541306788274e-10,0.0,connected,gap<=1.8,capsule_then_flat_cylinder_gjk,0.0,4,True,3.410605131648481e-13,3.410605131648481e-13,True,,,,,,
A_row_literal,row_literal,disconnected_fragments,组3:PAIR:r251:r274,组3,cylinder_contact,r251,r274,251,274,,组3_row_literal_P0249,组3_row_literal_P0272,,,0.0,2.607521111882691e-10,0.0,connected,gap<=1.8,capsule_then_flat_cylinder_gjk,0.0,4,True,8.354242286656624e-13,8.354242286656624e-13,True,,,,,,
A_row_literal,row_literal,disconnected_fragments,组3:PAIR:r257:r291,组3,cylinder_contact,r257,r291,257,291,,组3_row_literal_P0255,组3_row_literal_P0289,,,0.0,2.0842647623098825e-10,0.0,connected,gap<=1.8,capsule_then_flat_cylinder_gjk,0.0,5,True,7.031142602530156e-13,7.031142602530156e-13,True,,,,,,
A_row_literal,row_literal,disconnected_fragments,组3:PAIR:r257:r315,组3,cylinder_contact,r257,r315,257,315,,组3_row_literal_P0255,组3_row_literal_P0313,,,0.0,1.8671020428083936e-10,0.0,connected,gap<=1.8,capsule_then_flat_cylinder_gjk,0.0,5,True,3.177643716156509e-13,3.177643716156509e-13,True,,,,,,
A_row_literal,row_literal,disconnected_fragments,组3:PAIR:r259:r330,组3,cylinder_contact,r259,r330,259,330,,组3_row_literal_P0257,组3_row_literal_P0328,,,0.0,1.4511157245606337e-10,0.0,connected,gap<=1.8,capsule_then_flat_cylinder_gjk,0.0,6,True,9.25343817704044e-13,9.25343817704044e-13,True,,,,,,
A_row_literal,row_literal,disconnected_fragments,组3:PAIR:r262:r423,组3,cylinder_contact,r262,r423,262,423,,组3_row_literal_P0260,组3_row_literal_P0421,,,0.0,2.1765580931130912e-10,0.0,connected,gap<=1.8,capsule_then_flat_cylinder_gjk,0.0,5,True,9.54563326089707e-13,9.54563326089707e-13,True,,,,,,
A_row_literal,row_literal,disconnected_fragments,组3:PAIR:r265:r278,组3,cylinder_contact,r265,r278,265,278,,组3_row_literal_P0263,组3_row_literal_P0276,,,0.0,2.9801955429294825e-10,0.0,connected,gap<=1.8,capsule_then_flat_cylinder_gjk,0.0,4,True,1.4210854715202004e-14,1.4210854715202004e-14,True,,,,,,
A_row_literal,row_literal,disconnected_fragments,组3:PAIR:r267:r414,组3,cylinder_contact,r267,r414,267,414,,组3_row_literal_P0265,组3_row_literal_P0412,,,0.0,3.56267730543135e-10,0.0,connected,gap<=1.8,capsule_then_flat_cylinder_gjk,0.0,5,True,1.392373714442771e-13,1.392373714442771e-13,True,,,,,,
A_row_literal,row_literal,disconnected_fragments,组3:PAIR:r269:r317,组3,cylinder_contact,r269,r317,269,317,,组3_row_literal_P0267,组3_row_literal_P0315,,,0.0,2.698550043861707e-10,0.0,connected,gap<=1.8,capsule_then_flat_cylinder_gjk,0.0,6,True,4.591667681496436e-13,4.591667681496436e-13,True,,,,,,
A_row_literal,row_literal,disconnected_fragments,组3:PAIR:r275:r296,组3,cylinder_contact,r275,r296,275,296,,组3_row_literal_P0273,组3_row_literal_P0294,,,0.0,2.5016335154441323e-10,0.0,connected,gap<=1.8,capsule_then_flat_cylinder_gjk,0.0,5,True,6.915300366811402e-13,6.915300366811402e-13,True,,,,,,
A_row_literal,row_literal,disconnected_fragments,组3:PAIR:r278:r302,组3,cylinder_contact,r278,r302,278,302,,组3_row_literal_P0276,组3_row_literal_P0300,,,0.0,3.705586404203881e-10,0.0,connected,gap<=1.8,capsule_then_flat_cylinder_gjk,0.0,5,True,4.602649920770332e-13,4.602649920770332e-13,True,,,,,,
A_row_literal,row_literal,disconnected_fragments,组3:PAIR:r279:r319,组3,cylinder_contact,r279,r319,279,319,,组3_row_literal_P0277,组3_row_literal_P0317,,,0.0,2.3757270128329836e-10,0.0,connected,gap<=1.8,capsule_then_flat_cylinder_gjk,0.0,4,True,2.8421709430404007e-13,2.8421709430404007e-13,True,,,,,,
A_row_literal,row_literal,disconnected_fragments,组3:PAIR:r280:r308,组3,cylinder_contact,r280,r308,280,308,,组3_row_literal_P0278,组3_row_literal_P0306,,,0.0,2.5829724083158627e-10,0.0,connected,gap<=1.8,capsule_then_flat_cylinder_gjk,0.0,6,True,1.4559018921847493e-12,1.4559018921847493e-12,True,,,,,,
A_row_literal,row_literal,disconnected_fragments,组3:PAIR:r285:r294,组3,cylinder_contact,r285,r294,285,294,,组3_row_literal_P0283,组3_row_literal_P0292,,,0.0,3.177437386588334e-10,0.0,connected,gap<=1.8,capsule_then_flat_cylinder_gjk,0.0,5,True,1.449228509952941e-13,1.449228509952941e-13,True,,,,,,
A_row_literal,row_literal,disconnected_fragments,组3:PAIR:r295:r451,组3,cylinder_contact,r295,r451,295,451,,组3_row_literal_P0293,组3_row_literal_P0449,,,1.4529593453894278,1.452959348626191,1.4529593470078095,connected,gap<=1.8,capsule_then_flat_cylinder_gjk,1.4529593482501113,11,False,1.4529593482498315,1.2420220407705074e-09,True,,,,,,
A_row_literal,row_literal,disconnected_fragments,组3:PAIR:r297:r438,组3,cylinder_contact,r297,r438,297,438,,组3_row_literal_P0295,组3_row_literal_P0436,,,0.0,3.2335519616026216e-10,0.0,connected,gap<=1.8,capsule_then_flat_cylinder_gjk,0.0,4,True,8.507543922801099e-13,8.507543922801099e-13,True,,,,,,
A_row_literal,row_literal,disconnected_fragments,组3:PAIR:r305:r330,组3,cylinder_contact,r305,r330,305,330,,组3_row_literal_P0303,组3_row_literal_P0328,,,0.0,1.5107499996738364e-10,0.0,connected,gap<=1.8,capsule_then_flat_cylinder_gjk,0.0,4,True,7.190186943645083e-13,7.190186943645083e-13,True,,,,,,
A_row_literal,row_literal,disconnected_fragments,组3:PAIR:r307:r481,组3,cylinder_contact,r307,r481,307,481,,组3_row_literal_P0305,组3_row_literal_P0479,,,0.0,2.4618112744401226e-10,0.0,connected,gap<=1.8,capsule_then_flat_cylinder_gjk,0.0,5,True,9.166827466555184e-13,9.166827466555184e-13,True,,,,,,
A_row_literal,row_literal,disconnected_fragments,组3:PAIR:r310:r319,组3,cylinder_contact,r310,r319,310,319,,组3_row_literal_P0308,组3_row_literal_P0317,,,0.0,2.367455331942225e-10,0.0,connected,gap<=1.8,capsule_then_flat_cylinder_gjk,0.0,4,True,2.1457920056692358e-13,2.1457920056692358e-13,True,,,,,,
A_row_literal,row_literal,disconnected_fragments,组3:PAIR:r311:r398,组3,cylinder_contact,r311,r398,311,398,,组3_row_literal_P0309,组3_row_literal_P0396,,,0.0,2.669711402285452e-10,0.0,connected,gap<=1.8,capsule_then_flat_cylinder_gjk,0.0,4,True,4.687428401686771e-13,4.687428401686771e-13,True,,,,,,
A_row_literal,row_literal,disconnected_fragments,组3:PAIR:r313:r380,组3,cylinder_contact,r313,r380,313,380,,组3_row_literal_P0311,组3_row_literal_P0378,,,0.0,3.1414922605195625e-10,0.0,connected,gap<=1.8,capsule_then_flat_cylinder_gjk,0.0,5,True,2.2422549276730047e-12,2.2422549276730047e-12,True,,,,,,
A_row_literal,row_literal,disconnected_fragments,组3:PAIR:r318:r323,组3,cylinder_contact,r318,r323,318,323,,组3_row_literal_P0316,组3_row_literal_P0321,,,0.0,3.063186714432367e-10,0.0,connected,gap<=1.8,capsule_then_flat_cylinder_gjk,0.0,5,True,5.209785393794664e-13,5.209785393794664e-13,True,,,,,,
A_row_literal,row_literal,disconnected_fragments,组3:PAIR:r320:r341,组3,cylinder_contact,r320,r341,320,341,,组3_row_literal_P0318,组3_row_literal_P0339,,,0.0,1.4312323574856354e-10,0.0,connected,gap<=1.8,capsule_then_flat_cylinder_gjk,0.0,5,True,8.921056211695389e-11,8.921056211695389e-11,True,,,,,,
A_row_literal,row_literal,disconnected_fragments,组3:PAIR:r320:r486,组3,cylinder_contact,r320,r486,320,486,,组3_row_literal_P0318,组3_row_literal_P0484,,,1.2065018440911464,1.2065018445999443,1.2065018443455453,connected,gap<=1.8,capsule_then_flat_cylinder_gjk,0.0,36,True,1.2065018443719102,2.6364910254983442e-11,True,,,,,,
A_row_literal,row_literal,disconnected_fragments,组3:PAIR:r322:r326,组3,cylinder_contact,r322,r326,322,326,,组3_row_literal_P0320,组3_row_literal_P0324,,,0.0,1.4257706489324667e-10,0.0,connected,gap<=1.8,capsule_then_flat_cylinder_gjk,0.0,5,True,9.235962357520249e-13,9.235962357520249e-13,True,,,,,,
A_row_literal,row_literal,disconnected_fragments,组3:PAIR:r322:r330,组3,cylinder_contact,r322,r330,322,330,,组3_row_literal_P0320,组3_row_literal_P0328,,,0.0,1.4497795171338934e-10,0.0,connected,gap<=1.8,capsule_then_flat_cylinder_gjk,0.0,4,True,4.687428401686771e-13,4.687428401686771e-13,True,,,,,,
A_row_literal,row_literal,disconnected_fragments,组3:PAIR:r325:r375,组3,cylinder_contact,r325,r375,325,375,,组3_row_literal_P0323,组3_row_literal_P0373,,,0.0,1.6234731147628353e-10,0.0,connected,gap<=1.8,capsule_then_flat_cylinder_gjk,0.0,5,True,2.2737367544323206e-13,2.2737367544323206e-13,True,,,,,,
A_row_literal,row_literal,disconnected_fragments,组3:PAIR:r326:r330,组3,cylinder_contact,r326,r330,326,330,,组3_row_literal_P0324,组3_row_literal_P0328,,,0.0,1.5469338570899601e-10,0.0,connected,gap<=1.8,capsule_then_flat_cylinder_gjk,0.0,4,True,3.9382275817135387e-13,3.9382275817135387e-13,True,,,,,,
A_row_literal,row_literal,disconnected_fragments,组3:PAIR:r340:r400,组3,cylinder_contact,r340,r400,340,400,,组3_row_literal_P0338,组3_row_literal_P0398,,,0.0,3.684163832082509e-10,0.0,connected,gap<=1.8,capsule_then_flat_cylinder_gjk,0.0,4,True,9.205299841540664e-13,9.205299841540664e-13,True,,,,,,
A_row_literal,row_literal,disconnected_fragments,组3:PAIR:r342:r343,组3,cylinder_contact,r342,r343,342,343,,组3_row_literal_P0340,组3_row_literal_P0341,,,0.0,2.400318333864524e-10,0.0,connected,gap<=1.8,capsule_then_flat_cylinder_gjk,0.0,4,True,1.1138989715542167e-12,1.1138989715542167e-12,True,,,,,,
A_row_literal,row_literal,disconnected_fragments,组3:PAIR:r345:r355,组3,cylinder_contact,r345,r355,345,355,,组3_row_literal_P0343,组3_row_literal_P0353,,,0.0,2.3640777920416116e-10,0.0,connected,gap<=1.8,capsule_then_flat_cylinder_gjk,0.0,5,True,1.2912342630898533e-12,1.2912342630898533e-12,True,,,,,,
A_row_literal,row_literal,disconnected_fragments,组3:PAIR:r345:r386,组3,cylinder_contact,r345,r386,345,386,,组3_row_literal_P0343,组3_row_literal_P0384,,,0.0,2.358393450155531e-10,0.0,connected,gap<=1.8,capsule_then_flat_cylinder_gjk,0.0,4,True,4.749984274667112e-10,4.749984274667112e-10,True,,,,,,
A_row_literal,row_literal,disconnected_fragments,组3:PAIR:r349:r369,组3,cylinder_contact,r349,r369,349,369,,组3_row_literal_P0347,组3_row_literal_P0367,,,0.0,2.47756972998614e-10,0.0,connected,gap<=1.8,capsule_then_flat_cylinder_gjk,0.0,6,True,6.967667714054224e-13,6.967667714054224e-13,True,,,,,,
A_row_literal,row_literal,disconnected_fragments,组3:PAIR:r349:r397,组3,cylinder_contact,r349,r397,349,397,,组3_row_literal_P0347,组3_row_literal_P0395,,,0.0,2.6031819486092913e-10,0.0,connected,gap<=1.8,capsule_then_flat_cylinder_gjk,0.0,4,True,4.238933840384142e-12,4.238933840384142e-12,True,,,,,,
A_row_literal,row_literal,disconnected_fragments,组3:PAIR:r353:r453,组3,cylinder_contact,r353,r453,353,453,,组3_row_literal_P0351,组3_row_literal_P0451,,,0.0,2.5768936463731633e-10,0.0,connected,gap<=1.8,capsule_then_flat_cylinder_gjk,0.0,4,True,2.0495186137532014e-13,2.0495186137532014e-13,True,,,,,,
A_row_literal,row_literal,disconnected_fragments,组3:PAIR:r354:r358,组3,cylinder_contact,r354,r358,354,358,,组3_row_literal_P0352,组3_row_literal_P0356,,,0.0,2.775583005623495e-10,0.0,connected,gap<=1.8,capsule_then_flat_cylinder_gjk,0.0,5,True,1.7975467359112708e-13,1.7975467359112708e-13,True,,,,,,
A_row_literal,row_literal,disconnected_fragments,组3:PAIR:r359:r360,组3,cylinder_contact,r359,r360,359,360,,组3_row_literal_P0357,组3_row_literal_P0358,,,0.0,2.456481369825429e-10,0.0,connected,gap<=1.8,capsule_then_flat_cylinder_gjk,0.0,4,True,0.0,0.0,True,,,,,,
A_row_literal,row_literal,disconnected_fragments,组3:PAIR:r369:r430,组3,cylinder_contact,r369,r430,369,430,,组3_row_literal_P0367,组3_row_literal_P0428,,,0.0,2.613156070377339e-10,0.0,connected,gap<=1.8,capsule_then_flat_cylinder_gjk,0.0,5,True,5.6843418860808e-13,5.6843418860808e-13,True,,,,,,
A_row_literal,row_literal,disconnected_fragments,组3:PAIR:r379:r502,组3,cylinder_contact,r379,r502,379,502,,组3_row_literal_P0377,组3_row_literal_P0500,,,0.0,3.396179140685914e-10,0.0,connected,gap<=1.8,capsule_then_flat_cylinder_gjk,0.0,5,True,4.687428401686771e-13,4.687428401686771e-13,True,,,,,,
A_row_literal,row_literal,disconnected_fragments,组3:PAIR:r381:r390,组3,cylinder_contact,r381,r390,381,390,,组3_row_literal_P0379,组3_row_literal_P0388,,,0.0,3.2983939788742185e-10,0.0,connected,gap<=1.8,capsule_then_flat_cylinder_gjk,0.0,4,True,2.4290171290001005e-12,2.4290171290001005e-12,True,,,,,,
A_row_literal,row_literal,disconnected_fragments,组3:PAIR:r382:r481,组3,cylinder_contact,r382,r481,382,481,,组3_row_literal_P0380,组3_row_literal_P0479,,,0.0,2.4624864434485803e-10,0.0,connected,gap<=1.8,capsule_then_flat_cylinder_gjk,0.0,5,True,7.279509460923745e-13,7.279509460923745e-13,True,,,,,,
A_row_literal,row_literal,disconnected_fragments,组3:PAIR:r384:r395,组3,cylinder_contact,r384,r395,384,395,,组3_row_literal_P0382,组3_row_literal_P0393,,,0.0,3.2483848930774674e-10,0.0,connected,gap<=1.8,capsule_then_flat_cylinder_gjk,0.0,6,True,6.12222357532858e-13,6.12222357532858e-13,True,,,,,,
A_row_literal,row_literal,disconnected_fragments,组3:PAIR:r391:r474,组3,cylinder_contact,r391,r474,391,474,,组3_row_literal_P0389,组3_row_literal_P0472,,,0.0,2.448318953786431e-10,0.0,connected,gap<=1.8,capsule_then_flat_cylinder_gjk,0.0,4,True,8.889454746300438e-13,8.889454746300438e-13,True,,,,,,
A_row_literal,row_literal,disconnected_fragments,组3:PAIR:r391:r489,组3,cylinder_contact,r391,r489,391,489,,组3_row_literal_P0389,组3_row_literal_P0487,,,0.0,2.571838157237207e-10,0.0,connected,gap<=1.8,capsule_then_flat_cylinder_gjk,0.0,5,True,5.084229945850415e-13,5.084229945850415e-13,True,,,,,,
A_row_literal,row_literal,disconnected_fragments,组3:PAIR:r392:r393,组3,cylinder_contact,r392,r393,392,393,,组3_row_literal_P0390,组3_row_literal_P0391,,,0.0,3.473401692945573e-10,0.0,connected,gap<=1.8,capsule_then_flat_cylinder_gjk,0.0,5,True,1.2912342630898533e-12,1.2912342630898533e-12,True,,,,,,
A_row_literal,row_literal,disconnected_fragments,组3:PAIR:r396:r397,组3,cylinder_contact,r396,r397,396,397,,组3_row_literal_P0394,组3_row_literal_P0395,,,0.0,2.7920573375353393e-10,0.0,connected,gap<=1.8,capsule_then_flat_cylinder_gjk,0.0,6,True,2.604892696897332e-13,2.604892696897332e-13,True,,,,,,
A_row_literal,row_literal,disconnected_fragments,组3:PAIR:r408:r423,组3,cylinder_contact,r408,r423,408,423,,组3_row_literal_P0406,组3_row_literal_P0421,,,0.0,2.674226114355234e-10,0.0,connected,gap<=1.8,capsule_then_flat_cylinder_gjk,0.0,4,True,2.31335954426011e-13,2.31335954426011e-13,True,,,,,,
A_row_literal,row_literal,disconnected_fragments,组3:PAIR:r413:r448,组3,cylinder_contact,r413,r448,413,448,,组3_row_literal_P0411,组3_row_literal_P0446,,,0.0,2.607746526304305e-10,0.0,connected,gap<=1.8,capsule_then_flat_cylinder_gjk,0.0,4,True,4.263256414560601e-14,4.263256414560601e-14,True,,,,,,
A_row_literal,row_literal,disconnected_fragments,组3:PAIR:r429:r438,组3,cylinder_contact,r429,r438,429,438,,组3_row_literal_P0427,组3_row_literal_P0436,,,0.0,3.2259412377114166e-10,0.0,connected,gap<=1.8,capsule_then_flat_cylinder_gjk,0.0,4,True,5.684341886080802e-14,5.684341886080802e-14,True,,,,,,
A_row_literal,row_literal,disconnected_fragments,组3:PAIR:r430:r450,组3,cylinder_contact,r430,r450,430,450,,组3_row_literal_P0428,组3_row_literal_P0448,,,0.0,2.777935588946599e-10,0.0,connected,gap<=1.8,capsule_then_flat_cylinder_gjk,0.0,5,True,6.653351596650978e-13,6.653351596650978e-13,True,,,,,,
A_row_literal,row_literal,disconnected_fragments,组3:PAIR:r431:r501,组3,cylinder_contact,r431,r501,431,501,,组3_row_literal_P0429,组3_row_literal_P0499,,,0.0,2.535977347409275e-10,0.0,connected,gap<=1.8,capsule_then_flat_cylinder_gjk,0.0,4,True,3.642262423977992e-10,3.642262423977992e-10,True,,,,,,
A_row_literal,row_literal,disconnected_fragments,组3:PAIR:r439:r450,组3,cylinder_contact,r439,r450,439,450,,组3_row_literal_P0437,组3_row_literal_P0448,,,0.0,2.7832981863567434e-10,0.0,connected,gap<=1.8,capsule_then_flat_cylinder_gjk,0.0,5,True,1.1368683772161603e-13,1.1368683772161603e-13,True,,,,,,
A_row_literal,row_literal,disconnected_fragments,组3:PAIR:r448:r496,组3,cylinder_contact,r448,r496,448,496,,组3_row_literal_P0446,组3_row_literal_P0494,,,0.0,2.758813483855791e-10,0.0,connected,gap<=1.8,capsule_then_flat_cylinder_gjk,0.0,5,True,1.1607754604859869e-12,1.1607754604859869e-12,True,,,,,,
A_row_literal,row_literal,disconnected_fragments,组3:PAIR:r455:r489,组3,cylinder_contact,r455,r489,455,489,,组3_row_literal_P0453,组3_row_literal_P0487,,,0.0,2.5725536036779325e-10,0.0,connected,gap<=1.8,capsule_then_flat_cylinder_gjk,0.0,5,True,7.928841929790065e-13,7.928841929790065e-13,True,,,,,,
A_row_literal,row_literal,disconnected_fragments,组3:PAIR:r462:r511,组3,cylinder_contact,r462,r511,462,511,,组3_row_literal_P0460,组3_row_literal_P0509,,,0.0,3.0824811524761763e-10,0.0,connected,gap<=1.8,capsule_then_flat_cylinder_gjk,0.0,5,True,9.11269327268735e-13,9.11269327268735e-13,True,,,,,,
A_row_literal,row_literal,disconnected_fragments,组3:PAIR:r466:r526,组3,cylinder_contact,r466,r526,466,526,,组3_row_literal_P0464,组3_row_literal_P0524,,,0.0,3.1938065706352716e-10,0.0,connected,gap<=1.8,capsule_then_flat_cylinder_gjk,0.0,5,True,1.378672645345762e-12,1.378672645345762e-12,True,,,,,,
A_row_literal,row_literal,disconnected_fragments,组3:PAIR:r474:r485,组3,cylinder_contact,r474,r485,474,485,,组3_row_literal_P0472,组3_row_literal_P0483,,,0.0,2.8241144636983253e-10,0.0,connected,gap<=1.8,capsule_then_flat_cylinder_gjk,0.0,5,True,9.392074185745005e-13,9.392074185745005e-13,True,,,,,,
A_row_literal,row_literal,disconnected_fragments,组3:PAIR:r474:r489,组3,cylinder_contact,r474,r489,474,489,,组3_row_literal_P0472,组3_row_literal_P0487,,,0.0,2.5674789722667007e-10,0.0,connected,gap<=1.8,capsule_then_flat_cylinder_gjk,0.0,5,True,4.253771961400549e-13,4.253771961400549e-13,True,,,,,,
A_row_literal,row_literal,disconnected_fragments,组3:PAIR:r484:r531,组3,cylinder_contact,r484,r531,484,531,,组3_row_literal_P0482,组3_row_literal_P0529,,,0.0,2.88223443696985e-10,0.0,connected,gap<=1.8,capsule_then_flat_cylinder_gjk,0.0,7,True,1.1368683772161603e-13,1.1368683772161603e-13,True,,,,,,
A_row_literal,row_literal,disconnected_fragments,组3:PAIR:r485:r489,组3,cylinder_contact,r485,r489,485,489,,组3_row_literal_P0483,组3_row_literal_P0487,,,0.0,2.8370934167814443e-10,0.0,connected,gap<=1.8,capsule_then_flat_cylinder_gjk,0.0,5,True,2.2914314707516465e-13,2.2914314707516465e-13,True,,,,,,
A_row_literal,row_literal,disconnected_fragments,组3:PAIR:r495:r521,组3,cylinder_contact,r495,r521,495,521,,组3_row_literal_P0493,组3_row_literal_P0519,,,0.0,3.489508915914903e-10,0.0,connected,gap<=1.8,capsule_then_flat_cylinder_gjk,0.0,5,True,3.228085657724633e-13,3.228085657724633e-13,True,,,,,,
A_row_literal,row_literal,connected_same_particle,组1:ELECTRODE:LEFT:r3,组1,electrode_contact,LEFT,r3,,3,left,LEFT,组1_row_literal_P0001,,,0.0,0.0,0.0,connected,gap<=1.8,closed_form_cylinder_plane,,0,True,,,,,,,,,
A_row_literal,row_literal,connected_same_particle,组1:ELECTRODE:LEFT:r4,组1,electrode_contact,LEFT,r4,,4,left,LEFT,组1_row_literal_P0002,,,0.0,0.0,0.0,connected,gap<=1.8,closed_form_cylinder_plane,,0,True,,,,,,,,,
A_row_literal,row_literal,connected_same_particle,组1:ELECTRODE:LEFT:r5,组1,electrode_contact,LEFT,r5,,5,left,LEFT,组1_row_literal_P0003,,,0.0,0.0,0.0,connected,gap<=1.8,closed_form_cylinder_plane,,0,True,,,,,,,,,
A_row_literal,row_literal,connected_same_particle,组1:ELECTRODE:RIGHT:r10,组1,electrode_contact,r10,RIGHT,10,,right,组1_row_literal_P0008,RIGHT,,,0.0,0.0,0.0,connected,gap<=1.8,closed_form_cylinder_plane,,0,True,,,,,,,,,
A_row_literal,row_literal,connected_same_particle,组1:ELECTRODE:RIGHT:r11,组1,electrode_contact,r11,RIGHT,11,,right,组1_row_literal_P0009,RIGHT,,,0.0,0.0,0.0,connected,gap<=1.8,closed_form_cylinder_plane,,0,True,,,,,,,,,
A_row_literal,row_literal,connected_same_particle,组1:ELECTRODE:RIGHT:r12,组1,electrode_contact,r12,RIGHT,12,,right,组1_row_literal_P0010,RIGHT,,,0.0,0.0,0.0,connected,gap<=1.8,closed_form_cylinder_plane,,0,True,,,,,,,,,
A_row_literal,row_literal,connected_same_particle,组1:ELECTRODE:RIGHT:r14,组1,electrode_contact,r14,RIGHT,14,,right,组1_row_literal_P0012,RIGHT,,,0.0,0.0,0.0,connected,gap<=1.8,closed_form_cylinder_plane,,0,True,,,,,,,,,
A_row_literal,row_literal,connected_same_particle,组1:PAIR:r3:r6,组1,cylinder_contact,r3,r6,3,6,,组1_row_literal_P0001,组1_row_literal_P0004,,,0.0,2.170009413277917e-10,0.0,connected,gap<=1.8,capsule_then_flat_cylinder_gjk,0.0,5,True,3.1776437161565096e-14,3.1776437161565096e-14,True,,,,,,
A_row_literal,row_literal,connected_same_particle,组1:PAIR:r11:r12,组1,cylinder_contact,r11,r12,11,12,,组1_row_literal_P0009,组1_row_literal_P0010,,,0.0,2.0966613025182378e-10,0.0,connected,gap<=1.8,capsule_then_flat_cylinder_gjk,0.0,4,True,3.4107901638000697e-13,3.4107901638000697e-13,True,,,,,,
A_row_literal,row_literal,connected_same_particle,组2:ELECTRODE:LEFT:r3,组2,electrode_contact,LEFT,r3,,3,left,LEFT,组2_row_literal_P0001,,,0.0,0.0,0.0,connected,gap<=1.8,closed_form_cylinder_plane,,0,True,,,,,,,,,
A_row_literal,row_literal,connected_same_particle,组2:ELECTRODE:LEFT:r4,组2,electrode_contact,LEFT,r4,,4,left,LEFT,组2_row_literal_P0002,,,0.0,0.0,0.0,connected,gap<=1.8,closed_form_cylinder_plane,,0,True,,,,,,,,,
A_row_literal,row_literal,connected_same_particle,组2:ELECTRODE:LEFT:r5,组2,electrode_contact,LEFT,r5,,5,left,LEFT,组2_row_literal_P0003,,,0.0,0.0,0.0,connected,gap<=1.8,closed_form_cylinder_plane,,0,True,,,,,,,,,
A_row_literal,row_literal,connected_same_particle,组2:ELECTRODE:LEFT:r6,组2,electrode_contact,LEFT,r6,,6,left,LEFT,组2_row_literal_P0004,,,0.0,0.0,0.0,connected,gap<=1.8,closed_form_cylinder_plane,,0,True,,,,,,,,,
A_row_literal,row_literal,connected_same_particle,组2:ELECTRODE:LEFT:r7,组2,electrode_contact,LEFT,r7,,7,left,LEFT,组2_row_literal_P0005,,,0.0,0.0,0.0,connected,gap<=1.8,closed_form_cylinder_plane,,0,True,,,,,,,,,
A_row_literal,row_literal,connected_same_particle,组2:ELECTRODE:LEFT:r8,组2,electrode_contact,LEFT,r8,,8,left,LEFT,组2_row_literal_P0006,,,0.0,0.0,0.0,connected,gap<=1.8,closed_form_cylinder_plane,,0,True,,,,,,,,,
A_row_literal,row_literal,connected_same_particle,组2:ELECTRODE:LEFT:r9,组2,electrode_contact,LEFT,r9,,9,left,LEFT,组2_row_literal_P0007,,,0.0,0.0,0.0,connected,gap<=1.8,closed_form_cylinder_plane,,0,True,,,,,,,,,
A_row_literal,row_literal,connected_same_particle,组2:ELECTRODE:LEFT:r10,组2,electrode_contact,LEFT,r10,,10,left,LEFT,组2_row_literal_P0008,,,0.0,0.0,0.0,connected,gap<=1.8,closed_form_cylinder_plane,,0,True,,,,,,,,,
A_row_literal,row_literal,connected_same_particle,组2:ELECTRODE:LEFT:r11,组2,electrode_contact,LEFT,r11,,11,left,LEFT,组2_row_literal_P0009,,,0.0,0.0,0.0,connected,gap<=1.8,closed_form_cylinder_plane,,0,True,,,,,,,,,
A_row_literal,row_literal,connected_same_particle,组2:ELECTRODE:LEFT:r12,组2,electrode_contact,LEFT,r12,,12,left,LEFT,组2_row_literal_P0010,,,0.0,0.0,0.0,connected,gap<=1.8,closed_form_cylinder_plane,,0,True,,,,,,,,,
A_row_literal,row_literal,connected_same_particle,组2:ELECTRODE:LEFT:r13,组2,electrode_contact,LEFT,r13,,13,left,LEFT,组2_row_literal_P0011,,,0.0,0.0,0.0,connected,gap<=1.8,closed_form_cylinder_plane,,0,True,,,,,,,,,
A_row_literal,row_literal,connected_same_particle,组2:ELECTRODE:RIGHT:r36,组2,electrode_contact,r36,RIGHT,36,,right,组2_row_literal_P0034,RIGHT,,,0.0,0.0,0.0,connected,gap<=1.8,closed_form_cylinder_plane,,0,True,,,,,,,,,
A_row_literal,row_literal,connected_same_particle,组2:ELECTRODE:RIGHT:r40,组2,electrode_contact,r40,RIGHT,40,,right,组2_row_literal_P0038,RIGHT,,,0.0,0.0,0.0,connected,gap<=1.8,closed_form_cylinder_plane,,0,True,,,,,,,,,
A_row_literal,row_literal,connected_same_particle,组2:ELECTRODE:RIGHT:r41,组2,electrode_contact,r41,RIGHT,41,,right,组2_row_literal_P0039,RIGHT,,,0.0,0.0,0.0,connected,gap<=1.8,closed_form_cylinder_plane,,0,True,,,,,,,,,
A_row_literal,row_literal,connected_same_particle,组2:ELECTRODE:RIGHT:r44,组2,electrode_contact,r44,RIGHT,44,,right,组2_row_literal_P0042,RIGHT,,,0.0,0.0,0.0,connected,gap<=1.8,closed_form_cylinder_plane,,0,True,,,,,,,,,
A_row_literal,row_literal,connected_same_particle,组2:ELECTRODE:RIGHT:r45,组2,electrode_contact,r45,RIGHT,45,,right,组2_row_literal_P0043,RIGHT,,,0.0,0.0,0.0,connected,gap<=1.8,closed_form_cylinder_plane,,0,True,,,,,,,,,
A_row_literal,row_literal,connected_same_particle,组2:ELECTRODE:RIGHT:r46,组2,electrode_contact,r46,RIGHT,46,,right,组2_row_literal_P0044,RIGHT,,,0.0,0.0,0.0,connected,gap<=1.8,closed_form_cylinder_plane,,0,True,,,,,,,,,
A_row_literal,row_literal,connected_same_particle,组2:ELECTRODE:RIGHT:r47,组2,electrode_contact,r47,RIGHT,47,,right,组2_row_literal_P0045,RIGHT,,,0.0,0.0,0.0,connected,gap<=1.8,closed_form_cylinder_plane,,0,True,,,,,,,,,
A_row_literal,row_literal,connected_same_particle,组2:ELECTRODE:RIGHT:r48,组2,electrode_contact,r48,RIGHT,48,,right,组2_row_literal_P0046,RIGHT,,,0.0,0.0,0.0,connected,gap<=1.8,closed_form_cylinder_plane,,0,True,,,,,,,,,
A_row_literal,row_literal,connected_same_particle,组2:ELECTRODE:RIGHT:r49,组2,electrode_contact,r49,RIGHT,49,,right,组2_row_literal_P0047,RIGHT,,,0.0,0.0,0.0,connected,gap<=1.8,closed_form_cylinder_plane,,0,True,,,,,,,,,
A_row_literal,row_literal,connected_same_particle,组2:ELECTRODE:RIGHT:r50,组2,electrode_contact,r50,RIGHT,50,,right,组2_row_literal_P0048,RIGHT,,,0.0,0.0,0.0,connected,gap<=1.8,closed_form_cylinder_plane,,0,True,,,,,,,,,
A_row_literal,row_literal,connected_same_particle,组2:ELECTRODE:RIGHT:r51,组2,electrode_contact,r51,RIGHT,51,,right,组2_row_literal_P0049,RIGHT,,,0.0,0.0,0.0,connected,gap<=1.8,closed_form_cylinder_plane,,0,True,,,,,,,,,
A_row_literal,row_literal,connected_same_particle,组2:PAIR:r4:r13,组2,cylinder_contact,r4,r13,4,13,,组2_row_literal_P0002,组2_row_literal_P0011,,,0.0,1.9903950043506905e-10,0.0,connected,gap<=1.8,capsule_then_flat_cylinder_gjk,0.0,5,True,2.308990589380062e-13,2.308990589380062e-13,True,,,,,,
A_row_literal,row_literal,connected_same_particle,组2:PAIR:r4:r14,组2,cylinder_contact,r4,r14,4,14,,组2_row_literal_P0002,组2_row_literal_P0012,,,0.0,1.6746695940092656e-10,0.0,connected,gap<=1.8,capsule_then_flat_cylinder_gjk,0.0,6,True,5.453474041662791e-10,5.453474041662791e-10,True,,,,,,
A_row_literal,row_literal,connected_same_particle,组2:PAIR:r5:r8,组2,cylinder_contact,r5,r8,5,8,,组2_row_literal_P0003,组2_row_literal_P0006,,,0.0,2.330633945603017e-10,0.0,connected,gap<=1.8,capsule_then_flat_cylinder_gjk,0.0,4,True,1.1588601317882371e-13,1.1588601317882371e-13,True,,,,,,
A_row_literal,row_literal,connected_same_particle,组2:PAIR:r5:r18,组2,cylinder_contact,r5,r18,5,18,,组2_row_literal_P0003,组2_row_literal_P0016,,,0.0,2.3804978668550276e-10,0.0,connected,gap<=1.8,capsule_then_flat_cylinder_gjk,0.0,5,True,9.099386826154683e-13,9.099386826154683e-13,True,,,,,,
A_row_literal,row_literal,connected_same_particle,组2:PAIR:r6:r7,组2,cylinder_contact,r6,r7,6,7,,组2_row_literal_P0004,组2_row_literal_P0005,,,0.0,2.0068569593554382e-10,0.0,connected,gap<=1.8,capsule_then_flat_cylinder_gjk,0.0,5,True,2.2914314707516465e-13,2.2914314707516465e-13,True,,,,,,
A_row_literal,row_literal,connected_same_particle,组2:PAIR:r13:r14,组2,cylinder_contact,r13,r14,13,14,,组2_row_literal_P0011,组2_row_literal_P0012,,,0.0,1.985972445629906e-10,0.0,connected,gap<=1.8,capsule_then_flat_cylinder_gjk,0.0,4,True,1.2789769243681803e-12,1.2789769243681803e-12,True,,,,,,
A_row_literal,row_literal,connected_same_particle,组2:PAIR:r14:r26,组2,cylinder_contact,r14,r26,14,26,,组2_row_literal_P0012,组2_row_literal_P0024,,,0.0,1.4410931306146347e-10,0.0,connected,gap<=1.8,capsule_then_flat_cylinder_gjk,0.0,4,True,5.123796534383003e-14,5.123796534383003e-14,True,,,,,,
A_row_literal,row_literal,connected_same_particle,组2:PAIR:r16:r17,组2,cylinder_contact,r16,r17,16,17,,组2_row_literal_P0014,组2_row_literal_P0015,,,0.0,1.4325883993482166e-10,0.0,connected,gap<=1.8,capsule_then_flat_cylinder_gjk,0.0,5,True,4.556346636343676e-13,4.556346636343676e-13,True,,,,,,
A_row_literal,row_literal,connected_same_particle,组2:PAIR:r16:r19,组2,cylinder_contact,r16,r19,16,19,,组2_row_literal_P0014,组2_row_literal_P0017,,,0.0,1.7265948717538152e-10,0.0,connected,gap<=1.8,capsule_then_flat_cylinder_gjk,0.0,7,True,4.565202517656249e-13,4.565202517656249e-13,True,,,,,,
A_row_literal,row_literal,connected_same_particle,组2:PAIR:r16:r36,组2,cylinder_contact,r16,r36,16,36,,组2_row_literal_P0014,组2_row_literal_P0034,,,0.0,1.465584092043925e-10,0.0,connected,gap<=1.8,capsule_then_flat_cylinder_gjk,0.0,5,True,9.094947017729282e-13,9.094947017729282e-13,True,,,,,,
A_row_literal,row_literal,connected_same_particle,组2:PAIR:r20:r32,组2,cylinder_contact,r20,r32,20,32,,组2_row_literal_P0018,组2_row_literal_P0030,,,0.0,1.4230730689125853e-10,0.0,connected,gap<=1.8,capsule_then_flat_cylinder_gjk,0.0,6,True,6.511650267020756e-13,6.511650267020756e-13,True,,,,,,
A_row_literal,row_literal,connected_same_particle,组2:PAIR:r21:r23,组2,cylinder_contact,r21,r23,21,23,,组2_row_literal_P0019,组2_row_literal_P0021,,,0.0,1.4235358045374003e-10,0.0,connected,gap<=1.8,capsule_then_flat_cylinder_gjk,0.0,5,True,1.2445774151355083e-11,1.2445774151355083e-11,True,,,,,,
A_row_literal,row_literal,connected_same_particle,组2:PAIR:r25:r31,组2,cylinder_contact,r25,r31,25,31,,组2_row_literal_P0023,组2_row_literal_P0029,,,0.0,1.4280326400349035e-10,0.0,connected,gap<=1.8,capsule_then_flat_cylinder_gjk,0.0,5,True,1.4210854715202004e-14,1.4210854715202004e-14,True,,,,,,
A_row_literal,row_literal,connected_same_particle,组2:PAIR:r25:r32,组2,cylinder_contact,r25,r32,25,32,,组2_row_literal_P0023,组2_row_literal_P0030,,,0.0,9.947931235031256e-11,0.0,connected,gap<=1.8,capsule_then_flat_cylinder_gjk,0.0,6,True,1.5208828249434925e-11,1.5208828249434925e-11,True,,,,,,
A_row_literal,row_literal,connected_same_particle,组2:PAIR:r25:r37,组2,cylinder_contact,r25,r37,25,37,,组2_row_literal_P0023,组2_row_literal_P0035,,,0.0,9.904567094827735e-11,0.0,connected,gap<=1.8,capsule_then_flat_cylinder_gjk,0.0,5,True,5.239944532003689e-10,5.239944532003689e-10,True,,,,,,
A_row_literal,row_literal,connected_same_particle,组2:PAIR:r26:r41,组2,cylinder_contact,r26,r41,26,41,,组2_row_literal_P0024,组2_row_literal_P0039,,,0.0,1.9722499377516499e-10,0.0,connected,gap<=1.8,capsule_then_flat_cylinder_gjk,0.0,5,True,1.0064104835181445e-11,1.0064104835181445e-11,True,,,,,,
A_row_literal,row_literal,connected_same_particle,组2:PAIR:r28:r35,组2,cylinder_contact,r28,r35,28,35,,组2_row_literal_P0026,组2_row_literal_P0033,,,0.0,1.432574219475372e-10,0.0,connected,gap<=1.8,capsule_then_flat_cylinder_gjk,0.0,4,True,6.821210263296962e-13,6.821210263296962e-13,True,,,,,,
A_row_literal,row_literal,connected_same_particle,组2:PAIR:r28:r38,组2,cylinder_contact,r28,r38,28,38,,组2_row_literal_P0026,组2_row_literal_P0036,,,0.0,1.4952253745703913e-10,0.0,connected,gap<=1.8,capsule_then_flat_cylinder_gjk,0.0,5,True,4.591976915943464e-13,4.591976915943464e-13,True,,,,,,
A_row_literal,row_literal,connected_same_particle,组2:PAIR:r29:r40,组2,cylinder_contact,r29,r40,29,40,,组2_row_literal_P0027,组2_row_literal_P0038,,,0.0,1.8744045431155152e-10,0.0,connected,gap<=1.8,capsule_then_flat_cylinder_gjk,0.0,5,True,2.2772866968819164e-12,2.2772866968819164e-12,True,,,,,,
A_row_literal,row_literal,connected_same_particle,组2:PAIR:r35:r36,组2,cylinder_contact,r35,r36,35,36,,组2_row_literal_P0033,组2_row_literal_P0034,,,0.0,1.465569929785847e-10,0.0,connected,gap<=1.8,capsule_then_flat_cylinder_gjk,0.0,4,True,3.4883596115620364e-13,3.4883596115620364e-13,True,,,,,,
A_row_literal,row_literal,connected_same_particle,组2:PAIR:r35:r40,组2,cylinder_contact,r35,r40,35,40,,组2_row_literal_P0033,组2_row_literal_P0038,,,0.0,1.8789581188243867e-10,0.0,connected,gap<=1.8,capsule_then_flat_cylinder_gjk,0.0,5,True,2.4116620165382783e-13,2.4116620165382783e-13,True,,,,,,
A_row_literal,row_literal,connected_same_particle,组2:PAIR:r36:r38,组2,cylinder_contact,r36,r38,36,38,,组2_row_literal_P0034,组2_row_literal_P0036,,,0.0,1.4861302138440174e-10,0.0,connected,gap<=1.8,capsule_then_flat_cylinder_gjk,0.0,5,True,1.1457157353758233e-13,1.1457157353758233e-13,True,,,,,,
A_row_literal,row_literal,connected_same_particle,组2:PAIR:r36:r45,组2,cylinder_contact,r36,r45,36,45,,组2_row_literal_P0034,组2_row_literal_P0043,,,0.0,2.2365437269505664e-10,0.0,connected,gap<=1.8,capsule_then_flat_cylinder_gjk,0.0,6,True,1.8225386545374702e-12,1.8225386545374702e-12,True,,,,,,
A_row_literal,row_literal,connected_same_particle,组2:PAIR:r42:r43,组2,cylinder_contact,r42,r43,42,43,,组2_row_literal_P0040,组2_row_literal_P0041,,,0.0,1.8988458294165568e-10,0.0,connected,gap<=1.8,capsule_then_flat_cylinder_gjk,0.0,5,True,4.81737533526774e-10,4.81737533526774e-10,True,,,,,,
A_row_literal,row_literal,connected_same_particle,组2:PAIR:r43:r46,组2,cylinder_contact,r43,r46,43,46,,组2_row_literal_P0041,组2_row_literal_P0044,,,0.0,2.3017602272136758e-10,0.0,connected,gap<=1.8,capsule_then_flat_cylinder_gjk,0.0,5,True,1.180442248897588e-13,1.180442248897588e-13,True,,,,,,
A_row_literal,row_literal,connected_same_particle,组2:PAIR:r46:r50,组2,cylinder_contact,r46,r50,46,50,,组2_row_literal_P0044,组2_row_literal_P0048,,,0.0,2.564586093539256e-10,0.0,connected,gap<=1.8,capsule_then_flat_cylinder_gjk,0.0,4,True,2.929642751054232e-14,2.929642751054232e-14,True,,,,,,
A_row_literal,row_literal,connected_same_particle,组2:PAIR:r47:r48,组2,cylinder_contact,r47,r48,47,48,,组2_row_literal_P0045,组2_row_literal_P0046,,,0.0,2.3037343521226605e-10,0.0,connected,gap<=1.8,capsule_then_flat_cylinder_gjk,0.0,5,True,1.0537414738097338e-07,1.0537414738097338e-07,True,,,,,,
A_row_literal,row_literal,connected_same_particle,组3:ELECTRODE:LEFT:r3,组3,electrode_contact,LEFT,r3,,3,left,LEFT,组3_row_literal_P0001,,,0.0,0.0,0.0,connected,gap<=1.8,closed_form_cylinder_plane,,0,True,,,,,,,,,
A_row_literal,row_literal,connected_same_particle,组3:ELECTRODE:LEFT:r4,组3,electrode_contact,LEFT,r4,,4,left,LEFT,组3_row_literal_P0002,,,0.0,0.0,0.0,connected,gap<=1.8,closed_form_cylinder_plane,,0,True,,,,,,,,,
A_row_literal,row_literal,connected_same_particle,组3:ELECTRODE:LEFT:r5,组3,electrode_contact,LEFT,r5,,5,left,LEFT,组3_row_literal_P0003,,,0.0,0.0,0.0,connected,gap<=1.8,closed_form_cylinder_plane,,0,True,,,,,,,,,
A_row_literal,row_literal,connected_same_particle,组3:ELECTRODE:LEFT:r6,组3,electrode_contact,LEFT,r6,,6,left,LEFT,组3_row_literal_P0004,,,0.0,0.0,0.0,connected,gap<=1.8,closed_form_cylinder_plane,,0,True,,,,,,,,,
A_row_literal,row_literal,connected_same_particle,组3:ELECTRODE:LEFT:r7,组3,electrode_contact,LEFT,r7,,7,left,LEFT,组3_row_literal_P0005,,,0.0,0.0,0.0,connected,gap<=1.8,closed_form_cylinder_plane,,0,True,,,,,,,,,
A_row_literal,row_literal,connected_same_particle,组3:ELECTRODE:LEFT:r8,组3,electrode_contact,LEFT,r8,,8,left,LEFT,组3_row_literal_P0006,,,0.0,0.0,0.0,connected,gap<=1.8,closed_form_cylinder_plane,,0,True,,,,,,,,,
A_row_literal,row_literal,connected_same_particle,组3:ELECTRODE:LEFT:r9,组3,electrode_contact,LEFT,r9,,9,left,LEFT,组3_row_literal_P0007,,,0.0,0.0,0.0,connected,gap<=1.8,closed_form_cylinder_plane,,0,True,,,,,,,,,
A_row_literal,row_literal,connected_same_particle,组3:ELECTRODE:LEFT:r10,组3,electrode_contact,LEFT,r10,,10,left,LEFT,组3_row_literal_P0008,,,0.0,0.0,0.0,connected,gap<=1.8,closed_form_cylinder_plane,,0,True,,,,,,,,,
A_row_literal,row_literal,connected_same_particle,组3:ELECTRODE:LEFT:r11,组3,electrode_contact,LEFT,r11,,11,left,LEFT,组3_row_literal_P0009,,,0.0,0.0,0.0,connected,gap<=1.8,closed_form_cylinder_plane,,0,True,,,,,,,,,
A_row_literal,row_literal,connected_same_particle,组3:ELECTRODE:LEFT:r12,组3,electrode_contact,LEFT,r12,,12,left,LEFT,组3_row_literal_P0010,,,0.0,0.0,0.0,connected,gap<=1.8,closed_form_cylinder_plane,,0,True,,,,,,,,,
A_row_literal,row_literal,connected_same_particle,组3:ELECTRODE:LEFT:r13,组3,electrode_contact,LEFT,r13,,13,left,LEFT,组3_row_literal_P0011,,,0.0,0.0,0.0,connected,gap<=1.8,closed_form_cylinder_plane,,0,True,,,,,,,,,
A_row_literal,row_literal,connected_same_particle,组3:ELECTRODE:LEFT:r14,组3,electrode_contact,LEFT,r14,,14,left,LEFT,组3_row_literal_P0012,,,0.0,0.0,0.0,connected,gap<=1.8,closed_form_cylinder_plane,,0,True,,,,,,,,,
A_row_literal,row_literal,connected_same_particle,组3:ELECTRODE:LEFT:r15,组3,electrode_contact,LEFT,r15,,15,left,LEFT,组3_row_literal_P0013,,,0.0,0.0,0.0,connected,gap<=1.8,closed_form_cylinder_plane,,0,True,,,,,,,,,
A_row_literal,row_literal,connected_same_particle,组3:ELECTRODE:LEFT:r16,组3,electrode_contact,LEFT,r16,,16,left,LEFT,组3_row_literal_P0014,,,0.0,0.0,0.0,connected,gap<=1.8,closed_form_cylinder_plane,,0,True,,,,,,,,,
A_row_literal,row_literal,connected_same_particle,组3:ELECTRODE:LEFT:r17,组3,electrode_contact,LEFT,r17,,17,left,LEFT,组3_row_literal_P0015,,,0.0,0.0,0.0,connected,gap<=1.8,closed_form_cylinder_plane,,0,True,,,,,,,,,
A_row_literal,row_literal,connected_same_particle,组3:ELECTRODE:LEFT:r18,组3,electrode_contact,LEFT,r18,,18,left,LEFT,组3_row_literal_P0016,,,0.0,0.0,0.0,connected,gap<=1.8,closed_form_cylinder_plane,,0,True,,,,,,,,,
A_row_literal,row_literal,connected_same_particle,组3:ELECTRODE:LEFT:r19,组3,electrode_contact,LEFT,r19,,19,left,LEFT,组3_row_literal_P0017,,,0.0,0.0,0.0,connected,gap<=1.8,closed_form_cylinder_plane,,0,True,,,,,,,,,
A_row_literal,row_literal,connected_same_particle,组3:ELECTRODE:LEFT:r20,组3,electrode_contact,LEFT,r20,,20,left,LEFT,组3_row_literal_P0018,,,0.0,0.0,0.0,connected,gap<=1.8,closed_form_cylinder_plane,,0,True,,,,,,,,,
A_row_literal,row_literal,connected_same_particle,组3:ELECTRODE:LEFT:r21,组3,electrode_contact,LEFT,r21,,21,left,LEFT,组3_row_literal_P0019,,,0.0,0.0,0.0,connected,gap<=1.8,closed_form_cylinder_plane,,0,True,,,,,,,,,
A_row_literal,row_literal,connected_same_particle,组3:ELECTRODE:LEFT:r22,组3,electrode_contact,LEFT,r22,,22,left,LEFT,组3_row_literal_P0020,,,0.0,0.0,0.0,connected,gap<=1.8,closed_form_cylinder_plane,,0,True,,,,,,,,,
A_row_literal,row_literal,connected_same_particle,组3:ELECTRODE:LEFT:r23,组3,electrode_contact,LEFT,r23,,23,left,LEFT,组3_row_literal_P0021,,,0.0,0.0,0.0,connected,gap<=1.8,closed_form_cylinder_plane,,0,True,,,,,,,,,
A_row_literal,row_literal,connected_same_particle,组3:ELECTRODE:LEFT:r24,组3,electrode_contact,LEFT,r24,,24,left,LEFT,组3_row_literal_P0022,,,0.0,0.0,0.0,connected,gap<=1.8,closed_form_cylinder_plane,,0,True,,,,,,,,,
A_row_literal,row_literal,connected_same_particle,组3:ELECTRODE:LEFT:r25,组3,electrode_contact,LEFT,r25,,25,left,LEFT,组3_row_literal_P0023,,,0.0,0.0,0.0,connected,gap<=1.8,closed_form_cylinder_plane,,0,True,,,,,,,,,
A_row_literal,row_literal,connected_same_particle,组3:ELECTRODE:LEFT:r26,组3,electrode_contact,LEFT,r26,,26,left,LEFT,组3_row_literal_P0024,,,0.0,0.0,0.0,connected,gap<=1.8,closed_form_cylinder_plane,,0,True,,,,,,,,,
A_row_literal,row_literal,connected_same_particle,组3:ELECTRODE:LEFT:r27,组3,electrode_contact,LEFT,r27,,27,left,LEFT,组3_row_literal_P0025,,,0.0,0.0,0.0,connected,gap<=1.8,closed_form_cylinder_plane,,0,True,,,,,,,,,
A_row_literal,row_literal,connected_same_particle,组3:ELECTRODE:LEFT:r28,组3,electrode_contact,LEFT,r28,,28,left,LEFT,组3_row_literal_P0026,,,0.0,0.0,0.0,connected,gap<=1.8,closed_form_cylinder_plane,,0,True,,,,,,,,,
A_row_literal,row_literal,connected_same_particle,组3:ELECTRODE:LEFT:r29,组3,electrode_contact,LEFT,r29,,29,left,LEFT,组3_row_literal_P0027,,,0.0,0.0,0.0,connected,gap<=1.8,closed_form_cylinder_plane,,0,True,,,,,,,,,
A_row_literal,row_literal,connected_same_particle,组3:ELECTRODE:LEFT:r30,组3,electrode_contact,LEFT,r30,,30,left,LEFT,组3_row_literal_P0028,,,0.0,0.0,0.0,connected,gap<=1.8,closed_form_cylinder_plane,,0,True,,,,,,,,,
A_row_literal,row_literal,connected_same_particle,组3:ELECTRODE:LEFT:r31,组3,electrode_contact,LEFT,r31,,31,left,LEFT,组3_row_literal_P0029,,,0.0,0.0,0.0,connected,gap<=1.8,closed_form_cylinder_plane,,0,True,,,,,,,,,
A_row_literal,row_literal,connected_same_particle,组3:ELECTRODE:LEFT:r32,组3,electrode_contact,LEFT,r32,,32,left,LEFT,组3_row_literal_P0030,,,0.0,0.0,0.0,connected,gap<=1.8,closed_form_cylinder_plane,,0,True,,,,,,,,,
A_row_literal,row_literal,connected_same_particle,组3:ELECTRODE:LEFT:r33,组3,electrode_contact,LEFT,r33,,33,left,LEFT,组3_row_literal_P0031,,,0.0,0.0,0.0,connected,gap<=1.8,closed_form_cylinder_plane,,0,True,,,,,,,,,
A_row_literal,row_literal,connected_same_particle,组3:ELECTRODE:LEFT:r34,组3,electrode_contact,LEFT,r34,,34,left,LEFT,组3_row_literal_P0032,,,0.0,0.0,0.0,connected,gap<=1.8,closed_form_cylinder_plane,,0,True,,,,,,,,,
A_row_literal,row_literal,connected_same_particle,组3:ELECTRODE:LEFT:r35,组3,electrode_contact,LEFT,r35,,35,left,LEFT,组3_row_literal_P0033,,,0.0,0.0,0.0,connected,gap<=1.8,closed_form_cylinder_plane,,0,True,,,,,,,,,
A_row_literal,row_literal,connected_same_particle,组3:ELECTRODE:LEFT:r36,组3,electrode_contact,LEFT,r36,,36,left,LEFT,组3_row_literal_P0034,,,0.0,0.0,0.0,connected,gap<=1.8,closed_form_cylinder_plane,,0,True,,,,,,,,,
A_row_literal,row_literal,connected_same_particle,组3:ELECTRODE:LEFT:r37,组3,electrode_contact,LEFT,r37,,37,left,LEFT,组3_row_literal_P0035,,,0.0,0.0,0.0,connected,gap<=1.8,closed_form_cylinder_plane,,0,True,,,,,,,,,
A_row_literal,row_literal,connected_same_particle,组3:ELECTRODE:LEFT:r38,组3,electrode_contact,LEFT,r38,,38,left,LEFT,组3_row_literal_P0036,,,0.0,0.0,0.0,connected,gap<=1.8,closed_form_cylinder_plane,,0,True,,,,,,,,,
A_row_literal,row_literal,connected_same_particle,组3:ELECTRODE:LEFT:r39,组3,electrode_contact,LEFT,r39,,39,left,LEFT,组3_row_literal_P0037,,,0.0,0.0,0.0,connected,gap<=1.8,closed_form_cylinder_plane,,0,True,,,,,,,,,
A_row_literal,row_literal,connected_same_particle,组3:ELECTRODE:LEFT:r40,组3,electrode_contact,LEFT,r40,,40,left,LEFT,组3_row_literal_P0038,,,0.0,0.0,0.0,connected,gap<=1.8,closed_form_cylinder_plane,,0,True,,,,,,,,,
A_row_literal,row_literal,connected_same_particle,组3:ELECTRODE:LEFT:r41,组3,electrode_contact,LEFT,r41,,41,left,LEFT,组3_row_literal_P0039,,,0.0,0.0,0.0,connected,gap<=1.8,closed_form_cylinder_plane,,0,True,,,,,,,,,
A_row_literal,row_literal,connected_same_particle,组3:ELECTRODE:LEFT:r42,组3,electrode_contact,LEFT,r42,,42,left,LEFT,组3_row_literal_P0040,,,0.0,0.0,0.0,connected,gap<=1.8,closed_form_cylinder_plane,,0,True,,,,,,,,,
A_row_literal,row_literal,connected_same_particle,组3:ELECTRODE:LEFT:r43,组3,electrode_contact,LEFT,r43,,43,left,LEFT,组3_row_literal_P0041,,,0.0,0.0,0.0,connected,gap<=1.8,closed_form_cylinder_plane,,0,True,,,,,,,,,
A_row_literal,row_literal,connected_same_particle,组3:ELECTRODE:LEFT:r44,组3,electrode_contact,LEFT,r44,,44,left,LEFT,组3_row_literal_P0042,,,0.0,0.0,0.0,connected,gap<=1.8,closed_form_cylinder_plane,,0,True,,,,,,,,,
A_row_literal,row_literal,connected_same_particle,组3:ELECTRODE:LEFT:r45,组3,electrode_contact,LEFT,r45,,45,left,LEFT,组3_row_literal_P0043,,,0.0,0.0,0.0,connected,gap<=1.8,closed_form_cylinder_plane,,0,True,,,,,,,,,
A_row_literal,row_literal,connected_same_particle,组3:ELECTRODE:LEFT:r46,组3,electrode_contact,LEFT,r46,,46,left,LEFT,组3_row_literal_P0044,,,0.0,0.0,0.0,connected,gap<=1.8,closed_form_cylinder_plane,,0,True,,,,,,,,,
A_row_literal,row_literal,connected_same_particle,组3:ELECTRODE:LEFT:r47,组3,electrode_contact,LEFT,r47,,47,left,LEFT,组3_row_literal_P0045,,,0.0,0.0,0.0,connected,gap<=1.8,closed_form_cylinder_plane,,0,True,,,,,,,,,
A_row_literal,row_literal,connected_same_particle,组3:ELECTRODE:LEFT:r48,组3,electrode_contact,LEFT,r48,,48,left,LEFT,组3_row_literal_P0046,,,0.0,0.0,0.0,connected,gap<=1.8,closed_form_cylinder_plane,,0,True,,,,,,,,,
A_row_literal,row_literal,connected_same_particle,组3:ELECTRODE:LEFT:r49,组3,electrode_contact,LEFT,r49,,49,left,LEFT,组3_row_literal_P0047,,,0.0,0.0,0.0,connected,gap<=1.8,closed_form_cylinder_plane,,0,True,,,,,,,,,
A_row_literal,row_literal,connected_same_particle,组3:ELECTRODE:LEFT:r50,组3,electrode_contact,LEFT,r50,,50,left,LEFT,组3_row_literal_P0048,,,0.0,0.0,0.0,connected,gap<=1.8,closed_form_cylinder_plane,,0,True,,,,,,,,,
A_row_literal,row_literal,connected_same_particle,组3:ELECTRODE:LEFT:r51,组3,electrode_contact,LEFT,r51,,51,left,LEFT,组3_row_literal_P0049,,,0.0,0.0,0.0,connected,gap<=1.8,closed_form_cylinder_plane,,0,True,,,,,,,,,
A_row_literal,row_literal,connected_same_particle,组3:ELECTRODE:LEFT:r52,组3,electrode_contact,LEFT,r52,,52,left,LEFT,组3_row_literal_P0050,,,0.0,0.0,0.0,connected,gap<=1.8,closed_form_cylinder_plane,,0,True,,,,,,,,,
A_row_literal,row_literal,connected_same_particle,组3:ELECTRODE:LEFT:r53,组3,electrode_contact,LEFT,r53,,53,left,LEFT,组3_row_literal_P0051,,,0.0,0.0,0.0,connected,gap<=1.8,closed_form_cylinder_plane,,0,True,,,,,,,,,
A_row_literal,row_literal,connected_same_particle,组3:ELECTRODE:LEFT:r54,组3,electrode_contact,LEFT,r54,,54,left,LEFT,组3_row_literal_P0052,,,0.0,0.0,0.0,connected,gap<=1.8,closed_form_cylinder_plane,,0,True,,,,,,,,,
A_row_literal,row_literal,connected_same_particle,组3:ELECTRODE:LEFT:r55,组3,electrode_contact,LEFT,r55,,55,left,LEFT,组3_row_literal_P0053,,,0.0,0.0,0.0,connected,gap<=1.8,closed_form_cylinder_plane,,0,True,,,,,,,,,
A_row_literal,row_literal,connected_same_particle,组3:ELECTRODE:LEFT:r56,组3,electrode_contact,LEFT,r56,,56,left,LEFT,组3_row_literal_P0054,,,0.0,0.0,0.0,connected,gap<=1.8,closed_form_cylinder_plane,,0,True,,,,,,,,,
A_row_literal,row_literal,connected_same_particle,组3:ELECTRODE:LEFT:r57,组3,electrode_contact,LEFT,r57,,57,left,LEFT,组3_row_literal_P0055,,,0.0,0.0,0.0,connected,gap<=1.8,closed_form_cylinder_plane,,0,True,,,,,,,,,
A_row_literal,row_literal,connected_same_particle,组3:ELECTRODE:LEFT:r58,组3,electrode_contact,LEFT,r58,,58,left,LEFT,组3_row_literal_P0056,,,0.0,0.0,0.0,connected,gap<=1.8,closed_form_cylinder_plane,,0,True,,,,,,,,,
A_row_literal,row_literal,connected_same_particle,组3:ELECTRODE:LEFT:r59,组3,electrode_contact,LEFT,r59,,59,left,LEFT,组3_row_literal_P0057,,,0.0,0.0,0.0,connected,gap<=1.8,closed_form_cylinder_plane,,0,True,,,,,,,,,
A_row_literal,row_literal,connected_same_particle,组3:ELECTRODE:LEFT:r60,组3,electrode_contact,LEFT,r60,,60,left,LEFT,组3_row_literal_P0058,,,0.0,0.0,0.0,connected,gap<=1.8,closed_form_cylinder_plane,,0,True,,,,,,,,,
A_row_literal,row_literal,connected_same_particle,组3:ELECTRODE:LEFT:r61,组3,electrode_contact,LEFT,r61,,61,left,LEFT,组3_row_literal_P0059,,,0.0,0.0,0.0,connected,gap<=1.8,closed_form_cylinder_plane,,0,True,,,,,,,,,
A_row_literal,row_literal,connected_same_particle,组3:ELECTRODE:LEFT:r62,组3,electrode_contact,LEFT,r62,,62,left,LEFT,组3_row_literal_P0060,,,0.0,0.0,0.0,connected,gap<=1.8,closed_form_cylinder_plane,,0,True,,,,,,,,,
A_row_literal,row_literal,connected_same_particle,组3:ELECTRODE:LEFT:r63,组3,electrode_contact,LEFT,r63,,63,left,LEFT,组3_row_literal_P0061,,,0.0,0.0,0.0,connected,gap<=1.8,closed_form_cylinder_plane,,0,True,,,,,,,,,
A_row_literal,row_literal,connected_same_particle,组3:ELECTRODE:LEFT:r64,组3,electrode_contact,LEFT,r64,,64,left,LEFT,组3_row_literal_P0062,,,0.0,0.0,0.0,connected,gap<=1.8,closed_form_cylinder_plane,,0,True,,,,,,,,,
A_row_literal,row_literal,connected_same_particle,组3:ELECTRODE:LEFT:r65,组3,electrode_contact,LEFT,r65,,65,left,LEFT,组3_row_literal_P0063,,,0.0,0.0,0.0,connected,gap<=1.8,closed_form_cylinder_plane,,0,True,,,,,,,,,
A_row_literal,row_literal,connected_same_particle,组3:ELECTRODE:LEFT:r66,组3,electrode_contact,LEFT,r66,,66,left,LEFT,组3_row_literal_P0064,,,0.0,0.0,0.0,connected,gap<=1.8,closed_form_cylinder_plane,,0,True,,,,,,,,,
A_row_literal,row_literal,connected_same_particle,组3:ELECTRODE:LEFT:r67,组3,electrode_contact,LEFT,r67,,67,left,LEFT,组3_row_literal_P0065,,,0.0,0.0,0.0,connected,gap<=1.8,closed_form_cylinder_plane,,0,True,,,,,,,,,
A_row_literal,row_literal,connected_same_particle,组3:ELECTRODE:LEFT:r68,组3,electrode_contact,LEFT,r68,,68,left,LEFT,组3_row_literal_P0066,,,0.0,0.0,0.0,connected,gap<=1.8,closed_form_cylinder_plane,,0,True,,,,,,,,,
A_row_literal,row_literal,connected_same_particle,组3:ELECTRODE:LEFT:r69,组3,electrode_contact,LEFT,r69,,69,left,LEFT,组3_row_literal_P0067,,,0.0,0.0,0.0,connected,gap<=1.8,closed_form_cylinder_plane,,0,True,,,,,,,,,
A_row_literal,row_literal,connected_same_particle,组3:ELECTRODE:LEFT:r70,组3,electrode_contact,LEFT,r70,,70,left,LEFT,组3_row_literal_P0068,,,0.0,0.0,0.0,connected,gap<=1.8,closed_form_cylinder_plane,,0,True,,,,,,,,,
A_row_literal,row_literal,connected_same_particle,组3:ELECTRODE:LEFT:r71,组3,electrode_contact,LEFT,r71,,71,left,LEFT,组3_row_literal_P0069,,,0.0,0.0,0.0,connected,gap<=1.8,closed_form_cylinder_plane,,0,True,,,,,,,,,
A_row_literal,row_literal,connected_same_particle,组3:ELECTRODE:LEFT:r72,组3,electrode_contact,LEFT,r72,,72,left,LEFT,组3_row_literal_P0070,,,0.0,0.0,0.0,connected,gap<=1.8,closed_form_cylinder_plane,,0,True,,,,,,,,,
A_row_literal,row_literal,connected_same_particle,组3:ELECTRODE:LEFT:r73,组3,electrode_contact,LEFT,r73,,73,left,LEFT,组3_row_literal_P0071,,,0.0,0.0,0.0,connected,gap<=1.8,closed_form_cylinder_plane,,0,True,,,,,,,,,
A_row_literal,row_literal,connected_same_particle,组3:ELECTRODE:LEFT:r74,组3,electrode_contact,LEFT,r74,,74,left,LEFT,组3_row_literal_P0072,,,0.0,0.0,0.0,connected,gap<=1.8,closed_form_cylinder_plane,,0,True,,,,,,,,,
A_row_literal,row_literal,connected_same_particle,组3:ELECTRODE:LEFT:r75,组3,electrode_contact,LEFT,r75,,75,left,LEFT,组3_row_literal_P0073,,,0.0,0.0,0.0,connected,gap<=1.8,closed_form_cylinder_plane,,0,True,,,,,,,,,
A_row_literal,row_literal,connected_same_particle,组3:ELECTRODE:LEFT:r76,组3,electrode_contact,LEFT,r76,,76,left,LEFT,组3_row_literal_P0074,,,0.0,0.0,0.0,connected,gap<=1.8,closed_form_cylinder_plane,,0,True,,,,,,,,,
A_row_literal,row_literal,connected_same_particle,组3:ELECTRODE:LEFT:r77,组3,electrode_contact,LEFT,r77,,77,left,LEFT,组3_row_literal_P0075,,,0.0,0.0,0.0,connected,gap<=1.8,closed_form_cylinder_plane,,0,True,,,,,,,,,
A_row_literal,row_literal,connected_same_particle,组3:ELECTRODE:LEFT:r78,组3,electrode_contact,LEFT,r78,,78,left,LEFT,组3_row_literal_P0076,,,0.0,0.0,0.0,connected,gap<=1.8,closed_form_cylinder_plane,,0,True,,,,,,,,,
A_row_literal,row_literal,connected_same_particle,组3:ELECTRODE:LEFT:r79,组3,electrode_contact,LEFT,r79,,79,left,LEFT,组3_row_literal_P0077,,,0.0,0.0,0.0,connected,gap<=1.8,closed_form_cylinder_plane,,0,True,,,,,,,,,
A_row_literal,row_literal,connected_same_particle,组3:ELECTRODE:LEFT:r80,组3,electrode_contact,LEFT,r80,,80,left,LEFT,组3_row_literal_P0078,,,0.0,0.0,0.0,connected,gap<=1.8,closed_form_cylinder_plane,,0,True,,,,,,,,,
A_row_literal,row_literal,connected_same_particle,组3:ELECTRODE:LEFT:r81,组3,electrode_contact,LEFT,r81,,81,left,LEFT,组3_row_literal_P0079,,,0.0,0.0,0.0,connected,gap<=1.8,closed_form_cylinder_plane,,0,True,,,,,,,,,
A_row_literal,row_literal,connected_same_particle,组3:ELECTRODE:LEFT:r82,组3,electrode_contact,LEFT,r82,,82,left,LEFT,组3_row_literal_P0080,,,0.0,0.0,0.0,connected,gap<=1.8,closed_form_cylinder_plane,,0,True,,,,,,,,,
A_row_literal,row_literal,connected_same_particle,组3:ELECTRODE:LEFT:r83,组3,electrode_contact,LEFT,r83,,83,left,LEFT,组3_row_literal_P0081,,,0.0,0.0,0.0,connected,gap<=1.8,closed_form_cylinder_plane,,0,True,,,,,,,,,
A_row_literal,row_literal,connected_same_particle,组3:ELECTRODE:LEFT:r84,组3,electrode_contact,LEFT,r84,,84,left,LEFT,组3_row_literal_P0082,,,0.0,0.0,0.0,connected,gap<=1.8,closed_form_cylinder_plane,,0,True,,,,,,,,,
A_row_literal,row_literal,connected_same_particle,组3:ELECTRODE:LEFT:r85,组3,electrode_contact,LEFT,r85,,85,left,LEFT,组3_row_literal_P0083,,,0.0,0.0,0.0,connected,gap<=1.8,closed_form_cylinder_plane,,0,True,,,,,,,,,
A_row_literal,row_literal,connected_same_particle,组3:ELECTRODE:LEFT:r86,组3,electrode_contact,LEFT,r86,,86,left,LEFT,组3_row_literal_P0084,,,0.0,0.0,0.0,connected,gap<=1.8,closed_form_cylinder_plane,,0,True,,,,,,,,,
A_row_literal,row_literal,connected_same_particle,组3:ELECTRODE:LEFT:r87,组3,electrode_contact,LEFT,r87,,87,left,LEFT,组3_row_literal_P0085,,,0.0,0.0,0.0,connected,gap<=1.8,closed_form_cylinder_plane,,0,True,,,,,,,,,
A_row_literal,row_literal,connected_same_particle,组3:ELECTRODE:LEFT:r88,组3,electrode_contact,LEFT,r88,,88,left,LEFT,组3_row_literal_P0086,,,0.0,0.0,0.0,connected,gap<=1.8,closed_form_cylinder_plane,,0,True,,,,,,,,,
A_row_literal,row_literal,connected_same_particle,组3:ELECTRODE:LEFT:r89,组3,electrode_contact,LEFT,r89,,89,left,LEFT,组3_row_literal_P0087,,,0.0,0.0,0.0,connected,gap<=1.8,closed_form_cylinder_plane,,0,True,,,,,,,,,
A_row_literal,row_literal,connected_same_particle,组3:ELECTRODE:LEFT:r90,组3,electrode_contact,LEFT,r90,,90,left,LEFT,组3_row_literal_P0088,,,0.0,0.0,0.0,connected,gap<=1.8,closed_form_cylinder_plane,,0,True,,,,,,,,,
A_row_literal,row_literal,connected_same_particle,组3:ELECTRODE:LEFT:r91,组3,electrode_contact,LEFT,r91,,91,left,LEFT,组3_row_literal_P0089,,,0.0,0.0,0.0,connected,gap<=1.8,closed_form_cylinder_plane,,0,True,,,,,,,,,
A_row_literal,row_literal,connected_same_particle,组3:ELECTRODE:LEFT:r92,组3,electrode_contact,LEFT,r92,,92,left,LEFT,组3_row_literal_P0090,,,0.0,0.0,0.0,connected,gap<=1.8,closed_form_cylinder_plane,,0,True,,,,,,,,,
A_row_literal,row_literal,connected_same_particle,组3:ELECTRODE:LEFT:r93,组3,electrode_contact,LEFT,r93,,93,left,LEFT,组3_row_literal_P0091,,,0.0,0.0,0.0,connected,gap<=1.8,closed_form_cylinder_plane,,0,True,,,,,,,,,
A_row_literal,row_literal,connected_same_particle,组3:ELECTRODE:LEFT:r94,组3,electrode_contact,LEFT,r94,,94,left,LEFT,组3_row_literal_P0092,,,0.0,0.0,0.0,connected,gap<=1.8,closed_form_cylinder_plane,,0,True,,,,,,,,,
A_row_literal,row_literal,connected_same_particle,组3:ELECTRODE:RIGHT:r353,组3,electrode_contact,r353,RIGHT,353,,right,组3_row_literal_P0351,RIGHT,,,0.0,0.0,0.0,connected,gap<=1.8,closed_form_cylinder_plane,,0,True,,,,,,,,,
A_row_literal,row_literal,connected_same_particle,组3:ELECTRODE:RIGHT:r365,组3,electrode_contact,r365,RIGHT,365,,right,组3_row_literal_P0363,RIGHT,,,0.0,0.0,0.0,connected,gap<=1.8,closed_form_cylinder_plane,,0,True,,,,,,,,,
A_row_literal,row_literal,connected_same_particle,组3:ELECTRODE:RIGHT:r369,组3,electrode_contact,r369,RIGHT,369,,right,组3_row_literal_P0367,RIGHT,,,0.0,0.0,0.0,connected,gap<=1.8,closed_form_cylinder_plane,,0,True,,,,,,,,,
A_row_literal,row_literal,connected_same_particle,组3:ELECTRODE:RIGHT:r376,组3,electrode_contact,r376,RIGHT,376,,right,组3_row_literal_P0374,RIGHT,,,0.0,0.0,0.0,connected,gap<=1.8,closed_form_cylinder_plane,,0,True,,,,,,,,,
A_row_literal,row_literal,connected_same_particle,组3:ELECTRODE:RIGHT:r383,组3,electrode_contact,r383,RIGHT,383,,right,组3_row_literal_P0381,RIGHT,,,0.0,0.0,0.0,connected,gap<=1.8,closed_form_cylinder_plane,,0,True,,,,,,,,,
A_row_literal,row_literal,connected_same_particle,组3:ELECTRODE:RIGHT:r388,组3,electrode_contact,r388,RIGHT,388,,right,组3_row_literal_P0386,RIGHT,,,0.0,0.0,0.0,connected,gap<=1.8,closed_form_cylinder_plane,,0,True,,,,,,,,,
A_row_literal,row_literal,connected_same_particle,组3:ELECTRODE:RIGHT:r390,组3,electrode_contact,r390,RIGHT,390,,right,组3_row_literal_P0388,RIGHT,,,0.0,0.0,0.0,connected,gap<=1.8,closed_form_cylinder_plane,,0,True,,,,,,,,,
A_row_literal,row_literal,connected_same_particle,组3:ELECTRODE:RIGHT:r391,组3,electrode_contact,r391,RIGHT,391,,right,组3_row_literal_P0389,RIGHT,,,0.0,0.0,0.0,connected,gap<=1.8,closed_form_cylinder_plane,,0,True,,,,,,,,,
A_row_literal,row_literal,connected_same_particle,组3:ELECTRODE:RIGHT:r395,组3,electrode_contact,r395,RIGHT,395,,right,组3_row_literal_P0393,RIGHT,,,0.0,0.0,0.0,connected,gap<=1.8,closed_form_cylinder_plane,,0,True,,,,,,,,,
A_row_literal,row_literal,connected_same_particle,组3:ELECTRODE:RIGHT:r400,组3,electrode_contact,r400,RIGHT,400,,right,组3_row_literal_P0398,RIGHT,,,0.0,0.0,0.0,connected,gap<=1.8,closed_form_cylinder_plane,,0,True,,,,,,,,,
A_row_literal,row_literal,connected_same_particle,组3:ELECTRODE:RIGHT:r404,组3,electrode_contact,r404,RIGHT,404,,right,组3_row_literal_P0402,RIGHT,,,0.0,0.0,0.0,connected,gap<=1.8,closed_form_cylinder_plane,,0,True,,,,,,,,,
A_row_literal,row_literal,connected_same_particle,组3:ELECTRODE:RIGHT:r405,组3,electrode_contact,r405,RIGHT,405,,right,组3_row_literal_P0403,RIGHT,,,0.0,0.0,0.0,connected,gap<=1.8,closed_form_cylinder_plane,,0,True,,,,,,,,,
A_row_literal,row_literal,connected_same_particle,组3:ELECTRODE:RIGHT:r412,组3,electrode_contact,r412,RIGHT,412,,right,组3_row_literal_P0410,RIGHT,,,0.0,0.0,0.0,connected,gap<=1.8,closed_form_cylinder_plane,,0,True,,,,,,,,,
A_row_literal,row_literal,connected_same_particle,组3:ELECTRODE:RIGHT:r413,组3,electrode_contact,r413,RIGHT,413,,right,组3_row_literal_P0411,RIGHT,,,0.0,0.0,0.0,connected,gap<=1.8,closed_form_cylinder_plane,,0,True,,,,,,,,,
A_row_literal,row_literal,connected_same_particle,组3:ELECTRODE:RIGHT:r415,组3,electrode_contact,r415,RIGHT,415,,right,组3_row_literal_P0413,RIGHT,,,0.0,0.0,0.0,connected,gap<=1.8,closed_form_cylinder_plane,,0,True,,,,,,,,,
A_row_literal,row_literal,connected_same_particle,组3:ELECTRODE:RIGHT:r418,组3,electrode_contact,r418,RIGHT,418,,right,组3_row_literal_P0416,RIGHT,,,0.0,0.0,0.0,connected,gap<=1.8,closed_form_cylinder_plane,,0,True,,,,,,,,,
A_row_literal,row_literal,connected_same_particle,组3:ELECTRODE:RIGHT:r421,组3,electrode_contact,r421,RIGHT,421,,right,组3_row_literal_P0419,RIGHT,,,0.0,0.0,0.0,connected,gap<=1.8,closed_form_cylinder_plane,,0,True,,,,,,,,,
A_row_literal,row_literal,connected_same_particle,组3:ELECTRODE:RIGHT:r424,组3,electrode_contact,r424,RIGHT,424,,right,组3_row_literal_P0422,RIGHT,,,0.0,0.0,0.0,connected,gap<=1.8,closed_form_cylinder_plane,,0,True,,,,,,,,,
A_row_literal,row_literal,connected_same_particle,组3:ELECTRODE:RIGHT:r430,组3,electrode_contact,r430,RIGHT,430,,right,组3_row_literal_P0428,RIGHT,,,0.0,0.0,0.0,connected,gap<=1.8,closed_form_cylinder_plane,,0,True,,,,,,,,,
A_row_literal,row_literal,connected_same_particle,组3:ELECTRODE:RIGHT:r431,组3,electrode_contact,r431,RIGHT,431,,right,组3_row_literal_P0429,RIGHT,,,0.0,0.0,0.0,connected,gap<=1.8,closed_form_cylinder_plane,,0,True,,,,,,,,,
A_row_literal,row_literal,connected_same_particle,组3:ELECTRODE:RIGHT:r437,组3,electrode_contact,r437,RIGHT,437,,right,组3_row_literal_P0435,RIGHT,,,0.0,0.0,0.0,connected,gap<=1.8,closed_form_cylinder_plane,,0,True,,,,,,,,,
A_row_literal,row_literal,connected_same_particle,组3:ELECTRODE:RIGHT:r443,组3,electrode_contact,r443,RIGHT,443,,right,组3_row_literal_P0441,RIGHT,,,0.0,0.0,0.0,connected,gap<=1.8,closed_form_cylinder_plane,,0,True,,,,,,,,,
A_row_literal,row_literal,connected_same_particle,组3:ELECTRODE:RIGHT:r445,组3,electrode_contact,r445,RIGHT,445,,right,组3_row_literal_P0443,RIGHT,,,0.0,0.0,0.0,connected,gap<=1.8,closed_form_cylinder_plane,,0,True,,,,,,,,,
A_row_literal,row_literal,connected_same_particle,组3:ELECTRODE:RIGHT:r446,组3,electrode_contact,r446,RIGHT,446,,right,组3_row_literal_P0444,RIGHT,,,0.0,0.0,0.0,connected,gap<=1.8,closed_form_cylinder_plane,,0,True,,,,,,,,,
A_row_literal,row_literal,connected_same_particle,组3:ELECTRODE:RIGHT:r447,组3,electrode_contact,r447,RIGHT,447,,right,组3_row_literal_P0445,RIGHT,,,0.0,0.0,0.0,connected,gap<=1.8,closed_form_cylinder_plane,,0,True,,,,,,,,,
A_row_literal,row_literal,connected_same_particle,组3:ELECTRODE:RIGHT:r449,组3,electrode_contact,r449,RIGHT,449,,right,组3_row_literal_P0447,RIGHT,,,0.0,0.0,0.0,connected,gap<=1.8,closed_form_cylinder_plane,,0,True,,,,,,,,,
A_row_literal,row_literal,connected_same_particle,组3:ELECTRODE:RIGHT:r452,组3,electrode_contact,r452,RIGHT,452,,right,组3_row_literal_P0450,RIGHT,,,0.0,0.0,0.0,connected,gap<=1.8,closed_form_cylinder_plane,,0,True,,,,,,,,,
A_row_literal,row_literal,connected_same_particle,组3:ELECTRODE:RIGHT:r454,组3,electrode_contact,r454,RIGHT,454,,right,组3_row_literal_P0452,RIGHT,,,0.0,0.0,0.0,connected,gap<=1.8,closed_form_cylinder_plane,,0,True,,,,,,,,,
A_row_literal,row_literal,connected_same_particle,组3:ELECTRODE:RIGHT:r456,组3,electrode_contact,r456,RIGHT,456,,right,组3_row_literal_P0454,RIGHT,,,0.0,0.0,0.0,connected,gap<=1.8,closed_form_cylinder_plane,,0,True,,,,,,,,,
A_row_literal,row_literal,connected_same_particle,组3:ELECTRODE:RIGHT:r457,组3,electrode_contact,r457,RIGHT,457,,right,组3_row_literal_P0455,RIGHT,,,0.0,0.0,0.0,connected,gap<=1.8,closed_form_cylinder_plane,,0,True,,,,,,,,,
A_row_literal,row_literal,connected_same_particle,组3:ELECTRODE:RIGHT:r458,组3,electrode_contact,r458,RIGHT,458,,right,组3_row_literal_P0456,RIGHT,,,0.0,0.0,0.0,connected,gap<=1.8,closed_form_cylinder_plane,,0,True,,,,,,,,,
A_row_literal,row_literal,connected_same_particle,组3:ELECTRODE:RIGHT:r461,组3,electrode_contact,r461,RIGHT,461,,right,组3_row_literal_P0459,RIGHT,,,0.0,0.0,0.0,connected,gap<=1.8,closed_form_cylinder_plane,,0,True,,,,,,,,,
A_row_literal,row_literal,connected_same_particle,组3:ELECTRODE:RIGHT:r463,组3,electrode_contact,r463,RIGHT,463,,right,组3_row_literal_P0461,RIGHT,,,0.0,0.0,0.0,connected,gap<=1.8,closed_form_cylinder_plane,,0,True,,,,,,,,,
A_row_literal,row_literal,connected_same_particle,组3:ELECTRODE:RIGHT:r464,组3,electrode_contact,r464,RIGHT,464,,right,组3_row_literal_P0462,RIGHT,,,0.0,0.0,0.0,connected,gap<=1.8,closed_form_cylinder_plane,,0,True,,,,,,,,,
A_row_literal,row_literal,connected_same_particle,组3:ELECTRODE:RIGHT:r465,组3,electrode_contact,r465,RIGHT,465,,right,组3_row_literal_P0463,RIGHT,,,0.0,0.0,0.0,connected,gap<=1.8,closed_form_cylinder_plane,,0,True,,,,,,,,,
A_row_literal,row_literal,connected_same_particle,组3:ELECTRODE:RIGHT:r466,组3,electrode_contact,r466,RIGHT,466,,right,组3_row_literal_P0464,RIGHT,,,0.0,0.0,0.0,connected,gap<=1.8,closed_form_cylinder_plane,,0,True,,,,,,,,,
A_row_literal,row_literal,connected_same_particle,组3:ELECTRODE:RIGHT:r468,组3,electrode_contact,r468,RIGHT,468,,right,组3_row_literal_P0466,RIGHT,,,0.0,0.0,0.0,connected,gap<=1.8,closed_form_cylinder_plane,,0,True,,,,,,,,,
A_row_literal,row_literal,connected_same_particle,组3:ELECTRODE:RIGHT:r471,组3,electrode_contact,r471,RIGHT,471,,right,组3_row_literal_P0469,RIGHT,,,0.0,0.0,0.0,connected,gap<=1.8,closed_form_cylinder_plane,,0,True,,,,,,,,,
A_row_literal,row_literal,connected_same_particle,组3:ELECTRODE:RIGHT:r472,组3,electrode_contact,r472,RIGHT,472,,right,组3_row_literal_P0470,RIGHT,,,0.0,0.0,0.0,connected,gap<=1.8,closed_form_cylinder_plane,,0,True,,,,,,,,,
A_row_literal,row_literal,connected_same_particle,组3:ELECTRODE:RIGHT:r473,组3,electrode_contact,r473,RIGHT,473,,right,组3_row_literal_P0471,RIGHT,,,0.0,0.0,0.0,connected,gap<=1.8,closed_form_cylinder_plane,,0,True,,,,,,,,,
A_row_literal,row_literal,connected_same_particle,组3:ELECTRODE:RIGHT:r474,组3,electrode_contact,r474,RIGHT,474,,right,组3_row_literal_P0472,RIGHT,,,0.0,0.0,0.0,connected,gap<=1.8,closed_form_cylinder_plane,,0,True,,,,,,,,,
A_row_literal,row_literal,connected_same_particle,组3:ELECTRODE:RIGHT:r479,组3,electrode_contact,r479,RIGHT,479,,right,组3_row_literal_P0477,RIGHT,,,0.0,0.0,0.0,connected,gap<=1.8,closed_form_cylinder_plane,,0,True,,,,,,,,,
A_row_literal,row_literal,connected_same_particle,组3:ELECTRODE:RIGHT:r480,组3,electrode_contact,r480,RIGHT,480,,right,组3_row_literal_P0478,RIGHT,,,0.0,0.0,0.0,connected,gap<=1.8,closed_form_cylinder_plane,,0,True,,,,,,,,,
A_row_literal,row_literal,connected_same_particle,组3:ELECTRODE:RIGHT:r481,组3,electrode_contact,r481,RIGHT,481,,right,组3_row_literal_P0479,RIGHT,,,0.0,0.0,0.0,connected,gap<=1.8,closed_form_cylinder_plane,,0,True,,,,,,,,,
A_row_literal,row_literal,connected_same_particle,组3:ELECTRODE:RIGHT:r482,组3,electrode_contact,r482,RIGHT,482,,right,组3_row_literal_P0480,RIGHT,,,0.0,0.0,0.0,connected,gap<=1.8,closed_form_cylinder_plane,,0,True,,,,,,,,,
A_row_literal,row_literal,connected_same_particle,组3:ELECTRODE:RIGHT:r483,组3,electrode_contact,r483,RIGHT,483,,right,组3_row_literal_P0481,RIGHT,,,0.0,0.0,0.0,connected,gap<=1.8,closed_form_cylinder_plane,,0,True,,,,,,,,,
A_row_literal,row_literal,connected_same_particle,组3:ELECTRODE:RIGHT:r484,组3,electrode_contact,r484,RIGHT,484,,right,组3_row_literal_P0482,RIGHT,,,0.0,0.0,0.0,connected,gap<=1.8,closed_form_cylinder_plane,,0,True,,,,,,,,,
A_row_literal,row_literal,connected_same_particle,组3:ELECTRODE:RIGHT:r487,组3,electrode_contact,r487,RIGHT,487,,right,组3_row_literal_P0485,RIGHT,,,0.0,0.0,0.0,connected,gap<=1.8,closed_form_cylinder_plane,,0,True,,,,,,,,,
A_row_literal,row_literal,connected_same_particle,组3:ELECTRODE:RIGHT:r488,组3,electrode_contact,r488,RIGHT,488,,right,组3_row_literal_P0486,RIGHT,,,0.0,0.0,0.0,connected,gap<=1.8,closed_form_cylinder_plane,,0,True,,,,,,,,,
A_row_literal,row_literal,connected_same_particle,组3:ELECTRODE:RIGHT:r490,组3,electrode_contact,r490,RIGHT,490,,right,组3_row_literal_P0488,RIGHT,,,0.0,0.0,0.0,connected,gap<=1.8,closed_form_cylinder_plane,,0,True,,,,,,,,,
A_row_literal,row_literal,connected_same_particle,组3:ELECTRODE:RIGHT:r491,组3,electrode_contact,r491,RIGHT,491,,right,组3_row_literal_P0489,RIGHT,,,0.0,0.0,0.0,connected,gap<=1.8,closed_form_cylinder_plane,,0,True,,,,,,,,,
A_row_literal,row_literal,connected_same_particle,组3:ELECTRODE:RIGHT:r492,组3,electrode_contact,r492,RIGHT,492,,right,组3_row_literal_P0490,RIGHT,,,0.0,0.0,0.0,connected,gap<=1.8,closed_form_cylinder_plane,,0,True,,,,,,,,,
A_row_literal,row_literal,connected_same_particle,组3:ELECTRODE:RIGHT:r493,组3,electrode_contact,r493,RIGHT,493,,right,组3_row_literal_P0491,RIGHT,,,0.0,0.0,0.0,connected,gap<=1.8,closed_form_cylinder_plane,,0,True,,,,,,,,,
A_row_literal,row_literal,connected_same_particle,组3:ELECTRODE:RIGHT:r498,组3,electrode_contact,r498,RIGHT,498,,right,组3_row_literal_P0496,RIGHT,,,0.0,0.0,0.0,connected,gap<=1.8,closed_form_cylinder_plane,,0,True,,,,,,,,,
A_row_literal,row_literal,connected_same_particle,组3:ELECTRODE:RIGHT:r499,组3,electrode_contact,r499,RIGHT,499,,right,组3_row_literal_P0497,RIGHT,,,0.0,0.0,0.0,connected,gap<=1.8,closed_form_cylinder_plane,,0,True,,,,,,,,,
A_row_literal,row_literal,connected_same_particle,组3:ELECTRODE:RIGHT:r500,组3,electrode_contact,r500,RIGHT,500,,right,组3_row_literal_P0498,RIGHT,,,0.0,0.0,0.0,connected,gap<=1.8,closed_form_cylinder_plane,,0,True,,,,,,,,,
A_row_literal,row_literal,connected_same_particle,组3:ELECTRODE:RIGHT:r501,组3,electrode_contact,r501,RIGHT,501,,right,组3_row_literal_P0499,RIGHT,,,0.0,0.0,0.0,connected,gap<=1.8,closed_form_cylinder_plane,,0,True,,,,,,,,,
A_row_literal,row_literal,connected_same_particle,组3:ELECTRODE:RIGHT:r502,组3,electrode_contact,r502,RIGHT,502,,right,组3_row_literal_P0500,RIGHT,,,0.0,0.0,0.0,connected,gap<=1.8,closed_form_cylinder_plane,,0,True,,,,,,,,,
A_row_literal,row_literal,connected_same_particle,组3:ELECTRODE:RIGHT:r503,组3,electrode_contact,r503,RIGHT,503,,right,组3_row_literal_P0501,RIGHT,,,0.0,0.0,0.0,connected,gap<=1.8,closed_form_cylinder_plane,,0,True,,,,,,,,,
A_row_literal,row_literal,connected_same_particle,组3:ELECTRODE:RIGHT:r504,组3,electrode_contact,r504,RIGHT,504,,right,组3_row_literal_P0502,RIGHT,,,0.0,0.0,0.0,connected,gap<=1.8,closed_form_cylinder_plane,,0,True,,,,,,,,,
A_row_literal,row_literal,connected_same_particle,组3:ELECTRODE:RIGHT:r506,组3,electrode_contact,r506,RIGHT,506,,right,组3_row_literal_P0504,RIGHT,,,0.0,0.0,0.0,connected,gap<=1.8,closed_form_cylinder_plane,,0,True,,,,,,,,,
A_row_literal,row_literal,connected_same_particle,组3:ELECTRODE:RIGHT:r507,组3,electrode_contact,r507,RIGHT,507,,right,组3_row_literal_P0505,RIGHT,,,0.0,0.0,0.0,connected,gap<=1.8,closed_form_cylinder_plane,,0,True,,,,,,,,,
A_row_literal,row_literal,connected_same_particle,组3:ELECTRODE:RIGHT:r508,组3,electrode_contact,r508,RIGHT,508,,right,组3_row_literal_P0506,RIGHT,,,0.0,0.0,0.0,connected,gap<=1.8,closed_form_cylinder_plane,,0,True,,,,,,,,,
A_row_literal,row_literal,connected_same_particle,组3:ELECTRODE:RIGHT:r509,组3,electrode_contact,r509,RIGHT,509,,right,组3_row_literal_P0507,RIGHT,,,0.0,0.0,0.0,connected,gap<=1.8,closed_form_cylinder_plane,,0,True,,,,,,,,,
A_row_literal,row_literal,connected_same_particle,组3:ELECTRODE:RIGHT:r510,组3,electrode_contact,r510,RIGHT,510,,right,组3_row_literal_P0508,RIGHT,,,0.0,0.0,0.0,connected,gap<=1.8,closed_form_cylinder_plane,,0,True,,,,,,,,,
A_row_literal,row_literal,connected_same_particle,组3:ELECTRODE:RIGHT:r511,组3,electrode_contact,r511,RIGHT,511,,right,组3_row_literal_P0509,RIGHT,,,0.0,0.0,0.0,connected,gap<=1.8,closed_form_cylinder_plane,,0,True,,,,,,,,,
A_row_literal,row_literal,connected_same_particle,组3:ELECTRODE:RIGHT:r512,组3,electrode_contact,r512,RIGHT,512,,right,组3_row_literal_P0510,RIGHT,,,0.0,0.0,0.0,connected,gap<=1.8,closed_form_cylinder_plane,,0,True,,,,,,,,,
A_row_literal,row_literal,connected_same_particle,组3:ELECTRODE:RIGHT:r513,组3,electrode_contact,r513,RIGHT,513,,right,组3_row_literal_P0511,RIGHT,,,0.0,0.0,0.0,connected,gap<=1.8,closed_form_cylinder_plane,,0,True,,,,,,,,,
A_row_literal,row_literal,connected_same_particle,组3:ELECTRODE:RIGHT:r514,组3,electrode_contact,r514,RIGHT,514,,right,组3_row_literal_P0512,RIGHT,,,0.0,0.0,0.0,connected,gap<=1.8,closed_form_cylinder_plane,,0,True,,,,,,,,,
A_row_literal,row_literal,connected_same_particle,组3:ELECTRODE:RIGHT:r516,组3,electrode_contact,r516,RIGHT,516,,right,组3_row_literal_P0514,RIGHT,,,0.0,0.0,0.0,connected,gap<=1.8,closed_form_cylinder_plane,,0,True,,,,,,,,,
A_row_literal,row_literal,connected_same_particle,组3:ELECTRODE:RIGHT:r517,组3,electrode_contact,r517,RIGHT,517,,right,组3_row_literal_P0515,RIGHT,,,0.0,0.0,0.0,connected,gap<=1.8,closed_form_cylinder_plane,,0,True,,,,,,,,,
A_row_literal,row_literal,connected_same_particle,组3:ELECTRODE:RIGHT:r518,组3,electrode_contact,r518,RIGHT,518,,right,组3_row_literal_P0516,RIGHT,,,0.0,0.0,0.0,connected,gap<=1.8,closed_form_cylinder_plane,,0,True,,,,,,,,,
A_row_literal,row_literal,connected_same_particle,组3:ELECTRODE:RIGHT:r519,组3,electrode_contact,r519,RIGHT,519,,right,组3_row_literal_P0517,RIGHT,,,0.0,0.0,0.0,connected,gap<=1.8,closed_form_cylinder_plane,,0,True,,,,,,,,,
A_row_literal,row_literal,connected_same_particle,组3:ELECTRODE:RIGHT:r521,组3,electrode_contact,r521,RIGHT,521,,right,组3_row_literal_P0519,RIGHT,,,0.0,0.0,0.0,connected,gap<=1.8,closed_form_cylinder_plane,,0,True,,,,,,,,,
A_row_literal,row_literal,connected_same_particle,组3:ELECTRODE:RIGHT:r522,组3,electrode_contact,r522,RIGHT,522,,right,组3_row_literal_P0520,RIGHT,,,0.0,0.0,0.0,connected,gap<=1.8,closed_form_cylinder_plane,,0,True,,,,,,,,,
A_row_literal,row_literal,connected_same_particle,组3:ELECTRODE:RIGHT:r523,组3,electrode_contact,r523,RIGHT,523,,right,组3_row_literal_P0521,RIGHT,,,0.0,0.0,0.0,connected,gap<=1.8,closed_form_cylinder_plane,,0,True,,,,,,,,,
A_row_literal,row_literal,connected_same_particle,组3:ELECTRODE:RIGHT:r524,组3,electrode_contact,r524,RIGHT,524,,right,组3_row_literal_P0522,RIGHT,,,0.0,0.0,0.0,connected,gap<=1.8,closed_form_cylinder_plane,,0,True,,,,,,,,,
A_row_literal,row_literal,connected_same_particle,组3:ELECTRODE:RIGHT:r525,组3,electrode_contact,r525,RIGHT,525,,right,组3_row_literal_P0523,RIGHT,,,0.0,0.0,0.0,connected,gap<=1.8,closed_form_cylinder_plane,,0,True,,,,,,,,,
A_row_literal,row_literal,connected_same_particle,组3:ELECTRODE:RIGHT:r526,组3,electrode_contact,r526,RIGHT,526,,right,组3_row_literal_P0524,RIGHT,,,0.0,0.0,0.0,connected,gap<=1.8,closed_form_cylinder_plane,,0,True,,,,,,,,,
A_row_literal,row_literal,connected_same_particle,组3:ELECTRODE:RIGHT:r527,组3,electrode_contact,r527,RIGHT,527,,right,组3_row_literal_P0525,RIGHT,,,0.0,0.0,0.0,connected,gap<=1.8,closed_form_cylinder_plane,,0,True,,,,,,,,,
A_row_literal,row_literal,connected_same_particle,组3:ELECTRODE:RIGHT:r528,组3,electrode_contact,r528,RIGHT,528,,right,组3_row_literal_P0526,RIGHT,,,0.0,0.0,0.0,connected,gap<=1.8,closed_form_cylinder_plane,,0,True,,,,,,,,,
A_row_literal,row_literal,connected_same_particle,组3:ELECTRODE:RIGHT:r529,组3,electrode_contact,r529,RIGHT,529,,right,组3_row_literal_P0527,RIGHT,,,0.0,0.0,0.0,connected,gap<=1.8,closed_form_cylinder_plane,,0,True,,,,,,,,,
A_row_literal,row_literal,connected_same_particle,组3:ELECTRODE:RIGHT:r530,组3,electrode_contact,r530,RIGHT,530,,right,组3_row_literal_P0528,RIGHT,,,0.0,0.0,0.0,connected,gap<=1.8,closed_form_cylinder_plane,,0,True,,,,,,,,,
A_row_literal,row_literal,connected_same_particle,组3:ELECTRODE:RIGHT:r531,组3,electrode_contact,r531,RIGHT,531,,right,组3_row_literal_P0529,RIGHT,,,0.0,0.0,0.0,connected,gap<=1.8,closed_form_cylinder_plane,,0,True,,,,,,,,,
A_row_literal,row_literal,connected_same_particle,组3:ELECTRODE:RIGHT:r532,组3,electrode_contact,r532,RIGHT,532,,right,组3_row_literal_P0530,RIGHT,,,0.0,0.0,0.0,connected,gap<=1.8,closed_form_cylinder_plane,,0,True,,,,,,,,,
A_row_literal,row_literal,connected_same_particle,组3:ELECTRODE:RIGHT:r533,组3,electrode_contact,r533,RIGHT,533,,right,组3_row_literal_P0531,RIGHT,,,0.0,0.0,0.0,connected,gap<=1.8,closed_form_cylinder_plane,,0,True,,,,,,,,,
A_row_literal,row_literal,connected_same_particle,组3:ELECTRODE:RIGHT:r534,组3,electrode_contact,r534,RIGHT,534,,right,组3_row_literal_P0532,RIGHT,,,0.0,0.0,0.0,connected,gap<=1.8,closed_form_cylinder_plane,,0,True,,,,,,,,,
A_row_literal,row_literal,connected_same_particle,组3:ELECTRODE:RIGHT:r535,组3,electrode_contact,r535,RIGHT,535,,right,组3_row_literal_P0533,RIGHT,,,0.0,0.0,0.0,connected,gap<=1.8,closed_form_cylinder_plane,,0,True,,,,,,,,,
A_row_literal,row_literal,connected_same_particle,组3:ELECTRODE:RIGHT:r536,组3,electrode_contact,r536,RIGHT,536,,right,组3_row_literal_P0534,RIGHT,,,0.0,0.0,0.0,connected,gap<=1.8,closed_form_cylinder_plane,,0,True,,,,,,,,,
A_row_literal,row_literal,connected_same_particle,组3:ELECTRODE:RIGHT:r537,组3,electrode_contact,r537,RIGHT,537,,right,组3_row_literal_P0535,RIGHT,,,0.0,0.0,0.0,connected,gap<=1.8,closed_form_cylinder_plane,,0,True,,,,,,,,,
A_row_literal,row_literal,connected_same_particle,组3:PAIR:r3:r236,组3,cylinder_contact,r3,r236,3,236,,组3_row_literal_P0001,组3_row_literal_P0234,,,0.0,3.6322330679598313e-10,0.0,connected,gap<=1.8,capsule_then_flat_cylinder_gjk,0.0,4,True,7.190186943645083e-13,7.190186943645083e-13,True,,,,,,
A_row_literal,row_literal,connected_same_particle,组3:PAIR:r4:r13,组3,cylinder_contact,r4,r13,4,13,,组3_row_literal_P0002,组3_row_literal_P0011,,,0.0,3.90169657312094e-10,0.0,connected,gap<=1.8,capsule_then_flat_cylinder_gjk,0.0,5,True,1.1382885756177522e-12,1.1382885756177522e-12,True,,,,,,
A_row_literal,row_literal,connected_same_particle,组3:PAIR:r4:r109,组3,cylinder_contact,r4,r109,4,109,,组3_row_literal_P0002,组3_row_literal_P0107,,,0.0,3.7520979693301093e-10,0.0,connected,gap<=1.8,capsule_then_flat_cylinder_gjk,0.0,5,True,6.834519954515513e-13,6.834519954515513e-13,True,,,,,,
A_row_literal,row_literal,connected_same_particle,组3:PAIR:r4:r137,组3,cylinder_contact,r4,r137,4,137,,组3_row_literal_P0002,组3_row_literal_P0135,,,0.0,3.799100440450146e-10,0.0,connected,gap<=1.8,capsule_then_flat_cylinder_gjk,0.0,5,True,6.355287432313019e-14,6.355287432313019e-14,True,,,,,,
A_row_literal,row_literal,connected_same_particle,组3:PAIR:r8:r108,组3,cylinder_contact,r8,r108,8,108,,组3_row_literal_P0006,组3_row_literal_P0106,,,0.0,3.6284535569869344e-10,0.0,connected,gap<=1.8,capsule_then_flat_cylinder_gjk,0.0,6,True,5.084229945850414e-13,5.084229945850414e-13,True,,,,,,
A_row_literal,row_literal,connected_same_particle,组3:PAIR:r12:r96,组3,cylinder_contact,r12,r96,12,96,,组3_row_literal_P0010,组3_row_literal_P0094,,,0.0,2.8160729015200255e-10,0.0,connected,gap<=1.8,capsule_then_flat_cylinder_gjk,0.0,5,True,2.04715241868247e-12,2.04715241868247e-12,True,,,,,,
A_row_literal,row_literal,connected_same_particle,组3:PAIR:r12:r99,组3,cylinder_contact,r12,r99,12,99,,组3_row_literal_P0010,组3_row_literal_P0097,,,0.0,3.03367651678625e-10,0.0,connected,gap<=1.8,capsule_then_flat_cylinder_gjk,0.0,5,True,1.017739309065398e-12,1.017739309065398e-12,True,,,,,,
A_row_literal,row_literal,connected_same_particle,组3:PAIR:r15:r96,组3,cylinder_contact,r15,r96,15,96,,组3_row_literal_P0013,组3_row_literal_P0094,,,0.0,3.0598201795062774e-10,0.0,connected,gap<=1.8,capsule_then_flat_cylinder_gjk,0.0,5,True,9.443537991180705e-13,9.443537991180705e-13,True,,,,,,
A_row_literal,row_literal,connected_same_particle,组3:PAIR:r15:r108,组3,cylinder_contact,r15,r108,15,108,,组3_row_literal_P0013,组3_row_literal_P0106,,,0.0,3.0620939162607097e-10,0.0,connected,gap<=1.8,capsule_then_flat_cylinder_gjk,0.0,4,True,1.2710574864626036e-13,1.2710574864626036e-13,True,,,,,,
A_row_literal,row_literal,connected_same_particle,组3:PAIR:r15:r283,组3,cylinder_contact,r15,r283,15,283,,组3_row_literal_P0013,组3_row_literal_P0281,,,0.0,3.066251278217046e-10,0.0,connected,gap<=1.8,capsule_then_flat_cylinder_gjk,0.0,5,True,1.1368683772161603e-12,1.1368683772161603e-12,True,,,,,,
A_row_literal,row_literal,connected_same_particle,组3:PAIR:r16:r108,组3,cylinder_contact,r16,r108,16,108,,组3_row_literal_P0014,组3_row_literal_P0106,,,0.0,3.048256077220258e-10,0.0,connected,gap<=1.8,capsule_then_flat_cylinder_gjk,0.0,4,True,1.1718571004216928e-13,1.1718571004216928e-13,True,,,,,,
A_row_literal,row_literal,connected_same_particle,组3:PAIR:r18:r145,组3,cylinder_contact,r18,r145,18,145,,组3_row_literal_P0016,组3_row_literal_P0143,,,0.6514112041151494,0.6514112065906044,0.6514112053528769,connected,gap<=1.8,capsule_then_flat_cylinder_gjk,0.6514112062508914,11,False,0.6514112062509814,8.981044796740889e-10,True,,,,,,
A_row_literal,row_literal,connected_same_particle,组3:PAIR:r23:r38,组3,cylinder_contact,r23,r38,23,38,,组3_row_literal_P0021,组3_row_literal_P0036,,,0.0,2.4855373990347826e-10,0.0,connected,gap<=1.8,capsule_then_flat_cylinder_gjk,0.0,5,True,1.5127480943155456e-10,1.5127480943155456e-10,True,,,,,,
A_row_literal,row_literal,connected_same_particle,组3:PAIR:r25:r121,组3,cylinder_contact,r25,r121,25,121,,组3_row_literal_P0023,组3_row_literal_P0119,,,0.0,3.393595527323306e-10,0.0,connected,gap<=1.8,capsule_then_flat_cylinder_gjk,0.0,5,True,1.0419570787589327e-12,1.0419570787589327e-12,True,,,,,,
A_row_literal,row_literal,connected_same_particle,组3:PAIR:r31:r158,组3,cylinder_contact,r31,r158,31,158,,组3_row_literal_P0029,组3_row_literal_P0156,,,0.0,3.0671241188708456e-10,0.0,connected,gap<=1.8,capsule_then_flat_cylinder_gjk,0.0,6,True,4.823324033076557e-13,4.823324033076557e-13,True,,,,,,
A_row_literal,row_literal,connected_same_particle,组3:PAIR:r33:r34,组3,cylinder_contact,r33,r34,33,34,,组3_row_literal_P0031,组3_row_literal_P0032,,,0.0,3.000663225375869e-10,0.0,connected,gap<=1.8,capsule_then_flat_cylinder_gjk,0.0,5,True,5.796914039811764e-13,5.796914039811764e-13,True,,,,,,
A_row_literal,row_literal,connected_same_particle,组3:PAIR:r34:r209,组3,cylinder_contact,r34,r209,34,209,,组3_row_literal_P0032,组3_row_literal_P0207,,,0.0,2.7979659812699566e-10,0.0,connected,gap<=1.8,capsule_then_flat_cylinder_gjk,0.0,5,True,4.582862941503293e-13,4.582862941503293e-13,True,,,,,,
A_row_literal,row_literal,connected_same_particle,组3:PAIR:r35:r140,组3,cylinder_contact,r35,r140,35,140,,组3_row_literal_P0033,组3_row_literal_P0138,,,0.0,2.862808523211742e-10,0.0,connected,gap<=1.8,capsule_then_flat_cylinder_gjk,0.0,5,True,6.915300366811403e-13,6.915300366811403e-13,True,,,,,,
A_row_literal,row_literal,connected_same_particle,组3:PAIR:r48:r116,组3,cylinder_contact,r48,r116,48,116,,组3_row_literal_P0046,组3_row_literal_P0114,,,0.0,2.799068332862582e-10,0.0,connected,gap<=1.8,capsule_then_flat_cylinder_gjk,0.0,4,True,7.391010753932416e-13,7.391010753932416e-13,True,,,,,,
A_row_literal,row_literal,connected_same_particle,组3:PAIR:r52:r133,组3,cylinder_contact,r52,r133,52,133,,组3_row_literal_P0050,组3_row_literal_P0131,,,0.0,2.4774567740756874e-10,0.0,connected,gap<=1.8,capsule_then_flat_cylinder_gjk,0.0,6,True,6.938623537128991e-13,6.938623537128991e-13,True,,,,,,
A_row_literal,row_literal,connected_same_particle,组3:PAIR:r59:r157,组3,cylinder_contact,r59,r157,59,157,,组3_row_literal_P0057,组3_row_literal_P0155,,,0.0,2.1796710533608894e-10,0.0,connected,gap<=1.8,capsule_then_flat_cylinder_gjk,0.0,6,True,1.2247745318299647e-12,1.2247745318299647e-12,True,,,,,,
A_row_literal,row_literal,connected_same_particle,组3:PAIR:r65:r266,组3,cylinder_contact,r65,r266,65,266,,组3_row_literal_P0063,组3_row_literal_P0264,,,0.0,2.5748551376950306e-10,0.0,connected,gap<=1.8,capsule_then_flat_cylinder_gjk,0.0,6,True,6.302189627392726e-12,6.302189627392726e-12,True,,,,,,
A_row_literal,row_literal,connected_same_particle,组3:PAIR:r67:r124,组3,cylinder_contact,r67,r124,67,124,,组3_row_literal_P0065,组3_row_literal_P0122,,,0.0,2.539438146939201e-10,0.0,connected,gap<=1.8,capsule_then_flat_cylinder_gjk,0.0,4,True,2.2914314707516465e-13,2.2914314707516465e-13,True,,,,,,
A_row_literal,row_literal,connected_same_particle,组3:PAIR:r69:r98,组3,cylinder_contact,r69,r98,69,98,,组3_row_literal_P0067,组3_row_literal_P0096,,,0.0,3.727464924304451e-10,0.0,connected,gap<=1.8,capsule_then_flat_cylinder_gjk,0.0,5,True,8.198074455012805e-13,8.198074455012805e-13,True,,,,,,
A_row_literal,row_literal,connected_same_particle,组3:PAIR:r74:r185,组3,cylinder_contact,r74,r185,74,185,,组3_row_literal_P0072,组3_row_literal_P0183,,,0.0,2.498241530057477e-10,0.0,connected,gap<=1.8,capsule_then_flat_cylinder_gjk,0.0,5,True,7.008127344043915e-13,7.008127344043915e-13,True,,,,,,
A_row_literal,row_literal,connected_same_particle,组3:PAIR:r78:r102,组3,cylinder_contact,r78,r102,78,102,,组3_row_literal_P0076,组3_row_literal_P0100,,,0.0,3.53030638843674e-10,0.0,connected,gap<=1.8,capsule_then_flat_cylinder_gjk,0.0,5,True,1.159382807962353e-12,1.159382807962353e-12,True,,,,,,
A_row_literal,row_literal,connected_same_particle,组3:PAIR:r79:r207,组3,cylinder_contact,r79,r207,79,207,,组3_row_literal_P0077,组3_row_literal_P0205,,,0.0,2.3270556671151603e-10,0.0,connected,gap<=1.8,capsule_then_flat_cylinder_gjk,0.0,6,True,2.3437142008433857e-12,2.3437142008433857e-12,True,,,,,,
A_row_literal,row_literal,connected_same_particle,组3:PAIR:r81:r124,组3,cylinder_contact,r81,r124,81,124,,组3_row_literal_P0079,组3_row_literal_P0122,,,0.7906647803569417,0.7906647822915408,0.7906647813242412,connected,gap<=1.8,capsule_then_flat_cylinder_gjk,0.790664782001393,512,False,0.7906647821141453,7.89904031073263e-10,True,,,,,,
A_row_literal,row_literal,connected_same_particle,组3:PAIR:r81:r183,组3,cylinder_contact,r81,r183,81,183,,组3_row_literal_P0079,组3_row_literal_P0181,,,0.0,2.616565840640127e-10,0.0,connected,gap<=1.8,capsule_then_flat_cylinder_gjk,0.0,4,True,2.2737367544323206e-13,2.2737367544323206e-13,True,,,,,,
A_row_literal,row_literal,connected_same_particle,组3:PAIR:r94:r119,组3,cylinder_contact,r94,r119,94,119,,组3_row_literal_P0092,组3_row_literal_P0117,,,0.0,3.302665447437366e-10,0.0,connected,gap<=1.8,capsule_then_flat_cylinder_gjk,0.0,6,True,2.451526899318176e-12,2.451526899318176e-12,True,,,,,,
A_row_literal,row_literal,connected_same_particle,组3:PAIR:r94:r123,组3,cylinder_contact,r94,r123,94,123,,组3_row_literal_P0092,组3_row_literal_P0121,,,0.0,3.2882528589770684e-10,0.0,connected,gap<=1.8,capsule_then_flat_cylinder_gjk,0.0,5,True,9.646648066153115e-13,9.646648066153115e-13,True,,,,,,
A_row_literal,row_literal,connected_same_particle,组3:PAIR:r94:r134,组3,cylinder_contact,r94,r134,94,134,,组3_row_literal_P0092,组3_row_literal_P0132,,,0.0,3.2956469432373986e-10,0.0,connected,gap<=1.8,capsule_then_flat_cylinder_gjk,0.0,5,True,9.374856803373542e-13,9.374856803373542e-13,True,,,,,,
A_row_literal,row_literal,connected_same_particle,组3:PAIR:r96:r130,组3,cylinder_contact,r96,r130,96,130,,组3_row_literal_P0094,组3_row_literal_P0128,,,0.0,2.6993469433224526e-10,0.0,connected,gap<=1.8,capsule_then_flat_cylinder_gjk,0.0,6,True,1.2710574864626038e-13,1.2710574864626038e-13,True,,,,,,
A_row_literal,row_literal,connected_same_particle,组3:PAIR:r96:r183,组3,cylinder_contact,r96,r183,96,183,,组3_row_literal_P0094,组3_row_literal_P0181,,,0.0,2.6963183832887953e-10,0.0,connected,gap<=1.8,capsule_then_flat_cylinder_gjk,0.0,5,True,4.856703836433968e-13,4.856703836433968e-13,True,,,,,,
A_row_literal,row_literal,connected_same_particle,组3:PAIR:r97:r111,组3,cylinder_contact,r97,r111,97,111,,组3_row_literal_P0095,组3_row_literal_P0109,,,0.0,2.938845067991935e-10,0.0,connected,gap<=1.8,capsule_then_flat_cylinder_gjk,0.0,5,True,1.8082998531766482e-12,1.8082998531766482e-12,True,,,,,,
A_row_literal,row_literal,connected_same_particle,组3:PAIR:r97:r128,组3,cylinder_contact,r97,r128,97,128,,组3_row_literal_P0095,组3_row_literal_P0126,,,0.0,1.482323026214072e-10,0.0,connected,gap<=1.8,capsule_then_flat_cylinder_gjk,0.0,5,True,6.514960105912179e-12,6.514960105912179e-12,True,,,,,,
A_row_literal,row_literal,connected_same_particle,组3:PAIR:r99:r192,组3,cylinder_contact,r99,r192,99,192,,组3_row_literal_P0097,组3_row_literal_P0190,,,0.0,3.027245418075481e-10,0.0,connected,gap<=1.8,capsule_then_flat_cylinder_gjk,0.0,5,True,9.205299841540664e-13,9.205299841540664e-13,True,,,,,,
A_row_literal,row_literal,connected_same_particle,组3:PAIR:r103:r276,组3,cylinder_contact,r103,r276,103,276,,组3_row_literal_P0101,组3_row_literal_P0274,,,0.0,1.6091376243116133e-10,0.0,connected,gap<=1.8,capsule_then_flat_cylinder_gjk,0.0,5,True,7.190186943645083e-13,7.190186943645083e-13,True,,,,,,
A_row_literal,row_literal,connected_same_particle,组3:PAIR:r105:r251,组3,cylinder_contact,r105,r251,105,251,,组3_row_literal_P0103,组3_row_literal_P0249,,,0.0,2.01853438646169e-10,0.0,connected,gap<=1.8,capsule_then_flat_cylinder_gjk,0.0,5,True,5.209785393794664e-13,5.209785393794664e-13,True,,,,,,
A_row_literal,row_literal,connected_same_particle,组3:PAIR:r107:r217,组3,cylinder_contact,r107,r217,107,217,,组3_row_literal_P0105,组3_row_literal_P0215,,,0.0,3.9632085429811566e-10,0.0,connected,gap<=1.8,capsule_then_flat_cylinder_gjk,0.0,4,True,1.1390866590859189e-12,1.1390866590859189e-12,True,,,,,,
A_row_literal,row_literal,connected_same_particle,组3:PAIR:r110:r130,组3,cylinder_contact,r110,r130,110,130,,组3_row_literal_P0108,组3_row_literal_P0128,,,0.6696380953875114,0.669638101433795,0.6696380984106531,connected,gap<=1.8,capsule_then_flat_cylinder_gjk,0.6696381011183306,512,False,0.6696381011735096,2.762856499138877e-09,True,,,,,,
A_row_literal,row_literal,connected_same_particle,组3:PAIR:r111:r115,组3,cylinder_contact,r111,r115,111,115,,组3_row_literal_P0109,组3_row_literal_P0113,,,0.0,2.942220207452614e-10,0.0,connected,gap<=1.8,capsule_then_flat_cylinder_gjk,0.0,4,True,6.233367514443361e-13,6.233367514443361e-13,True,,,,,,
A_row_literal,row_literal,connected_same_particle,组3:PAIR:r112:r134,组3,cylinder_contact,r112,r134,112,134,,组3_row_literal_P0110,组3_row_literal_P0132,,,0.0,3.56241475281761e-10,0.0,connected,gap<=1.8,capsule_then_flat_cylinder_gjk,0.0,4,True,7.36774916095767e-13,7.36774916095767e-13,True,,,,,,
A_row_literal,row_literal,connected_same_particle,组3:PAIR:r117:r137,组3,cylinder_contact,r117,r137,117,137,,组3_row_literal_P0115,组3_row_literal_P0135,,,0.0,3.794552966941281e-10,0.0,connected,gap<=1.8,capsule_then_flat_cylinder_gjk,0.0,5,True,4.2537719614005497e-13,4.2537719614005497e-13,True,,,,,,
A_row_literal,row_literal,connected_same_particle,组3:PAIR:r119:r166,组3,cylinder_contact,r119,r166,119,166,,组3_row_literal_P0117,组3_row_literal_P0164,,,0.0,2.0660564259779076e-10,0.0,connected,gap<=1.8,capsule_then_flat_cylinder_gjk,0.0,4,True,8.098342059535243e-12,8.098342059535243e-12,True,,,,,,
A_row_literal,row_literal,connected_same_particle,组3:PAIR:r119:r186,组3,cylinder_contact,r119,r186,119,186,,组3_row_literal_P0117,组3_row_literal_P0184,,,0.0,2.0709537867188277e-10,0.0,connected,gap<=1.8,capsule_then_flat_cylinder_gjk,0.0,6,True,9.379164112033322e-13,9.379164112033322e-13,True,,,,,,
A_row_literal,row_literal,connected_same_particle,组3:PAIR:r120:r140,组3,cylinder_contact,r120,r140,120,140,,组3_row_literal_P0118,组3_row_literal_P0138,,,0.0,2.967317202477125e-10,0.0,connected,gap<=1.8,capsule_then_flat_cylinder_gjk,0.0,4,True,1.1368683772161602e-13,1.1368683772161602e-13,True,,,,,,
A_row_literal,row_literal,connected_same_particle,组3:PAIR:r121:r125,组3,cylinder_contact,r121,r125,121,125,,组3_row_literal_P0119,组3_row_literal_P0123,,,0.0,4.065400081310672e-10,0.0,connected,gap<=1.8,capsule_then_flat_cylinder_gjk,0.0,5,True,1.256998097431732e-12,1.256998097431732e-12,True,,,,,,
A_row_literal,row_literal,connected_same_particle,组3:PAIR:r123:r130,组3,cylinder_contact,r123,r130,123,130,,组3_row_literal_P0121,组3_row_literal_P0128,,,0.0,3.1569363569008337e-10,0.0,connected,gap<=1.8,capsule_then_flat_cylinder_gjk,0.0,6,True,1.567064913625725e-12,1.567064913625725e-12,True,,,,,,
A_row_literal,row_literal,connected_same_particle,组3:PAIR:r123:r163,组3,cylinder_contact,r123,r163,123,163,,组3_row_literal_P0121,组3_row_literal_P0161,,,0.0,3.1559658270769926e-10,0.0,connected,gap<=1.8,capsule_then_flat_cylinder_gjk,0.0,7,True,4.547473508864641e-13,4.547473508864641e-13,True,,,,,,
A_row_literal,row_literal,connected_same_particle,组3:PAIR:r126:r163,组3,cylinder_contact,r126,r163,126,163,,组3_row_literal_P0124,组3_row_literal_P0161,,,0.0,3.681762968831592e-10,0.0,connected,gap<=1.8,capsule_then_flat_cylinder_gjk,0.0,5,True,5.569494857771083e-13,5.569494857771083e-13,True,,,,,,
A_row_literal,row_literal,connected_same_particle,组3:PAIR:r126:r236,组3,cylinder_contact,r126,r236,126,236,,组3_row_literal_P0124,组3_row_literal_P0234,,,0.0,3.6822997252685774e-10,0.0,connected,gap<=1.8,capsule_then_flat_cylinder_gjk,0.0,5,True,1.632702903446565e-13,1.632702903446565e-13,True,,,,,,
A_row_literal,row_literal,connected_same_particle,组3:PAIR:r133:r158,组3,cylinder_contact,r133,r158,133,158,,组3_row_literal_P0131,组3_row_literal_P0156,,,0.0,2.5645532316965793e-10,0.0,connected,gap<=1.8,capsule_then_flat_cylinder_gjk,0.0,4,True,8.987733679556354e-14,8.987733679556354e-14,True,,,,,,
A_row_literal,row_literal,connected_same_particle,组3:PAIR:r134:r183,组3,cylinder_contact,r134,r183,134,183,,组3_row_literal_P0132,组3_row_literal_P0181,,,0.0,2.8170993678570285e-10,0.0,connected,gap<=1.8,capsule_then_flat_cylinder_gjk,0.0,6,True,1.1138989715542167e-12,1.1138989715542167e-12,True,,,,,,
A_row_literal,row_literal,connected_same_particle,组3:PAIR:r135:r171,组3,cylinder_contact,r135,r171,135,171,,组3_row_literal_P0133,组3_row_literal_P0169,,,0.0,3.1397551643780504e-10,0.0,connected,gap<=1.8,capsule_then_flat_cylinder_gjk,0.0,5,True,3.1776437161565096e-14,3.1776437161565096e-14,True,,,,,,
A_row_literal,row_literal,connected_same_particle,组3:PAIR:r136:r161,组3,cylinder_contact,r136,r161,136,161,,组3_row_literal_P0134,组3_row_literal_P0159,,,0.0,3.8791296201352306e-10,0.0,connected,gap<=1.8,capsule_then_flat_cylinder_gjk,0.0,6,True,1.6077746776921858e-13,1.6077746776921858e-13,True,,,,,,
A_row_literal,row_literal,connected_same_particle,组3:PAIR:r136:r239,组3,cylinder_contact,r136,r239,136,239,,组3_row_literal_P0134,组3_row_literal_P0237,,,0.0,3.8750135889124226e-10,0.0,connected,gap<=1.8,capsule_then_flat_cylinder_gjk,0.0,5,True,4.823324033076557e-13,4.823324033076557e-13,True,,,,,,
A_row_literal,row_literal,connected_same_particle,组3:PAIR:r138:r237,组3,cylinder_contact,r138,r237,138,237,,组3_row_literal_P0136,组3_row_literal_P0235,,,0.0,2.38309762302247e-10,0.0,connected,gap<=1.8,capsule_then_flat_cylinder_gjk,0.0,5,True,1.4572883336875599e-12,1.4572883336875599e-12,True,,,,,,
A_row_literal,row_literal,connected_same_particle,组3:PAIR:r139:r182,组3,cylinder_contact,r139,r182,139,182,,组3_row_literal_P0137,组3_row_literal_P0180,,,0.0,1.9621280469889224e-10,0.0,connected,gap<=1.8,capsule_then_flat_cylinder_gjk,0.0,4,True,8.038873388460929e-14,8.038873388460929e-14,True,,,,,,
A_row_literal,row_literal,connected_same_particle,组3:PAIR:r139:r188,组3,cylinder_contact,r139,r188,139,188,,组3_row_literal_P0137,组3_row_literal_P0186,,,0.0,1.974947238150902e-10,0.0,connected,gap<=1.8,capsule_then_flat_cylinder_gjk,0.0,6,True,3.639754730461873e-13,3.639754730461873e-13,True,,,,,,
A_row_literal,row_literal,connected_same_particle,组3:PAIR:r146:r338,组3,cylinder_contact,r146,r338,146,338,,组3_row_literal_P0144,组3_row_literal_P0336,,,0.0,1.9700654241512287e-10,0.0,connected,gap<=1.8,capsule_then_flat_cylinder_gjk,0.0,5,True,4.547473508864641e-13,4.547473508864641e-13,True,,,,,,
A_row_literal,row_literal,connected_same_particle,组3:PAIR:r148:r162,组3,cylinder_contact,r148,r162,148,162,,组3_row_literal_P0146,组3_row_literal_P0160,,,0.0,4.0138241505275145e-10,0.0,connected,gap<=1.8,capsule_then_flat_cylinder_gjk,0.0,5,True,1.1593828079623528e-12,1.1593828079623528e-12,True,,,,,,
A_row_literal,row_literal,connected_same_particle,组3:PAIR:r156:r251,组3,cylinder_contact,r156,r251,156,251,,组3_row_literal_P0154,组3_row_literal_P0249,,,0.0,2.334041866939208e-10,0.0,connected,gap<=1.8,capsule_then_flat_cylinder_gjk,0.0,5,True,1.1368683772161603e-13,1.1368683772161603e-13,True,,,,,,
A_row_literal,row_literal,connected_same_particle,组3:PAIR:r159:r163,组3,cylinder_contact,r159,r163,159,163,,组3_row_literal_P0157,组3_row_literal_P0161,,,0.0,2.976863816857135e-10,0.0,connected,gap<=1.8,capsule_then_flat_cylinder_gjk,0.0,5,True,1.2505552149377761e-12,1.2505552149377761e-12,True,,,,,,
A_row_literal,row_literal,connected_same_particle,组3:PAIR:r159:r197,组3,cylinder_contact,r159,r197,159,197,,组3_row_literal_P0157,组3_row_literal_P0195,,,0.0,2.919374556727555e-10,0.0,connected,gap<=1.8,capsule_then_flat_cylinder_gjk,0.0,4,True,9.812236146964348e-11,9.812236146964348e-11,True,,,,,,
A_row_literal,row_literal,connected_same_particle,组3:PAIR:r160:r209,组3,cylinder_contact,r160,r209,160,209,,组3_row_literal_P0158,组3_row_literal_P0207,,,0.0,2.8550548753148186e-10,0.0,connected,gap<=1.8,capsule_then_flat_cylinder_gjk,0.0,4,True,1.2834101332393602e-13,1.2834101332393602e-13,True,,,,,,
A_row_literal,row_literal,connected_same_particle,组3:PAIR:r161:r239,组3,cylinder_contact,r161,r239,161,239,,组3_row_literal_P0159,组3_row_literal_P0237,,,0.0,3.623870043462374e-10,0.0,connected,gap<=1.8,capsule_then_flat_cylinder_gjk,0.0,7,True,1.140188868083145e-11,1.140188868083145e-11,True,,,,,,
A_row_literal,row_literal,connected_same_particle,组3:PAIR:r162:r192,组3,cylinder_contact,r162,r192,162,192,,组3_row_literal_P0160,组3_row_literal_P0190,,,0.0,3.1407369772378633e-10,0.0,connected,gap<=1.8,capsule_then_flat_cylinder_gjk,0.0,4,True,2.604892696897332e-13,2.604892696897332e-13,True,,,,,,
A_row_literal,row_literal,connected_same_particle,组3:PAIR:r164:r178,组3,cylinder_contact,r164,r178,164,178,,组3_row_literal_P0162,组3_row_literal_P0176,,,0.0,3.258441145259948e-10,0.0,connected,gap<=1.8,capsule_then_flat_cylinder_gjk,0.0,6,True,3.938227581713539e-13,3.938227581713539e-13,True,,,,,,
A_row_literal,row_literal,connected_same_particle,组3:PAIR:r167:r211,组3,cylinder_contact,r167,r211,167,211,,组3_row_literal_P0165,组3_row_literal_P0209,,,0.0,3.349077392926414e-10,0.0,connected,gap<=1.8,capsule_then_flat_cylinder_gjk,0.0,4,True,3.457613971339155e-11,3.457613971339155e-11,True,,,,,,
A_row_literal,row_literal,connected_same_particle,组3:PAIR:r169:r175,组3,cylinder_contact,r169,r175,169,175,,组3_row_literal_P0167,组3_row_literal_P0173,,,0.0,3.680848773732284e-10,0.0,connected,gap<=1.8,capsule_then_flat_cylinder_gjk,0.0,5,True,5.209785393794665e-13,5.209785393794665e-13,True,,,,,,
A_row_literal,row_literal,connected_same_particle,组3:PAIR:r172:r195,组3,cylinder_contact,r172,r195,172,195,,组3_row_literal_P0170,组3_row_literal_P0193,,,0.0,2.61479058754282e-10,0.0,connected,gap<=1.8,capsule_then_flat_cylinder_gjk,0.0,4,True,7.731540852509763e-13,7.731540852509763e-13,True,,,,,,
A_row_literal,row_literal,connected_same_particle,组3:PAIR:r172:r357,组3,cylinder_contact,r172,r357,172,357,,组3_row_literal_P0170,组3_row_literal_P0355,,,0.0,2.544085043819076e-10,0.0,connected,gap<=1.8,capsule_then_flat_cylinder_gjk,0.0,5,True,1.0267281065914884e-12,1.0267281065914884e-12,True,,,,,,
A_row_literal,row_literal,connected_same_particle,组3:PAIR:r174:r318,组3,cylinder_contact,r174,r318,174,318,,组3_row_literal_P0172,组3_row_literal_P0316,,,0.6787506345906529,0.6787506392934962,0.6787506369420746,connected,gap<=1.8,capsule_then_flat_cylinder_gjk,0.6787506389011781,512,False,0.6787506392675574,2.325482806320167e-09,True,,,,,,
A_row_literal,row_literal,connected_same_particle,组3:PAIR:r176:r211,组3,cylinder_contact,r176,r211,176,211,,组3_row_literal_P0174,组3_row_literal_P0209,,,0.0,3.262679948635211e-10,0.0,connected,gap<=1.8,capsule_then_flat_cylinder_gjk,0.0,5,True,9.099386826154683e-13,9.099386826154683e-13,True,,,,,,
A_row_literal,row_literal,connected_same_particle,组3:PAIR:r178:r198,组3,cylinder_contact,r178,r198,178,198,,组3_row_literal_P0176,组3_row_literal_P0196,,,0.0,2.1286491858327163e-10,0.0,connected,gap<=1.8,capsule_then_flat_cylinder_gjk,0.0,4,True,6.355287432313019e-14,6.355287432313019e-14,True,,,,,,
A_row_literal,row_literal,connected_same_particle,组3:PAIR:r179:r183,组3,cylinder_contact,r179,r183,179,183,,组3_row_literal_P0177,组3_row_literal_P0181,,,0.0,2.2523409545231027e-10,0.0,connected,gap<=1.8,capsule_then_flat_cylinder_gjk,0.0,6,True,1.686439916067154e-11,1.686439916067154e-11,True,,,,,,
A_row_literal,row_literal,connected_same_particle,组3:PAIR:r180:r201,组3,cylinder_contact,r180,r201,180,201,,组3_row_literal_P0178,组3_row_literal_P0199,,,0.0,4.152474931634385e-10,0.0,connected,gap<=1.8,capsule_then_flat_cylinder_gjk,0.0,4,True,2.2737367544323203e-13,2.2737367544323203e-13,True,,,,,,
A_row_literal,row_literal,connected_same_particle,组3:PAIR:r182:r225,组3,cylinder_contact,r182,r225,182,225,,组3_row_literal_P0180,组3_row_literal_P0223,,,0.0,2.131470492514262e-10,0.0,connected,gap<=1.8,capsule_then_flat_cylinder_gjk,0.0,4,True,3.938227581713539e-13,3.938227581713539e-13,True,,,,,,
A_row_literal,row_literal,connected_same_particle,组3:PAIR:r182:r279,组3,cylinder_contact,r182,r279,182,279,,组3_row_literal_P0180,组3_row_literal_P0277,,,0.0,2.2887915767778175e-10,0.0,connected,gap<=1.8,capsule_then_flat_cylinder_gjk,0.0,5,True,7.447483735586253e-10,7.447483735586253e-10,True,,,,,,
A_row_literal,row_literal,connected_same_particle,组3:PAIR:r188:r225,组3,cylinder_contact,r188,r225,188,225,,组3_row_literal_P0186,组3_row_literal_P0223,,,0.0,2.1369379884965107e-10,0.0,connected,gap<=1.8,capsule_then_flat_cylinder_gjk,0.0,5,True,7.36774916095767e-13,7.36774916095767e-13,True,,,,,,
A_row_literal,row_literal,connected_same_particle,组3:PAIR:r188:r286,组3,cylinder_contact,r188,r286,188,286,,组3_row_literal_P0186,组3_row_literal_P0284,,,0.0,1.7356942236517622e-10,0.0,connected,gap<=1.8,capsule_then_flat_cylinder_gjk,0.0,5,True,1.1368683772161605e-12,1.1368683772161605e-12,True,,,,,,
A_row_literal,row_literal,connected_same_particle,组3:PAIR:r190:r197,组3,cylinder_contact,r190,r197,190,197,,组3_row_literal_P0188,组3_row_literal_P0195,,,0.0,2.852692715541051e-10,0.0,connected,gap<=1.8,capsule_then_flat_cylinder_gjk,0.0,5,True,1.2710574864626038e-13,1.2710574864626038e-13,True,,,,,,
A_row_literal,row_literal,connected_same_particle,组3:PAIR:r205:r218,组3,cylinder_contact,r205,r218,205,218,,组3_row_literal_P0203,组3_row_literal_P0216,,,0.0,1.8071373931148645e-10,0.0,connected,gap<=1.8,capsule_then_flat_cylinder_gjk,0.0,6,True,1.6043167557196118e-12,1.6043167557196118e-12,True,,,,,,
A_row_literal,row_literal,connected_same_particle,组3:PAIR:r205:r287,组3,cylinder_contact,r205,r287,205,287,,组3_row_literal_P0203,组3_row_literal_P0285,,,0.0,1.8041168995357442e-10,0.0,connected,gap<=1.8,capsule_then_flat_cylinder_gjk,0.0,5,True,5.82471714435519e-13,5.82471714435519e-13,True,,,,,,
A_row_literal,row_literal,connected_same_particle,组3:PAIR:r208:r305,组3,cylinder_contact,r208,r305,208,305,,组3_row_literal_P0206,组3_row_literal_P0303,,,1.7786710844844462,1.7786710872937999,1.778671085889123,connected,gap<=1.8,capsule_then_flat_cylinder_gjk,1.7786710871068863,12,False,1.778671087142672,1.2535490423459805e-09,True,,,,,,
A_row_literal,row_literal,connected_same_particle,组3:PAIR:r213:r287,组3,cylinder_contact,r213,r287,213,287,,组3_row_literal_P0211,组3_row_literal_P0285,,,0.0,1.8930594595804609e-10,0.0,connected,gap<=1.8,capsule_then_flat_cylinder_gjk,0.0,4,True,5.362597410144533e-13,5.362597410144533e-13,True,,,,,,
A_row_literal,row_literal,connected_same_particle,组3:PAIR:r213:r364,组3,cylinder_contact,r213,r364,213,364,,组3_row_literal_P0211,组3_row_literal_P0362,,,0.0,2.1663299905383626e-10,0.0,connected,gap<=1.8,capsule_then_flat_cylinder_gjk,0.0,5,True,2.49399488080602e-13,2.49399488080602e-13,True,,,,,,
A_row_literal,row_literal,connected_same_particle,组3:PAIR:r218:r266,组3,cylinder_contact,r218,r266,218,266,,组3_row_literal_P0216,组3_row_literal_P0264,,,0.0,1.685150038897927e-10,0.0,connected,gap<=1.8,capsule_then_flat_cylinder_gjk,0.0,6,True,1.7053025658242404e-13,1.7053025658242404e-13,True,,,,,,
A_row_literal,row_literal,connected_same_particle,组3:PAIR:r218:r287,组3,cylinder_contact,r218,r287,218,287,,组3_row_literal_P0216,组3_row_literal_P0285,,,0.0,1.6388461110316699e-10,0.0,connected,gap<=1.8,capsule_then_flat_cylinder_gjk,0.0,6,True,2.2737367544323206e-13,2.2737367544323206e-13,True,,,,,,
A_row_literal,row_literal,connected_same_particle,组3:PAIR:r218:r353,组3,cylinder_contact,r218,r353,218,353,,组3_row_literal_P0216,组3_row_literal_P0351,,,0.0,2.3341933865593414e-10,0.0,connected,gap<=1.8,capsule_then_flat_cylinder_gjk,0.0,5,True,4.151126638648695e-12,4.151126638648695e-12,True,,,,,,
A_row_literal,row_literal,connected_same_particle,组3:PAIR:r223:r301,组3,cylinder_contact,r223,r301,223,301,,组3_row_literal_P0221,组3_row_literal_P0299,,,0.0,1.9295238210326363e-10,0.0,connected,gap<=1.8,capsule_then_flat_cylinder_gjk,0.0,6,True,1.628063766540671e-09,1.628063766540671e-09,True,,,,,,
A_row_literal,row_literal,connected_same_particle,组3:PAIR:r225:r319,组3,cylinder_contact,r225,r319,225,319,,组3_row_literal_P0223,组3_row_literal_P0317,,,0.0,2.375253215042492e-10,0.0,connected,gap<=1.8,capsule_then_flat_cylinder_gjk,0.0,5,True,5.084229945850415e-13,5.084229945850415e-13,True,,,,,,
A_row_literal,row_literal,connected_same_particle,组3:PAIR:r226:r240,组3,cylinder_contact,r226,r240,226,240,,组3_row_literal_P0224,组3_row_literal_P0238,,,0.0,2.396214031971352e-10,0.0,connected,gap<=1.8,capsule_then_flat_cylinder_gjk,0.0,6,True,1.212844625419613e-12,1.212844625419613e-12,True,,,,,,
A_row_literal,row_literal,connected_same_particle,组3:PAIR:r227:r273,组3,cylinder_contact,r227,r273,227,273,,组3_row_literal_P0225,组3_row_literal_P0271,,,0.0,2.9168753663635964e-10,0.0,connected,gap<=1.8,capsule_then_flat_cylinder_gjk,0.0,4,True,2.5579538487363607e-13,2.5579538487363607e-13,True,,,,,,
A_row_literal,row_literal,connected_same_particle,组3:PAIR:r227:r297,组3,cylinder_contact,r227,r297,227,297,,组3_row_literal_P0225,组3_row_literal_P0295,,,0.0,2.923306465074365e-10,0.0,connected,gap<=1.8,capsule_then_flat_cylinder_gjk,0.0,4,True,1.632702903446565e-13,1.632702903446565e-13,True,,,,,,
A_row_literal,row_literal,connected_same_particle,组3:PAIR:r229:r283,组3,cylinder_contact,r229,r283,229,283,,组3_row_literal_P0227,组3_row_literal_P0281,,,0.0,2.9094623998356114e-10,0.0,connected,gap<=1.8,capsule_then_flat_cylinder_gjk,0.0,4,True,4.617981178760124e-13,4.617981178760124e-13,True,,,,,,
A_row_literal,row_literal,connected_same_particle,组3:PAIR:r235:r323,组3,cylinder_contact,r235,r323,235,323,,组3_row_literal_P0233,组3_row_literal_P0321,,,0.0,3.0650279439901365e-10,0.0,connected,gap<=1.8,capsule_then_flat_cylinder_gjk,0.0,6,True,7.626344918775623e-13,7.626344918775623e-13,True,,,,,,
A_row_literal,row_literal,connected_same_particle,组3:PAIR:r235:r364,组3,cylinder_contact,r235,r364,235,364,,组3_row_literal_P0233,组3_row_literal_P0362,,,0.0,2.532451079585132e-10,0.0,connected,gap<=1.8,capsule_then_flat_cylinder_gjk,0.0,5,True,3.215549355384371e-13,3.215549355384371e-13,True,,,,,,
A_row_literal,row_literal,connected_same_particle,组3:PAIR:r240:r316,组3,cylinder_contact,r240,r316,240,316,,组3_row_literal_P0238,组3_row_literal_P0314,,,0.0,2.209260186921251e-10,0.0,connected,gap<=1.8,capsule_then_flat_cylinder_gjk,0.0,6,True,1.1457157353758233e-13,1.1457157353758233e-13,True,,,,,,
A_row_literal,row_literal,connected_same_particle,组3:PAIR:r240:r389,组3,cylinder_contact,r240,r389,240,389,,组3_row_literal_P0238,组3_row_literal_P0387,,,0.0,2.685357951485943e-10,0.0,connected,gap<=1.8,capsule_then_flat_cylinder_gjk,0.0,5,True,3.5950934718225415e-13,3.5950934718225415e-13,True,,,,,,
A_row_literal,row_literal,connected_same_particle,组3:PAIR:r244:r248,组3,cylinder_contact,r244,r248,244,248,,组3_row_literal_P0242,组3_row_literal_P0246,,,0.0,2.9305337103152396e-10,0.0,connected,gap<=1.8,capsule_then_flat_cylinder_gjk,0.0,6,True,6.278560827688159e-13,6.278560827688159e-13,True,,,,,,
A_row_literal,row_literal,connected_same_particle,组3:PAIR:r244:r254,组3,cylinder_contact,r244,r254,244,254,,组3_row_literal_P0242,组3_row_literal_P0252,,,0.0,2.9623390581094036e-10,0.0,connected,gap<=1.8,capsule_then_flat_cylinder_gjk,0.0,4,True,7.78360568894479e-14,7.78360568894479e-14,True,,,,,,
A_row_literal,row_literal,connected_same_particle,组3:PAIR:r248:r254,组3,cylinder_contact,r248,r254,248,254,,组3_row_literal_P0246,组3_row_literal_P0252,,,0.0,2.9551367933102037e-10,0.0,connected,gap<=1.8,capsule_then_flat_cylinder_gjk,0.0,4,True,7.279509460923747e-13,7.279509460923747e-13,True,,,,,,
A_row_literal,row_literal,connected_same_particle,组3:PAIR:r251:r266,组3,cylinder_contact,r251,r266,251,266,,组3_row_literal_P0249,组3_row_literal_P0264,,,0.0,1.824541306788274e-10,0.0,connected,gap<=1.8,capsule_then_flat_cylinder_gjk,0.0,4,True,3.410605131648481e-13,3.410605131648481e-13,True,,,,,,
A_row_literal,row_literal,connected_same_particle,组3:PAIR:r251:r274,组3,cylinder_contact,r251,r274,251,274,,组3_row_literal_P0249,组3_row_literal_P0272,,,0.0,2.607521111882691e-10,0.0,connected,gap<=1.8,capsule_then_flat_cylinder_gjk,0.0,4,True,8.354242286656624e-13,8.354242286656624e-13,True,,,,,,
A_row_literal,row_literal,connected_same_particle,组3:PAIR:r257:r291,组3,cylinder_contact,r257,r291,257,291,,组3_row_literal_P0255,组3_row_literal_P0289,,,0.0,2.0842647623098825e-10,0.0,connected,gap<=1.8,capsule_then_flat_cylinder_gjk,0.0,5,True,7.031142602530156e-13,7.031142602530156e-13,True,,,,,,
A_row_literal,row_literal,connected_same_particle,组3:PAIR:r257:r315,组3,cylinder_contact,r257,r315,257,315,,组3_row_literal_P0255,组3_row_literal_P0313,,,0.0,1.8671020428083936e-10,0.0,connected,gap<=1.8,capsule_then_flat_cylinder_gjk,0.0,5,True,3.177643716156509e-13,3.177643716156509e-13,True,,,,,,
A_row_literal,row_literal,connected_same_particle,组3:PAIR:r259:r330,组3,cylinder_contact,r259,r330,259,330,,组3_row_literal_P0257,组3_row_literal_P0328,,,0.0,1.4511157245606337e-10,0.0,connected,gap<=1.8,capsule_then_flat_cylinder_gjk,0.0,6,True,9.25343817704044e-13,9.25343817704044e-13,True,,,,,,
A_row_literal,row_literal,connected_same_particle,组3:PAIR:r262:r423,组3,cylinder_contact,r262,r423,262,423,,组3_row_literal_P0260,组3_row_literal_P0421,,,0.0,2.1765580931130912e-10,0.0,connected,gap<=1.8,capsule_then_flat_cylinder_gjk,0.0,5,True,9.54563326089707e-13,9.54563326089707e-13,True,,,,,,
A_row_literal,row_literal,connected_same_particle,组3:PAIR:r265:r278,组3,cylinder_contact,r265,r278,265,278,,组3_row_literal_P0263,组3_row_literal_P0276,,,0.0,2.9801955429294825e-10,0.0,connected,gap<=1.8,capsule_then_flat_cylinder_gjk,0.0,4,True,1.4210854715202004e-14,1.4210854715202004e-14,True,,,,,,
A_row_literal,row_literal,connected_same_particle,组3:PAIR:r267:r414,组3,cylinder_contact,r267,r414,267,414,,组3_row_literal_P0265,组3_row_literal_P0412,,,0.0,3.56267730543135e-10,0.0,connected,gap<=1.8,capsule_then_flat_cylinder_gjk,0.0,5,True,1.392373714442771e-13,1.392373714442771e-13,True,,,,,,
A_row_literal,row_literal,connected_same_particle,组3:PAIR:r269:r317,组3,cylinder_contact,r269,r317,269,317,,组3_row_literal_P0267,组3_row_literal_P0315,,,0.0,2.698550043861707e-10,0.0,connected,gap<=1.8,capsule_then_flat_cylinder_gjk,0.0,6,True,4.591667681496436e-13,4.591667681496436e-13,True,,,,,,
A_row_literal,row_literal,connected_same_particle,组3:PAIR:r275:r296,组3,cylinder_contact,r275,r296,275,296,,组3_row_literal_P0273,组3_row_literal_P0294,,,0.0,2.5016335154441323e-10,0.0,connected,gap<=1.8,capsule_then_flat_cylinder_gjk,0.0,5,True,6.915300366811402e-13,6.915300366811402e-13,True,,,,,,
A_row_literal,row_literal,connected_same_particle,组3:PAIR:r278:r302,组3,cylinder_contact,r278,r302,278,302,,组3_row_literal_P0276,组3_row_literal_P0300,,,0.0,3.705586404203881e-10,0.0,connected,gap<=1.8,capsule_then_flat_cylinder_gjk,0.0,5,True,4.602649920770332e-13,4.602649920770332e-13,True,,,,,,
A_row_literal,row_literal,connected_same_particle,组3:PAIR:r279:r319,组3,cylinder_contact,r279,r319,279,319,,组3_row_literal_P0277,组3_row_literal_P0317,,,0.0,2.3757270128329836e-10,0.0,connected,gap<=1.8,capsule_then_flat_cylinder_gjk,0.0,4,True,2.8421709430404007e-13,2.8421709430404007e-13,True,,,,,,
A_row_literal,row_literal,connected_same_particle,组3:PAIR:r280:r308,组3,cylinder_contact,r280,r308,280,308,,组3_row_literal_P0278,组3_row_literal_P0306,,,0.0,2.5829724083158627e-10,0.0,connected,gap<=1.8,capsule_then_flat_cylinder_gjk,0.0,6,True,1.4559018921847493e-12,1.4559018921847493e-12,True,,,,,,
A_row_literal,row_literal,connected_same_particle,组3:PAIR:r285:r294,组3,cylinder_contact,r285,r294,285,294,,组3_row_literal_P0283,组3_row_literal_P0292,,,0.0,3.177437386588334e-10,0.0,connected,gap<=1.8,capsule_then_flat_cylinder_gjk,0.0,5,True,1.449228509952941e-13,1.449228509952941e-13,True,,,,,,
A_row_literal,row_literal,connected_same_particle,组3:PAIR:r295:r451,组3,cylinder_contact,r295,r451,295,451,,组3_row_literal_P0293,组3_row_literal_P0449,,,1.4529593453894278,1.452959348626191,1.4529593470078095,connected,gap<=1.8,capsule_then_flat_cylinder_gjk,1.4529593482501113,11,False,1.4529593482498315,1.2420220407705074e-09,True,,,,,,
A_row_literal,row_literal,connected_same_particle,组3:PAIR:r297:r438,组3,cylinder_contact,r297,r438,297,438,,组3_row_literal_P0295,组3_row_literal_P0436,,,0.0,3.2335519616026216e-10,0.0,connected,gap<=1.8,capsule_then_flat_cylinder_gjk,0.0,4,True,8.507543922801099e-13,8.507543922801099e-13,True,,,,,,
A_row_literal,row_literal,connected_same_particle,组3:PAIR:r305:r330,组3,cylinder_contact,r305,r330,305,330,,组3_row_literal_P0303,组3_row_literal_P0328,,,0.0,1.5107499996738364e-10,0.0,connected,gap<=1.8,capsule_then_flat_cylinder_gjk,0.0,4,True,7.190186943645083e-13,7.190186943645083e-13,True,,,,,,
A_row_literal,row_literal,connected_same_particle,组3:PAIR:r307:r481,组3,cylinder_contact,r307,r481,307,481,,组3_row_literal_P0305,组3_row_literal_P0479,,,0.0,2.4618112744401226e-10,0.0,connected,gap<=1.8,capsule_then_flat_cylinder_gjk,0.0,5,True,9.166827466555184e-13,9.166827466555184e-13,True,,,,,,
A_row_literal,row_literal,connected_same_particle,组3:PAIR:r310:r319,组3,cylinder_contact,r310,r319,310,319,,组3_row_literal_P0308,组3_row_literal_P0317,,,0.0,2.367455331942225e-10,0.0,connected,gap<=1.8,capsule_then_flat_cylinder_gjk,0.0,4,True,2.1457920056692358e-13,2.1457920056692358e-13,True,,,,,,
A_row_literal,row_literal,connected_same_particle,组3:PAIR:r311:r398,组3,cylinder_contact,r311,r398,311,398,,组3_row_literal_P0309,组3_row_literal_P0396,,,0.0,2.669711402285452e-10,0.0,connected,gap<=1.8,capsule_then_flat_cylinder_gjk,0.0,4,True,4.687428401686771e-13,4.687428401686771e-13,True,,,,,,
A_row_literal,row_literal,connected_same_particle,组3:PAIR:r313:r380,组3,cylinder_contact,r313,r380,313,380,,组3_row_literal_P0311,组3_row_literal_P0378,,,0.0,3.1414922605195625e-10,0.0,connected,gap<=1.8,capsule_then_flat_cylinder_gjk,0.0,5,True,2.2422549276730047e-12,2.2422549276730047e-12,True,,,,,,
A_row_literal,row_literal,connected_same_particle,组3:PAIR:r318:r323,组3,cylinder_contact,r318,r323,318,323,,组3_row_literal_P0316,组3_row_literal_P0321,,,0.0,3.063186714432367e-10,0.0,connected,gap<=1.8,capsule_then_flat_cylinder_gjk,0.0,5,True,5.209785393794664e-13,5.209785393794664e-13,True,,,,,,
A_row_literal,row_literal,connected_same_particle,组3:PAIR:r320:r341,组3,cylinder_contact,r320,r341,320,341,,组3_row_literal_P0318,组3_row_literal_P0339,,,0.0,1.4312323574856354e-10,0.0,connected,gap<=1.8,capsule_then_flat_cylinder_gjk,0.0,5,True,8.921056211695389e-11,8.921056211695389e-11,True,,,,,,
A_row_literal,row_literal,connected_same_particle,组3:PAIR:r320:r486,组3,cylinder_contact,r320,r486,320,486,,组3_row_literal_P0318,组3_row_literal_P0484,,,1.2065018440911464,1.2065018445999443,1.2065018443455453,connected,gap<=1.8,capsule_then_flat_cylinder_gjk,0.0,36,True,1.2065018443719102,2.6364910254983442e-11,True,,,,,,
A_row_literal,row_literal,connected_same_particle,组3:PAIR:r322:r326,组3,cylinder_contact,r322,r326,322,326,,组3_row_literal_P0320,组3_row_literal_P0324,,,0.0,1.4257706489324667e-10,0.0,connected,gap<=1.8,capsule_then_flat_cylinder_gjk,0.0,5,True,9.235962357520249e-13,9.235962357520249e-13,True,,,,,,
A_row_literal,row_literal,connected_same_particle,组3:PAIR:r322:r330,组3,cylinder_contact,r322,r330,322,330,,组3_row_literal_P0320,组3_row_literal_P0328,,,0.0,1.4497795171338934e-10,0.0,connected,gap<=1.8,capsule_then_flat_cylinder_gjk,0.0,4,True,4.687428401686771e-13,4.687428401686771e-13,True,,,,,,
A_row_literal,row_literal,connected_same_particle,组3:PAIR:r325:r375,组3,cylinder_contact,r325,r375,325,375,,组3_row_literal_P0323,组3_row_literal_P0373,,,0.0,1.6234731147628353e-10,0.0,connected,gap<=1.8,capsule_then_flat_cylinder_gjk,0.0,5,True,2.2737367544323206e-13,2.2737367544323206e-13,True,,,,,,
A_row_literal,row_literal,connected_same_particle,组3:PAIR:r326:r330,组3,cylinder_contact,r326,r330,326,330,,组3_row_literal_P0324,组3_row_literal_P0328,,,0.0,1.5469338570899601e-10,0.0,connected,gap<=1.8,capsule_then_flat_cylinder_gjk,0.0,4,True,3.9382275817135387e-13,3.9382275817135387e-13,True,,,,,,
A_row_literal,row_literal,connected_same_particle,组3:PAIR:r340:r400,组3,cylinder_contact,r340,r400,340,400,,组3_row_literal_P0338,组3_row_literal_P0398,,,0.0,3.684163832082509e-10,0.0,connected,gap<=1.8,capsule_then_flat_cylinder_gjk,0.0,4,True,9.205299841540664e-13,9.205299841540664e-13,True,,,,,,
A_row_literal,row_literal,connected_same_particle,组3:PAIR:r342:r343,组3,cylinder_contact,r342,r343,342,343,,组3_row_literal_P0340,组3_row_literal_P0341,,,0.0,2.400318333864524e-10,0.0,connected,gap<=1.8,capsule_then_flat_cylinder_gjk,0.0,4,True,1.1138989715542167e-12,1.1138989715542167e-12,True,,,,,,
A_row_literal,row_literal,connected_same_particle,组3:PAIR:r345:r355,组3,cylinder_contact,r345,r355,345,355,,组3_row_literal_P0343,组3_row_literal_P0353,,,0.0,2.3640777920416116e-10,0.0,connected,gap<=1.8,capsule_then_flat_cylinder_gjk,0.0,5,True,1.2912342630898533e-12,1.2912342630898533e-12,True,,,,,,
A_row_literal,row_literal,connected_same_particle,组3:PAIR:r345:r386,组3,cylinder_contact,r345,r386,345,386,,组3_row_literal_P0343,组3_row_literal_P0384,,,0.0,2.358393450155531e-10,0.0,connected,gap<=1.8,capsule_then_flat_cylinder_gjk,0.0,4,True,4.749984274667112e-10,4.749984274667112e-10,True,,,,,,
A_row_literal,row_literal,connected_same_particle,组3:PAIR:r349:r369,组3,cylinder_contact,r349,r369,349,369,,组3_row_literal_P0347,组3_row_literal_P0367,,,0.0,2.47756972998614e-10,0.0,connected,gap<=1.8,capsule_then_flat_cylinder_gjk,0.0,6,True,6.967667714054224e-13,6.967667714054224e-13,True,,,,,,
A_row_literal,row_literal,connected_same_particle,组3:PAIR:r349:r397,组3,cylinder_contact,r349,r397,349,397,,组3_row_literal_P0347,组3_row_literal_P0395,,,0.0,2.6031819486092913e-10,0.0,connected,gap<=1.8,capsule_then_flat_cylinder_gjk,0.0,4,True,4.238933840384142e-12,4.238933840384142e-12,True,,,,,,
A_row_literal,row_literal,connected_same_particle,组3:PAIR:r353:r453,组3,cylinder_contact,r353,r453,353,453,,组3_row_literal_P0351,组3_row_literal_P0451,,,0.0,2.5768936463731633e-10,0.0,connected,gap<=1.8,capsule_then_flat_cylinder_gjk,0.0,4,True,2.0495186137532014e-13,2.0495186137532014e-13,True,,,,,,
A_row_literal,row_literal,connected_same_particle,组3:PAIR:r354:r358,组3,cylinder_contact,r354,r358,354,358,,组3_row_literal_P0352,组3_row_literal_P0356,,,0.0,2.775583005623495e-10,0.0,connected,gap<=1.8,capsule_then_flat_cylinder_gjk,0.0,5,True,1.7975467359112708e-13,1.7975467359112708e-13,True,,,,,,
A_row_literal,row_literal,connected_same_particle,组3:PAIR:r359:r360,组3,cylinder_contact,r359,r360,359,360,,组3_row_literal_P0357,组3_row_literal_P0358,,,0.0,2.456481369825429e-10,0.0,connected,gap<=1.8,capsule_then_flat_cylinder_gjk,0.0,4,True,0.0,0.0,True,,,,,,
A_row_literal,row_literal,connected_same_particle,组3:PAIR:r369:r430,组3,cylinder_contact,r369,r430,369,430,,组3_row_literal_P0367,组3_row_literal_P0428,,,0.0,2.613156070377339e-10,0.0,connected,gap<=1.8,capsule_then_flat_cylinder_gjk,0.0,5,True,5.6843418860808e-13,5.6843418860808e-13,True,,,,,,
A_row_literal,row_literal,connected_same_particle,组3:PAIR:r379:r502,组3,cylinder_contact,r379,r502,379,502,,组3_row_literal_P0377,组3_row_literal_P0500,,,0.0,3.396179140685914e-10,0.0,connected,gap<=1.8,capsule_then_flat_cylinder_gjk,0.0,5,True,4.687428401686771e-13,4.687428401686771e-13,True,,,,,,
A_row_literal,row_literal,connected_same_particle,组3:PAIR:r381:r390,组3,cylinder_contact,r381,r390,381,390,,组3_row_literal_P0379,组3_row_literal_P0388,,,0.0,3.2983939788742185e-10,0.0,connected,gap<=1.8,capsule_then_flat_cylinder_gjk,0.0,4,True,2.4290171290001005e-12,2.4290171290001005e-12,True,,,,,,
A_row_literal,row_literal,connected_same_particle,组3:PAIR:r382:r481,组3,cylinder_contact,r382,r481,382,481,,组3_row_literal_P0380,组3_row_literal_P0479,,,0.0,2.4624864434485803e-10,0.0,connected,gap<=1.8,capsule_then_flat_cylinder_gjk,0.0,5,True,7.279509460923745e-13,7.279509460923745e-13,True,,,,,,
A_row_literal,row_literal,connected_same_particle,组3:PAIR:r384:r395,组3,cylinder_contact,r384,r395,384,395,,组3_row_literal_P0382,组3_row_literal_P0393,,,0.0,3.2483848930774674e-10,0.0,connected,gap<=1.8,capsule_then_flat_cylinder_gjk,0.0,6,True,6.12222357532858e-13,6.12222357532858e-13,True,,,,,,
A_row_literal,row_literal,connected_same_particle,组3:PAIR:r391:r474,组3,cylinder_contact,r391,r474,391,474,,组3_row_literal_P0389,组3_row_literal_P0472,,,0.0,2.448318953786431e-10,0.0,connected,gap<=1.8,capsule_then_flat_cylinder_gjk,0.0,4,True,8.889454746300438e-13,8.889454746300438e-13,True,,,,,,
A_row_literal,row_literal,connected_same_particle,组3:PAIR:r391:r489,组3,cylinder_contact,r391,r489,391,489,,组3_row_literal_P0389,组3_row_literal_P0487,,,0.0,2.571838157237207e-10,0.0,connected,gap<=1.8,capsule_then_flat_cylinder_gjk,0.0,5,True,5.084229945850415e-13,5.084229945850415e-13,True,,,,,,
A_row_literal,row_literal,connected_same_particle,组3:PAIR:r392:r393,组3,cylinder_contact,r392,r393,392,393,,组3_row_literal_P0390,组3_row_literal_P0391,,,0.0,3.473401692945573e-10,0.0,connected,gap<=1.8,capsule_then_flat_cylinder_gjk,0.0,5,True,1.2912342630898533e-12,1.2912342630898533e-12,True,,,,,,
A_row_literal,row_literal,connected_same_particle,组3:PAIR:r396:r397,组3,cylinder_contact,r396,r397,396,397,,组3_row_literal_P0394,组3_row_literal_P0395,,,0.0,2.7920573375353393e-10,0.0,connected,gap<=1.8,capsule_then_flat_cylinder_gjk,0.0,6,True,2.604892696897332e-13,2.604892696897332e-13,True,,,,,,
A_row_literal,row_literal,connected_same_particle,组3:PAIR:r408:r423,组3,cylinder_contact,r408,r423,408,423,,组3_row_literal_P0406,组3_row_literal_P0421,,,0.0,2.674226114355234e-10,0.0,connected,gap<=1.8,capsule_then_flat_cylinder_gjk,0.0,4,True,2.31335954426011e-13,2.31335954426011e-13,True,,,,,,
A_row_literal,row_literal,connected_same_particle,组3:PAIR:r413:r448,组3,cylinder_contact,r413,r448,413,448,,组3_row_literal_P0411,组3_row_literal_P0446,,,0.0,2.607746526304305e-10,0.0,connected,gap<=1.8,capsule_then_flat_cylinder_gjk,0.0,4,True,4.263256414560601e-14,4.263256414560601e-14,True,,,,,,
A_row_literal,row_literal,connected_same_particle,组3:PAIR:r429:r438,组3,cylinder_contact,r429,r438,429,438,,组3_row_literal_P0427,组3_row_literal_P0436,,,0.0,3.2259412377114166e-10,0.0,connected,gap<=1.8,capsule_then_flat_cylinder_gjk,0.0,4,True,5.684341886080802e-14,5.684341886080802e-14,True,,,,,,
A_row_literal,row_literal,connected_same_particle,组3:PAIR:r430:r450,组3,cylinder_contact,r430,r450,430,450,,组3_row_literal_P0428,组3_row_literal_P0448,,,0.0,2.777935588946599e-10,0.0,connected,gap<=1.8,capsule_then_flat_cylinder_gjk,0.0,5,True,6.653351596650978e-13,6.653351596650978e-13,True,,,,,,
A_row_literal,row_literal,connected_same_particle,组3:PAIR:r431:r501,组3,cylinder_contact,r431,r501,431,501,,组3_row_literal_P0429,组3_row_literal_P0499,,,0.0,2.535977347409275e-10,0.0,connected,gap<=1.8,capsule_then_flat_cylinder_gjk,0.0,4,True,3.642262423977992e-10,3.642262423977992e-10,True,,,,,,
A_row_literal,row_literal,connected_same_particle,组3:PAIR:r439:r450,组3,cylinder_contact,r439,r450,439,450,,组3_row_literal_P0437,组3_row_literal_P0448,,,0.0,2.7832981863567434e-10,0.0,connected,gap<=1.8,capsule_then_flat_cylinder_gjk,0.0,5,True,1.1368683772161603e-13,1.1368683772161603e-13,True,,,,,,
A_row_literal,row_literal,connected_same_particle,组3:PAIR:r448:r496,组3,cylinder_contact,r448,r496,448,496,,组3_row_literal_P0446,组3_row_literal_P0494,,,0.0,2.758813483855791e-10,0.0,connected,gap<=1.8,capsule_then_flat_cylinder_gjk,0.0,5,True,1.1607754604859869e-12,1.1607754604859869e-12,True,,,,,,
A_row_literal,row_literal,connected_same_particle,组3:PAIR:r455:r489,组3,cylinder_contact,r455,r489,455,489,,组3_row_literal_P0453,组3_row_literal_P0487,,,0.0,2.5725536036779325e-10,0.0,connected,gap<=1.8,capsule_then_flat_cylinder_gjk,0.0,5,True,7.928841929790065e-13,7.928841929790065e-13,True,,,,,,
A_row_literal,row_literal,connected_same_particle,组3:PAIR:r462:r511,组3,cylinder_contact,r462,r511,462,511,,组3_row_literal_P0460,组3_row_literal_P0509,,,0.0,3.0824811524761763e-10,0.0,connected,gap<=1.8,capsule_then_flat_cylinder_gjk,0.0,5,True,9.11269327268735e-13,9.11269327268735e-13,True,,,,,,
A_row_literal,row_literal,connected_same_particle,组3:PAIR:r466:r526,组3,cylinder_contact,r466,r526,466,526,,组3_row_literal_P0464,组3_row_literal_P0524,,,0.0,3.1938065706352716e-10,0.0,connected,gap<=1.8,capsule_then_flat_cylinder_gjk,0.0,5,True,1.378672645345762e-12,1.378672645345762e-12,True,,,,,,
A_row_literal,row_literal,connected_same_particle,组3:PAIR:r474:r485,组3,cylinder_contact,r474,r485,474,485,,组3_row_literal_P0472,组3_row_literal_P0483,,,0.0,2.8241144636983253e-10,0.0,connected,gap<=1.8,capsule_then_flat_cylinder_gjk,0.0,5,True,9.392074185745005e-13,9.392074185745005e-13,True,,,,,,
A_row_literal,row_literal,connected_same_particle,组3:PAIR:r474:r489,组3,cylinder_contact,r474,r489,474,489,,组3_row_literal_P0472,组3_row_literal_P0487,,,0.0,2.5674789722667007e-10,0.0,connected,gap<=1.8,capsule_then_flat_cylinder_gjk,0.0,5,True,4.253771961400549e-13,4.253771961400549e-13,True,,,,,,
A_row_literal,row_literal,connected_same_particle,组3:PAIR:r484:r531,组3,cylinder_contact,r484,r531,484,531,,组3_row_literal_P0482,组3_row_literal_P0529,,,0.0,2.88223443696985e-10,0.0,connected,gap<=1.8,capsule_then_flat_cylinder_gjk,0.0,7,True,1.1368683772161603e-13,1.1368683772161603e-13,True,,,,,,
A_row_literal,row_literal,connected_same_particle,组3:PAIR:r485:r489,组3,cylinder_contact,r485,r489,485,489,,组3_row_literal_P0483,组3_row_literal_P0487,,,0.0,2.8370934167814443e-10,0.0,connected,gap<=1.8,capsule_then_flat_cylinder_gjk,0.0,5,True,2.2914314707516465e-13,2.2914314707516465e-13,True,,,,,,
A_row_literal,row_literal,connected_same_particle,组3:PAIR:r495:r521,组3,cylinder_contact,r495,r521,495,521,,组3_row_literal_P0493,组3_row_literal_P0519,,,0.0,3.489508915914903e-10,0.0,connected,gap<=1.8,capsule_then_flat_cylinder_gjk,0.0,5,True,3.228085657724633e-13,3.228085657724633e-13,True,,,,,,
B_full_cube_periodic,full_cube_periodic,disconnected_fragments,组1:ELECTRODE:LEFT:r3,组1,electrode_contact,LEFT,r3,,3,left,LEFT,组1_full_cube_periodic_P0001,,,0.0,0.0,0.0,connected,gap<=1.8,closed_form_cylinder_plane,,0,True,,,,,,,,,
B_full_cube_periodic,full_cube_periodic,disconnected_fragments,组1:ELECTRODE:LEFT:r4,组1,electrode_contact,LEFT,r4,,4,left,LEFT,组1_full_cube_periodic_P0002,,,0.0,0.0,0.0,connected,gap<=1.8,closed_form_cylinder_plane,,0,True,,,,,,,,,
B_full_cube_periodic,full_cube_periodic,disconnected_fragments,组1:ELECTRODE:LEFT:r5,组1,electrode_contact,LEFT,r5,,5,left,LEFT,组1_full_cube_periodic_P0003,,,0.0,0.0,0.0,connected,gap<=1.8,closed_form_cylinder_plane,,0,True,,,,,,,,,
B_full_cube_periodic,full_cube_periodic,disconnected_fragments,组1:ELECTRODE:RIGHT:r10,组1,electrode_contact,r10,RIGHT,10,,right,组1_full_cube_periodic_P0008,RIGHT,,,0.0,0.0,0.0,connected,gap<=1.8,closed_form_cylinder_plane,,0,True,,,,,,,,,
B_full_cube_periodic,full_cube_periodic,disconnected_fragments,组1:ELECTRODE:RIGHT:r11,组1,electrode_contact,r11,RIGHT,11,,right,组1_full_cube_periodic_P0003,RIGHT,,,0.0,0.0,0.0,connected,gap<=1.8,closed_form_cylinder_plane,,0,True,,,,,,,,,
B_full_cube_periodic,full_cube_periodic,disconnected_fragments,组1:ELECTRODE:RIGHT:r12,组1,electrode_contact,r12,RIGHT,12,,right,组1_full_cube_periodic_P0002,RIGHT,,,0.0,0.0,0.0,connected,gap<=1.8,closed_form_cylinder_plane,,0,True,,,,,,,,,
B_full_cube_periodic,full_cube_periodic,disconnected_fragments,组1:ELECTRODE:RIGHT:r14,组1,electrode_contact,r14,RIGHT,14,,right,组1_full_cube_periodic_P0001,RIGHT,,,0.0,0.0,0.0,connected,gap<=1.8,closed_form_cylinder_plane,,0,True,,,,,,,,,
B_full_cube_periodic,full_cube_periodic,disconnected_fragments,组1:PAIR:r3:r6,组1,cylinder_contact,r3,r6,3,6,,组1_full_cube_periodic_P0001,组1_full_cube_periodic_P0004,,,0.0,2.170009413277917e-10,0.0,connected,gap<=1.8,capsule_then_flat_cylinder_gjk,0.0,5,True,3.1776437161565096e-14,3.1776437161565096e-14,True,,,,,,
B_full_cube_periodic,full_cube_periodic,disconnected_fragments,组1:PAIR:r11:r12,组1,cylinder_contact,r11,r12,11,12,,组1_full_cube_periodic_P0003,组1_full_cube_periodic_P0002,,,0.0,2.0966613025182378e-10,0.0,connected,gap<=1.8,capsule_then_flat_cylinder_gjk,0.0,4,True,3.4107901638000697e-13,3.4107901638000697e-13,True,,,,,,
B_full_cube_periodic,full_cube_periodic,disconnected_fragments,组2:ELECTRODE:LEFT:r3,组2,electrode_contact,LEFT,r3,,3,left,LEFT,组2_full_cube_periodic_P0001,,,0.0,0.0,0.0,connected,gap<=1.8,closed_form_cylinder_plane,,0,True,,,,,,,,,
B_full_cube_periodic,full_cube_periodic,disconnected_fragments,组2:ELECTRODE:LEFT:r4,组2,electrode_contact,LEFT,r4,,4,left,LEFT,组2_full_cube_periodic_P0002,,,0.0,0.0,0.0,connected,gap<=1.8,closed_form_cylinder_plane,,0,True,,,,,,,,,
B_full_cube_periodic,full_cube_periodic,disconnected_fragments,组2:ELECTRODE:LEFT:r5,组2,electrode_contact,LEFT,r5,,5,left,LEFT,组2_full_cube_periodic_P0003,,,0.0,0.0,0.0,connected,gap<=1.8,closed_form_cylinder_plane,,0,True,,,,,,,,,
B_full_cube_periodic,full_cube_periodic,disconnected_fragments,组2:ELECTRODE:LEFT:r6,组2,electrode_contact,LEFT,r6,,6,left,LEFT,组2_full_cube_periodic_P0004,,,0.0,0.0,0.0,connected,gap<=1.8,closed_form_cylinder_plane,,0,True,,,,,,,,,
B_full_cube_periodic,full_cube_periodic,disconnected_fragments,组2:ELECTRODE:LEFT:r7,组2,electrode_contact,LEFT,r7,,7,left,LEFT,组2_full_cube_periodic_P0005,,,0.0,0.0,0.0,connected,gap<=1.8,closed_form_cylinder_plane,,0,True,,,,,,,,,
B_full_cube_periodic,full_cube_periodic,disconnected_fragments,组2:ELECTRODE:LEFT:r8,组2,electrode_contact,LEFT,r8,,8,left,LEFT,组2_full_cube_periodic_P0006,,,0.0,0.0,0.0,connected,gap<=1.8,closed_form_cylinder_plane,,0,True,,,,,,,,,
B_full_cube_periodic,full_cube_periodic,disconnected_fragments,组2:ELECTRODE:LEFT:r9,组2,electrode_contact,LEFT,r9,,9,left,LEFT,组2_full_cube_periodic_P0007,,,0.0,0.0,0.0,connected,gap<=1.8,closed_form_cylinder_plane,,0,True,,,,,,,,,
B_full_cube_periodic,full_cube_periodic,disconnected_fragments,组2:ELECTRODE:LEFT:r10,组2,electrode_contact,LEFT,r10,,10,left,LEFT,组2_full_cube_periodic_P0008,,,0.0,0.0,0.0,connected,gap<=1.8,closed_form_cylinder_plane,,0,True,,,,,,,,,
B_full_cube_periodic,full_cube_periodic,disconnected_fragments,组2:ELECTRODE:LEFT:r11,组2,electrode_contact,LEFT,r11,,11,left,LEFT,组2_full_cube_periodic_P0009,,,0.0,0.0,0.0,connected,gap<=1.8,closed_form_cylinder_plane,,0,True,,,,,,,,,
B_full_cube_periodic,full_cube_periodic,disconnected_fragments,组2:ELECTRODE:LEFT:r12,组2,electrode_contact,LEFT,r12,,12,left,LEFT,组2_full_cube_periodic_P0010,,,0.0,0.0,0.0,connected,gap<=1.8,closed_form_cylinder_plane,,0,True,,,,,,,,,
B_full_cube_periodic,full_cube_periodic,disconnected_fragments,组2:ELECTRODE:LEFT:r13,组2,electrode_contact,LEFT,r13,,13,left,LEFT,组2_full_cube_periodic_P0011,,,0.0,0.0,0.0,connected,gap<=1.8,closed_form_cylinder_plane,,0,True,,,,,,,,,
B_full_cube_periodic,full_cube_periodic,disconnected_fragments,组2:ELECTRODE:RIGHT:r36,组2,electrode_contact,r36,RIGHT,36,,right,组2_full_cube_periodic_P0034,RIGHT,,,0.0,0.0,0.0,connected,gap<=1.8,closed_form_cylinder_plane,,0,True,,,,,,,,,
B_full_cube_periodic,full_cube_periodic,disconnected_fragments,组2:ELECTRODE:RIGHT:r40,组2,electrode_contact,r40,RIGHT,40,,right,组2_full_cube_periodic_P0007,RIGHT,,,0.0,0.0,0.0,connected,gap<=1.8,closed_form_cylinder_plane,,0,True,,,,,,,,,
B_full_cube_periodic,full_cube_periodic,disconnected_fragments,组2:ELECTRODE:RIGHT:r41,组2,electrode_contact,r41,RIGHT,41,,right,组2_full_cube_periodic_P0010,RIGHT,,,0.0,0.0,0.0,connected,gap<=1.8,closed_form_cylinder_plane,,0,True,,,,,,,,,
B_full_cube_periodic,full_cube_periodic,disconnected_fragments,组2:ELECTRODE:RIGHT:r44,组2,electrode_contact,r44,RIGHT,44,,right,组2_full_cube_periodic_P0006,RIGHT,,,0.0,0.0,0.0,connected,gap<=1.8,closed_form_cylinder_plane,,0,True,,,,,,,,,
B_full_cube_periodic,full_cube_periodic,disconnected_fragments,组2:ELECTRODE:RIGHT:r45,组2,electrode_contact,r45,RIGHT,45,,right,组2_full_cube_periodic_P0003,RIGHT,,,0.0,0.0,0.0,connected,gap<=1.8,closed_form_cylinder_plane,,0,True,,,,,,,,,
B_full_cube_periodic,full_cube_periodic,disconnected_fragments,组2:ELECTRODE:RIGHT:r46,组2,electrode_contact,r46,RIGHT,46,,right,组2_full_cube_periodic_P0011,RIGHT,,,0.0,0.0,0.0,connected,gap<=1.8,closed_form_cylinder_plane,,0,True,,,,,,,,,
B_full_cube_periodic,full_cube_periodic,disconnected_fragments,组2:ELECTRODE:RIGHT:r47,组2,electrode_contact,r47,RIGHT,47,,right,组2_full_cube_periodic_P0004,RIGHT,,,0.0,0.0,0.0,connected,gap<=1.8,closed_form_cylinder_plane,,0,True,,,,,,,,,
B_full_cube_periodic,full_cube_periodic,disconnected_fragments,组2:ELECTRODE:RIGHT:r48,组2,electrode_contact,r48,RIGHT,48,,right,组2_full_cube_periodic_P0005,RIGHT,,,0.0,0.0,0.0,connected,gap<=1.8,closed_form_cylinder_plane,,0,True,,,,,,,,,
B_full_cube_periodic,full_cube_periodic,disconnected_fragments,组2:ELECTRODE:RIGHT:r49,组2,electrode_contact,r49,RIGHT,49,,right,组2_full_cube_periodic_P0001,RIGHT,,,0.0,0.0,0.0,connected,gap<=1.8,closed_form_cylinder_plane,,0,True,,,,,,,,,
B_full_cube_periodic,full_cube_periodic,disconnected_fragments,组2:ELECTRODE:RIGHT:r50,组2,electrode_contact,r50,RIGHT,50,,right,组2_full_cube_periodic_P0009,RIGHT,,,0.0,0.0,0.0,connected,gap<=1.8,closed_form_cylinder_plane,,0,True,,,,,,,,,
B_full_cube_periodic,full_cube_periodic,disconnected_fragments,组2:ELECTRODE:RIGHT:r51,组2,electrode_contact,r51,RIGHT,51,,right,组2_full_cube_periodic_P0002,RIGHT,,,0.0,0.0,0.0,connected,gap<=1.8,closed_form_cylinder_plane,,0,True,,,,,,,,,
B_full_cube_periodic,full_cube_periodic,disconnected_fragments,组2:PAIR:r4:r13,组2,cylinder_contact,r4,r13,4,13,,组2_full_cube_periodic_P0002,组2_full_cube_periodic_P0011,,,0.0,1.9903950043506905e-10,0.0,connected,gap<=1.8,capsule_then_flat_cylinder_gjk,0.0,5,True,2.308990589380062e-13,2.308990589380062e-13,True,,,,,,
B_full_cube_periodic,full_cube_periodic,disconnected_fragments,组2:PAIR:r4:r14,组2,cylinder_contact,r4,r14,4,14,,组2_full_cube_periodic_P0002,组2_full_cube_periodic_P0012,,,0.0,1.6746695940092656e-10,0.0,connected,gap<=1.8,capsule_then_flat_cylinder_gjk,0.0,6,True,5.453474041662791e-10,5.453474041662791e-10,True,,,,,,
B_full_cube_periodic,full_cube_periodic,disconnected_fragments,组2:PAIR:r5:r8,组2,cylinder_contact,r5,r8,5,8,,组2_full_cube_periodic_P0003,组2_full_cube_periodic_P0006,,,0.0,2.330633945603017e-10,0.0,connected,gap<=1.8,capsule_then_flat_cylinder_gjk,0.0,4,True,1.1588601317882371e-13,1.1588601317882371e-13,True,,,,,,
B_full_cube_periodic,full_cube_periodic,disconnected_fragments,组2:PAIR:r5:r18,组2,cylinder_contact,r5,r18,5,18,,组2_full_cube_periodic_P0003,组2_full_cube_periodic_P0016,,,0.0,2.3804978668550276e-10,0.0,connected,gap<=1.8,capsule_then_flat_cylinder_gjk,0.0,5,True,9.099386826154683e-13,9.099386826154683e-13,True,,,,,,
B_full_cube_periodic,full_cube_periodic,disconnected_fragments,组2:PAIR:r6:r7,组2,cylinder_contact,r6,r7,6,7,,组2_full_cube_periodic_P0004,组2_full_cube_periodic_P0005,,,0.0,2.0068569593554382e-10,0.0,connected,gap<=1.8,capsule_then_flat_cylinder_gjk,0.0,5,True,2.2914314707516465e-13,2.2914314707516465e-13,True,,,,,,
B_full_cube_periodic,full_cube_periodic,disconnected_fragments,组2:PAIR:r13:r14,组2,cylinder_contact,r13,r14,13,14,,组2_full_cube_periodic_P0011,组2_full_cube_periodic_P0012,,,0.0,1.985972445629906e-10,0.0,connected,gap<=1.8,capsule_then_flat_cylinder_gjk,0.0,4,True,1.2789769243681803e-12,1.2789769243681803e-12,True,,,,,,
B_full_cube_periodic,full_cube_periodic,disconnected_fragments,组2:PAIR:r14:r26,组2,cylinder_contact,r14,r26,14,26,,组2_full_cube_periodic_P0012,组2_full_cube_periodic_P0024,,,0.0,1.4410931306146347e-10,0.0,connected,gap<=1.8,capsule_then_flat_cylinder_gjk,0.0,4,True,5.123796534383003e-14,5.123796534383003e-14,True,,,,,,
B_full_cube_periodic,full_cube_periodic,disconnected_fragments,组2:PAIR:r16:r17,组2,cylinder_contact,r16,r17,16,17,,组2_full_cube_periodic_P0014,组2_full_cube_periodic_P0015,,,0.0,1.4325883993482166e-10,0.0,connected,gap<=1.8,capsule_then_flat_cylinder_gjk,0.0,5,True,4.556346636343676e-13,4.556346636343676e-13,True,,,,,,
B_full_cube_periodic,full_cube_periodic,disconnected_fragments,组2:PAIR:r16:r19,组2,cylinder_contact,r16,r19,16,19,,组2_full_cube_periodic_P0014,组2_full_cube_periodic_P0017,,,0.0,1.7265948717538152e-10,0.0,connected,gap<=1.8,capsule_then_flat_cylinder_gjk,0.0,7,True,4.565202517656249e-13,4.565202517656249e-13,True,,,,,,
B_full_cube_periodic,full_cube_periodic,disconnected_fragments,组2:PAIR:r16:r36,组2,cylinder_contact,r16,r36,16,36,,组2_full_cube_periodic_P0014,组2_full_cube_periodic_P0034,,,0.0,1.465584092043925e-10,0.0,connected,gap<=1.8,capsule_then_flat_cylinder_gjk,0.0,5,True,9.094947017729282e-13,9.094947017729282e-13,True,,,,,,
B_full_cube_periodic,full_cube_periodic,disconnected_fragments,组2:PAIR:r20:r32,组2,cylinder_contact,r20,r32,20,32,,组2_full_cube_periodic_P0018,组2_full_cube_periodic_P0030,,,0.0,1.4230730689125853e-10,0.0,connected,gap<=1.8,capsule_then_flat_cylinder_gjk,0.0,6,True,6.511650267020756e-13,6.511650267020756e-13,True,,,,,,
B_full_cube_periodic,full_cube_periodic,disconnected_fragments,组2:PAIR:r21:r23,组2,cylinder_contact,r21,r23,21,23,,组2_full_cube_periodic_P0019,组2_full_cube_periodic_P0021,,,0.0,1.4235358045374003e-10,0.0,connected,gap<=1.8,capsule_then_flat_cylinder_gjk,0.0,5,True,1.2445774151355083e-11,1.2445774151355083e-11,True,,,,,,
B_full_cube_periodic,full_cube_periodic,disconnected_fragments,组2:PAIR:r25:r31,组2,cylinder_contact,r25,r31,25,31,,组2_full_cube_periodic_P0023,组2_full_cube_periodic_P0029,,,0.0,1.4280326400349035e-10,0.0,connected,gap<=1.8,capsule_then_flat_cylinder_gjk,0.0,5,True,1.4210854715202004e-14,1.4210854715202004e-14,True,,,,,,
B_full_cube_periodic,full_cube_periodic,disconnected_fragments,组2:PAIR:r25:r32,组2,cylinder_contact,r25,r32,25,32,,组2_full_cube_periodic_P0023,组2_full_cube_periodic_P0030,,,0.0,9.947931235031256e-11,0.0,connected,gap<=1.8,capsule_then_flat_cylinder_gjk,0.0,6,True,1.5208828249434925e-11,1.5208828249434925e-11,True,,,,,,
B_full_cube_periodic,full_cube_periodic,disconnected_fragments,组2:PAIR:r25:r37,组2,cylinder_contact,r25,r37,25,37,,组2_full_cube_periodic_P0023,组2_full_cube_periodic_P0035,,,0.0,9.904567094827735e-11,0.0,connected,gap<=1.8,capsule_then_flat_cylinder_gjk,0.0,5,True,5.239944532003689e-10,5.239944532003689e-10,True,,,,,,
B_full_cube_periodic,full_cube_periodic,disconnected_fragments,组2:PAIR:r26:r41,组2,cylinder_contact,r26,r41,26,41,,组2_full_cube_periodic_P0024,组2_full_cube_periodic_P0010,,,0.0,1.9722499377516499e-10,0.0,connected,gap<=1.8,capsule_then_flat_cylinder_gjk,0.0,5,True,1.0064104835181445e-11,1.0064104835181445e-11,True,,,,,,
B_full_cube_periodic,full_cube_periodic,disconnected_fragments,组2:PAIR:r28:r35,组2,cylinder_contact,r28,r35,28,35,,组2_full_cube_periodic_P0026,组2_full_cube_periodic_P0033,,,0.0,1.432574219475372e-10,0.0,connected,gap<=1.8,capsule_then_flat_cylinder_gjk,0.0,4,True,6.821210263296962e-13,6.821210263296962e-13,True,,,,,,
B_full_cube_periodic,full_cube_periodic,disconnected_fragments,组2:PAIR:r28:r38,组2,cylinder_contact,r28,r38,28,38,,组2_full_cube_periodic_P0026,组2_full_cube_periodic_P0036,,,0.0,1.4952253745703913e-10,0.0,connected,gap<=1.8,capsule_then_flat_cylinder_gjk,0.0,5,True,4.591976915943464e-13,4.591976915943464e-13,True,,,,,,
B_full_cube_periodic,full_cube_periodic,disconnected_fragments,组2:PAIR:r29:r40,组2,cylinder_contact,r29,r40,29,40,,组2_full_cube_periodic_P0027,组2_full_cube_periodic_P0007,,,0.0,1.8744045431155152e-10,0.0,connected,gap<=1.8,capsule_then_flat_cylinder_gjk,0.0,5,True,2.2772866968819164e-12,2.2772866968819164e-12,True,,,,,,
B_full_cube_periodic,full_cube_periodic,disconnected_fragments,组2:PAIR:r35:r36,组2,cylinder_contact,r35,r36,35,36,,组2_full_cube_periodic_P0033,组2_full_cube_periodic_P0034,,,0.0,1.465569929785847e-10,0.0,connected,gap<=1.8,capsule_then_flat_cylinder_gjk,0.0,4,True,3.4883596115620364e-13,3.4883596115620364e-13,True,,,,,,
B_full_cube_periodic,full_cube_periodic,disconnected_fragments,组2:PAIR:r35:r40,组2,cylinder_contact,r35,r40,35,40,,组2_full_cube_periodic_P0033,组2_full_cube_periodic_P0007,,,0.0,1.8789581188243867e-10,0.0,connected,gap<=1.8,capsule_then_flat_cylinder_gjk,0.0,5,True,2.4116620165382783e-13,2.4116620165382783e-13,True,,,,,,
B_full_cube_periodic,full_cube_periodic,disconnected_fragments,组2:PAIR:r36:r38,组2,cylinder_contact,r36,r38,36,38,,组2_full_cube_periodic_P0034,组2_full_cube_periodic_P0036,,,0.0,1.4861302138440174e-10,0.0,connected,gap<=1.8,capsule_then_flat_cylinder_gjk,0.0,5,True,1.1457157353758233e-13,1.1457157353758233e-13,True,,,,,,
B_full_cube_periodic,full_cube_periodic,disconnected_fragments,组2:PAIR:r36:r45,组2,cylinder_contact,r36,r45,36,45,,组2_full_cube_periodic_P0034,组2_full_cube_periodic_P0003,,,0.0,2.2365437269505664e-10,0.0,connected,gap<=1.8,capsule_then_flat_cylinder_gjk,0.0,6,True,1.8225386545374702e-12,1.8225386545374702e-12,True,,,,,,
B_full_cube_periodic,full_cube_periodic,disconnected_fragments,组2:PAIR:r42:r43,组2,cylinder_contact,r42,r43,42,43,,组2_full_cube_periodic_P0038,组2_full_cube_periodic_P0039,,,0.0,1.8988458294165568e-10,0.0,connected,gap<=1.8,capsule_then_flat_cylinder_gjk,0.0,5,True,4.81737533526774e-10,4.81737533526774e-10,True,,,,,,
B_full_cube_periodic,full_cube_periodic,disconnected_fragments,组2:PAIR:r43:r46,组2,cylinder_contact,r43,r46,43,46,,组2_full_cube_periodic_P0039,组2_full_cube_periodic_P0011,,,0.0,2.3017602272136758e-10,0.0,connected,gap<=1.8,capsule_then_flat_cylinder_gjk,0.0,5,True,1.180442248897588e-13,1.180442248897588e-13,True,,,,,,
B_full_cube_periodic,full_cube_periodic,disconnected_fragments,组2:PAIR:r46:r50,组2,cylinder_contact,r46,r50,46,50,,组2_full_cube_periodic_P0011,组2_full_cube_periodic_P0009,,,0.0,2.564586093539256e-10,0.0,connected,gap<=1.8,capsule_then_flat_cylinder_gjk,0.0,4,True,2.929642751054232e-14,2.929642751054232e-14,True,,,,,,
B_full_cube_periodic,full_cube_periodic,disconnected_fragments,组2:PAIR:r47:r48,组2,cylinder_contact,r47,r48,47,48,,组2_full_cube_periodic_P0004,组2_full_cube_periodic_P0005,,,0.0,2.3037343521226605e-10,0.0,connected,gap<=1.8,capsule_then_flat_cylinder_gjk,0.0,5,True,1.0537414738097338e-07,1.0537414738097338e-07,True,,,,,,
B_full_cube_periodic,full_cube_periodic,disconnected_fragments,组3:ELECTRODE:LEFT:r3,组3,electrode_contact,LEFT,r3,,3,left,LEFT,组3_full_cube_periodic_P0001,,,0.0,0.0,0.0,connected,gap<=1.8,closed_form_cylinder_plane,,0,True,,,,,,,,,
B_full_cube_periodic,full_cube_periodic,disconnected_fragments,组3:ELECTRODE:LEFT:r4,组3,electrode_contact,LEFT,r4,,4,left,LEFT,组3_full_cube_periodic_P0002,,,0.0,0.0,0.0,connected,gap<=1.8,closed_form_cylinder_plane,,0,True,,,,,,,,,
B_full_cube_periodic,full_cube_periodic,disconnected_fragments,组3:ELECTRODE:LEFT:r5,组3,electrode_contact,LEFT,r5,,5,left,LEFT,组3_full_cube_periodic_P0003,,,0.0,0.0,0.0,connected,gap<=1.8,closed_form_cylinder_plane,,0,True,,,,,,,,,
B_full_cube_periodic,full_cube_periodic,disconnected_fragments,组3:ELECTRODE:LEFT:r6,组3,electrode_contact,LEFT,r6,,6,left,LEFT,组3_full_cube_periodic_P0004,,,0.0,0.0,0.0,connected,gap<=1.8,closed_form_cylinder_plane,,0,True,,,,,,,,,
B_full_cube_periodic,full_cube_periodic,disconnected_fragments,组3:ELECTRODE:LEFT:r7,组3,electrode_contact,LEFT,r7,,7,left,LEFT,组3_full_cube_periodic_P0005,,,0.0,0.0,0.0,connected,gap<=1.8,closed_form_cylinder_plane,,0,True,,,,,,,,,
B_full_cube_periodic,full_cube_periodic,disconnected_fragments,组3:ELECTRODE:LEFT:r8,组3,electrode_contact,LEFT,r8,,8,left,LEFT,组3_full_cube_periodic_P0006,,,0.0,0.0,0.0,connected,gap<=1.8,closed_form_cylinder_plane,,0,True,,,,,,,,,
B_full_cube_periodic,full_cube_periodic,disconnected_fragments,组3:ELECTRODE:LEFT:r9,组3,electrode_contact,LEFT,r9,,9,left,LEFT,组3_full_cube_periodic_P0007,,,0.0,0.0,0.0,connected,gap<=1.8,closed_form_cylinder_plane,,0,True,,,,,,,,,
B_full_cube_periodic,full_cube_periodic,disconnected_fragments,组3:ELECTRODE:LEFT:r10,组3,electrode_contact,LEFT,r10,,10,left,LEFT,组3_full_cube_periodic_P0008,,,0.0,0.0,0.0,connected,gap<=1.8,closed_form_cylinder_plane,,0,True,,,,,,,,,
B_full_cube_periodic,full_cube_periodic,disconnected_fragments,组3:ELECTRODE:LEFT:r11,组3,electrode_contact,LEFT,r11,,11,left,LEFT,组3_full_cube_periodic_P0009,,,0.0,0.0,0.0,connected,gap<=1.8,closed_form_cylinder_plane,,0,True,,,,,,,,,
B_full_cube_periodic,full_cube_periodic,disconnected_fragments,组3:ELECTRODE:LEFT:r12,组3,electrode_contact,LEFT,r12,,12,left,LEFT,组3_full_cube_periodic_P0010,,,0.0,0.0,0.0,connected,gap<=1.8,closed_form_cylinder_plane,,0,True,,,,,,,,,
B_full_cube_periodic,full_cube_periodic,disconnected_fragments,组3:ELECTRODE:LEFT:r13,组3,electrode_contact,LEFT,r13,,13,left,LEFT,组3_full_cube_periodic_P0011,,,0.0,0.0,0.0,connected,gap<=1.8,closed_form_cylinder_plane,,0,True,,,,,,,,,
B_full_cube_periodic,full_cube_periodic,disconnected_fragments,组3:ELECTRODE:LEFT:r14,组3,electrode_contact,LEFT,r14,,14,left,LEFT,组3_full_cube_periodic_P0012,,,0.0,0.0,0.0,connected,gap<=1.8,closed_form_cylinder_plane,,0,True,,,,,,,,,
B_full_cube_periodic,full_cube_periodic,disconnected_fragments,组3:ELECTRODE:LEFT:r15,组3,electrode_contact,LEFT,r15,,15,left,LEFT,组3_full_cube_periodic_P0013,,,0.0,0.0,0.0,connected,gap<=1.8,closed_form_cylinder_plane,,0,True,,,,,,,,,
B_full_cube_periodic,full_cube_periodic,disconnected_fragments,组3:ELECTRODE:LEFT:r16,组3,electrode_contact,LEFT,r16,,16,left,LEFT,组3_full_cube_periodic_P0014,,,0.0,0.0,0.0,connected,gap<=1.8,closed_form_cylinder_plane,,0,True,,,,,,,,,
B_full_cube_periodic,full_cube_periodic,disconnected_fragments,组3:ELECTRODE:LEFT:r17,组3,electrode_contact,LEFT,r17,,17,left,LEFT,组3_full_cube_periodic_P0015,,,0.0,0.0,0.0,connected,gap<=1.8,closed_form_cylinder_plane,,0,True,,,,,,,,,
B_full_cube_periodic,full_cube_periodic,disconnected_fragments,组3:ELECTRODE:LEFT:r18,组3,electrode_contact,LEFT,r18,,18,left,LEFT,组3_full_cube_periodic_P0016,,,0.0,0.0,0.0,connected,gap<=1.8,closed_form_cylinder_plane,,0,True,,,,,,,,,
B_full_cube_periodic,full_cube_periodic,disconnected_fragments,组3:ELECTRODE:LEFT:r19,组3,electrode_contact,LEFT,r19,,19,left,LEFT,组3_full_cube_periodic_P0017,,,0.0,0.0,0.0,connected,gap<=1.8,closed_form_cylinder_plane,,0,True,,,,,,,,,
B_full_cube_periodic,full_cube_periodic,disconnected_fragments,组3:ELECTRODE:LEFT:r20,组3,electrode_contact,LEFT,r20,,20,left,LEFT,组3_full_cube_periodic_P0018,,,0.0,0.0,0.0,connected,gap<=1.8,closed_form_cylinder_plane,,0,True,,,,,,,,,
B_full_cube_periodic,full_cube_periodic,disconnected_fragments,组3:ELECTRODE:LEFT:r21,组3,electrode_contact,LEFT,r21,,21,left,LEFT,组3_full_cube_periodic_P0019,,,0.0,0.0,0.0,connected,gap<=1.8,closed_form_cylinder_plane,,0,True,,,,,,,,,
B_full_cube_periodic,full_cube_periodic,disconnected_fragments,组3:ELECTRODE:LEFT:r22,组3,electrode_contact,LEFT,r22,,22,left,LEFT,组3_full_cube_periodic_P0020,,,0.0,0.0,0.0,connected,gap<=1.8,closed_form_cylinder_plane,,0,True,,,,,,,,,
B_full_cube_periodic,full_cube_periodic,disconnected_fragments,组3:ELECTRODE:LEFT:r23,组3,electrode_contact,LEFT,r23,,23,left,LEFT,组3_full_cube_periodic_P0021,,,0.0,0.0,0.0,connected,gap<=1.8,closed_form_cylinder_plane,,0,True,,,,,,,,,
B_full_cube_periodic,full_cube_periodic,disconnected_fragments,组3:ELECTRODE:LEFT:r24,组3,electrode_contact,LEFT,r24,,24,left,LEFT,组3_full_cube_periodic_P0022,,,0.0,0.0,0.0,connected,gap<=1.8,closed_form_cylinder_plane,,0,True,,,,,,,,,
B_full_cube_periodic,full_cube_periodic,disconnected_fragments,组3:ELECTRODE:LEFT:r25,组3,electrode_contact,LEFT,r25,,25,left,LEFT,组3_full_cube_periodic_P0023,,,0.0,0.0,0.0,connected,gap<=1.8,closed_form_cylinder_plane,,0,True,,,,,,,,,
B_full_cube_periodic,full_cube_periodic,disconnected_fragments,组3:ELECTRODE:LEFT:r26,组3,electrode_contact,LEFT,r26,,26,left,LEFT,组3_full_cube_periodic_P0024,,,0.0,0.0,0.0,connected,gap<=1.8,closed_form_cylinder_plane,,0,True,,,,,,,,,
B_full_cube_periodic,full_cube_periodic,disconnected_fragments,组3:ELECTRODE:LEFT:r27,组3,electrode_contact,LEFT,r27,,27,left,LEFT,组3_full_cube_periodic_P0025,,,0.0,0.0,0.0,connected,gap<=1.8,closed_form_cylinder_plane,,0,True,,,,,,,,,
B_full_cube_periodic,full_cube_periodic,disconnected_fragments,组3:ELECTRODE:LEFT:r28,组3,electrode_contact,LEFT,r28,,28,left,LEFT,组3_full_cube_periodic_P0026,,,0.0,0.0,0.0,connected,gap<=1.8,closed_form_cylinder_plane,,0,True,,,,,,,,,
B_full_cube_periodic,full_cube_periodic,disconnected_fragments,组3:ELECTRODE:LEFT:r29,组3,electrode_contact,LEFT,r29,,29,left,LEFT,组3_full_cube_periodic_P0027,,,0.0,0.0,0.0,connected,gap<=1.8,closed_form_cylinder_plane,,0,True,,,,,,,,,
B_full_cube_periodic,full_cube_periodic,disconnected_fragments,组3:ELECTRODE:LEFT:r30,组3,electrode_contact,LEFT,r30,,30,left,LEFT,组3_full_cube_periodic_P0028,,,0.0,0.0,0.0,connected,gap<=1.8,closed_form_cylinder_plane,,0,True,,,,,,,,,
B_full_cube_periodic,full_cube_periodic,disconnected_fragments,组3:ELECTRODE:LEFT:r31,组3,electrode_contact,LEFT,r31,,31,left,LEFT,组3_full_cube_periodic_P0029,,,0.0,0.0,0.0,connected,gap<=1.8,closed_form_cylinder_plane,,0,True,,,,,,,,,
B_full_cube_periodic,full_cube_periodic,disconnected_fragments,组3:ELECTRODE:LEFT:r32,组3,electrode_contact,LEFT,r32,,32,left,LEFT,组3_full_cube_periodic_P0030,,,0.0,0.0,0.0,connected,gap<=1.8,closed_form_cylinder_plane,,0,True,,,,,,,,,
B_full_cube_periodic,full_cube_periodic,disconnected_fragments,组3:ELECTRODE:LEFT:r33,组3,electrode_contact,LEFT,r33,,33,left,LEFT,组3_full_cube_periodic_P0031,,,0.0,0.0,0.0,connected,gap<=1.8,closed_form_cylinder_plane,,0,True,,,,,,,,,
B_full_cube_periodic,full_cube_periodic,disconnected_fragments,组3:ELECTRODE:LEFT:r34,组3,electrode_contact,LEFT,r34,,34,left,LEFT,组3_full_cube_periodic_P0032,,,0.0,0.0,0.0,connected,gap<=1.8,closed_form_cylinder_plane,,0,True,,,,,,,,,
B_full_cube_periodic,full_cube_periodic,disconnected_fragments,组3:ELECTRODE:LEFT:r35,组3,electrode_contact,LEFT,r35,,35,left,LEFT,组3_full_cube_periodic_P0033,,,0.0,0.0,0.0,connected,gap<=1.8,closed_form_cylinder_plane,,0,True,,,,,,,,,
B_full_cube_periodic,full_cube_periodic,disconnected_fragments,组3:ELECTRODE:LEFT:r36,组3,electrode_contact,LEFT,r36,,36,left,LEFT,组3_full_cube_periodic_P0034,,,0.0,0.0,0.0,connected,gap<=1.8,closed_form_cylinder_plane,,0,True,,,,,,,,,
B_full_cube_periodic,full_cube_periodic,disconnected_fragments,组3:ELECTRODE:LEFT:r37,组3,electrode_contact,LEFT,r37,,37,left,LEFT,组3_full_cube_periodic_P0035,,,0.0,0.0,0.0,connected,gap<=1.8,closed_form_cylinder_plane,,0,True,,,,,,,,,
B_full_cube_periodic,full_cube_periodic,disconnected_fragments,组3:ELECTRODE:LEFT:r38,组3,electrode_contact,LEFT,r38,,38,left,LEFT,组3_full_cube_periodic_P0036,,,0.0,0.0,0.0,connected,gap<=1.8,closed_form_cylinder_plane,,0,True,,,,,,,,,
B_full_cube_periodic,full_cube_periodic,disconnected_fragments,组3:ELECTRODE:LEFT:r39,组3,electrode_contact,LEFT,r39,,39,left,LEFT,组3_full_cube_periodic_P0037,,,0.0,0.0,0.0,connected,gap<=1.8,closed_form_cylinder_plane,,0,True,,,,,,,,,
B_full_cube_periodic,full_cube_periodic,disconnected_fragments,组3:ELECTRODE:LEFT:r40,组3,electrode_contact,LEFT,r40,,40,left,LEFT,组3_full_cube_periodic_P0038,,,0.0,0.0,0.0,connected,gap<=1.8,closed_form_cylinder_plane,,0,True,,,,,,,,,
B_full_cube_periodic,full_cube_periodic,disconnected_fragments,组3:ELECTRODE:LEFT:r41,组3,electrode_contact,LEFT,r41,,41,left,LEFT,组3_full_cube_periodic_P0039,,,0.0,0.0,0.0,connected,gap<=1.8,closed_form_cylinder_plane,,0,True,,,,,,,,,
B_full_cube_periodic,full_cube_periodic,disconnected_fragments,组3:ELECTRODE:LEFT:r42,组3,electrode_contact,LEFT,r42,,42,left,LEFT,组3_full_cube_periodic_P0040,,,0.0,0.0,0.0,connected,gap<=1.8,closed_form_cylinder_plane,,0,True,,,,,,,,,
B_full_cube_periodic,full_cube_periodic,disconnected_fragments,组3:ELECTRODE:LEFT:r43,组3,electrode_contact,LEFT,r43,,43,left,LEFT,组3_full_cube_periodic_P0041,,,0.0,0.0,0.0,connected,gap<=1.8,closed_form_cylinder_plane,,0,True,,,,,,,,,
B_full_cube_periodic,full_cube_periodic,disconnected_fragments,组3:ELECTRODE:LEFT:r44,组3,electrode_contact,LEFT,r44,,44,left,LEFT,组3_full_cube_periodic_P0042,,,0.0,0.0,0.0,connected,gap<=1.8,closed_form_cylinder_plane,,0,True,,,,,,,,,
B_full_cube_periodic,full_cube_periodic,disconnected_fragments,组3:ELECTRODE:LEFT:r45,组3,electrode_contact,LEFT,r45,,45,left,LEFT,组3_full_cube_periodic_P0043,,,0.0,0.0,0.0,connected,gap<=1.8,closed_form_cylinder_plane,,0,True,,,,,,,,,
B_full_cube_periodic,full_cube_periodic,disconnected_fragments,组3:ELECTRODE:LEFT:r46,组3,electrode_contact,LEFT,r46,,46,left,LEFT,组3_full_cube_periodic_P0044,,,0.0,0.0,0.0,connected,gap<=1.8,closed_form_cylinder_plane,,0,True,,,,,,,,,
B_full_cube_periodic,full_cube_periodic,disconnected_fragments,组3:ELECTRODE:LEFT:r47,组3,electrode_contact,LEFT,r47,,47,left,LEFT,组3_full_cube_periodic_P0045,,,0.0,0.0,0.0,connected,gap<=1.8,closed_form_cylinder_plane,,0,True,,,,,,,,,
B_full_cube_periodic,full_cube_periodic,disconnected_fragments,组3:ELECTRODE:LEFT:r48,组3,electrode_contact,LEFT,r48,,48,left,LEFT,组3_full_cube_periodic_P0046,,,0.0,0.0,0.0,connected,gap<=1.8,closed_form_cylinder_plane,,0,True,,,,,,,,,
B_full_cube_periodic,full_cube_periodic,disconnected_fragments,组3:ELECTRODE:LEFT:r49,组3,electrode_contact,LEFT,r49,,49,left,LEFT,组3_full_cube_periodic_P0047,,,0.0,0.0,0.0,connected,gap<=1.8,closed_form_cylinder_plane,,0,True,,,,,,,,,
B_full_cube_periodic,full_cube_periodic,disconnected_fragments,组3:ELECTRODE:LEFT:r50,组3,electrode_contact,LEFT,r50,,50,left,LEFT,组3_full_cube_periodic_P0048,,,0.0,0.0,0.0,connected,gap<=1.8,closed_form_cylinder_plane,,0,True,,,,,,,,,
B_full_cube_periodic,full_cube_periodic,disconnected_fragments,组3:ELECTRODE:LEFT:r51,组3,electrode_contact,LEFT,r51,,51,left,LEFT,组3_full_cube_periodic_P0049,,,0.0,0.0,0.0,connected,gap<=1.8,closed_form_cylinder_plane,,0,True,,,,,,,,,
B_full_cube_periodic,full_cube_periodic,disconnected_fragments,组3:ELECTRODE:LEFT:r52,组3,electrode_contact,LEFT,r52,,52,left,LEFT,组3_full_cube_periodic_P0050,,,0.0,0.0,0.0,connected,gap<=1.8,closed_form_cylinder_plane,,0,True,,,,,,,,,
B_full_cube_periodic,full_cube_periodic,disconnected_fragments,组3:ELECTRODE:LEFT:r53,组3,electrode_contact,LEFT,r53,,53,left,LEFT,组3_full_cube_periodic_P0051,,,0.0,0.0,0.0,connected,gap<=1.8,closed_form_cylinder_plane,,0,True,,,,,,,,,
B_full_cube_periodic,full_cube_periodic,disconnected_fragments,组3:ELECTRODE:LEFT:r54,组3,electrode_contact,LEFT,r54,,54,left,LEFT,组3_full_cube_periodic_P0052,,,0.0,0.0,0.0,connected,gap<=1.8,closed_form_cylinder_plane,,0,True,,,,,,,,,
B_full_cube_periodic,full_cube_periodic,disconnected_fragments,组3:ELECTRODE:LEFT:r55,组3,electrode_contact,LEFT,r55,,55,left,LEFT,组3_full_cube_periodic_P0053,,,0.0,0.0,0.0,connected,gap<=1.8,closed_form_cylinder_plane,,0,True,,,,,,,,,
B_full_cube_periodic,full_cube_periodic,disconnected_fragments,组3:ELECTRODE:LEFT:r56,组3,electrode_contact,LEFT,r56,,56,left,LEFT,组3_full_cube_periodic_P0054,,,0.0,0.0,0.0,connected,gap<=1.8,closed_form_cylinder_plane,,0,True,,,,,,,,,
B_full_cube_periodic,full_cube_periodic,disconnected_fragments,组3:ELECTRODE:LEFT:r57,组3,electrode_contact,LEFT,r57,,57,left,LEFT,组3_full_cube_periodic_P0055,,,0.0,0.0,0.0,connected,gap<=1.8,closed_form_cylinder_plane,,0,True,,,,,,,,,
B_full_cube_periodic,full_cube_periodic,disconnected_fragments,组3:ELECTRODE:LEFT:r58,组3,electrode_contact,LEFT,r58,,58,left,LEFT,组3_full_cube_periodic_P0056,,,0.0,0.0,0.0,connected,gap<=1.8,closed_form_cylinder_plane,,0,True,,,,,,,,,
B_full_cube_periodic,full_cube_periodic,disconnected_fragments,组3:ELECTRODE:LEFT:r59,组3,electrode_contact,LEFT,r59,,59,left,LEFT,组3_full_cube_periodic_P0057,,,0.0,0.0,0.0,connected,gap<=1.8,closed_form_cylinder_plane,,0,True,,,,,,,,,
B_full_cube_periodic,full_cube_periodic,disconnected_fragments,组3:ELECTRODE:LEFT:r60,组3,electrode_contact,LEFT,r60,,60,left,LEFT,组3_full_cube_periodic_P0058,,,0.0,0.0,0.0,connected,gap<=1.8,closed_form_cylinder_plane,,0,True,,,,,,,,,
B_full_cube_periodic,full_cube_periodic,disconnected_fragments,组3:ELECTRODE:LEFT:r61,组3,electrode_contact,LEFT,r61,,61,left,LEFT,组3_full_cube_periodic_P0059,,,0.0,0.0,0.0,connected,gap<=1.8,closed_form_cylinder_plane,,0,True,,,,,,,,,
B_full_cube_periodic,full_cube_periodic,disconnected_fragments,组3:ELECTRODE:LEFT:r62,组3,electrode_contact,LEFT,r62,,62,left,LEFT,组3_full_cube_periodic_P0060,,,0.0,0.0,0.0,connected,gap<=1.8,closed_form_cylinder_plane,,0,True,,,,,,,,,
B_full_cube_periodic,full_cube_periodic,disconnected_fragments,组3:ELECTRODE:LEFT:r63,组3,electrode_contact,LEFT,r63,,63,left,LEFT,组3_full_cube_periodic_P0061,,,0.0,0.0,0.0,connected,gap<=1.8,closed_form_cylinder_plane,,0,True,,,,,,,,,
B_full_cube_periodic,full_cube_periodic,disconnected_fragments,组3:ELECTRODE:LEFT:r64,组3,electrode_contact,LEFT,r64,,64,left,LEFT,组3_full_cube_periodic_P0062,,,0.0,0.0,0.0,connected,gap<=1.8,closed_form_cylinder_plane,,0,True,,,,,,,,,
B_full_cube_periodic,full_cube_periodic,disconnected_fragments,组3:ELECTRODE:LEFT:r65,组3,electrode_contact,LEFT,r65,,65,left,LEFT,组3_full_cube_periodic_P0063,,,0.0,0.0,0.0,connected,gap<=1.8,closed_form_cylinder_plane,,0,True,,,,,,,,,
B_full_cube_periodic,full_cube_periodic,disconnected_fragments,组3:ELECTRODE:LEFT:r66,组3,electrode_contact,LEFT,r66,,66,left,LEFT,组3_full_cube_periodic_P0064,,,0.0,0.0,0.0,connected,gap<=1.8,closed_form_cylinder_plane,,0,True,,,,,,,,,
B_full_cube_periodic,full_cube_periodic,disconnected_fragments,组3:ELECTRODE:LEFT:r67,组3,electrode_contact,LEFT,r67,,67,left,LEFT,组3_full_cube_periodic_P0065,,,0.0,0.0,0.0,connected,gap<=1.8,closed_form_cylinder_plane,,0,True,,,,,,,,,
B_full_cube_periodic,full_cube_periodic,disconnected_fragments,组3:ELECTRODE:LEFT:r68,组3,electrode_contact,LEFT,r68,,68,left,LEFT,组3_full_cube_periodic_P0066,,,0.0,0.0,0.0,connected,gap<=1.8,closed_form_cylinder_plane,,0,True,,,,,,,,,
B_full_cube_periodic,full_cube_periodic,disconnected_fragments,组3:ELECTRODE:LEFT:r69,组3,electrode_contact,LEFT,r69,,69,left,LEFT,组3_full_cube_periodic_P0067,,,0.0,0.0,0.0,connected,gap<=1.8,closed_form_cylinder_plane,,0,True,,,,,,,,,
B_full_cube_periodic,full_cube_periodic,disconnected_fragments,组3:ELECTRODE:LEFT:r70,组3,electrode_contact,LEFT,r70,,70,left,LEFT,组3_full_cube_periodic_P0068,,,0.0,0.0,0.0,connected,gap<=1.8,closed_form_cylinder_plane,,0,True,,,,,,,,,
B_full_cube_periodic,full_cube_periodic,disconnected_fragments,组3:ELECTRODE:LEFT:r71,组3,electrode_contact,LEFT,r71,,71,left,LEFT,组3_full_cube_periodic_P0069,,,0.0,0.0,0.0,connected,gap<=1.8,closed_form_cylinder_plane,,0,True,,,,,,,,,
B_full_cube_periodic,full_cube_periodic,disconnected_fragments,组3:ELECTRODE:LEFT:r72,组3,electrode_contact,LEFT,r72,,72,left,LEFT,组3_full_cube_periodic_P0070,,,0.0,0.0,0.0,connected,gap<=1.8,closed_form_cylinder_plane,,0,True,,,,,,,,,
B_full_cube_periodic,full_cube_periodic,disconnected_fragments,组3:ELECTRODE:LEFT:r73,组3,electrode_contact,LEFT,r73,,73,left,LEFT,组3_full_cube_periodic_P0071,,,0.0,0.0,0.0,connected,gap<=1.8,closed_form_cylinder_plane,,0,True,,,,,,,,,
B_full_cube_periodic,full_cube_periodic,disconnected_fragments,组3:ELECTRODE:LEFT:r74,组3,electrode_contact,LEFT,r74,,74,left,LEFT,组3_full_cube_periodic_P0072,,,0.0,0.0,0.0,connected,gap<=1.8,closed_form_cylinder_plane,,0,True,,,,,,,,,
B_full_cube_periodic,full_cube_periodic,disconnected_fragments,组3:ELECTRODE:LEFT:r75,组3,electrode_contact,LEFT,r75,,75,left,LEFT,组3_full_cube_periodic_P0073,,,0.0,0.0,0.0,connected,gap<=1.8,closed_form_cylinder_plane,,0,True,,,,,,,,,
B_full_cube_periodic,full_cube_periodic,disconnected_fragments,组3:ELECTRODE:LEFT:r76,组3,electrode_contact,LEFT,r76,,76,left,LEFT,组3_full_cube_periodic_P0074,,,0.0,0.0,0.0,connected,gap<=1.8,closed_form_cylinder_plane,,0,True,,,,,,,,,
B_full_cube_periodic,full_cube_periodic,disconnected_fragments,组3:ELECTRODE:LEFT:r77,组3,electrode_contact,LEFT,r77,,77,left,LEFT,组3_full_cube_periodic_P0075,,,0.0,0.0,0.0,connected,gap<=1.8,closed_form_cylinder_plane,,0,True,,,,,,,,,
B_full_cube_periodic,full_cube_periodic,disconnected_fragments,组3:ELECTRODE:LEFT:r78,组3,electrode_contact,LEFT,r78,,78,left,LEFT,组3_full_cube_periodic_P0076,,,0.0,0.0,0.0,connected,gap<=1.8,closed_form_cylinder_plane,,0,True,,,,,,,,,
B_full_cube_periodic,full_cube_periodic,disconnected_fragments,组3:ELECTRODE:LEFT:r79,组3,electrode_contact,LEFT,r79,,79,left,LEFT,组3_full_cube_periodic_P0077,,,0.0,0.0,0.0,connected,gap<=1.8,closed_form_cylinder_plane,,0,True,,,,,,,,,
B_full_cube_periodic,full_cube_periodic,disconnected_fragments,组3:ELECTRODE:LEFT:r80,组3,electrode_contact,LEFT,r80,,80,left,LEFT,组3_full_cube_periodic_P0078,,,0.0,0.0,0.0,connected,gap<=1.8,closed_form_cylinder_plane,,0,True,,,,,,,,,
B_full_cube_periodic,full_cube_periodic,disconnected_fragments,组3:ELECTRODE:LEFT:r81,组3,electrode_contact,LEFT,r81,,81,left,LEFT,组3_full_cube_periodic_P0079,,,0.0,0.0,0.0,connected,gap<=1.8,closed_form_cylinder_plane,,0,True,,,,,,,,,
B_full_cube_periodic,full_cube_periodic,disconnected_fragments,组3:ELECTRODE:LEFT:r82,组3,electrode_contact,LEFT,r82,,82,left,LEFT,组3_full_cube_periodic_P0080,,,0.0,0.0,0.0,connected,gap<=1.8,closed_form_cylinder_plane,,0,True,,,,,,,,,
B_full_cube_periodic,full_cube_periodic,disconnected_fragments,组3:ELECTRODE:LEFT:r83,组3,electrode_contact,LEFT,r83,,83,left,LEFT,组3_full_cube_periodic_P0081,,,0.0,0.0,0.0,connected,gap<=1.8,closed_form_cylinder_plane,,0,True,,,,,,,,,
B_full_cube_periodic,full_cube_periodic,disconnected_fragments,组3:ELECTRODE:LEFT:r84,组3,electrode_contact,LEFT,r84,,84,left,LEFT,组3_full_cube_periodic_P0082,,,0.0,0.0,0.0,connected,gap<=1.8,closed_form_cylinder_plane,,0,True,,,,,,,,,
B_full_cube_periodic,full_cube_periodic,disconnected_fragments,组3:ELECTRODE:LEFT:r85,组3,electrode_contact,LEFT,r85,,85,left,LEFT,组3_full_cube_periodic_P0083,,,0.0,0.0,0.0,connected,gap<=1.8,closed_form_cylinder_plane,,0,True,,,,,,,,,
B_full_cube_periodic,full_cube_periodic,disconnected_fragments,组3:ELECTRODE:LEFT:r86,组3,electrode_contact,LEFT,r86,,86,left,LEFT,组3_full_cube_periodic_P0084,,,0.0,0.0,0.0,connected,gap<=1.8,closed_form_cylinder_plane,,0,True,,,,,,,,,
B_full_cube_periodic,full_cube_periodic,disconnected_fragments,组3:ELECTRODE:LEFT:r87,组3,electrode_contact,LEFT,r87,,87,left,LEFT,组3_full_cube_periodic_P0085,,,0.0,0.0,0.0,connected,gap<=1.8,closed_form_cylinder_plane,,0,True,,,,,,,,,
B_full_cube_periodic,full_cube_periodic,disconnected_fragments,组3:ELECTRODE:LEFT:r88,组3,electrode_contact,LEFT,r88,,88,left,LEFT,组3_full_cube_periodic_P0086,,,0.0,0.0,0.0,connected,gap<=1.8,closed_form_cylinder_plane,,0,True,,,,,,,,,
B_full_cube_periodic,full_cube_periodic,disconnected_fragments,组3:ELECTRODE:LEFT:r89,组3,electrode_contact,LEFT,r89,,89,left,LEFT,组3_full_cube_periodic_P0087,,,0.0,0.0,0.0,connected,gap<=1.8,closed_form_cylinder_plane,,0,True,,,,,,,,,
B_full_cube_periodic,full_cube_periodic,disconnected_fragments,组3:ELECTRODE:LEFT:r90,组3,electrode_contact,LEFT,r90,,90,left,LEFT,组3_full_cube_periodic_P0088,,,0.0,0.0,0.0,connected,gap<=1.8,closed_form_cylinder_plane,,0,True,,,,,,,,,
B_full_cube_periodic,full_cube_periodic,disconnected_fragments,组3:ELECTRODE:LEFT:r91,组3,electrode_contact,LEFT,r91,,91,left,LEFT,组3_full_cube_periodic_P0089,,,0.0,0.0,0.0,connected,gap<=1.8,closed_form_cylinder_plane,,0,True,,,,,,,,,
B_full_cube_periodic,full_cube_periodic,disconnected_fragments,组3:ELECTRODE:LEFT:r92,组3,electrode_contact,LEFT,r92,,92,left,LEFT,组3_full_cube_periodic_P0090,,,0.0,0.0,0.0,connected,gap<=1.8,closed_form_cylinder_plane,,0,True,,,,,,,,,
B_full_cube_periodic,full_cube_periodic,disconnected_fragments,组3:ELECTRODE:LEFT:r93,组3,electrode_contact,LEFT,r93,,93,left,LEFT,组3_full_cube_periodic_P0091,,,0.0,0.0,0.0,connected,gap<=1.8,closed_form_cylinder_plane,,0,True,,,,,,,,,
B_full_cube_periodic,full_cube_periodic,disconnected_fragments,组3:ELECTRODE:LEFT:r94,组3,electrode_contact,LEFT,r94,,94,left,LEFT,组3_full_cube_periodic_P0092,,,0.0,0.0,0.0,connected,gap<=1.8,closed_form_cylinder_plane,,0,True,,,,,,,,,
B_full_cube_periodic,full_cube_periodic,disconnected_fragments,组3:ELECTRODE:RIGHT:r353,组3,electrode_contact,r353,RIGHT,353,,right,组3_full_cube_periodic_P0296,RIGHT,,,0.0,0.0,0.0,connected,gap<=1.8,closed_form_cylinder_plane,,0,True,,,,,,,,,
B_full_cube_periodic,full_cube_periodic,disconnected_fragments,组3:ELECTRODE:RIGHT:r365,组3,electrode_contact,r365,RIGHT,365,,right,组3_full_cube_periodic_P0302,RIGHT,,,0.0,0.0,0.0,connected,gap<=1.8,closed_form_cylinder_plane,,0,True,,,,,,,,,
B_full_cube_periodic,full_cube_periodic,disconnected_fragments,组3:ELECTRODE:RIGHT:r369,组3,electrode_contact,r369,RIGHT,369,,right,组3_full_cube_periodic_P0305,RIGHT,,,0.0,0.0,0.0,connected,gap<=1.8,closed_form_cylinder_plane,,0,True,,,,,,,,,
B_full_cube_periodic,full_cube_periodic,disconnected_fragments,组3:ELECTRODE:RIGHT:r376,组3,electrode_contact,r376,RIGHT,376,,right,组3_full_cube_periodic_P0069,RIGHT,,,0.0,0.0,0.0,connected,gap<=1.8,closed_form_cylinder_plane,,0,True,,,,,,,,,
B_full_cube_periodic,full_cube_periodic,disconnected_fragments,组3:ELECTRODE:RIGHT:r383,组3,electrode_contact,r383,RIGHT,383,,right,组3_full_cube_periodic_P0030,RIGHT,,,0.0,0.0,0.0,connected,gap<=1.8,closed_form_cylinder_plane,,0,True,,,,,,,,,
B_full_cube_periodic,full_cube_periodic,disconnected_fragments,组3:ELECTRODE:RIGHT:r388,组3,electrode_contact,r388,RIGHT,388,,right,组3_full_cube_periodic_P0074,RIGHT,,,0.0,0.0,0.0,connected,gap<=1.8,closed_form_cylinder_plane,,0,True,,,,,,,,,
B_full_cube_periodic,full_cube_periodic,disconnected_fragments,组3:ELECTRODE:RIGHT:r390,组3,electrode_contact,r390,RIGHT,390,,right,组3_full_cube_periodic_P0078,RIGHT,,,0.0,0.0,0.0,connected,gap<=1.8,closed_form_cylinder_plane,,0,True,,,,,,,,,
B_full_cube_periodic,full_cube_periodic,disconnected_fragments,组3:ELECTRODE:RIGHT:r391,组3,electrode_contact,r391,RIGHT,391,,right,组3_full_cube_periodic_P0319,RIGHT,,,0.0,0.0,0.0,connected,gap<=1.8,closed_form_cylinder_plane,,0,True,,,,,,,,,
B_full_cube_periodic,full_cube_periodic,disconnected_fragments,组3:ELECTRODE:RIGHT:r395,组3,electrode_contact,r395,RIGHT,395,,right,组3_full_cube_periodic_P0015,RIGHT,,,0.0,0.0,0.0,connected,gap<=1.8,closed_form_cylinder_plane,,0,True,,,,,,,,,
B_full_cube_periodic,full_cube_periodic,disconnected_fragments,组3:ELECTRODE:RIGHT:r400,组3,electrode_contact,r400,RIGHT,400,,right,组3_full_cube_periodic_P0017,RIGHT,,,0.0,0.0,0.0,connected,gap<=1.8,closed_form_cylinder_plane,,0,True,,,,,,,,,
B_full_cube_periodic,full_cube_periodic,disconnected_fragments,组3:ELECTRODE:RIGHT:r404,组3,electrode_contact,r404,RIGHT,404,,right,组3_full_cube_periodic_P0046,RIGHT,,,0.0,0.0,0.0,connected,gap<=1.8,closed_form_cylinder_plane,,0,True,,,,,,,,,
B_full_cube_periodic,full_cube_periodic,disconnected_fragments,组3:ELECTRODE:RIGHT:r405,组3,electrode_contact,r405,RIGHT,405,,right,组3_full_cube_periodic_P0042,RIGHT,,,0.0,0.0,0.0,connected,gap<=1.8,closed_form_cylinder_plane,,0,True,,,,,,,,,
B_full_cube_periodic,full_cube_periodic,disconnected_fragments,组3:ELECTRODE:RIGHT:r412,组3,electrode_contact,r412,RIGHT,412,,right,组3_full_cube_periodic_P0309,RIGHT,,,0.0,0.0,0.0,connected,gap<=1.8,closed_form_cylinder_plane,,0,True,,,,,,,,,
B_full_cube_periodic,full_cube_periodic,disconnected_fragments,组3:ELECTRODE:RIGHT:r413,组3,electrode_contact,r413,RIGHT,413,,right,组3_full_cube_periodic_P0331,RIGHT,,,0.0,0.0,0.0,connected,gap<=1.8,closed_form_cylinder_plane,,0,True,,,,,,,,,
B_full_cube_periodic,full_cube_periodic,disconnected_fragments,组3:ELECTRODE:RIGHT:r415,组3,electrode_contact,r415,RIGHT,415,,right,组3_full_cube_periodic_P0332,RIGHT,,,0.0,0.0,0.0,connected,gap<=1.8,closed_form_cylinder_plane,,0,True,,,,,,,,,
B_full_cube_periodic,full_cube_periodic,disconnected_fragments,组3:ELECTRODE:RIGHT:r418,组3,electrode_contact,r418,RIGHT,418,,right,组3_full_cube_periodic_P0047,RIGHT,,,0.0,0.0,0.0,connected,gap<=1.8,closed_form_cylinder_plane,,0,True,,,,,,,,,
B_full_cube_periodic,full_cube_periodic,disconnected_fragments,组3:ELECTRODE:RIGHT:r421,组3,electrode_contact,r421,RIGHT,421,,right,组3_full_cube_periodic_P0043,RIGHT,,,0.0,0.0,0.0,connected,gap<=1.8,closed_form_cylinder_plane,,0,True,,,,,,,,,
B_full_cube_periodic,full_cube_periodic,disconnected_fragments,组3:ELECTRODE:RIGHT:r424,组3,electrode_contact,r424,RIGHT,424,,right,组3_full_cube_periodic_P0090,RIGHT,,,0.0,0.0,0.0,connected,gap<=1.8,closed_form_cylinder_plane,,0,True,,,,,,,,,
B_full_cube_periodic,full_cube_periodic,disconnected_fragments,组3:ELECTRODE:RIGHT:r430,组3,electrode_contact,r430,RIGHT,430,,right,组3_full_cube_periodic_P0038,RIGHT,,,0.0,0.0,0.0,connected,gap<=1.8,closed_form_cylinder_plane,,0,True,,,,,,,,,
B_full_cube_periodic,full_cube_periodic,disconnected_fragments,组3:ELECTRODE:RIGHT:r431,组3,electrode_contact,r431,RIGHT,431,,right,组3_full_cube_periodic_P0058,RIGHT,,,0.0,0.0,0.0,connected,gap<=1.8,closed_form_cylinder_plane,,0,True,,,,,,,,,
B_full_cube_periodic,full_cube_periodic,disconnected_fragments,组3:ELECTRODE:RIGHT:r437,组3,electrode_contact,r437,RIGHT,437,,right,组3_full_cube_periodic_P0056,RIGHT,,,0.0,0.0,0.0,connected,gap<=1.8,closed_form_cylinder_plane,,0,True,,,,,,,,,
B_full_cube_periodic,full_cube_periodic,disconnected_fragments,组3:ELECTRODE:RIGHT:r443,组3,electrode_contact,r443,RIGHT,443,,right,组3_full_cube_periodic_P0080,RIGHT,,,0.0,0.0,0.0,connected,gap<=1.8,closed_form_cylinder_plane,,0,True,,,,,,,,,
B_full_cube_periodic,full_cube_periodic,disconnected_fragments,组3:ELECTRODE:RIGHT:r445,组3,electrode_contact,r445,RIGHT,445,,right,组3_full_cube_periodic_P0020,RIGHT,,,0.0,0.0,0.0,connected,gap<=1.8,closed_form_cylinder_plane,,0,True,,,,,,,,,
B_full_cube_periodic,full_cube_periodic,disconnected_fragments,组3:ELECTRODE:RIGHT:r446,组3,electrode_contact,r446,RIGHT,446,,right,组3_full_cube_periodic_P0066,RIGHT,,,0.0,0.0,0.0,connected,gap<=1.8,closed_form_cylinder_plane,,0,True,,,,,,,,,
B_full_cube_periodic,full_cube_periodic,disconnected_fragments,组3:ELECTRODE:RIGHT:r447,组3,electrode_contact,r447,RIGHT,447,,right,组3_full_cube_periodic_P0044,RIGHT,,,0.0,0.0,0.0,connected,gap<=1.8,closed_form_cylinder_plane,,0,True,,,,,,,,,
B_full_cube_periodic,full_cube_periodic,disconnected_fragments,组3:ELECTRODE:RIGHT:r449,组3,electrode_contact,r449,RIGHT,449,,right,组3_full_cube_periodic_P0054,RIGHT,,,0.0,0.0,0.0,connected,gap<=1.8,closed_form_cylinder_plane,,0,True,,,,,,,,,
B_full_cube_periodic,full_cube_periodic,disconnected_fragments,组3:ELECTRODE:RIGHT:r452,组3,electrode_contact,r452,RIGHT,452,,right,组3_full_cube_periodic_P0008,RIGHT,,,0.0,0.0,0.0,connected,gap<=1.8,closed_form_cylinder_plane,,0,True,,,,,,,,,
B_full_cube_periodic,full_cube_periodic,disconnected_fragments,组3:ELECTRODE:RIGHT:r454,组3,electrode_contact,r454,RIGHT,454,,right,组3_full_cube_periodic_P0007,RIGHT,,,0.0,0.0,0.0,connected,gap<=1.8,closed_form_cylinder_plane,,0,True,,,,,,,,,
B_full_cube_periodic,full_cube_periodic,disconnected_fragments,组3:ELECTRODE:RIGHT:r456,组3,electrode_contact,r456,RIGHT,456,,right,组3_full_cube_periodic_P0040,RIGHT,,,0.0,0.0,0.0,connected,gap<=1.8,closed_form_cylinder_plane,,0,True,,,,,,,,,
B_full_cube_periodic,full_cube_periodic,disconnected_fragments,组3:ELECTRODE:RIGHT:r457,组3,electrode_contact,r457,RIGHT,457,,right,组3_full_cube_periodic_P0347,RIGHT,,,0.0,0.0,0.0,connected,gap<=1.8,closed_form_cylinder_plane,,0,True,,,,,,,,,
B_full_cube_periodic,full_cube_periodic,disconnected_fragments,组3:ELECTRODE:RIGHT:r458,组3,electrode_contact,r458,RIGHT,458,,right,组3_full_cube_periodic_P0016,RIGHT,,,0.0,0.0,0.0,connected,gap<=1.8,closed_form_cylinder_plane,,0,True,,,,,,,,,
B_full_cube_periodic,full_cube_periodic,disconnected_fragments,组3:ELECTRODE:RIGHT:r461,组3,electrode_contact,r461,RIGHT,461,,right,组3_full_cube_periodic_P0082,RIGHT,,,0.0,0.0,0.0,connected,gap<=1.8,closed_form_cylinder_plane,,0,True,,,,,,,,,
B_full_cube_periodic,full_cube_periodic,disconnected_fragments,组3:ELECTRODE:RIGHT:r463,组3,electrode_contact,r463,RIGHT,463,,right,组3_full_cube_periodic_P0062,RIGHT,,,0.0,0.0,0.0,connected,gap<=1.8,closed_form_cylinder_plane,,0,True,,,,,,,,,
B_full_cube_periodic,full_cube_periodic,disconnected_fragments,组3:ELECTRODE:RIGHT:r464,组3,electrode_contact,r464,RIGHT,464,,right,组3_full_cube_periodic_P0018,RIGHT,,,0.0,0.0,0.0,connected,gap<=1.8,closed_form_cylinder_plane,,0,True,,,,,,,,,
B_full_cube_periodic,full_cube_periodic,disconnected_fragments,组3:ELECTRODE:RIGHT:r465,组3,electrode_contact,r465,RIGHT,465,,right,组3_full_cube_periodic_P0083,RIGHT,,,0.0,0.0,0.0,connected,gap<=1.8,closed_form_cylinder_plane,,0,True,,,,,,,,,
B_full_cube_periodic,full_cube_periodic,disconnected_fragments,组3:ELECTRODE:RIGHT:r466,组3,electrode_contact,r466,RIGHT,466,,right,组3_full_cube_periodic_P0027,RIGHT,,,0.0,0.0,0.0,connected,gap<=1.8,closed_form_cylinder_plane,,0,True,,,,,,,,,
B_full_cube_periodic,full_cube_periodic,disconnected_fragments,组3:ELECTRODE:RIGHT:r468,组3,electrode_contact,r468,RIGHT,468,,right,组3_full_cube_periodic_P0045,RIGHT,,,0.0,0.0,0.0,connected,gap<=1.8,closed_form_cylinder_plane,,0,True,,,,,,,,,
B_full_cube_periodic,full_cube_periodic,disconnected_fragments,组3:ELECTRODE:RIGHT:r471,组3,electrode_contact,r471,RIGHT,471,,right,组3_full_cube_periodic_P0089,RIGHT,,,0.0,0.0,0.0,connected,gap<=1.8,closed_form_cylinder_plane,,0,True,,,,,,,,,
B_full_cube_periodic,full_cube_periodic,disconnected_fragments,组3:ELECTRODE:RIGHT:r472,组3,electrode_contact,r472,RIGHT,472,,right,组3_full_cube_periodic_P0012,RIGHT,,,0.0,0.0,0.0,connected,gap<=1.8,closed_form_cylinder_plane,,0,True,,,,,,,,,
B_full_cube_periodic,full_cube_periodic,disconnected_fragments,组3:ELECTRODE:RIGHT:r473,组3,electrode_contact,r473,RIGHT,473,,right,组3_full_cube_periodic_P0037,RIGHT,,,0.0,0.0,0.0,connected,gap<=1.8,closed_form_cylinder_plane,,0,True,,,,,,,,,
B_full_cube_periodic,full_cube_periodic,disconnected_fragments,组3:ELECTRODE:RIGHT:r474,组3,electrode_contact,r474,RIGHT,474,,right,组3_full_cube_periodic_P0051,RIGHT,,,0.0,0.0,0.0,connected,gap<=1.8,closed_form_cylinder_plane,,0,True,,,,,,,,,
B_full_cube_periodic,full_cube_periodic,disconnected_fragments,组3:ELECTRODE:RIGHT:r479,组3,electrode_contact,r479,RIGHT,479,,right,组3_full_cube_periodic_P0021,RIGHT,,,0.0,0.0,0.0,connected,gap<=1.8,closed_form_cylinder_plane,,0,True,,,,,,,,,
B_full_cube_periodic,full_cube_periodic,disconnected_fragments,组3:ELECTRODE:RIGHT:r480,组3,electrode_contact,r480,RIGHT,480,,right,组3_full_cube_periodic_P0071,RIGHT,,,0.0,0.0,0.0,connected,gap<=1.8,closed_form_cylinder_plane,,0,True,,,,,,,,,
B_full_cube_periodic,full_cube_periodic,disconnected_fragments,组3:ELECTRODE:RIGHT:r481,组3,electrode_contact,r481,RIGHT,481,,right,组3_full_cube_periodic_P0055,RIGHT,,,0.0,0.0,0.0,connected,gap<=1.8,closed_form_cylinder_plane,,0,True,,,,,,,,,
B_full_cube_periodic,full_cube_periodic,disconnected_fragments,组3:ELECTRODE:RIGHT:r482,组3,electrode_contact,r482,RIGHT,482,,right,组3_full_cube_periodic_P0022,RIGHT,,,0.0,0.0,0.0,connected,gap<=1.8,closed_form_cylinder_plane,,0,True,,,,,,,,,
B_full_cube_periodic,full_cube_periodic,disconnected_fragments,组3:ELECTRODE:RIGHT:r483,组3,electrode_contact,r483,RIGHT,483,,right,组3_full_cube_periodic_P0048,RIGHT,,,0.0,0.0,0.0,connected,gap<=1.8,closed_form_cylinder_plane,,0,True,,,,,,,,,
B_full_cube_periodic,full_cube_periodic,disconnected_fragments,组3:ELECTRODE:RIGHT:r484,组3,electrode_contact,r484,RIGHT,484,,right,组3_full_cube_periodic_P0035,RIGHT,,,0.0,0.0,0.0,connected,gap<=1.8,closed_form_cylinder_plane,,0,True,,,,,,,,,
B_full_cube_periodic,full_cube_periodic,disconnected_fragments,组3:ELECTRODE:RIGHT:r487,组3,electrode_contact,r487,RIGHT,487,,right,组3_full_cube_periodic_P0006,RIGHT,,,0.0,0.0,0.0,connected,gap<=1.8,closed_form_cylinder_plane,,0,True,,,,,,,,,
B_full_cube_periodic,full_cube_periodic,disconnected_fragments,组3:ELECTRODE:RIGHT:r488,组3,electrode_contact,r488,RIGHT,488,,right,组3_full_cube_periodic_P0019,RIGHT,,,0.0,0.0,0.0,connected,gap<=1.8,closed_form_cylinder_plane,,0,True,,,,,,,,,
B_full_cube_periodic,full_cube_periodic,disconnected_fragments,组3:ELECTRODE:RIGHT:r490,组3,electrode_contact,r490,RIGHT,490,,right,组3_full_cube_periodic_P0004,RIGHT,,,0.0,0.0,0.0,connected,gap<=1.8,closed_form_cylinder_plane,,0,True,,,,,,,,,
B_full_cube_periodic,full_cube_periodic,disconnected_fragments,组3:ELECTRODE:RIGHT:r491,组3,electrode_contact,r491,RIGHT,491,,right,组3_full_cube_periodic_P0072,RIGHT,,,0.0,0.0,0.0,connected,gap<=1.8,closed_form_cylinder_plane,,0,True,,,,,,,,,
B_full_cube_periodic,full_cube_periodic,disconnected_fragments,组3:ELECTRODE:RIGHT:r492,组3,electrode_contact,r492,RIGHT,492,,right,组3_full_cube_periodic_P0014,RIGHT,,,0.0,0.0,0.0,connected,gap<=1.8,closed_form_cylinder_plane,,0,True,,,,,,,,,
B_full_cube_periodic,full_cube_periodic,disconnected_fragments,组3:ELECTRODE:RIGHT:r493,组3,electrode_contact,r493,RIGHT,493,,right,组3_full_cube_periodic_P0033,RIGHT,,,0.0,0.0,0.0,connected,gap<=1.8,closed_form_cylinder_plane,,0,True,,,,,,,,,
B_full_cube_periodic,full_cube_periodic,disconnected_fragments,组3:ELECTRODE:RIGHT:r498,组3,electrode_contact,r498,RIGHT,498,,right,组3_full_cube_periodic_P0088,RIGHT,,,0.0,0.0,0.0,connected,gap<=1.8,closed_form_cylinder_plane,,0,True,,,,,,,,,
B_full_cube_periodic,full_cube_periodic,disconnected_fragments,组3:ELECTRODE:RIGHT:r499,组3,electrode_contact,r499,RIGHT,499,,right,组3_full_cube_periodic_P0065,RIGHT,,,0.0,0.0,0.0,connected,gap<=1.8,closed_form_cylinder_plane,,0,True,,,,,,,,,
B_full_cube_periodic,full_cube_periodic,disconnected_fragments,组3:ELECTRODE:RIGHT:r500,组3,electrode_contact,r500,RIGHT,500,,right,组3_full_cube_periodic_P0050,RIGHT,,,0.0,0.0,0.0,connected,gap<=1.8,closed_form_cylinder_plane,,0,True,,,,,,,,,
B_full_cube_periodic,full_cube_periodic,disconnected_fragments,组3:ELECTRODE:RIGHT:r501,组3,electrode_contact,r501,RIGHT,501,,right,组3_full_cube_periodic_P0059,RIGHT,,,0.0,0.0,0.0,connected,gap<=1.8,closed_form_cylinder_plane,,0,True,,,,,,,,,
B_full_cube_periodic,full_cube_periodic,disconnected_fragments,组3:ELECTRODE:RIGHT:r502,组3,electrode_contact,r502,RIGHT,502,,right,组3_full_cube_periodic_P0053,RIGHT,,,0.0,0.0,0.0,connected,gap<=1.8,closed_form_cylinder_plane,,0,True,,,,,,,,,
B_full_cube_periodic,full_cube_periodic,disconnected_fragments,组3:ELECTRODE:RIGHT:r503,组3,electrode_contact,r503,RIGHT,503,,right,组3_full_cube_periodic_P0079,RIGHT,,,0.0,0.0,0.0,connected,gap<=1.8,closed_form_cylinder_plane,,0,True,,,,,,,,,
B_full_cube_periodic,full_cube_periodic,disconnected_fragments,组3:ELECTRODE:RIGHT:r504,组3,electrode_contact,r504,RIGHT,504,,right,组3_full_cube_periodic_P0057,RIGHT,,,0.0,0.0,0.0,connected,gap<=1.8,closed_form_cylinder_plane,,0,True,,,,,,,,,
B_full_cube_periodic,full_cube_periodic,disconnected_fragments,组3:ELECTRODE:RIGHT:r506,组3,electrode_contact,r506,RIGHT,506,,right,组3_full_cube_periodic_P0029,RIGHT,,,0.0,0.0,0.0,connected,gap<=1.8,closed_form_cylinder_plane,,0,True,,,,,,,,,
B_full_cube_periodic,full_cube_periodic,disconnected_fragments,组3:ELECTRODE:RIGHT:r507,组3,electrode_contact,r507,RIGHT,507,,right,组3_full_cube_periodic_P0002,RIGHT,,,0.0,0.0,0.0,connected,gap<=1.8,closed_form_cylinder_plane,,0,True,,,,,,,,,
B_full_cube_periodic,full_cube_periodic,disconnected_fragments,组3:ELECTRODE:RIGHT:r508,组3,electrode_contact,r508,RIGHT,508,,right,组3_full_cube_periodic_P0034,RIGHT,,,0.0,0.0,0.0,connected,gap<=1.8,closed_form_cylinder_plane,,0,True,,,,,,,,,
B_full_cube_periodic,full_cube_periodic,disconnected_fragments,组3:ELECTRODE:RIGHT:r509,组3,electrode_contact,r509,RIGHT,509,,right,组3_full_cube_periodic_P0061,RIGHT,,,0.0,0.0,0.0,connected,gap<=1.8,closed_form_cylinder_plane,,0,True,,,,,,,,,
B_full_cube_periodic,full_cube_periodic,disconnected_fragments,组3:ELECTRODE:RIGHT:r510,组3,electrode_contact,r510,RIGHT,510,,right,组3_full_cube_periodic_P0085,RIGHT,,,0.0,0.0,0.0,connected,gap<=1.8,closed_form_cylinder_plane,,0,True,,,,,,,,,
B_full_cube_periodic,full_cube_periodic,disconnected_fragments,组3:ELECTRODE:RIGHT:r511,组3,electrode_contact,r511,RIGHT,511,,right,组3_full_cube_periodic_P0032,RIGHT,,,0.0,0.0,0.0,connected,gap<=1.8,closed_form_cylinder_plane,,0,True,,,,,,,,,
B_full_cube_periodic,full_cube_periodic,disconnected_fragments,组3:ELECTRODE:RIGHT:r512,组3,electrode_contact,r512,RIGHT,512,,right,组3_full_cube_periodic_P0081,RIGHT,,,0.0,0.0,0.0,connected,gap<=1.8,closed_form_cylinder_plane,,0,True,,,,,,,,,
B_full_cube_periodic,full_cube_periodic,disconnected_fragments,组3:ELECTRODE:RIGHT:r513,组3,electrode_contact,r513,RIGHT,513,,right,组3_full_cube_periodic_P0086,RIGHT,,,0.0,0.0,0.0,connected,gap<=1.8,closed_form_cylinder_plane,,0,True,,,,,,,,,
B_full_cube_periodic,full_cube_periodic,disconnected_fragments,组3:ELECTRODE:RIGHT:r514,组3,electrode_contact,r514,RIGHT,514,,right,组3_full_cube_periodic_P0028,RIGHT,,,0.0,0.0,0.0,connected,gap<=1.8,closed_form_cylinder_plane,,0,True,,,,,,,,,
B_full_cube_periodic,full_cube_periodic,disconnected_fragments,组3:ELECTRODE:RIGHT:r516,组3,electrode_contact,r516,RIGHT,516,,right,组3_full_cube_periodic_P0084,RIGHT,,,0.0,0.0,0.0,connected,gap<=1.8,closed_form_cylinder_plane,,0,True,,,,,,,,,
B_full_cube_periodic,full_cube_periodic,disconnected_fragments,组3:ELECTRODE:RIGHT:r517,组3,electrode_contact,r517,RIGHT,517,,right,组3_full_cube_periodic_P0075,RIGHT,,,0.0,0.0,0.0,connected,gap<=1.8,closed_form_cylinder_plane,,0,True,,,,,,,,,
B_full_cube_periodic,full_cube_periodic,disconnected_fragments,组3:ELECTRODE:RIGHT:r518,组3,electrode_contact,r518,RIGHT,518,,right,组3_full_cube_periodic_P0041,RIGHT,,,0.0,0.0,0.0,connected,gap<=1.8,closed_form_cylinder_plane,,0,True,,,,,,,,,
B_full_cube_periodic,full_cube_periodic,disconnected_fragments,组3:ELECTRODE:RIGHT:r519,组3,electrode_contact,r519,RIGHT,519,,right,组3_full_cube_periodic_P0068,RIGHT,,,0.0,0.0,0.0,connected,gap<=1.8,closed_form_cylinder_plane,,0,True,,,,,,,,,
B_full_cube_periodic,full_cube_periodic,disconnected_fragments,组3:ELECTRODE:RIGHT:r521,组3,electrode_contact,r521,RIGHT,521,,right,组3_full_cube_periodic_P0076,RIGHT,,,0.0,0.0,0.0,connected,gap<=1.8,closed_form_cylinder_plane,,0,True,,,,,,,,,
B_full_cube_periodic,full_cube_periodic,disconnected_fragments,组3:ELECTRODE:RIGHT:r522,组3,electrode_contact,r522,RIGHT,522,,right,组3_full_cube_periodic_P0023,RIGHT,,,0.0,0.0,0.0,connected,gap<=1.8,closed_form_cylinder_plane,,0,True,,,,,,,,,
B_full_cube_periodic,full_cube_periodic,disconnected_fragments,组3:ELECTRODE:RIGHT:r523,组3,electrode_contact,r523,RIGHT,523,,right,组3_full_cube_periodic_P0025,RIGHT,,,0.0,0.0,0.0,connected,gap<=1.8,closed_form_cylinder_plane,,0,True,,,,,,,,,
B_full_cube_periodic,full_cube_periodic,disconnected_fragments,组3:ELECTRODE:RIGHT:r524,组3,electrode_contact,r524,RIGHT,524,,right,组3_full_cube_periodic_P0070,RIGHT,,,0.0,0.0,0.0,connected,gap<=1.8,closed_form_cylinder_plane,,0,True,,,,,,,,,
B_full_cube_periodic,full_cube_periodic,disconnected_fragments,组3:ELECTRODE:RIGHT:r525,组3,electrode_contact,r525,RIGHT,525,,right,组3_full_cube_periodic_P0077,RIGHT,,,0.0,0.0,0.0,connected,gap<=1.8,closed_form_cylinder_plane,,0,True,,,,,,,,,
B_full_cube_periodic,full_cube_periodic,disconnected_fragments,组3:ELECTRODE:RIGHT:r526,组3,electrode_contact,r526,RIGHT,526,,right,组3_full_cube_periodic_P0011,RIGHT,,,0.0,0.0,0.0,connected,gap<=1.8,closed_form_cylinder_plane,,0,True,,,,,,,,,
B_full_cube_periodic,full_cube_periodic,disconnected_fragments,组3:ELECTRODE:RIGHT:r527,组3,electrode_contact,r527,RIGHT,527,,right,组3_full_cube_periodic_P0010,RIGHT,,,0.0,0.0,0.0,connected,gap<=1.8,closed_form_cylinder_plane,,0,True,,,,,,,,,
B_full_cube_periodic,full_cube_periodic,disconnected_fragments,组3:ELECTRODE:RIGHT:r528,组3,electrode_contact,r528,RIGHT,528,,right,组3_full_cube_periodic_P0091,RIGHT,,,0.0,0.0,0.0,connected,gap<=1.8,closed_form_cylinder_plane,,0,True,,,,,,,,,
B_full_cube_periodic,full_cube_periodic,disconnected_fragments,组3:ELECTRODE:RIGHT:r529,组3,electrode_contact,r529,RIGHT,529,,right,组3_full_cube_periodic_P0087,RIGHT,,,0.0,0.0,0.0,connected,gap<=1.8,closed_form_cylinder_plane,,0,True,,,,,,,,,
B_full_cube_periodic,full_cube_periodic,disconnected_fragments,组3:ELECTRODE:RIGHT:r530,组3,electrode_contact,r530,RIGHT,530,,right,组3_full_cube_periodic_P0039,RIGHT,,,0.0,0.0,0.0,connected,gap<=1.8,closed_form_cylinder_plane,,0,True,,,,,,,,,
B_full_cube_periodic,full_cube_periodic,disconnected_fragments,组3:ELECTRODE:RIGHT:r531,组3,electrode_contact,r531,RIGHT,531,,right,组3_full_cube_periodic_P0031,RIGHT,,,0.0,0.0,0.0,connected,gap<=1.8,closed_form_cylinder_plane,,0,True,,,,,,,,,
B_full_cube_periodic,full_cube_periodic,disconnected_fragments,组3:ELECTRODE:RIGHT:r532,组3,electrode_contact,r532,RIGHT,532,,right,组3_full_cube_periodic_P0036,RIGHT,,,0.0,0.0,0.0,connected,gap<=1.8,closed_form_cylinder_plane,,0,True,,,,,,,,,
B_full_cube_periodic,full_cube_periodic,disconnected_fragments,组3:ELECTRODE:RIGHT:r533,组3,electrode_contact,r533,RIGHT,533,,right,组3_full_cube_periodic_P0060,RIGHT,,,0.0,0.0,0.0,connected,gap<=1.8,closed_form_cylinder_plane,,0,True,,,,,,,,,
B_full_cube_periodic,full_cube_periodic,disconnected_fragments,组3:ELECTRODE:RIGHT:r534,组3,electrode_contact,r534,RIGHT,534,,right,组3_full_cube_periodic_P0009,RIGHT,,,0.0,0.0,0.0,connected,gap<=1.8,closed_form_cylinder_plane,,0,True,,,,,,,,,
B_full_cube_periodic,full_cube_periodic,disconnected_fragments,组3:ELECTRODE:RIGHT:r535,组3,electrode_contact,r535,RIGHT,535,,right,组3_full_cube_periodic_P0024,RIGHT,,,0.0,0.0,0.0,connected,gap<=1.8,closed_form_cylinder_plane,,0,True,,,,,,,,,
B_full_cube_periodic,full_cube_periodic,disconnected_fragments,组3:ELECTRODE:RIGHT:r536,组3,electrode_contact,r536,RIGHT,536,,right,组3_full_cube_periodic_P0026,RIGHT,,,0.0,0.0,0.0,connected,gap<=1.8,closed_form_cylinder_plane,,0,True,,,,,,,,,
B_full_cube_periodic,full_cube_periodic,disconnected_fragments,组3:ELECTRODE:RIGHT:r537,组3,electrode_contact,r537,RIGHT,537,,right,组3_full_cube_periodic_P0005,RIGHT,,,0.0,0.0,0.0,connected,gap<=1.8,closed_form_cylinder_plane,,0,True,,,,,,,,,
B_full_cube_periodic,full_cube_periodic,disconnected_fragments,组3:PAIR:r3:r236,组3,cylinder_contact,r3,r236,3,236,,组3_full_cube_periodic_P0001,组3_full_cube_periodic_P0190,,,0.0,3.6322330679598313e-10,0.0,connected,gap<=1.8,capsule_then_flat_cylinder_gjk,0.0,4,True,7.190186943645083e-13,7.190186943645083e-13,True,,,,,,
B_full_cube_periodic,full_cube_periodic,disconnected_fragments,组3:PAIR:r4:r13,组3,cylinder_contact,r4,r13,4,13,,组3_full_cube_periodic_P0002,组3_full_cube_periodic_P0011,,,0.0,3.90169657312094e-10,0.0,connected,gap<=1.8,capsule_then_flat_cylinder_gjk,0.0,5,True,1.1382885756177522e-12,1.1382885756177522e-12,True,,,,,,
B_full_cube_periodic,full_cube_periodic,disconnected_fragments,组3:PAIR:r4:r109,组3,cylinder_contact,r4,r109,4,109,,组3_full_cube_periodic_P0002,组3_full_cube_periodic_P0106,,,0.0,3.7520979693301093e-10,0.0,connected,gap<=1.8,capsule_then_flat_cylinder_gjk,0.0,5,True,6.834519954515513e-13,6.834519954515513e-13,True,,,,,,
B_full_cube_periodic,full_cube_periodic,disconnected_fragments,组3:PAIR:r4:r137,组3,cylinder_contact,r4,r137,4,137,,组3_full_cube_periodic_P0002,组3_full_cube_periodic_P0103,,,0.0,3.799100440450146e-10,0.0,connected,gap<=1.8,capsule_then_flat_cylinder_gjk,0.0,5,True,6.355287432313019e-14,6.355287432313019e-14,True,,,,,,
B_full_cube_periodic,full_cube_periodic,disconnected_fragments,组3:PAIR:r8:r108,组3,cylinder_contact,r8,r108,8,108,,组3_full_cube_periodic_P0006,组3_full_cube_periodic_P0105,,,0.0,3.6284535569869344e-10,0.0,connected,gap<=1.8,capsule_then_flat_cylinder_gjk,0.0,6,True,5.084229945850414e-13,5.084229945850414e-13,True,,,,,,
B_full_cube_periodic,full_cube_periodic,disconnected_fragments,组3:PAIR:r12:r96,组3,cylinder_contact,r12,r96,12,96,,组3_full_cube_periodic_P0010,组3_full_cube_periodic_P0094,,,0.0,2.8160729015200255e-10,0.0,connected,gap<=1.8,capsule_then_flat_cylinder_gjk,0.0,5,True,2.04715241868247e-12,2.04715241868247e-12,True,,,,,,
B_full_cube_periodic,full_cube_periodic,disconnected_fragments,组3:PAIR:r12:r99,组3,cylinder_contact,r12,r99,12,99,,组3_full_cube_periodic_P0010,组3_full_cube_periodic_P0097,,,0.0,3.03367651678625e-10,0.0,connected,gap<=1.8,capsule_then_flat_cylinder_gjk,0.0,5,True,1.017739309065398e-12,1.017739309065398e-12,True,,,,,,
B_full_cube_periodic,full_cube_periodic,disconnected_fragments,组3:PAIR:r15:r96,组3,cylinder_contact,r15,r96,15,96,,组3_full_cube_periodic_P0013,组3_full_cube_periodic_P0094,,,0.0,3.0598201795062774e-10,0.0,connected,gap<=1.8,capsule_then_flat_cylinder_gjk,0.0,5,True,9.443537991180705e-13,9.443537991180705e-13,True,,,,,,
B_full_cube_periodic,full_cube_periodic,disconnected_fragments,组3:PAIR:r15:r108,组3,cylinder_contact,r15,r108,15,108,,组3_full_cube_periodic_P0013,组3_full_cube_periodic_P0105,,,0.0,3.0620939162607097e-10,0.0,connected,gap<=1.8,capsule_then_flat_cylinder_gjk,0.0,4,True,1.2710574864626036e-13,1.2710574864626036e-13,True,,,,,,
B_full_cube_periodic,full_cube_periodic,disconnected_fragments,组3:PAIR:r15:r283,组3,cylinder_contact,r15,r283,15,283,,组3_full_cube_periodic_P0013,组3_full_cube_periodic_P0238,,,0.0,3.066251278217046e-10,0.0,connected,gap<=1.8,capsule_then_flat_cylinder_gjk,0.0,5,True,1.1368683772161603e-12,1.1368683772161603e-12,True,,,,,,
B_full_cube_periodic,full_cube_periodic,disconnected_fragments,组3:PAIR:r16:r108,组3,cylinder_contact,r16,r108,16,108,,组3_full_cube_periodic_P0014,组3_full_cube_periodic_P0105,,,0.0,3.048256077220258e-10,0.0,connected,gap<=1.8,capsule_then_flat_cylinder_gjk,0.0,4,True,1.1718571004216928e-13,1.1718571004216928e-13,True,,,,,,
B_full_cube_periodic,full_cube_periodic,disconnected_fragments,组3:PAIR:r18:r145,组3,cylinder_contact,r18,r145,18,145,,组3_full_cube_periodic_P0016,组3_full_cube_periodic_P0123,,,0.6514112041151494,0.6514112065906044,0.6514112053528769,connected,gap<=1.8,capsule_then_flat_cylinder_gjk,0.6514112062508914,11,False,0.6514112062509814,8.981044796740889e-10,True,,,,,,
B_full_cube_periodic,full_cube_periodic,disconnected_fragments,组3:PAIR:r23:r38,组3,cylinder_contact,r23,r38,23,38,,组3_full_cube_periodic_P0021,组3_full_cube_periodic_P0036,,,0.0,2.4855373990347826e-10,0.0,connected,gap<=1.8,capsule_then_flat_cylinder_gjk,0.0,5,True,1.5127480943155456e-10,1.5127480943155456e-10,True,,,,,,
B_full_cube_periodic,full_cube_periodic,disconnected_fragments,组3:PAIR:r25:r121,组3,cylinder_contact,r25,r121,25,121,,组3_full_cube_periodic_P0023,组3_full_cube_periodic_P0117,,,0.0,3.393595527323306e-10,0.0,connected,gap<=1.8,capsule_then_flat_cylinder_gjk,0.0,5,True,1.0419570787589327e-12,1.0419570787589327e-12,True,,,,,,
B_full_cube_periodic,full_cube_periodic,disconnected_fragments,组3:PAIR:r31:r158,组3,cylinder_contact,r31,r158,31,158,,组3_full_cube_periodic_P0029,组3_full_cube_periodic_P0141,,,0.0,3.0671241188708456e-10,0.0,connected,gap<=1.8,capsule_then_flat_cylinder_gjk,0.0,6,True,4.823324033076557e-13,4.823324033076557e-13,True,,,,,,
B_full_cube_periodic,full_cube_periodic,disconnected_fragments,组3:PAIR:r33:r34,组3,cylinder_contact,r33,r34,33,34,,组3_full_cube_periodic_P0031,组3_full_cube_periodic_P0032,,,0.0,3.000663225375869e-10,0.0,connected,gap<=1.8,capsule_then_flat_cylinder_gjk,0.0,5,True,5.796914039811764e-13,5.796914039811764e-13,True,,,,,,
B_full_cube_periodic,full_cube_periodic,disconnected_fragments,组3:PAIR:r34:r209,组3,cylinder_contact,r34,r209,34,209,,组3_full_cube_periodic_P0032,组3_full_cube_periodic_P0183,,,0.0,2.7979659812699566e-10,0.0,connected,gap<=1.8,capsule_then_flat_cylinder_gjk,0.0,5,True,4.582862941503293e-13,4.582862941503293e-13,True,,,,,,
B_full_cube_periodic,full_cube_periodic,disconnected_fragments,组3:PAIR:r35:r140,组3,cylinder_contact,r35,r140,35,140,,组3_full_cube_periodic_P0033,组3_full_cube_periodic_P0128,,,0.0,2.862808523211742e-10,0.0,connected,gap<=1.8,capsule_then_flat_cylinder_gjk,0.0,5,True,6.915300366811403e-13,6.915300366811403e-13,True,,,,,,
B_full_cube_periodic,full_cube_periodic,disconnected_fragments,组3:PAIR:r48:r116,组3,cylinder_contact,r48,r116,48,116,,组3_full_cube_periodic_P0046,组3_full_cube_periodic_P0112,,,0.0,2.799068332862582e-10,0.0,connected,gap<=1.8,capsule_then_flat_cylinder_gjk,0.0,4,True,7.391010753932416e-13,7.391010753932416e-13,True,,,,,,
B_full_cube_periodic,full_cube_periodic,disconnected_fragments,组3:PAIR:r52:r133,组3,cylinder_contact,r52,r133,52,133,,组3_full_cube_periodic_P0050,组3_full_cube_periodic_P0125,,,0.0,2.4774567740756874e-10,0.0,connected,gap<=1.8,capsule_then_flat_cylinder_gjk,0.0,6,True,6.938623537128991e-13,6.938623537128991e-13,True,,,,,,
B_full_cube_periodic,full_cube_periodic,disconnected_fragments,组3:PAIR:r59:r157,组3,cylinder_contact,r59,r157,59,157,,组3_full_cube_periodic_P0057,组3_full_cube_periodic_P0140,,,0.0,2.1796710533608894e-10,0.0,connected,gap<=1.8,capsule_then_flat_cylinder_gjk,0.0,6,True,1.2247745318299647e-12,1.2247745318299647e-12,True,,,,,,
B_full_cube_periodic,full_cube_periodic,disconnected_fragments,组3:PAIR:r65:r266,组3,cylinder_contact,r65,r266,65,266,,组3_full_cube_periodic_P0063,组3_full_cube_periodic_P0223,,,0.0,2.5748551376950306e-10,0.0,connected,gap<=1.8,capsule_then_flat_cylinder_gjk,0.0,6,True,6.302189627392726e-12,6.302189627392726e-12,True,,,,,,
B_full_cube_periodic,full_cube_periodic,disconnected_fragments,组3:PAIR:r67:r124,组3,cylinder_contact,r67,r124,67,124,,组3_full_cube_periodic_P0065,组3_full_cube_periodic_P0119,,,0.0,2.539438146939201e-10,0.0,connected,gap<=1.8,capsule_then_flat_cylinder_gjk,0.0,4,True,2.2914314707516465e-13,2.2914314707516465e-13,True,,,,,,
B_full_cube_periodic,full_cube_periodic,disconnected_fragments,组3:PAIR:r69:r98,组3,cylinder_contact,r69,r98,69,98,,组3_full_cube_periodic_P0067,组3_full_cube_periodic_P0096,,,0.0,3.727464924304451e-10,0.0,connected,gap<=1.8,capsule_then_flat_cylinder_gjk,0.0,5,True,8.198074455012805e-13,8.198074455012805e-13,True,,,,,,
B_full_cube_periodic,full_cube_periodic,disconnected_fragments,组3:PAIR:r74:r185,组3,cylinder_contact,r74,r185,74,185,,组3_full_cube_periodic_P0072,组3_full_cube_periodic_P0164,,,0.0,2.498241530057477e-10,0.0,connected,gap<=1.8,capsule_then_flat_cylinder_gjk,0.0,5,True,7.008127344043915e-13,7.008127344043915e-13,True,,,,,,
B_full_cube_periodic,full_cube_periodic,disconnected_fragments,组3:PAIR:r78:r102,组3,cylinder_contact,r78,r102,78,102,,组3_full_cube_periodic_P0076,组3_full_cube_periodic_P0099,,,0.0,3.53030638843674e-10,0.0,connected,gap<=1.8,capsule_then_flat_cylinder_gjk,0.0,5,True,1.159382807962353e-12,1.159382807962353e-12,True,,,,,,
B_full_cube_periodic,full_cube_periodic,disconnected_fragments,组3:PAIR:r79:r207,组3,cylinder_contact,r79,r207,79,207,,组3_full_cube_periodic_P0077,组3_full_cube_periodic_P0181,,,0.0,2.3270556671151603e-10,0.0,connected,gap<=1.8,capsule_then_flat_cylinder_gjk,0.0,6,True,2.3437142008433857e-12,2.3437142008433857e-12,True,,,,,,
B_full_cube_periodic,full_cube_periodic,disconnected_fragments,组3:PAIR:r81:r124,组3,cylinder_contact,r81,r124,81,124,,组3_full_cube_periodic_P0079,组3_full_cube_periodic_P0119,,,0.7906647803569417,0.7906647822915408,0.7906647813242412,connected,gap<=1.8,capsule_then_flat_cylinder_gjk,0.790664782001393,512,False,0.7906647821141453,7.89904031073263e-10,True,,,,,,
B_full_cube_periodic,full_cube_periodic,disconnected_fragments,组3:PAIR:r81:r183,组3,cylinder_contact,r81,r183,81,183,,组3_full_cube_periodic_P0079,组3_full_cube_periodic_P0162,,,0.0,2.616565840640127e-10,0.0,connected,gap<=1.8,capsule_then_flat_cylinder_gjk,0.0,4,True,2.2737367544323206e-13,2.2737367544323206e-13,True,,,,,,
B_full_cube_periodic,full_cube_periodic,disconnected_fragments,组3:PAIR:r94:r119,组3,cylinder_contact,r94,r119,94,119,,组3_full_cube_periodic_P0092,组3_full_cube_periodic_P0115,,,0.0,3.302665447437366e-10,0.0,connected,gap<=1.8,capsule_then_flat_cylinder_gjk,0.0,6,True,2.451526899318176e-12,2.451526899318176e-12,True,,,,,,
B_full_cube_periodic,full_cube_periodic,disconnected_fragments,组3:PAIR:r94:r123,组3,cylinder_contact,r94,r123,94,123,,组3_full_cube_periodic_P0092,组3_full_cube_periodic_P0096,,,0.0,3.2882528589770684e-10,0.0,connected,gap<=1.8,capsule_then_flat_cylinder_gjk,0.0,5,True,9.646648066153115e-13,9.646648066153115e-13,True,,,,,,
B_full_cube_periodic,full_cube_periodic,disconnected_fragments,组3:PAIR:r94:r134,组3,cylinder_contact,r94,r134,94,134,,组3_full_cube_periodic_P0092,组3_full_cube_periodic_P0110,,,0.0,3.2956469432373986e-10,0.0,connected,gap<=1.8,capsule_then_flat_cylinder_gjk,0.0,5,True,9.374856803373542e-13,9.374856803373542e-13,True,,,,,,
B_full_cube_periodic,full_cube_periodic,disconnected_fragments,组3:PAIR:r96:r130,组3,cylinder_contact,r96,r130,96,130,,组3_full_cube_periodic_P0094,组3_full_cube_periodic_P0124,,,0.0,2.6993469433224526e-10,0.0,connected,gap<=1.8,capsule_then_flat_cylinder_gjk,0.0,6,True,1.2710574864626038e-13,1.2710574864626038e-13,True,,,,,,
B_full_cube_periodic,full_cube_periodic,disconnected_fragments,组3:PAIR:r96:r183,组3,cylinder_contact,r96,r183,96,183,,组3_full_cube_periodic_P0094,组3_full_cube_periodic_P0162,,,0.0,2.6963183832887953e-10,0.0,connected,gap<=1.8,capsule_then_flat_cylinder_gjk,0.0,5,True,4.856703836433968e-13,4.856703836433968e-13,True,,,,,,
B_full_cube_periodic,full_cube_periodic,disconnected_fragments,组3:PAIR:r97:r111,组3,cylinder_contact,r97,r111,97,111,,组3_full_cube_periodic_P0095,组3_full_cube_periodic_P0108,,,0.0,2.938845067991935e-10,0.0,connected,gap<=1.8,capsule_then_flat_cylinder_gjk,0.0,5,True,1.8082998531766482e-12,1.8082998531766482e-12,True,,,,,,
B_full_cube_periodic,full_cube_periodic,disconnected_fragments,组3:PAIR:r97:r128,组3,cylinder_contact,r97,r128,97,128,,组3_full_cube_periodic_P0095,组3_full_cube_periodic_P0122,,,0.0,1.482323026214072e-10,0.0,connected,gap<=1.8,capsule_then_flat_cylinder_gjk,0.0,5,True,6.514960105912179e-12,6.514960105912179e-12,True,,,,,,
B_full_cube_periodic,full_cube_periodic,disconnected_fragments,组3:PAIR:r99:r192,组3,cylinder_contact,r99,r192,99,192,,组3_full_cube_periodic_P0097,组3_full_cube_periodic_P0169,,,0.0,3.027245418075481e-10,0.0,connected,gap<=1.8,capsule_then_flat_cylinder_gjk,0.0,5,True,9.205299841540664e-13,9.205299841540664e-13,True,,,,,,
B_full_cube_periodic,full_cube_periodic,disconnected_fragments,组3:PAIR:r103:r276,组3,cylinder_contact,r103,r276,103,276,,组3_full_cube_periodic_P0100,组3_full_cube_periodic_P0231,,,0.0,1.6091376243116133e-10,0.0,connected,gap<=1.8,capsule_then_flat_cylinder_gjk,0.0,5,True,7.190186943645083e-13,7.190186943645083e-13,True,,,,,,
B_full_cube_periodic,full_cube_periodic,disconnected_fragments,组3:PAIR:r105:r251,组3,cylinder_contact,r105,r251,105,251,,组3_full_cube_periodic_P0102,组3_full_cube_periodic_P0212,,,0.0,2.01853438646169e-10,0.0,connected,gap<=1.8,capsule_then_flat_cylinder_gjk,0.0,5,True,5.209785393794664e-13,5.209785393794664e-13,True,,,,,,
B_full_cube_periodic,full_cube_periodic,disconnected_fragments,组3:PAIR:r107:r217,组3,cylinder_contact,r107,r217,107,217,,组3_full_cube_periodic_P0104,组3_full_cube_periodic_P0190,,,0.0,3.9632085429811566e-10,0.0,connected,gap<=1.8,capsule_then_flat_cylinder_gjk,0.0,4,True,1.1390866590859189e-12,1.1390866590859189e-12,True,,,,,,
B_full_cube_periodic,full_cube_periodic,disconnected_fragments,组3:PAIR:r110:r130,组3,cylinder_contact,r110,r130,110,130,,组3_full_cube_periodic_P0107,组3_full_cube_periodic_P0124,,,0.6696380953875114,0.669638101433795,0.6696380984106531,connected,gap<=1.8,capsule_then_flat_cylinder_gjk,0.6696381011183306,512,False,0.6696381011735096,2.762856499138877e-09,True,,,,,,
B_full_cube_periodic,full_cube_periodic,disconnected_fragments,组3:PAIR:r111:r115,组3,cylinder_contact,r111,r115,111,115,,组3_full_cube_periodic_P0108,组3_full_cube_periodic_P0111,,,0.0,2.942220207452614e-10,0.0,connected,gap<=1.8,capsule_then_flat_cylinder_gjk,0.0,4,True,6.233367514443361e-13,6.233367514443361e-13,True,,,,,,
B_full_cube_periodic,full_cube_periodic,disconnected_fragments,组3:PAIR:r112:r134,组3,cylinder_contact,r112,r134,112,134,,组3_full_cube_periodic_P0056,组3_full_cube_periodic_P0110,,,0.0,3.56241475281761e-10,0.0,connected,gap<=1.8,capsule_then_flat_cylinder_gjk,0.0,4,True,7.36774916095767e-13,7.36774916095767e-13,True,,,,,,
B_full_cube_periodic,full_cube_periodic,disconnected_fragments,组3:PAIR:r117:r137,组3,cylinder_contact,r117,r137,117,137,,组3_full_cube_periodic_P0113,组3_full_cube_periodic_P0103,,,0.0,3.794552966941281e-10,0.0,connected,gap<=1.8,capsule_then_flat_cylinder_gjk,0.0,5,True,4.2537719614005497e-13,4.2537719614005497e-13,True,,,,,,
B_full_cube_periodic,full_cube_periodic,disconnected_fragments,组3:PAIR:r119:r166,组3,cylinder_contact,r119,r166,119,166,,组3_full_cube_periodic_P0115,组3_full_cube_periodic_P0148,,,0.0,2.0660564259779076e-10,0.0,connected,gap<=1.8,capsule_then_flat_cylinder_gjk,0.0,4,True,8.098342059535243e-12,8.098342059535243e-12,True,,,,,,
B_full_cube_periodic,full_cube_periodic,disconnected_fragments,组3:PAIR:r119:r186,组3,cylinder_contact,r119,r186,119,186,,组3_full_cube_periodic_P0115,组3_full_cube_periodic_P0165,,,0.0,2.0709537867188277e-10,0.0,connected,gap<=1.8,capsule_then_flat_cylinder_gjk,0.0,6,True,9.379164112033322e-13,9.379164112033322e-13,True,,,,,,
B_full_cube_periodic,full_cube_periodic,disconnected_fragments,组3:PAIR:r120:r140,组3,cylinder_contact,r120,r140,120,140,,组3_full_cube_periodic_P0116,组3_full_cube_periodic_P0128,,,0.0,2.967317202477125e-10,0.0,connected,gap<=1.8,capsule_then_flat_cylinder_gjk,0.0,4,True,1.1368683772161602e-13,1.1368683772161602e-13,True,,,,,,
B_full_cube_periodic,full_cube_periodic,disconnected_fragments,组3:PAIR:r121:r125,组3,cylinder_contact,r121,r125,121,125,,组3_full_cube_periodic_P0117,组3_full_cube_periodic_P0120,,,0.0,4.065400081310672e-10,0.0,connected,gap<=1.8,capsule_then_flat_cylinder_gjk,0.0,5,True,1.256998097431732e-12,1.256998097431732e-12,True,,,,,,
B_full_cube_periodic,full_cube_periodic,disconnected_fragments,组3:PAIR:r123:r130,组3,cylinder_contact,r123,r130,123,130,,组3_full_cube_periodic_P0096,组3_full_cube_periodic_P0124,,,0.0,3.1569363569008337e-10,0.0,connected,gap<=1.8,capsule_then_flat_cylinder_gjk,0.0,6,True,1.567064913625725e-12,1.567064913625725e-12,True,,,,,,
B_full_cube_periodic,full_cube_periodic,disconnected_fragments,组3:PAIR:r123:r163,组3,cylinder_contact,r123,r163,123,163,,组3_full_cube_periodic_P0096,组3_full_cube_periodic_P0146,,,0.0,3.1559658270769926e-10,0.0,connected,gap<=1.8,capsule_then_flat_cylinder_gjk,0.0,7,True,4.547473508864641e-13,4.547473508864641e-13,True,,,,,,
B_full_cube_periodic,full_cube_periodic,disconnected_fragments,组3:PAIR:r126:r163,组3,cylinder_contact,r126,r163,126,163,,组3_full_cube_periodic_P0091,组3_full_cube_periodic_P0146,,,0.0,3.681762968831592e-10,0.0,connected,gap<=1.8,capsule_then_flat_cylinder_gjk,0.0,5,True,5.569494857771083e-13,5.569494857771083e-13,True,,,,,,
B_full_cube_periodic,full_cube_periodic,disconnected_fragments,组3:PAIR:r126:r236,组3,cylinder_contact,r126,r236,126,236,,组3_full_cube_periodic_P0091,组3_full_cube_periodic_P0190,,,0.0,3.6822997252685774e-10,0.0,connected,gap<=1.8,capsule_then_flat_cylinder_gjk,0.0,5,True,1.632702903446565e-13,1.632702903446565e-13,True,,,,,,
B_full_cube_periodic,full_cube_periodic,disconnected_fragments,组3:PAIR:r133:r158,组3,cylinder_contact,r133,r158,133,158,,组3_full_cube_periodic_P0125,组3_full_cube_periodic_P0141,,,0.0,2.5645532316965793e-10,0.0,connected,gap<=1.8,capsule_then_flat_cylinder_gjk,0.0,4,True,8.987733679556354e-14,8.987733679556354e-14,True,,,,,,
B_full_cube_periodic,full_cube_periodic,disconnected_fragments,组3:PAIR:r134:r183,组3,cylinder_contact,r134,r183,134,183,,组3_full_cube_periodic_P0110,组3_full_cube_periodic_P0162,,,0.0,2.8170993678570285e-10,0.0,connected,gap<=1.8,capsule_then_flat_cylinder_gjk,0.0,6,True,1.1138989715542167e-12,1.1138989715542167e-12,True,,,,,,
B_full_cube_periodic,full_cube_periodic,disconnected_fragments,组3:PAIR:r135:r171,组3,cylinder_contact,r135,r171,135,171,,组3_full_cube_periodic_P0039,组3_full_cube_periodic_P0048,,,0.0,3.1397551643780504e-10,0.0,connected,gap<=1.8,capsule_then_flat_cylinder_gjk,0.0,5,True,3.1776437161565096e-14,3.1776437161565096e-14,True,,,,,,
B_full_cube_periodic,full_cube_periodic,disconnected_fragments,组3:PAIR:r136:r161,组3,cylinder_contact,r136,r161,136,161,,组3_full_cube_periodic_P0088,组3_full_cube_periodic_P0144,,,0.0,3.8791296201352306e-10,0.0,connected,gap<=1.8,capsule_then_flat_cylinder_gjk,0.0,6,True,1.6077746776921858e-13,1.6077746776921858e-13,True,,,,,,
B_full_cube_periodic,full_cube_periodic,disconnected_fragments,组3:PAIR:r136:r239,组3,cylinder_contact,r136,r239,136,239,,组3_full_cube_periodic_P0088,组3_full_cube_periodic_P0184,,,0.0,3.8750135889124226e-10,0.0,connected,gap<=1.8,capsule_then_flat_cylinder_gjk,0.0,5,True,4.823324033076557e-13,4.823324033076557e-13,True,,,,,,
B_full_cube_periodic,full_cube_periodic,disconnected_fragments,组3:PAIR:r138:r237,组3,cylinder_contact,r138,r237,138,237,,组3_full_cube_periodic_P0126,组3_full_cube_periodic_P0204,,,0.0,2.38309762302247e-10,0.0,connected,gap<=1.8,capsule_then_flat_cylinder_gjk,0.0,5,True,1.4572883336875599e-12,1.4572883336875599e-12,True,,,,,,
B_full_cube_periodic,full_cube_periodic,disconnected_fragments,组3:PAIR:r139:r182,组3,cylinder_contact,r139,r182,139,182,,组3_full_cube_periodic_P0127,组3_full_cube_periodic_P0161,,,0.0,1.9621280469889224e-10,0.0,connected,gap<=1.8,capsule_then_flat_cylinder_gjk,0.0,4,True,8.038873388460929e-14,8.038873388460929e-14,True,,,,,,
B_full_cube_periodic,full_cube_periodic,disconnected_fragments,组3:PAIR:r139:r188,组3,cylinder_contact,r139,r188,139,188,,组3_full_cube_periodic_P0127,组3_full_cube_periodic_P0167,,,0.0,1.974947238150902e-10,0.0,connected,gap<=1.8,capsule_then_flat_cylinder_gjk,0.0,6,True,3.639754730461873e-13,3.639754730461873e-13,True,,,,,,
B_full_cube_periodic,full_cube_periodic,disconnected_fragments,组3:PAIR:r146:r338,组3,cylinder_contact,r146,r338,146,338,,组3_full_cube_periodic_P0130,组3_full_cube_periodic_P0283,,,0.0,1.9700654241512287e-10,0.0,connected,gap<=1.8,capsule_then_flat_cylinder_gjk,0.0,5,True,4.547473508864641e-13,4.547473508864641e-13,True,,,,,,
B_full_cube_periodic,full_cube_periodic,disconnected_fragments,组3:PAIR:r148:r162,组3,cylinder_contact,r148,r162,148,162,,组3_full_cube_periodic_P0085,组3_full_cube_periodic_P0145,,,0.0,4.0138241505275145e-10,0.0,connected,gap<=1.8,capsule_then_flat_cylinder_gjk,0.0,5,True,1.1593828079623528e-12,1.1593828079623528e-12,True,,,,,,
B_full_cube_periodic,full_cube_periodic,disconnected_fragments,组3:PAIR:r156:r251,组3,cylinder_contact,r156,r251,156,251,,组3_full_cube_periodic_P0139,组3_full_cube_periodic_P0212,,,0.0,2.334041866939208e-10,0.0,connected,gap<=1.8,capsule_then_flat_cylinder_gjk,0.0,5,True,1.1368683772161603e-13,1.1368683772161603e-13,True,,,,,,
B_full_cube_periodic,full_cube_periodic,disconnected_fragments,组3:PAIR:r159:r163,组3,cylinder_contact,r159,r163,159,163,,组3_full_cube_periodic_P0142,组3_full_cube_periodic_P0146,,,0.0,2.976863816857135e-10,0.0,connected,gap<=1.8,capsule_then_flat_cylinder_gjk,0.0,5,True,1.2505552149377761e-12,1.2505552149377761e-12,True,,,,,,
B_full_cube_periodic,full_cube_periodic,disconnected_fragments,组3:PAIR:r159:r197,组3,cylinder_contact,r159,r197,159,197,,组3_full_cube_periodic_P0142,组3_full_cube_periodic_P0166,,,0.0,2.919374556727555e-10,0.0,connected,gap<=1.8,capsule_then_flat_cylinder_gjk,0.0,4,True,9.812236146964348e-11,9.812236146964348e-11,True,,,,,,
B_full_cube_periodic,full_cube_periodic,disconnected_fragments,组3:PAIR:r160:r209,组3,cylinder_contact,r160,r209,160,209,,组3_full_cube_periodic_P0143,组3_full_cube_periodic_P0183,,,0.0,2.8550548753148186e-10,0.0,connected,gap<=1.8,capsule_then_flat_cylinder_gjk,0.0,4,True,1.2834101332393602e-13,1.2834101332393602e-13,True,,,,,,
B_full_cube_periodic,full_cube_periodic,disconnected_fragments,组3:PAIR:r161:r239,组3,cylinder_contact,r161,r239,161,239,,组3_full_cube_periodic_P0144,组3_full_cube_periodic_P0184,,,0.0,3.623870043462374e-10,0.0,connected,gap<=1.8,capsule_then_flat_cylinder_gjk,0.0,7,True,1.140188868083145e-11,1.140188868083145e-11,True,,,,,,
B_full_cube_periodic,full_cube_periodic,disconnected_fragments,组3:PAIR:r162:r192,组3,cylinder_contact,r162,r192,162,192,,组3_full_cube_periodic_P0145,组3_full_cube_periodic_P0169,,,0.0,3.1407369772378633e-10,0.0,connected,gap<=1.8,capsule_then_flat_cylinder_gjk,0.0,4,True,2.604892696897332e-13,2.604892696897332e-13,True,,,,,,
B_full_cube_periodic,full_cube_periodic,disconnected_fragments,组3:PAIR:r164:r178,组3,cylinder_contact,r164,r178,164,178,,组3_full_cube_periodic_P0138,组3_full_cube_periodic_P0158,,,0.0,3.258441145259948e-10,0.0,connected,gap<=1.8,capsule_then_flat_cylinder_gjk,0.0,6,True,3.938227581713539e-13,3.938227581713539e-13,True,,,,,,
B_full_cube_periodic,full_cube_periodic,disconnected_fragments,组3:PAIR:r167:r211,组3,cylinder_contact,r167,r211,167,211,,组3_full_cube_periodic_P0149,组3_full_cube_periodic_P0076,,,0.0,3.349077392926414e-10,0.0,connected,gap<=1.8,capsule_then_flat_cylinder_gjk,0.0,4,True,3.457613971339155e-11,3.457613971339155e-11,True,,,,,,
B_full_cube_periodic,full_cube_periodic,disconnected_fragments,组3:PAIR:r169:r175,组3,cylinder_contact,r169,r175,169,175,,组3_full_cube_periodic_P0151,组3_full_cube_periodic_P0131,,,0.0,3.680848773732284e-10,0.0,connected,gap<=1.8,capsule_then_flat_cylinder_gjk,0.0,5,True,5.209785393794665e-13,5.209785393794665e-13,True,,,,,,
B_full_cube_periodic,full_cube_periodic,disconnected_fragments,组3:PAIR:r172:r195,组3,cylinder_contact,r172,r195,172,195,,组3_full_cube_periodic_P0153,组3_full_cube_periodic_P0172,,,0.0,2.61479058754282e-10,0.0,connected,gap<=1.8,capsule_then_flat_cylinder_gjk,0.0,4,True,7.731540852509763e-13,7.731540852509763e-13,True,,,,,,
B_full_cube_periodic,full_cube_periodic,disconnected_fragments,组3:PAIR:r172:r357,组3,cylinder_contact,r172,r357,172,357,,组3_full_cube_periodic_P0153,组3_full_cube_periodic_P0234,,,0.0,2.544085043819076e-10,0.0,connected,gap<=1.8,capsule_then_flat_cylinder_gjk,0.0,5,True,1.0267281065914884e-12,1.0267281065914884e-12,True,,,,,,
B_full_cube_periodic,full_cube_periodic,disconnected_fragments,组3:PAIR:r174:r318,组3,cylinder_contact,r174,r318,174,318,,组3_full_cube_periodic_P0155,组3_full_cube_periodic_P0264,,,0.6787506345906529,0.6787506392934962,0.6787506369420746,connected,gap<=1.8,capsule_then_flat_cylinder_gjk,0.6787506389011781,512,False,0.6787506392675574,2.325482806320167e-09,True,,,,,,
B_full_cube_periodic,full_cube_periodic,disconnected_fragments,组3:PAIR:r176:r211,组3,cylinder_contact,r176,r211,176,211,,组3_full_cube_periodic_P0156,组3_full_cube_periodic_P0076,,,0.0,3.262679948635211e-10,0.0,connected,gap<=1.8,capsule_then_flat_cylinder_gjk,0.0,5,True,9.099386826154683e-13,9.099386826154683e-13,True,,,,,,
B_full_cube_periodic,full_cube_periodic,disconnected_fragments,组3:PAIR:r178:r198,组3,cylinder_contact,r178,r198,178,198,,组3_full_cube_periodic_P0158,组3_full_cube_periodic_P0174,,,0.0,2.1286491858327163e-10,0.0,connected,gap<=1.8,capsule_then_flat_cylinder_gjk,0.0,4,True,6.355287432313019e-14,6.355287432313019e-14,True,,,,,,
B_full_cube_periodic,full_cube_periodic,disconnected_fragments,组3:PAIR:r179:r183,组3,cylinder_contact,r179,r183,179,183,,组3_full_cube_periodic_P0159,组3_full_cube_periodic_P0162,,,0.0,2.2523409545231027e-10,0.0,connected,gap<=1.8,capsule_then_flat_cylinder_gjk,0.0,6,True,1.686439916067154e-11,1.686439916067154e-11,True,,,,,,
B_full_cube_periodic,full_cube_periodic,disconnected_fragments,组3:PAIR:r180:r201,组3,cylinder_contact,r180,r201,180,201,,组3_full_cube_periodic_P0160,组3_full_cube_periodic_P0175,,,0.0,4.152474931634385e-10,0.0,connected,gap<=1.8,capsule_then_flat_cylinder_gjk,0.0,4,True,2.2737367544323203e-13,2.2737367544323203e-13,True,,,,,,
B_full_cube_periodic,full_cube_periodic,disconnected_fragments,组3:PAIR:r182:r225,组3,cylinder_contact,r182,r225,182,225,,组3_full_cube_periodic_P0161,组3_full_cube_periodic_P0197,,,0.0,2.131470492514262e-10,0.0,connected,gap<=1.8,capsule_then_flat_cylinder_gjk,0.0,4,True,3.938227581713539e-13,3.938227581713539e-13,True,,,,,,
B_full_cube_periodic,full_cube_periodic,disconnected_fragments,组3:PAIR:r182:r279,组3,cylinder_contact,r182,r279,182,279,,组3_full_cube_periodic_P0161,组3_full_cube_periodic_P0234,,,0.0,2.2887915767778175e-10,0.0,connected,gap<=1.8,capsule_then_flat_cylinder_gjk,0.0,5,True,7.447483735586253e-10,7.447483735586253e-10,True,,,,,,
B_full_cube_periodic,full_cube_periodic,disconnected_fragments,组3:PAIR:r188:r225,组3,cylinder_contact,r188,r225,188,225,,组3_full_cube_periodic_P0167,组3_full_cube_periodic_P0197,,,0.0,2.1369379884965107e-10,0.0,connected,gap<=1.8,capsule_then_flat_cylinder_gjk,0.0,5,True,7.36774916095767e-13,7.36774916095767e-13,True,,,,,,
B_full_cube_periodic,full_cube_periodic,disconnected_fragments,组3:PAIR:r188:r286,组3,cylinder_contact,r188,r286,188,286,,组3_full_cube_periodic_P0167,组3_full_cube_periodic_P0240,,,0.0,1.7356942236517622e-10,0.0,connected,gap<=1.8,capsule_then_flat_cylinder_gjk,0.0,5,True,1.1368683772161605e-12,1.1368683772161605e-12,True,,,,,,
B_full_cube_periodic,full_cube_periodic,disconnected_fragments,组3:PAIR:r190:r197,组3,cylinder_contact,r190,r197,190,197,,组3_full_cube_periodic_P0168,组3_full_cube_periodic_P0166,,,0.0,2.852692715541051e-10,0.0,connected,gap<=1.8,capsule_then_flat_cylinder_gjk,0.0,5,True,1.2710574864626038e-13,1.2710574864626038e-13,True,,,,,,
B_full_cube_periodic,full_cube_periodic,disconnected_fragments,组3:PAIR:r205:r218,组3,cylinder_contact,r205,r218,205,218,,组3_full_cube_periodic_P0179,组3_full_cube_periodic_P0191,,,0.0,1.8071373931148645e-10,0.0,connected,gap<=1.8,capsule_then_flat_cylinder_gjk,0.0,6,True,1.6043167557196118e-12,1.6043167557196118e-12,True,,,,,,
B_full_cube_periodic,full_cube_periodic,disconnected_fragments,组3:PAIR:r205:r287,组3,cylinder_contact,r205,r287,205,287,,组3_full_cube_periodic_P0179,组3_full_cube_periodic_P0241,,,0.0,1.8041168995357442e-10,0.0,connected,gap<=1.8,capsule_then_flat_cylinder_gjk,0.0,5,True,5.82471714435519e-13,5.82471714435519e-13,True,,,,,,
B_full_cube_periodic,full_cube_periodic,disconnected_fragments,组3:PAIR:r208:r305,组3,cylinder_contact,r208,r305,208,305,,组3_full_cube_periodic_P0182,组3_full_cube_periodic_P0256,,,1.7786710844844462,1.7786710872937999,1.778671085889123,connected,gap<=1.8,capsule_then_flat_cylinder_gjk,1.7786710871068863,12,False,1.778671087142672,1.2535490423459805e-09,True,,,,,,
B_full_cube_periodic,full_cube_periodic,disconnected_fragments,组3:PAIR:r213:r287,组3,cylinder_contact,r213,r287,213,287,,组3_full_cube_periodic_P0186,组3_full_cube_periodic_P0241,,,0.0,1.8930594595804609e-10,0.0,connected,gap<=1.8,capsule_then_flat_cylinder_gjk,0.0,4,True,5.362597410144533e-13,5.362597410144533e-13,True,,,,,,
B_full_cube_periodic,full_cube_periodic,disconnected_fragments,组3:PAIR:r213:r364,组3,cylinder_contact,r213,r364,213,364,,组3_full_cube_periodic_P0186,组3_full_cube_periodic_P0289,,,0.0,2.1663299905383626e-10,0.0,connected,gap<=1.8,capsule_then_flat_cylinder_gjk,0.0,5,True,2.49399488080602e-13,2.49399488080602e-13,True,,,,,,
B_full_cube_periodic,full_cube_periodic,disconnected_fragments,组3:PAIR:r218:r266,组3,cylinder_contact,r218,r266,218,266,,组3_full_cube_periodic_P0191,组3_full_cube_periodic_P0223,,,0.0,1.685150038897927e-10,0.0,connected,gap<=1.8,capsule_then_flat_cylinder_gjk,0.0,6,True,1.7053025658242404e-13,1.7053025658242404e-13,True,,,,,,
B_full_cube_periodic,full_cube_periodic,disconnected_fragments,组3:PAIR:r218:r287,组3,cylinder_contact,r218,r287,218,287,,组3_full_cube_periodic_P0191,组3_full_cube_periodic_P0241,,,0.0,1.6388461110316699e-10,0.0,connected,gap<=1.8,capsule_then_flat_cylinder_gjk,0.0,6,True,2.2737367544323206e-13,2.2737367544323206e-13,True,,,,,,
B_full_cube_periodic,full_cube_periodic,disconnected_fragments,组3:PAIR:r218:r353,组3,cylinder_contact,r218,r353,218,353,,组3_full_cube_periodic_P0191,组3_full_cube_periodic_P0296,,,0.0,2.3341933865593414e-10,0.0,connected,gap<=1.8,capsule_then_flat_cylinder_gjk,0.0,5,True,4.151126638648695e-12,4.151126638648695e-12,True,,,,,,
B_full_cube_periodic,full_cube_periodic,disconnected_fragments,组3:PAIR:r223:r301,组3,cylinder_contact,r223,r301,223,301,,组3_full_cube_periodic_P0195,组3_full_cube_periodic_P0253,,,0.0,1.9295238210326363e-10,0.0,connected,gap<=1.8,capsule_then_flat_cylinder_gjk,0.0,6,True,1.628063766540671e-09,1.628063766540671e-09,True,,,,,,
B_full_cube_periodic,full_cube_periodic,disconnected_fragments,组3:PAIR:r225:r319,组3,cylinder_contact,r225,r319,225,319,,组3_full_cube_periodic_P0197,组3_full_cube_periodic_P0265,,,0.0,2.375253215042492e-10,0.0,connected,gap<=1.8,capsule_then_flat_cylinder_gjk,0.0,5,True,5.084229945850415e-13,5.084229945850415e-13,True,,,,,,
B_full_cube_periodic,full_cube_periodic,disconnected_fragments,组3:PAIR:r226:r240,组3,cylinder_contact,r226,r240,226,240,,组3_full_cube_periodic_P0198,组3_full_cube_periodic_P0206,,,0.0,2.396214031971352e-10,0.0,connected,gap<=1.8,capsule_then_flat_cylinder_gjk,0.0,6,True,1.212844625419613e-12,1.212844625419613e-12,True,,,,,,
B_full_cube_periodic,full_cube_periodic,disconnected_fragments,组3:PAIR:r227:r273,组3,cylinder_contact,r227,r273,227,273,,组3_full_cube_periodic_P0199,组3_full_cube_periodic_P0230,,,0.0,2.9168753663635964e-10,0.0,connected,gap<=1.8,capsule_then_flat_cylinder_gjk,0.0,4,True,2.5579538487363607e-13,2.5579538487363607e-13,True,,,,,,
B_full_cube_periodic,full_cube_periodic,disconnected_fragments,组3:PAIR:r227:r297,组3,cylinder_contact,r227,r297,227,297,,组3_full_cube_periodic_P0199,组3_full_cube_periodic_P0250,,,0.0,2.923306465074365e-10,0.0,connected,gap<=1.8,capsule_then_flat_cylinder_gjk,0.0,4,True,1.632702903446565e-13,1.632702903446565e-13,True,,,,,,
B_full_cube_periodic,full_cube_periodic,disconnected_fragments,组3:PAIR:r229:r283,组3,cylinder_contact,r229,r283,229,283,,组3_full_cube_periodic_P0135,组3_full_cube_periodic_P0238,,,0.0,2.9094623998356114e-10,0.0,connected,gap<=1.8,capsule_then_flat_cylinder_gjk,0.0,4,True,4.617981178760124e-13,4.617981178760124e-13,True,,,,,,
B_full_cube_periodic,full_cube_periodic,disconnected_fragments,组3:PAIR:r235:r323,组3,cylinder_contact,r235,r323,235,323,,组3_full_cube_periodic_P0205,组3_full_cube_periodic_P0269,,,0.0,3.0650279439901365e-10,0.0,connected,gap<=1.8,capsule_then_flat_cylinder_gjk,0.0,6,True,7.626344918775623e-13,7.626344918775623e-13,True,,,,,,
B_full_cube_periodic,full_cube_periodic,disconnected_fragments,组3:PAIR:r235:r364,组3,cylinder_contact,r235,r364,235,364,,组3_full_cube_periodic_P0205,组3_full_cube_periodic_P0289,,,0.0,2.532451079585132e-10,0.0,connected,gap<=1.8,capsule_then_flat_cylinder_gjk,0.0,5,True,3.215549355384371e-13,3.215549355384371e-13,True,,,,,,
B_full_cube_periodic,full_cube_periodic,disconnected_fragments,组3:PAIR:r240:r316,组3,cylinder_contact,r240,r316,240,316,,组3_full_cube_periodic_P0206,组3_full_cube_periodic_P0263,,,0.0,2.209260186921251e-10,0.0,connected,gap<=1.8,capsule_then_flat_cylinder_gjk,0.0,6,True,1.1457157353758233e-13,1.1457157353758233e-13,True,,,,,,
B_full_cube_periodic,full_cube_periodic,disconnected_fragments,组3:PAIR:r240:r389,组3,cylinder_contact,r240,r389,240,389,,组3_full_cube_periodic_P0206,组3_full_cube_periodic_P0318,,,0.0,2.685357951485943e-10,0.0,connected,gap<=1.8,capsule_then_flat_cylinder_gjk,0.0,5,True,3.5950934718225415e-13,3.5950934718225415e-13,True,,,,,,
B_full_cube_periodic,full_cube_periodic,disconnected_fragments,组3:PAIR:r244:r248,组3,cylinder_contact,r244,r248,244,248,,组3_full_cube_periodic_P0208,组3_full_cube_periodic_P0163,,,0.0,2.9305337103152396e-10,0.0,connected,gap<=1.8,capsule_then_flat_cylinder_gjk,0.0,6,True,6.278560827688159e-13,6.278560827688159e-13,True,,,,,,
B_full_cube_periodic,full_cube_periodic,disconnected_fragments,组3:PAIR:r244:r254,组3,cylinder_contact,r244,r254,244,254,,组3_full_cube_periodic_P0208,组3_full_cube_periodic_P0180,,,0.0,2.9623390581094036e-10,0.0,connected,gap<=1.8,capsule_then_flat_cylinder_gjk,0.0,4,True,7.78360568894479e-14,7.78360568894479e-14,True,,,,,,
B_full_cube_periodic,full_cube_periodic,disconnected_fragments,组3:PAIR:r248:r254,组3,cylinder_contact,r248,r254,248,254,,组3_full_cube_periodic_P0163,组3_full_cube_periodic_P0180,,,0.0,2.9551367933102037e-10,0.0,connected,gap<=1.8,capsule_then_flat_cylinder_gjk,0.0,4,True,7.279509460923747e-13,7.279509460923747e-13,True,,,,,,
B_full_cube_periodic,full_cube_periodic,disconnected_fragments,组3:PAIR:r251:r266,组3,cylinder_contact,r251,r266,251,266,,组3_full_cube_periodic_P0212,组3_full_cube_periodic_P0223,,,0.0,1.824541306788274e-10,0.0,connected,gap<=1.8,capsule_then_flat_cylinder_gjk,0.0,4,True,3.410605131648481e-13,3.410605131648481e-13,True,,,,,,
B_full_cube_periodic,full_cube_periodic,disconnected_fragments,组3:PAIR:r251:r274,组3,cylinder_contact,r251,r274,251,274,,组3_full_cube_periodic_P0212,组3_full_cube_periodic_P0147,,,0.0,2.607521111882691e-10,0.0,connected,gap<=1.8,capsule_then_flat_cylinder_gjk,0.0,4,True,8.354242286656624e-13,8.354242286656624e-13,True,,,,,,
B_full_cube_periodic,full_cube_periodic,disconnected_fragments,组3:PAIR:r257:r291,组3,cylinder_contact,r257,r291,257,291,,组3_full_cube_periodic_P0217,组3_full_cube_periodic_P0245,,,0.0,2.0842647623098825e-10,0.0,connected,gap<=1.8,capsule_then_flat_cylinder_gjk,0.0,5,True,7.031142602530156e-13,7.031142602530156e-13,True,,,,,,
B_full_cube_periodic,full_cube_periodic,disconnected_fragments,组3:PAIR:r257:r315,组3,cylinder_contact,r257,r315,257,315,,组3_full_cube_periodic_P0217,组3_full_cube_periodic_P0262,,,0.0,1.8671020428083936e-10,0.0,connected,gap<=1.8,capsule_then_flat_cylinder_gjk,0.0,5,True,3.177643716156509e-13,3.177643716156509e-13,True,,,,,,
B_full_cube_periodic,full_cube_periodic,disconnected_fragments,组3:PAIR:r259:r330,组3,cylinder_contact,r259,r330,259,330,,组3_full_cube_periodic_P0218,组3_full_cube_periodic_P0276,,,0.0,1.4511157245606337e-10,0.0,connected,gap<=1.8,capsule_then_flat_cylinder_gjk,0.0,6,True,9.25343817704044e-13,9.25343817704044e-13,True,,,,,,
B_full_cube_periodic,full_cube_periodic,disconnected_fragments,组3:PAIR:r262:r423,组3,cylinder_contact,r262,r423,262,423,,组3_full_cube_periodic_P0220,组3_full_cube_periodic_P0335,,,0.0,2.1765580931130912e-10,0.0,connected,gap<=1.8,capsule_then_flat_cylinder_gjk,0.0,5,True,9.54563326089707e-13,9.54563326089707e-13,True,,,,,,
B_full_cube_periodic,full_cube_periodic,disconnected_fragments,组3:PAIR:r265:r278,组3,cylinder_contact,r265,r278,265,278,,组3_full_cube_periodic_P0185,组3_full_cube_periodic_P0233,,,0.0,2.9801955429294825e-10,0.0,connected,gap<=1.8,capsule_then_flat_cylinder_gjk,0.0,4,True,1.4210854715202004e-14,1.4210854715202004e-14,True,,,,,,
B_full_cube_periodic,full_cube_periodic,disconnected_fragments,组3:PAIR:r267:r414,组3,cylinder_contact,r267,r414,267,414,,组3_full_cube_periodic_P0224,组3_full_cube_periodic_P0326,,,0.0,3.56267730543135e-10,0.0,connected,gap<=1.8,capsule_then_flat_cylinder_gjk,0.0,5,True,1.392373714442771e-13,1.392373714442771e-13,True,,,,,,
B_full_cube_periodic,full_cube_periodic,disconnected_fragments,组3:PAIR:r269:r317,组3,cylinder_contact,r269,r317,269,317,,组3_full_cube_periodic_P0226,组3_full_cube_periodic_P0198,,,0.0,2.698550043861707e-10,0.0,connected,gap<=1.8,capsule_then_flat_cylinder_gjk,0.0,6,True,4.591667681496436e-13,4.591667681496436e-13,True,,,,,,
B_full_cube_periodic,full_cube_periodic,disconnected_fragments,组3:PAIR:r275:r296,组3,cylinder_contact,r275,r296,275,296,,组3_full_cube_periodic_P0216,组3_full_cube_periodic_P0249,,,0.0,2.5016335154441323e-10,0.0,connected,gap<=1.8,capsule_then_flat_cylinder_gjk,0.0,5,True,6.915300366811402e-13,6.915300366811402e-13,True,,,,,,
B_full_cube_periodic,full_cube_periodic,disconnected_fragments,组3:PAIR:r278:r302,组3,cylinder_contact,r278,r302,278,302,,组3_full_cube_periodic_P0233,组3_full_cube_periodic_P0230,,,0.0,3.705586404203881e-10,0.0,connected,gap<=1.8,capsule_then_flat_cylinder_gjk,0.0,5,True,4.602649920770332e-13,4.602649920770332e-13,True,,,,,,
B_full_cube_periodic,full_cube_periodic,disconnected_fragments,组3:PAIR:r279:r319,组3,cylinder_contact,r279,r319,279,319,,组3_full_cube_periodic_P0234,组3_full_cube_periodic_P0265,,,0.0,2.3757270128329836e-10,0.0,connected,gap<=1.8,capsule_then_flat_cylinder_gjk,0.0,4,True,2.8421709430404007e-13,2.8421709430404007e-13,True,,,,,,
B_full_cube_periodic,full_cube_periodic,disconnected_fragments,组3:PAIR:r280:r308,组3,cylinder_contact,r280,r308,280,308,,组3_full_cube_periodic_P0235,组3_full_cube_periodic_P0258,,,0.0,2.5829724083158627e-10,0.0,connected,gap<=1.8,capsule_then_flat_cylinder_gjk,0.0,6,True,1.4559018921847493e-12,1.4559018921847493e-12,True,,,,,,
B_full_cube_periodic,full_cube_periodic,disconnected_fragments,组3:PAIR:r285:r294,组3,cylinder_contact,r285,r294,285,294,,组3_full_cube_periodic_P0177,组3_full_cube_periodic_P0247,,,0.0,3.177437386588334e-10,0.0,connected,gap<=1.8,capsule_then_flat_cylinder_gjk,0.0,5,True,1.449228509952941e-13,1.449228509952941e-13,True,,,,,,
B_full_cube_periodic,full_cube_periodic,disconnected_fragments,组3:PAIR:r295:r451,组3,cylinder_contact,r295,r451,295,451,,组3_full_cube_periodic_P0248,组3_full_cube_periodic_P0344,,,1.4529593453894278,1.452959348626191,1.4529593470078095,connected,gap<=1.8,capsule_then_flat_cylinder_gjk,1.4529593482501113,11,False,1.4529593482498315,1.2420220407705074e-09,True,,,,,,
B_full_cube_periodic,full_cube_periodic,disconnected_fragments,组3:PAIR:r297:r438,组3,cylinder_contact,r297,r438,297,438,,组3_full_cube_periodic_P0250,组3_full_cube_periodic_P0340,,,0.0,3.2335519616026216e-10,0.0,connected,gap<=1.8,capsule_then_flat_cylinder_gjk,0.0,4,True,8.507543922801099e-13,8.507543922801099e-13,True,,,,,,
B_full_cube_periodic,full_cube_periodic,disconnected_fragments,组3:PAIR:r305:r330,组3,cylinder_contact,r305,r330,305,330,,组3_full_cube_periodic_P0256,组3_full_cube_periodic_P0276,,,0.0,1.5107499996738364e-10,0.0,connected,gap<=1.8,capsule_then_flat_cylinder_gjk,0.0,4,True,7.190186943645083e-13,7.190186943645083e-13,True,,,,,,
B_full_cube_periodic,full_cube_periodic,disconnected_fragments,组3:PAIR:r307:r481,组3,cylinder_contact,r307,r481,307,481,,组3_full_cube_periodic_P0257,组3_full_cube_periodic_P0055,,,0.0,2.4618112744401226e-10,0.0,connected,gap<=1.8,capsule_then_flat_cylinder_gjk,0.0,5,True,9.166827466555184e-13,9.166827466555184e-13,True,,,,,,
B_full_cube_periodic,full_cube_periodic,disconnected_fragments,组3:PAIR:r310:r319,组3,cylinder_contact,r310,r319,310,319,,组3_full_cube_periodic_P0247,组3_full_cube_periodic_P0265,,,0.0,2.367455331942225e-10,0.0,connected,gap<=1.8,capsule_then_flat_cylinder_gjk,0.0,4,True,2.1457920056692358e-13,2.1457920056692358e-13,True,,,,,,
B_full_cube_periodic,full_cube_periodic,disconnected_fragments,组3:PAIR:r311:r398,组3,cylinder_contact,r311,r398,311,398,,组3_full_cube_periodic_P0259,组3_full_cube_periodic_P0322,,,0.0,2.669711402285452e-10,0.0,connected,gap<=1.8,capsule_then_flat_cylinder_gjk,0.0,4,True,4.687428401686771e-13,4.687428401686771e-13,True,,,,,,
B_full_cube_periodic,full_cube_periodic,disconnected_fragments,组3:PAIR:r313:r380,组3,cylinder_contact,r313,r380,313,380,,组3_full_cube_periodic_P0260,组3_full_cube_periodic_P0311,,,0.0,3.1414922605195625e-10,0.0,connected,gap<=1.8,capsule_then_flat_cylinder_gjk,0.0,5,True,2.2422549276730047e-12,2.2422549276730047e-12,True,,,,,,
B_full_cube_periodic,full_cube_periodic,disconnected_fragments,组3:PAIR:r318:r323,组3,cylinder_contact,r318,r323,318,323,,组3_full_cube_periodic_P0264,组3_full_cube_periodic_P0269,,,0.0,3.063186714432367e-10,0.0,connected,gap<=1.8,capsule_then_flat_cylinder_gjk,0.0,5,True,5.209785393794664e-13,5.209785393794664e-13,True,,,,,,
B_full_cube_periodic,full_cube_periodic,disconnected_fragments,组3:PAIR:r320:r341,组3,cylinder_contact,r320,r341,320,341,,组3_full_cube_periodic_P0266,组3_full_cube_periodic_P0286,,,0.0,1.4312323574856354e-10,0.0,connected,gap<=1.8,capsule_then_flat_cylinder_gjk,0.0,5,True,8.921056211695389e-11,8.921056211695389e-11,True,,,,,,
B_full_cube_periodic,full_cube_periodic,disconnected_fragments,组3:PAIR:r320:r486,组3,cylinder_contact,r320,r486,320,486,,组3_full_cube_periodic_P0266,组3_full_cube_periodic_P0354,,,1.2065018440911464,1.2065018445999443,1.2065018443455453,connected,gap<=1.8,capsule_then_flat_cylinder_gjk,0.0,36,True,1.2065018443719102,2.6364910254983442e-11,True,,,,,,
B_full_cube_periodic,full_cube_periodic,disconnected_fragments,组3:PAIR:r322:r326,组3,cylinder_contact,r322,r326,322,326,,组3_full_cube_periodic_P0268,组3_full_cube_periodic_P0272,,,0.0,1.4257706489324667e-10,0.0,connected,gap<=1.8,capsule_then_flat_cylinder_gjk,0.0,5,True,9.235962357520249e-13,9.235962357520249e-13,True,,,,,,
B_full_cube_periodic,full_cube_periodic,disconnected_fragments,组3:PAIR:r322:r330,组3,cylinder_contact,r322,r330,322,330,,组3_full_cube_periodic_P0268,组3_full_cube_periodic_P0276,,,0.0,1.4497795171338934e-10,0.0,connected,gap<=1.8,capsule_then_flat_cylinder_gjk,0.0,4,True,4.687428401686771e-13,4.687428401686771e-13,True,,,,,,
B_full_cube_periodic,full_cube_periodic,disconnected_fragments,组3:PAIR:r325:r375,组3,cylinder_contact,r325,r375,325,375,,组3_full_cube_periodic_P0271,组3_full_cube_periodic_P0308,,,0.0,1.6234731147628353e-10,0.0,connected,gap<=1.8,capsule_then_flat_cylinder_gjk,0.0,5,True,2.2737367544323206e-13,2.2737367544323206e-13,True,,,,,,
B_full_cube_periodic,full_cube_periodic,disconnected_fragments,组3:PAIR:r326:r330,组3,cylinder_contact,r326,r330,326,330,,组3_full_cube_periodic_P0272,组3_full_cube_periodic_P0276,,,0.0,1.5469338570899601e-10,0.0,connected,gap<=1.8,capsule_then_flat_cylinder_gjk,0.0,4,True,3.9382275817135387e-13,3.9382275817135387e-13,True,,,,,,
B_full_cube_periodic,full_cube_periodic,disconnected_fragments,组3:PAIR:r340:r400,组3,cylinder_contact,r340,r400,340,400,,组3_full_cube_periodic_P0285,组3_full_cube_periodic_P0017,,,0.0,3.684163832082509e-10,0.0,connected,gap<=1.8,capsule_then_flat_cylinder_gjk,0.0,4,True,9.205299841540664e-13,9.205299841540664e-13,True,,,,,,
B_full_cube_periodic,full_cube_periodic,disconnected_fragments,组3:PAIR:r342:r343,组3,cylinder_contact,r342,r343,342,343,,组3_full_cube_periodic_P0287,组3_full_cube_periodic_P0288,,,0.0,2.400318333864524e-10,0.0,connected,gap<=1.8,capsule_then_flat_cylinder_gjk,0.0,4,True,1.1138989715542167e-12,1.1138989715542167e-12,True,,,,,,
B_full_cube_periodic,full_cube_periodic,disconnected_fragments,组3:PAIR:r345:r355,组3,cylinder_contact,r345,r355,345,355,,组3_full_cube_periodic_P0290,组3_full_cube_periodic_P0298,,,0.0,2.3640777920416116e-10,0.0,connected,gap<=1.8,capsule_then_flat_cylinder_gjk,0.0,5,True,1.2912342630898533e-12,1.2912342630898533e-12,True,,,,,,
B_full_cube_periodic,full_cube_periodic,disconnected_fragments,组3:PAIR:r345:r386,组3,cylinder_contact,r345,r386,345,386,,组3_full_cube_periodic_P0290,组3_full_cube_periodic_P0316,,,0.0,2.358393450155531e-10,0.0,connected,gap<=1.8,capsule_then_flat_cylinder_gjk,0.0,4,True,4.749984274667112e-10,4.749984274667112e-10,True,,,,,,
B_full_cube_periodic,full_cube_periodic,disconnected_fragments,组3:PAIR:r349:r369,组3,cylinder_contact,r349,r369,349,369,,组3_full_cube_periodic_P0293,组3_full_cube_periodic_P0305,,,0.0,2.47756972998614e-10,0.0,connected,gap<=1.8,capsule_then_flat_cylinder_gjk,0.0,6,True,6.967667714054224e-13,6.967667714054224e-13,True,,,,,,
B_full_cube_periodic,full_cube_periodic,disconnected_fragments,组3:PAIR:r349:r397,组3,cylinder_contact,r349,r397,349,397,,组3_full_cube_periodic_P0293,组3_full_cube_periodic_P0304,,,0.0,2.6031819486092913e-10,0.0,connected,gap<=1.8,capsule_then_flat_cylinder_gjk,0.0,4,True,4.238933840384142e-12,4.238933840384142e-12,True,,,,,,
B_full_cube_periodic,full_cube_periodic,disconnected_fragments,组3:PAIR:r353:r453,组3,cylinder_contact,r353,r453,353,453,,组3_full_cube_periodic_P0296,组3_full_cube_periodic_P0345,,,0.0,2.5768936463731633e-10,0.0,connected,gap<=1.8,capsule_then_flat_cylinder_gjk,0.0,4,True,2.0495186137532014e-13,2.0495186137532014e-13,True,,,,,,
B_full_cube_periodic,full_cube_periodic,disconnected_fragments,组3:PAIR:r354:r358,组3,cylinder_contact,r354,r358,354,358,,组3_full_cube_periodic_P0297,组3_full_cube_periodic_P0176,,,0.0,2.775583005623495e-10,0.0,connected,gap<=1.8,capsule_then_flat_cylinder_gjk,0.0,5,True,1.7975467359112708e-13,1.7975467359112708e-13,True,,,,,,
B_full_cube_periodic,full_cube_periodic,disconnected_fragments,组3:PAIR:r359:r360,组3,cylinder_contact,r359,r360,359,360,,组3_full_cube_periodic_P0299,组3_full_cube_periodic_P0300,,,0.0,2.456481369825429e-10,0.0,connected,gap<=1.8,capsule_then_flat_cylinder_gjk,0.0,4,True,0.0,0.0,True,,,,,,
B_full_cube_periodic,full_cube_periodic,disconnected_fragments,组3:PAIR:r369:r430,组3,cylinder_contact,r369,r430,369,430,,组3_full_cube_periodic_P0305,组3_full_cube_periodic_P0038,,,0.0,2.613156070377339e-10,0.0,connected,gap<=1.8,capsule_then_flat_cylinder_gjk,0.0,5,True,5.6843418860808e-13,5.6843418860808e-13,True,,,,,,
B_full_cube_periodic,full_cube_periodic,disconnected_fragments,组3:PAIR:r379:r502,组3,cylinder_contact,r379,r502,379,502,,组3_full_cube_periodic_P0310,组3_full_cube_periodic_P0053,,,0.0,3.396179140685914e-10,0.0,connected,gap<=1.8,capsule_then_flat_cylinder_gjk,0.0,5,True,4.687428401686771e-13,4.687428401686771e-13,True,,,,,,
B_full_cube_periodic,full_cube_periodic,disconnected_fragments,组3:PAIR:r381:r390,组3,cylinder_contact,r381,r390,381,390,,组3_full_cube_periodic_P0312,组3_full_cube_periodic_P0078,,,0.0,3.2983939788742185e-10,0.0,connected,gap<=1.8,capsule_then_flat_cylinder_gjk,0.0,4,True,2.4290171290001005e-12,2.4290171290001005e-12,True,,,,,,
B_full_cube_periodic,full_cube_periodic,disconnected_fragments,组3:PAIR:r382:r481,组3,cylinder_contact,r382,r481,382,481,,组3_full_cube_periodic_P0313,组3_full_cube_periodic_P0055,,,0.0,2.4624864434485803e-10,0.0,connected,gap<=1.8,capsule_then_flat_cylinder_gjk,0.0,5,True,7.279509460923745e-13,7.279509460923745e-13,True,,,,,,
B_full_cube_periodic,full_cube_periodic,disconnected_fragments,组3:PAIR:r384:r395,组3,cylinder_contact,r384,r395,384,395,,组3_full_cube_periodic_P0314,组3_full_cube_periodic_P0015,,,0.0,3.2483848930774674e-10,0.0,connected,gap<=1.8,capsule_then_flat_cylinder_gjk,0.0,6,True,6.12222357532858e-13,6.12222357532858e-13,True,,,,,,
B_full_cube_periodic,full_cube_periodic,disconnected_fragments,组3:PAIR:r391:r474,组3,cylinder_contact,r391,r474,391,474,,组3_full_cube_periodic_P0319,组3_full_cube_periodic_P0051,,,0.0,2.448318953786431e-10,0.0,connected,gap<=1.8,capsule_then_flat_cylinder_gjk,0.0,4,True,8.889454746300438e-13,8.889454746300438e-13,True,,,,,,
B_full_cube_periodic,full_cube_periodic,disconnected_fragments,组3:PAIR:r391:r489,组3,cylinder_contact,r391,r489,391,489,,组3_full_cube_periodic_P0319,组3_full_cube_periodic_P0355,,,0.0,2.571838157237207e-10,0.0,connected,gap<=1.8,capsule_then_flat_cylinder_gjk,0.0,5,True,5.084229945850415e-13,5.084229945850415e-13,True,,,,,,
B_full_cube_periodic,full_cube_periodic,disconnected_fragments,组3:PAIR:r392:r393,组3,cylinder_contact,r392,r393,392,393,,组3_full_cube_periodic_P0320,组3_full_cube_periodic_P0295,,,0.0,3.473401692945573e-10,0.0,connected,gap<=1.8,capsule_then_flat_cylinder_gjk,0.0,5,True,1.2912342630898533e-12,1.2912342630898533e-12,True,,,,,,
B_full_cube_periodic,full_cube_periodic,disconnected_fragments,组3:PAIR:r396:r397,组3,cylinder_contact,r396,r397,396,397,,组3_full_cube_periodic_P0321,组3_full_cube_periodic_P0304,,,0.0,2.7920573375353393e-10,0.0,connected,gap<=1.8,capsule_then_flat_cylinder_gjk,0.0,6,True,2.604892696897332e-13,2.604892696897332e-13,True,,,,,,
B_full_cube_periodic,full_cube_periodic,disconnected_fragments,组3:PAIR:r408:r423,组3,cylinder_contact,r408,r423,408,423,,组3_full_cube_periodic_P0329,组3_full_cube_periodic_P0335,,,0.0,2.674226114355234e-10,0.0,connected,gap<=1.8,capsule_then_flat_cylinder_gjk,0.0,4,True,2.31335954426011e-13,2.31335954426011e-13,True,,,,,,
B_full_cube_periodic,full_cube_periodic,disconnected_fragments,组3:PAIR:r413:r448,组3,cylinder_contact,r413,r448,413,448,,组3_full_cube_periodic_P0331,组3_full_cube_periodic_P0343,,,0.0,2.607746526304305e-10,0.0,connected,gap<=1.8,capsule_then_flat_cylinder_gjk,0.0,4,True,4.263256414560601e-14,4.263256414560601e-14,True,,,,,,
B_full_cube_periodic,full_cube_periodic,disconnected_fragments,组3:PAIR:r429:r438,组3,cylinder_contact,r429,r438,429,438,,组3_full_cube_periodic_P0337,组3_full_cube_periodic_P0340,,,0.0,3.2259412377114166e-10,0.0,connected,gap<=1.8,capsule_then_flat_cylinder_gjk,0.0,4,True,5.684341886080802e-14,5.684341886080802e-14,True,,,,,,
B_full_cube_periodic,full_cube_periodic,disconnected_fragments,组3:PAIR:r430:r450,组3,cylinder_contact,r430,r450,430,450,,组3_full_cube_periodic_P0038,组3_full_cube_periodic_P0329,,,0.0,2.777935588946599e-10,0.0,connected,gap<=1.8,capsule_then_flat_cylinder_gjk,0.0,5,True,6.653351596650978e-13,6.653351596650978e-13,True,,,,,,
B_full_cube_periodic,full_cube_periodic,disconnected_fragments,组3:PAIR:r431:r501,组3,cylinder_contact,r431,r501,431,501,,组3_full_cube_periodic_P0058,组3_full_cube_periodic_P0059,,,0.0,2.535977347409275e-10,0.0,connected,gap<=1.8,capsule_then_flat_cylinder_gjk,0.0,4,True,3.642262423977992e-10,3.642262423977992e-10,True,,,,,,
B_full_cube_periodic,full_cube_periodic,disconnected_fragments,组3:PAIR:r439:r450,组3,cylinder_contact,r439,r450,439,450,,组3_full_cube_periodic_P0341,组3_full_cube_periodic_P0329,,,0.0,2.7832981863567434e-10,0.0,connected,gap<=1.8,capsule_then_flat_cylinder_gjk,0.0,5,True,1.1368683772161603e-13,1.1368683772161603e-13,True,,,,,,
B_full_cube_periodic,full_cube_periodic,disconnected_fragments,组3:PAIR:r448:r496,组3,cylinder_contact,r448,r496,448,496,,组3_full_cube_periodic_P0343,组3_full_cube_periodic_P0356,,,0.0,2.758813483855791e-10,0.0,connected,gap<=1.8,capsule_then_flat_cylinder_gjk,0.0,5,True,1.1607754604859869e-12,1.1607754604859869e-12,True,,,,,,
B_full_cube_periodic,full_cube_periodic,disconnected_fragments,组3:PAIR:r455:r489,组3,cylinder_contact,r455,r489,455,489,,组3_full_cube_periodic_P0346,组3_full_cube_periodic_P0355,,,0.0,2.5725536036779325e-10,0.0,connected,gap<=1.8,capsule_then_flat_cylinder_gjk,0.0,5,True,7.928841929790065e-13,7.928841929790065e-13,True,,,,,,
B_full_cube_periodic,full_cube_periodic,disconnected_fragments,组3:PAIR:r462:r511,组3,cylinder_contact,r462,r511,462,511,,组3_full_cube_periodic_P0348,组3_full_cube_periodic_P0032,,,0.0,3.0824811524761763e-10,0.0,connected,gap<=1.8,capsule_then_flat_cylinder_gjk,0.0,5,True,9.11269327268735e-13,9.11269327268735e-13,True,,,,,,
B_full_cube_periodic,full_cube_periodic,disconnected_fragments,组3:PAIR:r466:r526,组3,cylinder_contact,r466,r526,466,526,,组3_full_cube_periodic_P0027,组3_full_cube_periodic_P0011,,,0.0,3.1938065706352716e-10,0.0,connected,gap<=1.8,capsule_then_flat_cylinder_gjk,0.0,5,True,1.378672645345762e-12,1.378672645345762e-12,True,,,,,,
B_full_cube_periodic,full_cube_periodic,disconnected_fragments,组3:PAIR:r474:r485,组3,cylinder_contact,r474,r485,474,485,,组3_full_cube_periodic_P0051,组3_full_cube_periodic_P0353,,,0.0,2.8241144636983253e-10,0.0,connected,gap<=1.8,capsule_then_flat_cylinder_gjk,0.0,5,True,9.392074185745005e-13,9.392074185745005e-13,True,,,,,,
B_full_cube_periodic,full_cube_periodic,disconnected_fragments,组3:PAIR:r474:r489,组3,cylinder_contact,r474,r489,474,489,,组3_full_cube_periodic_P0051,组3_full_cube_periodic_P0355,,,0.0,2.5674789722667007e-10,0.0,connected,gap<=1.8,capsule_then_flat_cylinder_gjk,0.0,5,True,4.253771961400549e-13,4.253771961400549e-13,True,,,,,,
B_full_cube_periodic,full_cube_periodic,disconnected_fragments,组3:PAIR:r484:r531,组3,cylinder_contact,r484,r531,484,531,,组3_full_cube_periodic_P0035,组3_full_cube_periodic_P0031,,,0.0,2.88223443696985e-10,0.0,connected,gap<=1.8,capsule_then_flat_cylinder_gjk,0.0,7,True,1.1368683772161603e-13,1.1368683772161603e-13,True,,,,,,
B_full_cube_periodic,full_cube_periodic,disconnected_fragments,组3:PAIR:r485:r489,组3,cylinder_contact,r485,r489,485,489,,组3_full_cube_periodic_P0353,组3_full_cube_periodic_P0355,,,0.0,2.8370934167814443e-10,0.0,connected,gap<=1.8,capsule_then_flat_cylinder_gjk,0.0,5,True,2.2914314707516465e-13,2.2914314707516465e-13,True,,,,,,
B_full_cube_periodic,full_cube_periodic,disconnected_fragments,组3:PAIR:r495:r521,组3,cylinder_contact,r495,r521,495,521,,组3_full_cube_periodic_P0351,组3_full_cube_periodic_P0076,,,0.0,3.489508915914903e-10,0.0,connected,gap<=1.8,capsule_then_flat_cylinder_gjk,0.0,5,True,3.228085657724633e-13,3.228085657724633e-13,True,,,,,,
B_full_cube_periodic,full_cube_periodic,connected_same_particle,组1:ELECTRODE:LEFT:r3,组1,electrode_contact,LEFT,r3,,3,left,LEFT,组1_full_cube_periodic_P0001,,,0.0,0.0,0.0,connected,gap<=1.8,closed_form_cylinder_plane,,0,True,,,,,,,,,
B_full_cube_periodic,full_cube_periodic,connected_same_particle,组1:ELECTRODE:LEFT:r4,组1,electrode_contact,LEFT,r4,,4,left,LEFT,组1_full_cube_periodic_P0002,,,0.0,0.0,0.0,connected,gap<=1.8,closed_form_cylinder_plane,,0,True,,,,,,,,,
B_full_cube_periodic,full_cube_periodic,connected_same_particle,组1:ELECTRODE:LEFT:r5,组1,electrode_contact,LEFT,r5,,5,left,LEFT,组1_full_cube_periodic_P0003,,,0.0,0.0,0.0,connected,gap<=1.8,closed_form_cylinder_plane,,0,True,,,,,,,,,
B_full_cube_periodic,full_cube_periodic,connected_same_particle,组1:ELECTRODE:RIGHT:r10,组1,electrode_contact,r10,RIGHT,10,,right,组1_full_cube_periodic_P0008,RIGHT,,,0.0,0.0,0.0,connected,gap<=1.8,closed_form_cylinder_plane,,0,True,,,,,,,,,
B_full_cube_periodic,full_cube_periodic,connected_same_particle,组1:ELECTRODE:RIGHT:r11,组1,electrode_contact,r11,RIGHT,11,,right,组1_full_cube_periodic_P0003,RIGHT,,,0.0,0.0,0.0,connected,gap<=1.8,closed_form_cylinder_plane,,0,True,,,,,,,,,
B_full_cube_periodic,full_cube_periodic,connected_same_particle,组1:ELECTRODE:RIGHT:r12,组1,electrode_contact,r12,RIGHT,12,,right,组1_full_cube_periodic_P0002,RIGHT,,,0.0,0.0,0.0,connected,gap<=1.8,closed_form_cylinder_plane,,0,True,,,,,,,,,
B_full_cube_periodic,full_cube_periodic,connected_same_particle,组1:ELECTRODE:RIGHT:r14,组1,electrode_contact,r14,RIGHT,14,,right,组1_full_cube_periodic_P0001,RIGHT,,,0.0,0.0,0.0,connected,gap<=1.8,closed_form_cylinder_plane,,0,True,,,,,,,,,
B_full_cube_periodic,full_cube_periodic,connected_same_particle,组1:PAIR:r3:r6,组1,cylinder_contact,r3,r6,3,6,,组1_full_cube_periodic_P0001,组1_full_cube_periodic_P0004,,,0.0,2.170009413277917e-10,0.0,connected,gap<=1.8,capsule_then_flat_cylinder_gjk,0.0,5,True,3.1776437161565096e-14,3.1776437161565096e-14,True,,,,,,
B_full_cube_periodic,full_cube_periodic,connected_same_particle,组1:PAIR:r11:r12,组1,cylinder_contact,r11,r12,11,12,,组1_full_cube_periodic_P0003,组1_full_cube_periodic_P0002,,,0.0,2.0966613025182378e-10,0.0,connected,gap<=1.8,capsule_then_flat_cylinder_gjk,0.0,4,True,3.4107901638000697e-13,3.4107901638000697e-13,True,,,,,,
B_full_cube_periodic,full_cube_periodic,connected_same_particle,组1:INTERNAL:full_cube_periodic:j1,组1,same_particle_periodic_junction,r3,r14,3,14,,,,组1_full_cube_periodic_P0001,cannot_reconstruct,,,,internal_assumption,not_applicable_same_particle,unique_periodic_endpoint_mapping,,,,,,,X,1,0,0,0.0,True
B_full_cube_periodic,full_cube_periodic,connected_same_particle,组1:INTERNAL:full_cube_periodic:j2,组1,same_particle_periodic_junction,r4,r12,4,12,,,,组1_full_cube_periodic_P0002,unique,,,,internal_assumption,not_applicable_same_particle,unique_periodic_endpoint_mapping,,,,,,,X,1,0,0,0.0,True
B_full_cube_periodic,full_cube_periodic,connected_same_particle,组1:INTERNAL:full_cube_periodic:j3,组1,same_particle_periodic_junction,r5,r11,5,11,,,,组1_full_cube_periodic_P0003,unique,,,,internal_assumption,not_applicable_same_particle,unique_periodic_endpoint_mapping,,,,,,,X,1,0,0,0.0,True
B_full_cube_periodic,full_cube_periodic,connected_same_particle,组2:ELECTRODE:LEFT:r3,组2,electrode_contact,LEFT,r3,,3,left,LEFT,组2_full_cube_periodic_P0001,,,0.0,0.0,0.0,connected,gap<=1.8,closed_form_cylinder_plane,,0,True,,,,,,,,,
B_full_cube_periodic,full_cube_periodic,connected_same_particle,组2:ELECTRODE:LEFT:r4,组2,electrode_contact,LEFT,r4,,4,left,LEFT,组2_full_cube_periodic_P0002,,,0.0,0.0,0.0,connected,gap<=1.8,closed_form_cylinder_plane,,0,True,,,,,,,,,
B_full_cube_periodic,full_cube_periodic,connected_same_particle,组2:ELECTRODE:LEFT:r5,组2,electrode_contact,LEFT,r5,,5,left,LEFT,组2_full_cube_periodic_P0003,,,0.0,0.0,0.0,connected,gap<=1.8,closed_form_cylinder_plane,,0,True,,,,,,,,,
B_full_cube_periodic,full_cube_periodic,connected_same_particle,组2:ELECTRODE:LEFT:r6,组2,electrode_contact,LEFT,r6,,6,left,LEFT,组2_full_cube_periodic_P0004,,,0.0,0.0,0.0,connected,gap<=1.8,closed_form_cylinder_plane,,0,True,,,,,,,,,
B_full_cube_periodic,full_cube_periodic,connected_same_particle,组2:ELECTRODE:LEFT:r7,组2,electrode_contact,LEFT,r7,,7,left,LEFT,组2_full_cube_periodic_P0005,,,0.0,0.0,0.0,connected,gap<=1.8,closed_form_cylinder_plane,,0,True,,,,,,,,,
B_full_cube_periodic,full_cube_periodic,connected_same_particle,组2:ELECTRODE:LEFT:r8,组2,electrode_contact,LEFT,r8,,8,left,LEFT,组2_full_cube_periodic_P0006,,,0.0,0.0,0.0,connected,gap<=1.8,closed_form_cylinder_plane,,0,True,,,,,,,,,
B_full_cube_periodic,full_cube_periodic,connected_same_particle,组2:ELECTRODE:LEFT:r9,组2,electrode_contact,LEFT,r9,,9,left,LEFT,组2_full_cube_periodic_P0007,,,0.0,0.0,0.0,connected,gap<=1.8,closed_form_cylinder_plane,,0,True,,,,,,,,,
B_full_cube_periodic,full_cube_periodic,connected_same_particle,组2:ELECTRODE:LEFT:r10,组2,electrode_contact,LEFT,r10,,10,left,LEFT,组2_full_cube_periodic_P0008,,,0.0,0.0,0.0,connected,gap<=1.8,closed_form_cylinder_plane,,0,True,,,,,,,,,
B_full_cube_periodic,full_cube_periodic,connected_same_particle,组2:ELECTRODE:LEFT:r11,组2,electrode_contact,LEFT,r11,,11,left,LEFT,组2_full_cube_periodic_P0009,,,0.0,0.0,0.0,connected,gap<=1.8,closed_form_cylinder_plane,,0,True,,,,,,,,,
B_full_cube_periodic,full_cube_periodic,connected_same_particle,组2:ELECTRODE:LEFT:r12,组2,electrode_contact,LEFT,r12,,12,left,LEFT,组2_full_cube_periodic_P0010,,,0.0,0.0,0.0,connected,gap<=1.8,closed_form_cylinder_plane,,0,True,,,,,,,,,
B_full_cube_periodic,full_cube_periodic,connected_same_particle,组2:ELECTRODE:LEFT:r13,组2,electrode_contact,LEFT,r13,,13,left,LEFT,组2_full_cube_periodic_P0011,,,0.0,0.0,0.0,connected,gap<=1.8,closed_form_cylinder_plane,,0,True,,,,,,,,,
B_full_cube_periodic,full_cube_periodic,connected_same_particle,组2:ELECTRODE:RIGHT:r36,组2,electrode_contact,r36,RIGHT,36,,right,组2_full_cube_periodic_P0034,RIGHT,,,0.0,0.0,0.0,connected,gap<=1.8,closed_form_cylinder_plane,,0,True,,,,,,,,,
B_full_cube_periodic,full_cube_periodic,connected_same_particle,组2:ELECTRODE:RIGHT:r40,组2,electrode_contact,r40,RIGHT,40,,right,组2_full_cube_periodic_P0007,RIGHT,,,0.0,0.0,0.0,connected,gap<=1.8,closed_form_cylinder_plane,,0,True,,,,,,,,,
B_full_cube_periodic,full_cube_periodic,connected_same_particle,组2:ELECTRODE:RIGHT:r41,组2,electrode_contact,r41,RIGHT,41,,right,组2_full_cube_periodic_P0010,RIGHT,,,0.0,0.0,0.0,connected,gap<=1.8,closed_form_cylinder_plane,,0,True,,,,,,,,,
B_full_cube_periodic,full_cube_periodic,connected_same_particle,组2:ELECTRODE:RIGHT:r44,组2,electrode_contact,r44,RIGHT,44,,right,组2_full_cube_periodic_P0006,RIGHT,,,0.0,0.0,0.0,connected,gap<=1.8,closed_form_cylinder_plane,,0,True,,,,,,,,,
B_full_cube_periodic,full_cube_periodic,connected_same_particle,组2:ELECTRODE:RIGHT:r45,组2,electrode_contact,r45,RIGHT,45,,right,组2_full_cube_periodic_P0003,RIGHT,,,0.0,0.0,0.0,connected,gap<=1.8,closed_form_cylinder_plane,,0,True,,,,,,,,,
B_full_cube_periodic,full_cube_periodic,connected_same_particle,组2:ELECTRODE:RIGHT:r46,组2,electrode_contact,r46,RIGHT,46,,right,组2_full_cube_periodic_P0011,RIGHT,,,0.0,0.0,0.0,connected,gap<=1.8,closed_form_cylinder_plane,,0,True,,,,,,,,,
B_full_cube_periodic,full_cube_periodic,connected_same_particle,组2:ELECTRODE:RIGHT:r47,组2,electrode_contact,r47,RIGHT,47,,right,组2_full_cube_periodic_P0004,RIGHT,,,0.0,0.0,0.0,connected,gap<=1.8,closed_form_cylinder_plane,,0,True,,,,,,,,,
B_full_cube_periodic,full_cube_periodic,connected_same_particle,组2:ELECTRODE:RIGHT:r48,组2,electrode_contact,r48,RIGHT,48,,right,组2_full_cube_periodic_P0005,RIGHT,,,0.0,0.0,0.0,connected,gap<=1.8,closed_form_cylinder_plane,,0,True,,,,,,,,,
B_full_cube_periodic,full_cube_periodic,connected_same_particle,组2:ELECTRODE:RIGHT:r49,组2,electrode_contact,r49,RIGHT,49,,right,组2_full_cube_periodic_P0001,RIGHT,,,0.0,0.0,0.0,connected,gap<=1.8,closed_form_cylinder_plane,,0,True,,,,,,,,,
B_full_cube_periodic,full_cube_periodic,connected_same_particle,组2:ELECTRODE:RIGHT:r50,组2,electrode_contact,r50,RIGHT,50,,right,组2_full_cube_periodic_P0009,RIGHT,,,0.0,0.0,0.0,connected,gap<=1.8,closed_form_cylinder_plane,,0,True,,,,,,,,,
B_full_cube_periodic,full_cube_periodic,connected_same_particle,组2:ELECTRODE:RIGHT:r51,组2,electrode_contact,r51,RIGHT,51,,right,组2_full_cube_periodic_P0002,RIGHT,,,0.0,0.0,0.0,connected,gap<=1.8,closed_form_cylinder_plane,,0,True,,,,,,,,,
B_full_cube_periodic,full_cube_periodic,connected_same_particle,组2:PAIR:r4:r13,组2,cylinder_contact,r4,r13,4,13,,组2_full_cube_periodic_P0002,组2_full_cube_periodic_P0011,,,0.0,1.9903950043506905e-10,0.0,connected,gap<=1.8,capsule_then_flat_cylinder_gjk,0.0,5,True,2.308990589380062e-13,2.308990589380062e-13,True,,,,,,
B_full_cube_periodic,full_cube_periodic,connected_same_particle,组2:PAIR:r4:r14,组2,cylinder_contact,r4,r14,4,14,,组2_full_cube_periodic_P0002,组2_full_cube_periodic_P0012,,,0.0,1.6746695940092656e-10,0.0,connected,gap<=1.8,capsule_then_flat_cylinder_gjk,0.0,6,True,5.453474041662791e-10,5.453474041662791e-10,True,,,,,,
B_full_cube_periodic,full_cube_periodic,connected_same_particle,组2:PAIR:r5:r8,组2,cylinder_contact,r5,r8,5,8,,组2_full_cube_periodic_P0003,组2_full_cube_periodic_P0006,,,0.0,2.330633945603017e-10,0.0,connected,gap<=1.8,capsule_then_flat_cylinder_gjk,0.0,4,True,1.1588601317882371e-13,1.1588601317882371e-13,True,,,,,,
B_full_cube_periodic,full_cube_periodic,connected_same_particle,组2:PAIR:r5:r18,组2,cylinder_contact,r5,r18,5,18,,组2_full_cube_periodic_P0003,组2_full_cube_periodic_P0016,,,0.0,2.3804978668550276e-10,0.0,connected,gap<=1.8,capsule_then_flat_cylinder_gjk,0.0,5,True,9.099386826154683e-13,9.099386826154683e-13,True,,,,,,
B_full_cube_periodic,full_cube_periodic,connected_same_particle,组2:PAIR:r6:r7,组2,cylinder_contact,r6,r7,6,7,,组2_full_cube_periodic_P0004,组2_full_cube_periodic_P0005,,,0.0,2.0068569593554382e-10,0.0,connected,gap<=1.8,capsule_then_flat_cylinder_gjk,0.0,5,True,2.2914314707516465e-13,2.2914314707516465e-13,True,,,,,,
B_full_cube_periodic,full_cube_periodic,connected_same_particle,组2:PAIR:r13:r14,组2,cylinder_contact,r13,r14,13,14,,组2_full_cube_periodic_P0011,组2_full_cube_periodic_P0012,,,0.0,1.985972445629906e-10,0.0,connected,gap<=1.8,capsule_then_flat_cylinder_gjk,0.0,4,True,1.2789769243681803e-12,1.2789769243681803e-12,True,,,,,,
B_full_cube_periodic,full_cube_periodic,connected_same_particle,组2:PAIR:r14:r26,组2,cylinder_contact,r14,r26,14,26,,组2_full_cube_periodic_P0012,组2_full_cube_periodic_P0024,,,0.0,1.4410931306146347e-10,0.0,connected,gap<=1.8,capsule_then_flat_cylinder_gjk,0.0,4,True,5.123796534383003e-14,5.123796534383003e-14,True,,,,,,
B_full_cube_periodic,full_cube_periodic,connected_same_particle,组2:PAIR:r16:r17,组2,cylinder_contact,r16,r17,16,17,,组2_full_cube_periodic_P0014,组2_full_cube_periodic_P0015,,,0.0,1.4325883993482166e-10,0.0,connected,gap<=1.8,capsule_then_flat_cylinder_gjk,0.0,5,True,4.556346636343676e-13,4.556346636343676e-13,True,,,,,,
B_full_cube_periodic,full_cube_periodic,connected_same_particle,组2:PAIR:r16:r19,组2,cylinder_contact,r16,r19,16,19,,组2_full_cube_periodic_P0014,组2_full_cube_periodic_P0017,,,0.0,1.7265948717538152e-10,0.0,connected,gap<=1.8,capsule_then_flat_cylinder_gjk,0.0,7,True,4.565202517656249e-13,4.565202517656249e-13,True,,,,,,
B_full_cube_periodic,full_cube_periodic,connected_same_particle,组2:PAIR:r16:r36,组2,cylinder_contact,r16,r36,16,36,,组2_full_cube_periodic_P0014,组2_full_cube_periodic_P0034,,,0.0,1.465584092043925e-10,0.0,connected,gap<=1.8,capsule_then_flat_cylinder_gjk,0.0,5,True,9.094947017729282e-13,9.094947017729282e-13,True,,,,,,
B_full_cube_periodic,full_cube_periodic,connected_same_particle,组2:PAIR:r20:r32,组2,cylinder_contact,r20,r32,20,32,,组2_full_cube_periodic_P0018,组2_full_cube_periodic_P0030,,,0.0,1.4230730689125853e-10,0.0,connected,gap<=1.8,capsule_then_flat_cylinder_gjk,0.0,6,True,6.511650267020756e-13,6.511650267020756e-13,True,,,,,,
B_full_cube_periodic,full_cube_periodic,connected_same_particle,组2:PAIR:r21:r23,组2,cylinder_contact,r21,r23,21,23,,组2_full_cube_periodic_P0019,组2_full_cube_periodic_P0021,,,0.0,1.4235358045374003e-10,0.0,connected,gap<=1.8,capsule_then_flat_cylinder_gjk,0.0,5,True,1.2445774151355083e-11,1.2445774151355083e-11,True,,,,,,
B_full_cube_periodic,full_cube_periodic,connected_same_particle,组2:PAIR:r25:r31,组2,cylinder_contact,r25,r31,25,31,,组2_full_cube_periodic_P0023,组2_full_cube_periodic_P0029,,,0.0,1.4280326400349035e-10,0.0,connected,gap<=1.8,capsule_then_flat_cylinder_gjk,0.0,5,True,1.4210854715202004e-14,1.4210854715202004e-14,True,,,,,,
B_full_cube_periodic,full_cube_periodic,connected_same_particle,组2:PAIR:r25:r32,组2,cylinder_contact,r25,r32,25,32,,组2_full_cube_periodic_P0023,组2_full_cube_periodic_P0030,,,0.0,9.947931235031256e-11,0.0,connected,gap<=1.8,capsule_then_flat_cylinder_gjk,0.0,6,True,1.5208828249434925e-11,1.5208828249434925e-11,True,,,,,,
B_full_cube_periodic,full_cube_periodic,connected_same_particle,组2:PAIR:r25:r37,组2,cylinder_contact,r25,r37,25,37,,组2_full_cube_periodic_P0023,组2_full_cube_periodic_P0035,,,0.0,9.904567094827735e-11,0.0,connected,gap<=1.8,capsule_then_flat_cylinder_gjk,0.0,5,True,5.239944532003689e-10,5.239944532003689e-10,True,,,,,,
B_full_cube_periodic,full_cube_periodic,connected_same_particle,组2:PAIR:r26:r41,组2,cylinder_contact,r26,r41,26,41,,组2_full_cube_periodic_P0024,组2_full_cube_periodic_P0010,,,0.0,1.9722499377516499e-10,0.0,connected,gap<=1.8,capsule_then_flat_cylinder_gjk,0.0,5,True,1.0064104835181445e-11,1.0064104835181445e-11,True,,,,,,
B_full_cube_periodic,full_cube_periodic,connected_same_particle,组2:PAIR:r28:r35,组2,cylinder_contact,r28,r35,28,35,,组2_full_cube_periodic_P0026,组2_full_cube_periodic_P0033,,,0.0,1.432574219475372e-10,0.0,connected,gap<=1.8,capsule_then_flat_cylinder_gjk,0.0,4,True,6.821210263296962e-13,6.821210263296962e-13,True,,,,,,
B_full_cube_periodic,full_cube_periodic,connected_same_particle,组2:PAIR:r28:r38,组2,cylinder_contact,r28,r38,28,38,,组2_full_cube_periodic_P0026,组2_full_cube_periodic_P0036,,,0.0,1.4952253745703913e-10,0.0,connected,gap<=1.8,capsule_then_flat_cylinder_gjk,0.0,5,True,4.591976915943464e-13,4.591976915943464e-13,True,,,,,,
B_full_cube_periodic,full_cube_periodic,connected_same_particle,组2:PAIR:r29:r40,组2,cylinder_contact,r29,r40,29,40,,组2_full_cube_periodic_P0027,组2_full_cube_periodic_P0007,,,0.0,1.8744045431155152e-10,0.0,connected,gap<=1.8,capsule_then_flat_cylinder_gjk,0.0,5,True,2.2772866968819164e-12,2.2772866968819164e-12,True,,,,,,
B_full_cube_periodic,full_cube_periodic,connected_same_particle,组2:PAIR:r35:r36,组2,cylinder_contact,r35,r36,35,36,,组2_full_cube_periodic_P0033,组2_full_cube_periodic_P0034,,,0.0,1.465569929785847e-10,0.0,connected,gap<=1.8,capsule_then_flat_cylinder_gjk,0.0,4,True,3.4883596115620364e-13,3.4883596115620364e-13,True,,,,,,
B_full_cube_periodic,full_cube_periodic,connected_same_particle,组2:PAIR:r35:r40,组2,cylinder_contact,r35,r40,35,40,,组2_full_cube_periodic_P0033,组2_full_cube_periodic_P0007,,,0.0,1.8789581188243867e-10,0.0,connected,gap<=1.8,capsule_then_flat_cylinder_gjk,0.0,5,True,2.4116620165382783e-13,2.4116620165382783e-13,True,,,,,,
B_full_cube_periodic,full_cube_periodic,connected_same_particle,组2:PAIR:r36:r38,组2,cylinder_contact,r36,r38,36,38,,组2_full_cube_periodic_P0034,组2_full_cube_periodic_P0036,,,0.0,1.4861302138440174e-10,0.0,connected,gap<=1.8,capsule_then_flat_cylinder_gjk,0.0,5,True,1.1457157353758233e-13,1.1457157353758233e-13,True,,,,,,
B_full_cube_periodic,full_cube_periodic,connected_same_particle,组2:PAIR:r36:r45,组2,cylinder_contact,r36,r45,36,45,,组2_full_cube_periodic_P0034,组2_full_cube_periodic_P0003,,,0.0,2.2365437269505664e-10,0.0,connected,gap<=1.8,capsule_then_flat_cylinder_gjk,0.0,6,True,1.8225386545374702e-12,1.8225386545374702e-12,True,,,,,,
B_full_cube_periodic,full_cube_periodic,connected_same_particle,组2:PAIR:r42:r43,组2,cylinder_contact,r42,r43,42,43,,组2_full_cube_periodic_P0038,组2_full_cube_periodic_P0039,,,0.0,1.8988458294165568e-10,0.0,connected,gap<=1.8,capsule_then_flat_cylinder_gjk,0.0,5,True,4.81737533526774e-10,4.81737533526774e-10,True,,,,,,
B_full_cube_periodic,full_cube_periodic,connected_same_particle,组2:PAIR:r43:r46,组2,cylinder_contact,r43,r46,43,46,,组2_full_cube_periodic_P0039,组2_full_cube_periodic_P0011,,,0.0,2.3017602272136758e-10,0.0,connected,gap<=1.8,capsule_then_flat_cylinder_gjk,0.0,5,True,1.180442248897588e-13,1.180442248897588e-13,True,,,,,,
B_full_cube_periodic,full_cube_periodic,connected_same_particle,组2:PAIR:r46:r50,组2,cylinder_contact,r46,r50,46,50,,组2_full_cube_periodic_P0011,组2_full_cube_periodic_P0009,,,0.0,2.564586093539256e-10,0.0,connected,gap<=1.8,capsule_then_flat_cylinder_gjk,0.0,4,True,2.929642751054232e-14,2.929642751054232e-14,True,,,,,,
B_full_cube_periodic,full_cube_periodic,connected_same_particle,组2:PAIR:r47:r48,组2,cylinder_contact,r47,r48,47,48,,组2_full_cube_periodic_P0004,组2_full_cube_periodic_P0005,,,0.0,2.3037343521226605e-10,0.0,connected,gap<=1.8,capsule_then_flat_cylinder_gjk,0.0,5,True,1.0537414738097338e-07,1.0537414738097338e-07,True,,,,,,
B_full_cube_periodic,full_cube_periodic,connected_same_particle,组2:INTERNAL:full_cube_periodic:j1,组2,same_particle_periodic_junction,r3,r49,3,49,,,,组2_full_cube_periodic_P0001,cannot_reconstruct,,,,internal_assumption,not_applicable_same_particle,unique_periodic_endpoint_mapping,,,,,,,X,1,0,0,0.0,True
B_full_cube_periodic,full_cube_periodic,connected_same_particle,组2:INTERNAL:full_cube_periodic:j2,组2,same_particle_periodic_junction,r4,r51,4,51,,,,组2_full_cube_periodic_P0002,cannot_reconstruct,,,,internal_assumption,not_applicable_same_particle,unique_periodic_endpoint_mapping,,,,,,,X,1,0,0,0.0,True
B_full_cube_periodic,full_cube_periodic,connected_same_particle,组2:INTERNAL:full_cube_periodic:j3,组2,same_particle_periodic_junction,r5,r45,5,45,,,,组2_full_cube_periodic_P0003,cannot_reconstruct,,,,internal_assumption,not_applicable_same_particle,unique_periodic_endpoint_mapping,,,,,,,X,1,0,0,0.0,True
B_full_cube_periodic,full_cube_periodic,connected_same_particle,组2:INTERNAL:full_cube_periodic:j4,组2,same_particle_periodic_junction,r6,r47,6,47,,,,组2_full_cube_periodic_P0004,unique,,,,internal_assumption,not_applicable_same_particle,unique_periodic_endpoint_mapping,,,,,,,X,1,0,0,0.0,True
B_full_cube_periodic,full_cube_periodic,connected_same_particle,组2:INTERNAL:full_cube_periodic:j5,组2,same_particle_periodic_junction,r7,r48,7,48,,,,组2_full_cube_periodic_P0005,cannot_reconstruct,,,,internal_assumption,not_applicable_same_particle,unique_periodic_endpoint_mapping,,,,,,,X,1,0,0,0.0,True
B_full_cube_periodic,full_cube_periodic,connected_same_particle,组2:INTERNAL:full_cube_periodic:j6,组2,same_particle_periodic_junction,r8,r44,8,44,,,,组2_full_cube_periodic_P0006,unique,,,,internal_assumption,not_applicable_same_particle,unique_periodic_endpoint_mapping,,,,,,,X,1,0,0,0.0,True
B_full_cube_periodic,full_cube_periodic,connected_same_particle,组2:INTERNAL:full_cube_periodic:j7,组2,same_particle_periodic_junction,r9,r40,9,40,,,,组2_full_cube_periodic_P0007,unique,,,,internal_assumption,not_applicable_same_particle,unique_periodic_endpoint_mapping,,,,,,,X,1,0,0,0.0,True
B_full_cube_periodic,full_cube_periodic,connected_same_particle,组2:INTERNAL:full_cube_periodic:j8,组2,same_particle_periodic_junction,r11,r50,11,50,,,,组2_full_cube_periodic_P0009,cannot_reconstruct,,,,internal_assumption,not_applicable_same_particle,unique_periodic_endpoint_mapping,,,,,,,X,1,0,0,0.0,True
B_full_cube_periodic,full_cube_periodic,connected_same_particle,组2:INTERNAL:full_cube_periodic:j9,组2,same_particle_periodic_junction,r12,r41,12,41,,,,组2_full_cube_periodic_P0010,unique,,,,internal_assumption,not_applicable_same_particle,unique_periodic_endpoint_mapping,,,,,,,X,1,0,0,0.0,True
B_full_cube_periodic,full_cube_periodic,connected_same_particle,组2:INTERNAL:full_cube_periodic:j10,组2,same_particle_periodic_junction,r13,r46,13,46,,,,组2_full_cube_periodic_P0011,unique,,,,internal_assumption,not_applicable_same_particle,unique_periodic_endpoint_mapping,,,,,,,X,1,0,0,0.0,True
B_full_cube_periodic,full_cube_periodic,connected_same_particle,组3:ELECTRODE:LEFT:r3,组3,electrode_contact,LEFT,r3,,3,left,LEFT,组3_full_cube_periodic_P0001,,,0.0,0.0,0.0,connected,gap<=1.8,closed_form_cylinder_plane,,0,True,,,,,,,,,
B_full_cube_periodic,full_cube_periodic,connected_same_particle,组3:ELECTRODE:LEFT:r4,组3,electrode_contact,LEFT,r4,,4,left,LEFT,组3_full_cube_periodic_P0002,,,0.0,0.0,0.0,connected,gap<=1.8,closed_form_cylinder_plane,,0,True,,,,,,,,,
B_full_cube_periodic,full_cube_periodic,connected_same_particle,组3:ELECTRODE:LEFT:r5,组3,electrode_contact,LEFT,r5,,5,left,LEFT,组3_full_cube_periodic_P0003,,,0.0,0.0,0.0,connected,gap<=1.8,closed_form_cylinder_plane,,0,True,,,,,,,,,
B_full_cube_periodic,full_cube_periodic,connected_same_particle,组3:ELECTRODE:LEFT:r6,组3,electrode_contact,LEFT,r6,,6,left,LEFT,组3_full_cube_periodic_P0004,,,0.0,0.0,0.0,connected,gap<=1.8,closed_form_cylinder_plane,,0,True,,,,,,,,,
B_full_cube_periodic,full_cube_periodic,connected_same_particle,组3:ELECTRODE:LEFT:r7,组3,electrode_contact,LEFT,r7,,7,left,LEFT,组3_full_cube_periodic_P0005,,,0.0,0.0,0.0,connected,gap<=1.8,closed_form_cylinder_plane,,0,True,,,,,,,,,
B_full_cube_periodic,full_cube_periodic,connected_same_particle,组3:ELECTRODE:LEFT:r8,组3,electrode_contact,LEFT,r8,,8,left,LEFT,组3_full_cube_periodic_P0006,,,0.0,0.0,0.0,connected,gap<=1.8,closed_form_cylinder_plane,,0,True,,,,,,,,,
B_full_cube_periodic,full_cube_periodic,connected_same_particle,组3:ELECTRODE:LEFT:r9,组3,electrode_contact,LEFT,r9,,9,left,LEFT,组3_full_cube_periodic_P0007,,,0.0,0.0,0.0,connected,gap<=1.8,closed_form_cylinder_plane,,0,True,,,,,,,,,
B_full_cube_periodic,full_cube_periodic,connected_same_particle,组3:ELECTRODE:LEFT:r10,组3,electrode_contact,LEFT,r10,,10,left,LEFT,组3_full_cube_periodic_P0008,,,0.0,0.0,0.0,connected,gap<=1.8,closed_form_cylinder_plane,,0,True,,,,,,,,,
B_full_cube_periodic,full_cube_periodic,connected_same_particle,组3:ELECTRODE:LEFT:r11,组3,electrode_contact,LEFT,r11,,11,left,LEFT,组3_full_cube_periodic_P0009,,,0.0,0.0,0.0,connected,gap<=1.8,closed_form_cylinder_plane,,0,True,,,,,,,,,
B_full_cube_periodic,full_cube_periodic,connected_same_particle,组3:ELECTRODE:LEFT:r12,组3,electrode_contact,LEFT,r12,,12,left,LEFT,组3_full_cube_periodic_P0010,,,0.0,0.0,0.0,connected,gap<=1.8,closed_form_cylinder_plane,,0,True,,,,,,,,,
B_full_cube_periodic,full_cube_periodic,connected_same_particle,组3:ELECTRODE:LEFT:r13,组3,electrode_contact,LEFT,r13,,13,left,LEFT,组3_full_cube_periodic_P0011,,,0.0,0.0,0.0,connected,gap<=1.8,closed_form_cylinder_plane,,0,True,,,,,,,,,
B_full_cube_periodic,full_cube_periodic,connected_same_particle,组3:ELECTRODE:LEFT:r14,组3,electrode_contact,LEFT,r14,,14,left,LEFT,组3_full_cube_periodic_P0012,,,0.0,0.0,0.0,connected,gap<=1.8,closed_form_cylinder_plane,,0,True,,,,,,,,,
B_full_cube_periodic,full_cube_periodic,connected_same_particle,组3:ELECTRODE:LEFT:r15,组3,electrode_contact,LEFT,r15,,15,left,LEFT,组3_full_cube_periodic_P0013,,,0.0,0.0,0.0,connected,gap<=1.8,closed_form_cylinder_plane,,0,True,,,,,,,,,
B_full_cube_periodic,full_cube_periodic,connected_same_particle,组3:ELECTRODE:LEFT:r16,组3,electrode_contact,LEFT,r16,,16,left,LEFT,组3_full_cube_periodic_P0014,,,0.0,0.0,0.0,connected,gap<=1.8,closed_form_cylinder_plane,,0,True,,,,,,,,,
B_full_cube_periodic,full_cube_periodic,connected_same_particle,组3:ELECTRODE:LEFT:r17,组3,electrode_contact,LEFT,r17,,17,left,LEFT,组3_full_cube_periodic_P0015,,,0.0,0.0,0.0,connected,gap<=1.8,closed_form_cylinder_plane,,0,True,,,,,,,,,
B_full_cube_periodic,full_cube_periodic,connected_same_particle,组3:ELECTRODE:LEFT:r18,组3,electrode_contact,LEFT,r18,,18,left,LEFT,组3_full_cube_periodic_P0016,,,0.0,0.0,0.0,connected,gap<=1.8,closed_form_cylinder_plane,,0,True,,,,,,,,,
B_full_cube_periodic,full_cube_periodic,connected_same_particle,组3:ELECTRODE:LEFT:r19,组3,electrode_contact,LEFT,r19,,19,left,LEFT,组3_full_cube_periodic_P0017,,,0.0,0.0,0.0,connected,gap<=1.8,closed_form_cylinder_plane,,0,True,,,,,,,,,
B_full_cube_periodic,full_cube_periodic,connected_same_particle,组3:ELECTRODE:LEFT:r20,组3,electrode_contact,LEFT,r20,,20,left,LEFT,组3_full_cube_periodic_P0018,,,0.0,0.0,0.0,connected,gap<=1.8,closed_form_cylinder_plane,,0,True,,,,,,,,,
B_full_cube_periodic,full_cube_periodic,connected_same_particle,组3:ELECTRODE:LEFT:r21,组3,electrode_contact,LEFT,r21,,21,left,LEFT,组3_full_cube_periodic_P0019,,,0.0,0.0,0.0,connected,gap<=1.8,closed_form_cylinder_plane,,0,True,,,,,,,,,
B_full_cube_periodic,full_cube_periodic,connected_same_particle,组3:ELECTRODE:LEFT:r22,组3,electrode_contact,LEFT,r22,,22,left,LEFT,组3_full_cube_periodic_P0020,,,0.0,0.0,0.0,connected,gap<=1.8,closed_form_cylinder_plane,,0,True,,,,,,,,,
B_full_cube_periodic,full_cube_periodic,connected_same_particle,组3:ELECTRODE:LEFT:r23,组3,electrode_contact,LEFT,r23,,23,left,LEFT,组3_full_cube_periodic_P0021,,,0.0,0.0,0.0,connected,gap<=1.8,closed_form_cylinder_plane,,0,True,,,,,,,,,
B_full_cube_periodic,full_cube_periodic,connected_same_particle,组3:ELECTRODE:LEFT:r24,组3,electrode_contact,LEFT,r24,,24,left,LEFT,组3_full_cube_periodic_P0022,,,0.0,0.0,0.0,connected,gap<=1.8,closed_form_cylinder_plane,,0,True,,,,,,,,,
B_full_cube_periodic,full_cube_periodic,connected_same_particle,组3:ELECTRODE:LEFT:r25,组3,electrode_contact,LEFT,r25,,25,left,LEFT,组3_full_cube_periodic_P0023,,,0.0,0.0,0.0,connected,gap<=1.8,closed_form_cylinder_plane,,0,True,,,,,,,,,
B_full_cube_periodic,full_cube_periodic,connected_same_particle,组3:ELECTRODE:LEFT:r26,组3,electrode_contact,LEFT,r26,,26,left,LEFT,组3_full_cube_periodic_P0024,,,0.0,0.0,0.0,connected,gap<=1.8,closed_form_cylinder_plane,,0,True,,,,,,,,,
B_full_cube_periodic,full_cube_periodic,connected_same_particle,组3:ELECTRODE:LEFT:r27,组3,electrode_contact,LEFT,r27,,27,left,LEFT,组3_full_cube_periodic_P0025,,,0.0,0.0,0.0,connected,gap<=1.8,closed_form_cylinder_plane,,0,True,,,,,,,,,
B_full_cube_periodic,full_cube_periodic,connected_same_particle,组3:ELECTRODE:LEFT:r28,组3,electrode_contact,LEFT,r28,,28,left,LEFT,组3_full_cube_periodic_P0026,,,0.0,0.0,0.0,connected,gap<=1.8,closed_form_cylinder_plane,,0,True,,,,,,,,,
B_full_cube_periodic,full_cube_periodic,connected_same_particle,组3:ELECTRODE:LEFT:r29,组3,electrode_contact,LEFT,r29,,29,left,LEFT,组3_full_cube_periodic_P0027,,,0.0,0.0,0.0,connected,gap<=1.8,closed_form_cylinder_plane,,0,True,,,,,,,,,
B_full_cube_periodic,full_cube_periodic,connected_same_particle,组3:ELECTRODE:LEFT:r30,组3,electrode_contact,LEFT,r30,,30,left,LEFT,组3_full_cube_periodic_P0028,,,0.0,0.0,0.0,connected,gap<=1.8,closed_form_cylinder_plane,,0,True,,,,,,,,,
B_full_cube_periodic,full_cube_periodic,connected_same_particle,组3:ELECTRODE:LEFT:r31,组3,electrode_contact,LEFT,r31,,31,left,LEFT,组3_full_cube_periodic_P0029,,,0.0,0.0,0.0,connected,gap<=1.8,closed_form_cylinder_plane,,0,True,,,,,,,,,
B_full_cube_periodic,full_cube_periodic,connected_same_particle,组3:ELECTRODE:LEFT:r32,组3,electrode_contact,LEFT,r32,,32,left,LEFT,组3_full_cube_periodic_P0030,,,0.0,0.0,0.0,connected,gap<=1.8,closed_form_cylinder_plane,,0,True,,,,,,,,,
B_full_cube_periodic,full_cube_periodic,connected_same_particle,组3:ELECTRODE:LEFT:r33,组3,electrode_contact,LEFT,r33,,33,left,LEFT,组3_full_cube_periodic_P0031,,,0.0,0.0,0.0,connected,gap<=1.8,closed_form_cylinder_plane,,0,True,,,,,,,,,
B_full_cube_periodic,full_cube_periodic,connected_same_particle,组3:ELECTRODE:LEFT:r34,组3,electrode_contact,LEFT,r34,,34,left,LEFT,组3_full_cube_periodic_P0032,,,0.0,0.0,0.0,connected,gap<=1.8,closed_form_cylinder_plane,,0,True,,,,,,,,,
B_full_cube_periodic,full_cube_periodic,connected_same_particle,组3:ELECTRODE:LEFT:r35,组3,electrode_contact,LEFT,r35,,35,left,LEFT,组3_full_cube_periodic_P0033,,,0.0,0.0,0.0,connected,gap<=1.8,closed_form_cylinder_plane,,0,True,,,,,,,,,
B_full_cube_periodic,full_cube_periodic,connected_same_particle,组3:ELECTRODE:LEFT:r36,组3,electrode_contact,LEFT,r36,,36,left,LEFT,组3_full_cube_periodic_P0034,,,0.0,0.0,0.0,connected,gap<=1.8,closed_form_cylinder_plane,,0,True,,,,,,,,,
B_full_cube_periodic,full_cube_periodic,connected_same_particle,组3:ELECTRODE:LEFT:r37,组3,electrode_contact,LEFT,r37,,37,left,LEFT,组3_full_cube_periodic_P0035,,,0.0,0.0,0.0,connected,gap<=1.8,closed_form_cylinder_plane,,0,True,,,,,,,,,
B_full_cube_periodic,full_cube_periodic,connected_same_particle,组3:ELECTRODE:LEFT:r38,组3,electrode_contact,LEFT,r38,,38,left,LEFT,组3_full_cube_periodic_P0036,,,0.0,0.0,0.0,connected,gap<=1.8,closed_form_cylinder_plane,,0,True,,,,,,,,,
B_full_cube_periodic,full_cube_periodic,connected_same_particle,组3:ELECTRODE:LEFT:r39,组3,electrode_contact,LEFT,r39,,39,left,LEFT,组3_full_cube_periodic_P0037,,,0.0,0.0,0.0,connected,gap<=1.8,closed_form_cylinder_plane,,0,True,,,,,,,,,
B_full_cube_periodic,full_cube_periodic,connected_same_particle,组3:ELECTRODE:LEFT:r40,组3,electrode_contact,LEFT,r40,,40,left,LEFT,组3_full_cube_periodic_P0038,,,0.0,0.0,0.0,connected,gap<=1.8,closed_form_cylinder_plane,,0,True,,,,,,,,,
B_full_cube_periodic,full_cube_periodic,connected_same_particle,组3:ELECTRODE:LEFT:r41,组3,electrode_contact,LEFT,r41,,41,left,LEFT,组3_full_cube_periodic_P0039,,,0.0,0.0,0.0,connected,gap<=1.8,closed_form_cylinder_plane,,0,True,,,,,,,,,
B_full_cube_periodic,full_cube_periodic,connected_same_particle,组3:ELECTRODE:LEFT:r42,组3,electrode_contact,LEFT,r42,,42,left,LEFT,组3_full_cube_periodic_P0040,,,0.0,0.0,0.0,connected,gap<=1.8,closed_form_cylinder_plane,,0,True,,,,,,,,,
B_full_cube_periodic,full_cube_periodic,connected_same_particle,组3:ELECTRODE:LEFT:r43,组3,electrode_contact,LEFT,r43,,43,left,LEFT,组3_full_cube_periodic_P0041,,,0.0,0.0,0.0,connected,gap<=1.8,closed_form_cylinder_plane,,0,True,,,,,,,,,
B_full_cube_periodic,full_cube_periodic,connected_same_particle,组3:ELECTRODE:LEFT:r44,组3,electrode_contact,LEFT,r44,,44,left,LEFT,组3_full_cube_periodic_P0042,,,0.0,0.0,0.0,connected,gap<=1.8,closed_form_cylinder_plane,,0,True,,,,,,,,,
B_full_cube_periodic,full_cube_periodic,connected_same_particle,组3:ELECTRODE:LEFT:r45,组3,electrode_contact,LEFT,r45,,45,left,LEFT,组3_full_cube_periodic_P0043,,,0.0,0.0,0.0,connected,gap<=1.8,closed_form_cylinder_plane,,0,True,,,,,,,,,
B_full_cube_periodic,full_cube_periodic,connected_same_particle,组3:ELECTRODE:LEFT:r46,组3,electrode_contact,LEFT,r46,,46,left,LEFT,组3_full_cube_periodic_P0044,,,0.0,0.0,0.0,connected,gap<=1.8,closed_form_cylinder_plane,,0,True,,,,,,,,,
B_full_cube_periodic,full_cube_periodic,connected_same_particle,组3:ELECTRODE:LEFT:r47,组3,electrode_contact,LEFT,r47,,47,left,LEFT,组3_full_cube_periodic_P0045,,,0.0,0.0,0.0,connected,gap<=1.8,closed_form_cylinder_plane,,0,True,,,,,,,,,
B_full_cube_periodic,full_cube_periodic,connected_same_particle,组3:ELECTRODE:LEFT:r48,组3,electrode_contact,LEFT,r48,,48,left,LEFT,组3_full_cube_periodic_P0046,,,0.0,0.0,0.0,connected,gap<=1.8,closed_form_cylinder_plane,,0,True,,,,,,,,,
B_full_cube_periodic,full_cube_periodic,connected_same_particle,组3:ELECTRODE:LEFT:r49,组3,electrode_contact,LEFT,r49,,49,left,LEFT,组3_full_cube_periodic_P0047,,,0.0,0.0,0.0,connected,gap<=1.8,closed_form_cylinder_plane,,0,True,,,,,,,,,
B_full_cube_periodic,full_cube_periodic,connected_same_particle,组3:ELECTRODE:LEFT:r50,组3,electrode_contact,LEFT,r50,,50,left,LEFT,组3_full_cube_periodic_P0048,,,0.0,0.0,0.0,connected,gap<=1.8,closed_form_cylinder_plane,,0,True,,,,,,,,,
B_full_cube_periodic,full_cube_periodic,connected_same_particle,组3:ELECTRODE:LEFT:r51,组3,electrode_contact,LEFT,r51,,51,left,LEFT,组3_full_cube_periodic_P0049,,,0.0,0.0,0.0,connected,gap<=1.8,closed_form_cylinder_plane,,0,True,,,,,,,,,
B_full_cube_periodic,full_cube_periodic,connected_same_particle,组3:ELECTRODE:LEFT:r52,组3,electrode_contact,LEFT,r52,,52,left,LEFT,组3_full_cube_periodic_P0050,,,0.0,0.0,0.0,connected,gap<=1.8,closed_form_cylinder_plane,,0,True,,,,,,,,,
B_full_cube_periodic,full_cube_periodic,connected_same_particle,组3:ELECTRODE:LEFT:r53,组3,electrode_contact,LEFT,r53,,53,left,LEFT,组3_full_cube_periodic_P0051,,,0.0,0.0,0.0,connected,gap<=1.8,closed_form_cylinder_plane,,0,True,,,,,,,,,
B_full_cube_periodic,full_cube_periodic,connected_same_particle,组3:ELECTRODE:LEFT:r54,组3,electrode_contact,LEFT,r54,,54,left,LEFT,组3_full_cube_periodic_P0052,,,0.0,0.0,0.0,connected,gap<=1.8,closed_form_cylinder_plane,,0,True,,,,,,,,,
B_full_cube_periodic,full_cube_periodic,connected_same_particle,组3:ELECTRODE:LEFT:r55,组3,electrode_contact,LEFT,r55,,55,left,LEFT,组3_full_cube_periodic_P0053,,,0.0,0.0,0.0,connected,gap<=1.8,closed_form_cylinder_plane,,0,True,,,,,,,,,
B_full_cube_periodic,full_cube_periodic,connected_same_particle,组3:ELECTRODE:LEFT:r56,组3,electrode_contact,LEFT,r56,,56,left,LEFT,组3_full_cube_periodic_P0054,,,0.0,0.0,0.0,connected,gap<=1.8,closed_form_cylinder_plane,,0,True,,,,,,,,,
B_full_cube_periodic,full_cube_periodic,connected_same_particle,组3:ELECTRODE:LEFT:r57,组3,electrode_contact,LEFT,r57,,57,left,LEFT,组3_full_cube_periodic_P0055,,,0.0,0.0,0.0,connected,gap<=1.8,closed_form_cylinder_plane,,0,True,,,,,,,,,
B_full_cube_periodic,full_cube_periodic,connected_same_particle,组3:ELECTRODE:LEFT:r58,组3,electrode_contact,LEFT,r58,,58,left,LEFT,组3_full_cube_periodic_P0056,,,0.0,0.0,0.0,connected,gap<=1.8,closed_form_cylinder_plane,,0,True,,,,,,,,,
B_full_cube_periodic,full_cube_periodic,connected_same_particle,组3:ELECTRODE:LEFT:r59,组3,electrode_contact,LEFT,r59,,59,left,LEFT,组3_full_cube_periodic_P0057,,,0.0,0.0,0.0,connected,gap<=1.8,closed_form_cylinder_plane,,0,True,,,,,,,,,
B_full_cube_periodic,full_cube_periodic,connected_same_particle,组3:ELECTRODE:LEFT:r60,组3,electrode_contact,LEFT,r60,,60,left,LEFT,组3_full_cube_periodic_P0058,,,0.0,0.0,0.0,connected,gap<=1.8,closed_form_cylinder_plane,,0,True,,,,,,,,,
B_full_cube_periodic,full_cube_periodic,connected_same_particle,组3:ELECTRODE:LEFT:r61,组3,electrode_contact,LEFT,r61,,61,left,LEFT,组3_full_cube_periodic_P0059,,,0.0,0.0,0.0,connected,gap<=1.8,closed_form_cylinder_plane,,0,True,,,,,,,,,
B_full_cube_periodic,full_cube_periodic,connected_same_particle,组3:ELECTRODE:LEFT:r62,组3,electrode_contact,LEFT,r62,,62,left,LEFT,组3_full_cube_periodic_P0060,,,0.0,0.0,0.0,connected,gap<=1.8,closed_form_cylinder_plane,,0,True,,,,,,,,,
B_full_cube_periodic,full_cube_periodic,connected_same_particle,组3:ELECTRODE:LEFT:r63,组3,electrode_contact,LEFT,r63,,63,left,LEFT,组3_full_cube_periodic_P0061,,,0.0,0.0,0.0,connected,gap<=1.8,closed_form_cylinder_plane,,0,True,,,,,,,,,
B_full_cube_periodic,full_cube_periodic,connected_same_particle,组3:ELECTRODE:LEFT:r64,组3,electrode_contact,LEFT,r64,,64,left,LEFT,组3_full_cube_periodic_P0062,,,0.0,0.0,0.0,connected,gap<=1.8,closed_form_cylinder_plane,,0,True,,,,,,,,,
B_full_cube_periodic,full_cube_periodic,connected_same_particle,组3:ELECTRODE:LEFT:r65,组3,electrode_contact,LEFT,r65,,65,left,LEFT,组3_full_cube_periodic_P0063,,,0.0,0.0,0.0,connected,gap<=1.8,closed_form_cylinder_plane,,0,True,,,,,,,,,
B_full_cube_periodic,full_cube_periodic,connected_same_particle,组3:ELECTRODE:LEFT:r66,组3,electrode_contact,LEFT,r66,,66,left,LEFT,组3_full_cube_periodic_P0064,,,0.0,0.0,0.0,connected,gap<=1.8,closed_form_cylinder_plane,,0,True,,,,,,,,,
B_full_cube_periodic,full_cube_periodic,connected_same_particle,组3:ELECTRODE:LEFT:r67,组3,electrode_contact,LEFT,r67,,67,left,LEFT,组3_full_cube_periodic_P0065,,,0.0,0.0,0.0,connected,gap<=1.8,closed_form_cylinder_plane,,0,True,,,,,,,,,
B_full_cube_periodic,full_cube_periodic,connected_same_particle,组3:ELECTRODE:LEFT:r68,组3,electrode_contact,LEFT,r68,,68,left,LEFT,组3_full_cube_periodic_P0066,,,0.0,0.0,0.0,connected,gap<=1.8,closed_form_cylinder_plane,,0,True,,,,,,,,,
B_full_cube_periodic,full_cube_periodic,connected_same_particle,组3:ELECTRODE:LEFT:r69,组3,electrode_contact,LEFT,r69,,69,left,LEFT,组3_full_cube_periodic_P0067,,,0.0,0.0,0.0,connected,gap<=1.8,closed_form_cylinder_plane,,0,True,,,,,,,,,
B_full_cube_periodic,full_cube_periodic,connected_same_particle,组3:ELECTRODE:LEFT:r70,组3,electrode_contact,LEFT,r70,,70,left,LEFT,组3_full_cube_periodic_P0068,,,0.0,0.0,0.0,connected,gap<=1.8,closed_form_cylinder_plane,,0,True,,,,,,,,,
B_full_cube_periodic,full_cube_periodic,connected_same_particle,组3:ELECTRODE:LEFT:r71,组3,electrode_contact,LEFT,r71,,71,left,LEFT,组3_full_cube_periodic_P0069,,,0.0,0.0,0.0,connected,gap<=1.8,closed_form_cylinder_plane,,0,True,,,,,,,,,
B_full_cube_periodic,full_cube_periodic,connected_same_particle,组3:ELECTRODE:LEFT:r72,组3,electrode_contact,LEFT,r72,,72,left,LEFT,组3_full_cube_periodic_P0070,,,0.0,0.0,0.0,connected,gap<=1.8,closed_form_cylinder_plane,,0,True,,,,,,,,,
B_full_cube_periodic,full_cube_periodic,connected_same_particle,组3:ELECTRODE:LEFT:r73,组3,electrode_contact,LEFT,r73,,73,left,LEFT,组3_full_cube_periodic_P0071,,,0.0,0.0,0.0,connected,gap<=1.8,closed_form_cylinder_plane,,0,True,,,,,,,,,
B_full_cube_periodic,full_cube_periodic,connected_same_particle,组3:ELECTRODE:LEFT:r74,组3,electrode_contact,LEFT,r74,,74,left,LEFT,组3_full_cube_periodic_P0072,,,0.0,0.0,0.0,connected,gap<=1.8,closed_form_cylinder_plane,,0,True,,,,,,,,,
B_full_cube_periodic,full_cube_periodic,connected_same_particle,组3:ELECTRODE:LEFT:r75,组3,electrode_contact,LEFT,r75,,75,left,LEFT,组3_full_cube_periodic_P0073,,,0.0,0.0,0.0,connected,gap<=1.8,closed_form_cylinder_plane,,0,True,,,,,,,,,
B_full_cube_periodic,full_cube_periodic,connected_same_particle,组3:ELECTRODE:LEFT:r76,组3,electrode_contact,LEFT,r76,,76,left,LEFT,组3_full_cube_periodic_P0074,,,0.0,0.0,0.0,connected,gap<=1.8,closed_form_cylinder_plane,,0,True,,,,,,,,,
B_full_cube_periodic,full_cube_periodic,connected_same_particle,组3:ELECTRODE:LEFT:r77,组3,electrode_contact,LEFT,r77,,77,left,LEFT,组3_full_cube_periodic_P0075,,,0.0,0.0,0.0,connected,gap<=1.8,closed_form_cylinder_plane,,0,True,,,,,,,,,
B_full_cube_periodic,full_cube_periodic,connected_same_particle,组3:ELECTRODE:LEFT:r78,组3,electrode_contact,LEFT,r78,,78,left,LEFT,组3_full_cube_periodic_P0076,,,0.0,0.0,0.0,connected,gap<=1.8,closed_form_cylinder_plane,,0,True,,,,,,,,,
B_full_cube_periodic,full_cube_periodic,connected_same_particle,组3:ELECTRODE:LEFT:r79,组3,electrode_contact,LEFT,r79,,79,left,LEFT,组3_full_cube_periodic_P0077,,,0.0,0.0,0.0,connected,gap<=1.8,closed_form_cylinder_plane,,0,True,,,,,,,,,
B_full_cube_periodic,full_cube_periodic,connected_same_particle,组3:ELECTRODE:LEFT:r80,组3,electrode_contact,LEFT,r80,,80,left,LEFT,组3_full_cube_periodic_P0078,,,0.0,0.0,0.0,connected,gap<=1.8,closed_form_cylinder_plane,,0,True,,,,,,,,,
B_full_cube_periodic,full_cube_periodic,connected_same_particle,组3:ELECTRODE:LEFT:r81,组3,electrode_contact,LEFT,r81,,81,left,LEFT,组3_full_cube_periodic_P0079,,,0.0,0.0,0.0,connected,gap<=1.8,closed_form_cylinder_plane,,0,True,,,,,,,,,
B_full_cube_periodic,full_cube_periodic,connected_same_particle,组3:ELECTRODE:LEFT:r82,组3,electrode_contact,LEFT,r82,,82,left,LEFT,组3_full_cube_periodic_P0080,,,0.0,0.0,0.0,connected,gap<=1.8,closed_form_cylinder_plane,,0,True,,,,,,,,,
B_full_cube_periodic,full_cube_periodic,connected_same_particle,组3:ELECTRODE:LEFT:r83,组3,electrode_contact,LEFT,r83,,83,left,LEFT,组3_full_cube_periodic_P0081,,,0.0,0.0,0.0,connected,gap<=1.8,closed_form_cylinder_plane,,0,True,,,,,,,,,
B_full_cube_periodic,full_cube_periodic,connected_same_particle,组3:ELECTRODE:LEFT:r84,组3,electrode_contact,LEFT,r84,,84,left,LEFT,组3_full_cube_periodic_P0082,,,0.0,0.0,0.0,connected,gap<=1.8,closed_form_cylinder_plane,,0,True,,,,,,,,,
B_full_cube_periodic,full_cube_periodic,connected_same_particle,组3:ELECTRODE:LEFT:r85,组3,electrode_contact,LEFT,r85,,85,left,LEFT,组3_full_cube_periodic_P0083,,,0.0,0.0,0.0,connected,gap<=1.8,closed_form_cylinder_plane,,0,True,,,,,,,,,
B_full_cube_periodic,full_cube_periodic,connected_same_particle,组3:ELECTRODE:LEFT:r86,组3,electrode_contact,LEFT,r86,,86,left,LEFT,组3_full_cube_periodic_P0084,,,0.0,0.0,0.0,connected,gap<=1.8,closed_form_cylinder_plane,,0,True,,,,,,,,,
B_full_cube_periodic,full_cube_periodic,connected_same_particle,组3:ELECTRODE:LEFT:r87,组3,electrode_contact,LEFT,r87,,87,left,LEFT,组3_full_cube_periodic_P0085,,,0.0,0.0,0.0,connected,gap<=1.8,closed_form_cylinder_plane,,0,True,,,,,,,,,
B_full_cube_periodic,full_cube_periodic,connected_same_particle,组3:ELECTRODE:LEFT:r88,组3,electrode_contact,LEFT,r88,,88,left,LEFT,组3_full_cube_periodic_P0086,,,0.0,0.0,0.0,connected,gap<=1.8,closed_form_cylinder_plane,,0,True,,,,,,,,,
B_full_cube_periodic,full_cube_periodic,connected_same_particle,组3:ELECTRODE:LEFT:r89,组3,electrode_contact,LEFT,r89,,89,left,LEFT,组3_full_cube_periodic_P0087,,,0.0,0.0,0.0,connected,gap<=1.8,closed_form_cylinder_plane,,0,True,,,,,,,,,
B_full_cube_periodic,full_cube_periodic,connected_same_particle,组3:ELECTRODE:LEFT:r90,组3,electrode_contact,LEFT,r90,,90,left,LEFT,组3_full_cube_periodic_P0088,,,0.0,0.0,0.0,connected,gap<=1.8,closed_form_cylinder_plane,,0,True,,,,,,,,,
B_full_cube_periodic,full_cube_periodic,connected_same_particle,组3:ELECTRODE:LEFT:r91,组3,electrode_contact,LEFT,r91,,91,left,LEFT,组3_full_cube_periodic_P0089,,,0.0,0.0,0.0,connected,gap<=1.8,closed_form_cylinder_plane,,0,True,,,,,,,,,
B_full_cube_periodic,full_cube_periodic,connected_same_particle,组3:ELECTRODE:LEFT:r92,组3,electrode_contact,LEFT,r92,,92,left,LEFT,组3_full_cube_periodic_P0090,,,0.0,0.0,0.0,connected,gap<=1.8,closed_form_cylinder_plane,,0,True,,,,,,,,,
B_full_cube_periodic,full_cube_periodic,connected_same_particle,组3:ELECTRODE:LEFT:r93,组3,electrode_contact,LEFT,r93,,93,left,LEFT,组3_full_cube_periodic_P0091,,,0.0,0.0,0.0,connected,gap<=1.8,closed_form_cylinder_plane,,0,True,,,,,,,,,
B_full_cube_periodic,full_cube_periodic,connected_same_particle,组3:ELECTRODE:LEFT:r94,组3,electrode_contact,LEFT,r94,,94,left,LEFT,组3_full_cube_periodic_P0092,,,0.0,0.0,0.0,connected,gap<=1.8,closed_form_cylinder_plane,,0,True,,,,,,,,,
B_full_cube_periodic,full_cube_periodic,connected_same_particle,组3:ELECTRODE:RIGHT:r353,组3,electrode_contact,r353,RIGHT,353,,right,组3_full_cube_periodic_P0296,RIGHT,,,0.0,0.0,0.0,connected,gap<=1.8,closed_form_cylinder_plane,,0,True,,,,,,,,,
B_full_cube_periodic,full_cube_periodic,connected_same_particle,组3:ELECTRODE:RIGHT:r365,组3,electrode_contact,r365,RIGHT,365,,right,组3_full_cube_periodic_P0302,RIGHT,,,0.0,0.0,0.0,connected,gap<=1.8,closed_form_cylinder_plane,,0,True,,,,,,,,,
B_full_cube_periodic,full_cube_periodic,connected_same_particle,组3:ELECTRODE:RIGHT:r369,组3,electrode_contact,r369,RIGHT,369,,right,组3_full_cube_periodic_P0305,RIGHT,,,0.0,0.0,0.0,connected,gap<=1.8,closed_form_cylinder_plane,,0,True,,,,,,,,,
B_full_cube_periodic,full_cube_periodic,connected_same_particle,组3:ELECTRODE:RIGHT:r376,组3,electrode_contact,r376,RIGHT,376,,right,组3_full_cube_periodic_P0069,RIGHT,,,0.0,0.0,0.0,connected,gap<=1.8,closed_form_cylinder_plane,,0,True,,,,,,,,,
B_full_cube_periodic,full_cube_periodic,connected_same_particle,组3:ELECTRODE:RIGHT:r383,组3,electrode_contact,r383,RIGHT,383,,right,组3_full_cube_periodic_P0030,RIGHT,,,0.0,0.0,0.0,connected,gap<=1.8,closed_form_cylinder_plane,,0,True,,,,,,,,,
B_full_cube_periodic,full_cube_periodic,connected_same_particle,组3:ELECTRODE:RIGHT:r388,组3,electrode_contact,r388,RIGHT,388,,right,组3_full_cube_periodic_P0074,RIGHT,,,0.0,0.0,0.0,connected,gap<=1.8,closed_form_cylinder_plane,,0,True,,,,,,,,,
B_full_cube_periodic,full_cube_periodic,connected_same_particle,组3:ELECTRODE:RIGHT:r390,组3,electrode_contact,r390,RIGHT,390,,right,组3_full_cube_periodic_P0078,RIGHT,,,0.0,0.0,0.0,connected,gap<=1.8,closed_form_cylinder_plane,,0,True,,,,,,,,,
B_full_cube_periodic,full_cube_periodic,connected_same_particle,组3:ELECTRODE:RIGHT:r391,组3,electrode_contact,r391,RIGHT,391,,right,组3_full_cube_periodic_P0319,RIGHT,,,0.0,0.0,0.0,connected,gap<=1.8,closed_form_cylinder_plane,,0,True,,,,,,,,,
B_full_cube_periodic,full_cube_periodic,connected_same_particle,组3:ELECTRODE:RIGHT:r395,组3,electrode_contact,r395,RIGHT,395,,right,组3_full_cube_periodic_P0015,RIGHT,,,0.0,0.0,0.0,connected,gap<=1.8,closed_form_cylinder_plane,,0,True,,,,,,,,,
B_full_cube_periodic,full_cube_periodic,connected_same_particle,组3:ELECTRODE:RIGHT:r400,组3,electrode_contact,r400,RIGHT,400,,right,组3_full_cube_periodic_P0017,RIGHT,,,0.0,0.0,0.0,connected,gap<=1.8,closed_form_cylinder_plane,,0,True,,,,,,,,,
B_full_cube_periodic,full_cube_periodic,connected_same_particle,组3:ELECTRODE:RIGHT:r404,组3,electrode_contact,r404,RIGHT,404,,right,组3_full_cube_periodic_P0046,RIGHT,,,0.0,0.0,0.0,connected,gap<=1.8,closed_form_cylinder_plane,,0,True,,,,,,,,,
B_full_cube_periodic,full_cube_periodic,connected_same_particle,组3:ELECTRODE:RIGHT:r405,组3,electrode_contact,r405,RIGHT,405,,right,组3_full_cube_periodic_P0042,RIGHT,,,0.0,0.0,0.0,connected,gap<=1.8,closed_form_cylinder_plane,,0,True,,,,,,,,,
B_full_cube_periodic,full_cube_periodic,connected_same_particle,组3:ELECTRODE:RIGHT:r412,组3,electrode_contact,r412,RIGHT,412,,right,组3_full_cube_periodic_P0309,RIGHT,,,0.0,0.0,0.0,connected,gap<=1.8,closed_form_cylinder_plane,,0,True,,,,,,,,,
B_full_cube_periodic,full_cube_periodic,connected_same_particle,组3:ELECTRODE:RIGHT:r413,组3,electrode_contact,r413,RIGHT,413,,right,组3_full_cube_periodic_P0331,RIGHT,,,0.0,0.0,0.0,connected,gap<=1.8,closed_form_cylinder_plane,,0,True,,,,,,,,,
B_full_cube_periodic,full_cube_periodic,connected_same_particle,组3:ELECTRODE:RIGHT:r415,组3,electrode_contact,r415,RIGHT,415,,right,组3_full_cube_periodic_P0332,RIGHT,,,0.0,0.0,0.0,connected,gap<=1.8,closed_form_cylinder_plane,,0,True,,,,,,,,,
B_full_cube_periodic,full_cube_periodic,connected_same_particle,组3:ELECTRODE:RIGHT:r418,组3,electrode_contact,r418,RIGHT,418,,right,组3_full_cube_periodic_P0047,RIGHT,,,0.0,0.0,0.0,connected,gap<=1.8,closed_form_cylinder_plane,,0,True,,,,,,,,,
B_full_cube_periodic,full_cube_periodic,connected_same_particle,组3:ELECTRODE:RIGHT:r421,组3,electrode_contact,r421,RIGHT,421,,right,组3_full_cube_periodic_P0043,RIGHT,,,0.0,0.0,0.0,connected,gap<=1.8,closed_form_cylinder_plane,,0,True,,,,,,,,,
B_full_cube_periodic,full_cube_periodic,connected_same_particle,组3:ELECTRODE:RIGHT:r424,组3,electrode_contact,r424,RIGHT,424,,right,组3_full_cube_periodic_P0090,RIGHT,,,0.0,0.0,0.0,connected,gap<=1.8,closed_form_cylinder_plane,,0,True,,,,,,,,,
B_full_cube_periodic,full_cube_periodic,connected_same_particle,组3:ELECTRODE:RIGHT:r430,组3,electrode_contact,r430,RIGHT,430,,right,组3_full_cube_periodic_P0038,RIGHT,,,0.0,0.0,0.0,connected,gap<=1.8,closed_form_cylinder_plane,,0,True,,,,,,,,,
B_full_cube_periodic,full_cube_periodic,connected_same_particle,组3:ELECTRODE:RIGHT:r431,组3,electrode_contact,r431,RIGHT,431,,right,组3_full_cube_periodic_P0058,RIGHT,,,0.0,0.0,0.0,connected,gap<=1.8,closed_form_cylinder_plane,,0,True,,,,,,,,,
B_full_cube_periodic,full_cube_periodic,connected_same_particle,组3:ELECTRODE:RIGHT:r437,组3,electrode_contact,r437,RIGHT,437,,right,组3_full_cube_periodic_P0056,RIGHT,,,0.0,0.0,0.0,connected,gap<=1.8,closed_form_cylinder_plane,,0,True,,,,,,,,,
B_full_cube_periodic,full_cube_periodic,connected_same_particle,组3:ELECTRODE:RIGHT:r443,组3,electrode_contact,r443,RIGHT,443,,right,组3_full_cube_periodic_P0080,RIGHT,,,0.0,0.0,0.0,connected,gap<=1.8,closed_form_cylinder_plane,,0,True,,,,,,,,,
B_full_cube_periodic,full_cube_periodic,connected_same_particle,组3:ELECTRODE:RIGHT:r445,组3,electrode_contact,r445,RIGHT,445,,right,组3_full_cube_periodic_P0020,RIGHT,,,0.0,0.0,0.0,connected,gap<=1.8,closed_form_cylinder_plane,,0,True,,,,,,,,,
B_full_cube_periodic,full_cube_periodic,connected_same_particle,组3:ELECTRODE:RIGHT:r446,组3,electrode_contact,r446,RIGHT,446,,right,组3_full_cube_periodic_P0066,RIGHT,,,0.0,0.0,0.0,connected,gap<=1.8,closed_form_cylinder_plane,,0,True,,,,,,,,,
B_full_cube_periodic,full_cube_periodic,connected_same_particle,组3:ELECTRODE:RIGHT:r447,组3,electrode_contact,r447,RIGHT,447,,right,组3_full_cube_periodic_P0044,RIGHT,,,0.0,0.0,0.0,connected,gap<=1.8,closed_form_cylinder_plane,,0,True,,,,,,,,,
B_full_cube_periodic,full_cube_periodic,connected_same_particle,组3:ELECTRODE:RIGHT:r449,组3,electrode_contact,r449,RIGHT,449,,right,组3_full_cube_periodic_P0054,RIGHT,,,0.0,0.0,0.0,connected,gap<=1.8,closed_form_cylinder_plane,,0,True,,,,,,,,,
B_full_cube_periodic,full_cube_periodic,connected_same_particle,组3:ELECTRODE:RIGHT:r452,组3,electrode_contact,r452,RIGHT,452,,right,组3_full_cube_periodic_P0008,RIGHT,,,0.0,0.0,0.0,connected,gap<=1.8,closed_form_cylinder_plane,,0,True,,,,,,,,,
B_full_cube_periodic,full_cube_periodic,connected_same_particle,组3:ELECTRODE:RIGHT:r454,组3,electrode_contact,r454,RIGHT,454,,right,组3_full_cube_periodic_P0007,RIGHT,,,0.0,0.0,0.0,connected,gap<=1.8,closed_form_cylinder_plane,,0,True,,,,,,,,,
B_full_cube_periodic,full_cube_periodic,connected_same_particle,组3:ELECTRODE:RIGHT:r456,组3,electrode_contact,r456,RIGHT,456,,right,组3_full_cube_periodic_P0040,RIGHT,,,0.0,0.0,0.0,connected,gap<=1.8,closed_form_cylinder_plane,,0,True,,,,,,,,,
B_full_cube_periodic,full_cube_periodic,connected_same_particle,组3:ELECTRODE:RIGHT:r457,组3,electrode_contact,r457,RIGHT,457,,right,组3_full_cube_periodic_P0347,RIGHT,,,0.0,0.0,0.0,connected,gap<=1.8,closed_form_cylinder_plane,,0,True,,,,,,,,,
B_full_cube_periodic,full_cube_periodic,connected_same_particle,组3:ELECTRODE:RIGHT:r458,组3,electrode_contact,r458,RIGHT,458,,right,组3_full_cube_periodic_P0016,RIGHT,,,0.0,0.0,0.0,connected,gap<=1.8,closed_form_cylinder_plane,,0,True,,,,,,,,,
B_full_cube_periodic,full_cube_periodic,connected_same_particle,组3:ELECTRODE:RIGHT:r461,组3,electrode_contact,r461,RIGHT,461,,right,组3_full_cube_periodic_P0082,RIGHT,,,0.0,0.0,0.0,connected,gap<=1.8,closed_form_cylinder_plane,,0,True,,,,,,,,,
B_full_cube_periodic,full_cube_periodic,connected_same_particle,组3:ELECTRODE:RIGHT:r463,组3,electrode_contact,r463,RIGHT,463,,right,组3_full_cube_periodic_P0062,RIGHT,,,0.0,0.0,0.0,connected,gap<=1.8,closed_form_cylinder_plane,,0,True,,,,,,,,,
B_full_cube_periodic,full_cube_periodic,connected_same_particle,组3:ELECTRODE:RIGHT:r464,组3,electrode_contact,r464,RIGHT,464,,right,组3_full_cube_periodic_P0018,RIGHT,,,0.0,0.0,0.0,connected,gap<=1.8,closed_form_cylinder_plane,,0,True,,,,,,,,,
B_full_cube_periodic,full_cube_periodic,connected_same_particle,组3:ELECTRODE:RIGHT:r465,组3,electrode_contact,r465,RIGHT,465,,right,组3_full_cube_periodic_P0083,RIGHT,,,0.0,0.0,0.0,connected,gap<=1.8,closed_form_cylinder_plane,,0,True,,,,,,,,,
B_full_cube_periodic,full_cube_periodic,connected_same_particle,组3:ELECTRODE:RIGHT:r466,组3,electrode_contact,r466,RIGHT,466,,right,组3_full_cube_periodic_P0027,RIGHT,,,0.0,0.0,0.0,connected,gap<=1.8,closed_form_cylinder_plane,,0,True,,,,,,,,,
B_full_cube_periodic,full_cube_periodic,connected_same_particle,组3:ELECTRODE:RIGHT:r468,组3,electrode_contact,r468,RIGHT,468,,right,组3_full_cube_periodic_P0045,RIGHT,,,0.0,0.0,0.0,connected,gap<=1.8,closed_form_cylinder_plane,,0,True,,,,,,,,,
B_full_cube_periodic,full_cube_periodic,connected_same_particle,组3:ELECTRODE:RIGHT:r471,组3,electrode_contact,r471,RIGHT,471,,right,组3_full_cube_periodic_P0089,RIGHT,,,0.0,0.0,0.0,connected,gap<=1.8,closed_form_cylinder_plane,,0,True,,,,,,,,,
B_full_cube_periodic,full_cube_periodic,connected_same_particle,组3:ELECTRODE:RIGHT:r472,组3,electrode_contact,r472,RIGHT,472,,right,组3_full_cube_periodic_P0012,RIGHT,,,0.0,0.0,0.0,connected,gap<=1.8,closed_form_cylinder_plane,,0,True,,,,,,,,,
B_full_cube_periodic,full_cube_periodic,connected_same_particle,组3:ELECTRODE:RIGHT:r473,组3,electrode_contact,r473,RIGHT,473,,right,组3_full_cube_periodic_P0037,RIGHT,,,0.0,0.0,0.0,connected,gap<=1.8,closed_form_cylinder_plane,,0,True,,,,,,,,,
B_full_cube_periodic,full_cube_periodic,connected_same_particle,组3:ELECTRODE:RIGHT:r474,组3,electrode_contact,r474,RIGHT,474,,right,组3_full_cube_periodic_P0051,RIGHT,,,0.0,0.0,0.0,connected,gap<=1.8,closed_form_cylinder_plane,,0,True,,,,,,,,,
B_full_cube_periodic,full_cube_periodic,connected_same_particle,组3:ELECTRODE:RIGHT:r479,组3,electrode_contact,r479,RIGHT,479,,right,组3_full_cube_periodic_P0021,RIGHT,,,0.0,0.0,0.0,connected,gap<=1.8,closed_form_cylinder_plane,,0,True,,,,,,,,,
B_full_cube_periodic,full_cube_periodic,connected_same_particle,组3:ELECTRODE:RIGHT:r480,组3,electrode_contact,r480,RIGHT,480,,right,组3_full_cube_periodic_P0071,RIGHT,,,0.0,0.0,0.0,connected,gap<=1.8,closed_form_cylinder_plane,,0,True,,,,,,,,,
B_full_cube_periodic,full_cube_periodic,connected_same_particle,组3:ELECTRODE:RIGHT:r481,组3,electrode_contact,r481,RIGHT,481,,right,组3_full_cube_periodic_P0055,RIGHT,,,0.0,0.0,0.0,connected,gap<=1.8,closed_form_cylinder_plane,,0,True,,,,,,,,,
B_full_cube_periodic,full_cube_periodic,connected_same_particle,组3:ELECTRODE:RIGHT:r482,组3,electrode_contact,r482,RIGHT,482,,right,组3_full_cube_periodic_P0022,RIGHT,,,0.0,0.0,0.0,connected,gap<=1.8,closed_form_cylinder_plane,,0,True,,,,,,,,,
B_full_cube_periodic,full_cube_periodic,connected_same_particle,组3:ELECTRODE:RIGHT:r483,组3,electrode_contact,r483,RIGHT,483,,right,组3_full_cube_periodic_P0048,RIGHT,,,0.0,0.0,0.0,connected,gap<=1.8,closed_form_cylinder_plane,,0,True,,,,,,,,,
B_full_cube_periodic,full_cube_periodic,connected_same_particle,组3:ELECTRODE:RIGHT:r484,组3,electrode_contact,r484,RIGHT,484,,right,组3_full_cube_periodic_P0035,RIGHT,,,0.0,0.0,0.0,connected,gap<=1.8,closed_form_cylinder_plane,,0,True,,,,,,,,,
B_full_cube_periodic,full_cube_periodic,connected_same_particle,组3:ELECTRODE:RIGHT:r487,组3,electrode_contact,r487,RIGHT,487,,right,组3_full_cube_periodic_P0006,RIGHT,,,0.0,0.0,0.0,connected,gap<=1.8,closed_form_cylinder_plane,,0,True,,,,,,,,,
B_full_cube_periodic,full_cube_periodic,connected_same_particle,组3:ELECTRODE:RIGHT:r488,组3,electrode_contact,r488,RIGHT,488,,right,组3_full_cube_periodic_P0019,RIGHT,,,0.0,0.0,0.0,connected,gap<=1.8,closed_form_cylinder_plane,,0,True,,,,,,,,,
B_full_cube_periodic,full_cube_periodic,connected_same_particle,组3:ELECTRODE:RIGHT:r490,组3,electrode_contact,r490,RIGHT,490,,right,组3_full_cube_periodic_P0004,RIGHT,,,0.0,0.0,0.0,connected,gap<=1.8,closed_form_cylinder_plane,,0,True,,,,,,,,,
B_full_cube_periodic,full_cube_periodic,connected_same_particle,组3:ELECTRODE:RIGHT:r491,组3,electrode_contact,r491,RIGHT,491,,right,组3_full_cube_periodic_P0072,RIGHT,,,0.0,0.0,0.0,connected,gap<=1.8,closed_form_cylinder_plane,,0,True,,,,,,,,,
B_full_cube_periodic,full_cube_periodic,connected_same_particle,组3:ELECTRODE:RIGHT:r492,组3,electrode_contact,r492,RIGHT,492,,right,组3_full_cube_periodic_P0014,RIGHT,,,0.0,0.0,0.0,connected,gap<=1.8,closed_form_cylinder_plane,,0,True,,,,,,,,,
B_full_cube_periodic,full_cube_periodic,connected_same_particle,组3:ELECTRODE:RIGHT:r493,组3,electrode_contact,r493,RIGHT,493,,right,组3_full_cube_periodic_P0033,RIGHT,,,0.0,0.0,0.0,connected,gap<=1.8,closed_form_cylinder_plane,,0,True,,,,,,,,,
B_full_cube_periodic,full_cube_periodic,connected_same_particle,组3:ELECTRODE:RIGHT:r498,组3,electrode_contact,r498,RIGHT,498,,right,组3_full_cube_periodic_P0088,RIGHT,,,0.0,0.0,0.0,connected,gap<=1.8,closed_form_cylinder_plane,,0,True,,,,,,,,,
B_full_cube_periodic,full_cube_periodic,connected_same_particle,组3:ELECTRODE:RIGHT:r499,组3,electrode_contact,r499,RIGHT,499,,right,组3_full_cube_periodic_P0065,RIGHT,,,0.0,0.0,0.0,connected,gap<=1.8,closed_form_cylinder_plane,,0,True,,,,,,,,,
B_full_cube_periodic,full_cube_periodic,connected_same_particle,组3:ELECTRODE:RIGHT:r500,组3,electrode_contact,r500,RIGHT,500,,right,组3_full_cube_periodic_P0050,RIGHT,,,0.0,0.0,0.0,connected,gap<=1.8,closed_form_cylinder_plane,,0,True,,,,,,,,,
B_full_cube_periodic,full_cube_periodic,connected_same_particle,组3:ELECTRODE:RIGHT:r501,组3,electrode_contact,r501,RIGHT,501,,right,组3_full_cube_periodic_P0059,RIGHT,,,0.0,0.0,0.0,connected,gap<=1.8,closed_form_cylinder_plane,,0,True,,,,,,,,,
B_full_cube_periodic,full_cube_periodic,connected_same_particle,组3:ELECTRODE:RIGHT:r502,组3,electrode_contact,r502,RIGHT,502,,right,组3_full_cube_periodic_P0053,RIGHT,,,0.0,0.0,0.0,connected,gap<=1.8,closed_form_cylinder_plane,,0,True,,,,,,,,,
B_full_cube_periodic,full_cube_periodic,connected_same_particle,组3:ELECTRODE:RIGHT:r503,组3,electrode_contact,r503,RIGHT,503,,right,组3_full_cube_periodic_P0079,RIGHT,,,0.0,0.0,0.0,connected,gap<=1.8,closed_form_cylinder_plane,,0,True,,,,,,,,,
B_full_cube_periodic,full_cube_periodic,connected_same_particle,组3:ELECTRODE:RIGHT:r504,组3,electrode_contact,r504,RIGHT,504,,right,组3_full_cube_periodic_P0057,RIGHT,,,0.0,0.0,0.0,connected,gap<=1.8,closed_form_cylinder_plane,,0,True,,,,,,,,,
B_full_cube_periodic,full_cube_periodic,connected_same_particle,组3:ELECTRODE:RIGHT:r506,组3,electrode_contact,r506,RIGHT,506,,right,组3_full_cube_periodic_P0029,RIGHT,,,0.0,0.0,0.0,connected,gap<=1.8,closed_form_cylinder_plane,,0,True,,,,,,,,,
B_full_cube_periodic,full_cube_periodic,connected_same_particle,组3:ELECTRODE:RIGHT:r507,组3,electrode_contact,r507,RIGHT,507,,right,组3_full_cube_periodic_P0002,RIGHT,,,0.0,0.0,0.0,connected,gap<=1.8,closed_form_cylinder_plane,,0,True,,,,,,,,,
B_full_cube_periodic,full_cube_periodic,connected_same_particle,组3:ELECTRODE:RIGHT:r508,组3,electrode_contact,r508,RIGHT,508,,right,组3_full_cube_periodic_P0034,RIGHT,,,0.0,0.0,0.0,connected,gap<=1.8,closed_form_cylinder_plane,,0,True,,,,,,,,,
B_full_cube_periodic,full_cube_periodic,connected_same_particle,组3:ELECTRODE:RIGHT:r509,组3,electrode_contact,r509,RIGHT,509,,right,组3_full_cube_periodic_P0061,RIGHT,,,0.0,0.0,0.0,connected,gap<=1.8,closed_form_cylinder_plane,,0,True,,,,,,,,,
B_full_cube_periodic,full_cube_periodic,connected_same_particle,组3:ELECTRODE:RIGHT:r510,组3,electrode_contact,r510,RIGHT,510,,right,组3_full_cube_periodic_P0085,RIGHT,,,0.0,0.0,0.0,connected,gap<=1.8,closed_form_cylinder_plane,,0,True,,,,,,,,,
B_full_cube_periodic,full_cube_periodic,connected_same_particle,组3:ELECTRODE:RIGHT:r511,组3,electrode_contact,r511,RIGHT,511,,right,组3_full_cube_periodic_P0032,RIGHT,,,0.0,0.0,0.0,connected,gap<=1.8,closed_form_cylinder_plane,,0,True,,,,,,,,,
B_full_cube_periodic,full_cube_periodic,connected_same_particle,组3:ELECTRODE:RIGHT:r512,组3,electrode_contact,r512,RIGHT,512,,right,组3_full_cube_periodic_P0081,RIGHT,,,0.0,0.0,0.0,connected,gap<=1.8,closed_form_cylinder_plane,,0,True,,,,,,,,,
B_full_cube_periodic,full_cube_periodic,connected_same_particle,组3:ELECTRODE:RIGHT:r513,组3,electrode_contact,r513,RIGHT,513,,right,组3_full_cube_periodic_P0086,RIGHT,,,0.0,0.0,0.0,connected,gap<=1.8,closed_form_cylinder_plane,,0,True,,,,,,,,,
B_full_cube_periodic,full_cube_periodic,connected_same_particle,组3:ELECTRODE:RIGHT:r514,组3,electrode_contact,r514,RIGHT,514,,right,组3_full_cube_periodic_P0028,RIGHT,,,0.0,0.0,0.0,connected,gap<=1.8,closed_form_cylinder_plane,,0,True,,,,,,,,,
B_full_cube_periodic,full_cube_periodic,connected_same_particle,组3:ELECTRODE:RIGHT:r516,组3,electrode_contact,r516,RIGHT,516,,right,组3_full_cube_periodic_P0084,RIGHT,,,0.0,0.0,0.0,connected,gap<=1.8,closed_form_cylinder_plane,,0,True,,,,,,,,,
B_full_cube_periodic,full_cube_periodic,connected_same_particle,组3:ELECTRODE:RIGHT:r517,组3,electrode_contact,r517,RIGHT,517,,right,组3_full_cube_periodic_P0075,RIGHT,,,0.0,0.0,0.0,connected,gap<=1.8,closed_form_cylinder_plane,,0,True,,,,,,,,,
B_full_cube_periodic,full_cube_periodic,connected_same_particle,组3:ELECTRODE:RIGHT:r518,组3,electrode_contact,r518,RIGHT,518,,right,组3_full_cube_periodic_P0041,RIGHT,,,0.0,0.0,0.0,connected,gap<=1.8,closed_form_cylinder_plane,,0,True,,,,,,,,,
B_full_cube_periodic,full_cube_periodic,connected_same_particle,组3:ELECTRODE:RIGHT:r519,组3,electrode_contact,r519,RIGHT,519,,right,组3_full_cube_periodic_P0068,RIGHT,,,0.0,0.0,0.0,connected,gap<=1.8,closed_form_cylinder_plane,,0,True,,,,,,,,,
B_full_cube_periodic,full_cube_periodic,connected_same_particle,组3:ELECTRODE:RIGHT:r521,组3,electrode_contact,r521,RIGHT,521,,right,组3_full_cube_periodic_P0076,RIGHT,,,0.0,0.0,0.0,connected,gap<=1.8,closed_form_cylinder_plane,,0,True,,,,,,,,,
B_full_cube_periodic,full_cube_periodic,connected_same_particle,组3:ELECTRODE:RIGHT:r522,组3,electrode_contact,r522,RIGHT,522,,right,组3_full_cube_periodic_P0023,RIGHT,,,0.0,0.0,0.0,connected,gap<=1.8,closed_form_cylinder_plane,,0,True,,,,,,,,,
B_full_cube_periodic,full_cube_periodic,connected_same_particle,组3:ELECTRODE:RIGHT:r523,组3,electrode_contact,r523,RIGHT,523,,right,组3_full_cube_periodic_P0025,RIGHT,,,0.0,0.0,0.0,connected,gap<=1.8,closed_form_cylinder_plane,,0,True,,,,,,,,,
B_full_cube_periodic,full_cube_periodic,connected_same_particle,组3:ELECTRODE:RIGHT:r524,组3,electrode_contact,r524,RIGHT,524,,right,组3_full_cube_periodic_P0070,RIGHT,,,0.0,0.0,0.0,connected,gap<=1.8,closed_form_cylinder_plane,,0,True,,,,,,,,,
B_full_cube_periodic,full_cube_periodic,connected_same_particle,组3:ELECTRODE:RIGHT:r525,组3,electrode_contact,r525,RIGHT,525,,right,组3_full_cube_periodic_P0077,RIGHT,,,0.0,0.0,0.0,connected,gap<=1.8,closed_form_cylinder_plane,,0,True,,,,,,,,,
B_full_cube_periodic,full_cube_periodic,connected_same_particle,组3:ELECTRODE:RIGHT:r526,组3,electrode_contact,r526,RIGHT,526,,right,组3_full_cube_periodic_P0011,RIGHT,,,0.0,0.0,0.0,connected,gap<=1.8,closed_form_cylinder_plane,,0,True,,,,,,,,,
B_full_cube_periodic,full_cube_periodic,connected_same_particle,组3:ELECTRODE:RIGHT:r527,组3,electrode_contact,r527,RIGHT,527,,right,组3_full_cube_periodic_P0010,RIGHT,,,0.0,0.0,0.0,connected,gap<=1.8,closed_form_cylinder_plane,,0,True,,,,,,,,,
B_full_cube_periodic,full_cube_periodic,connected_same_particle,组3:ELECTRODE:RIGHT:r528,组3,electrode_contact,r528,RIGHT,528,,right,组3_full_cube_periodic_P0091,RIGHT,,,0.0,0.0,0.0,connected,gap<=1.8,closed_form_cylinder_plane,,0,True,,,,,,,,,
B_full_cube_periodic,full_cube_periodic,connected_same_particle,组3:ELECTRODE:RIGHT:r529,组3,electrode_contact,r529,RIGHT,529,,right,组3_full_cube_periodic_P0087,RIGHT,,,0.0,0.0,0.0,connected,gap<=1.8,closed_form_cylinder_plane,,0,True,,,,,,,,,
B_full_cube_periodic,full_cube_periodic,connected_same_particle,组3:ELECTRODE:RIGHT:r530,组3,electrode_contact,r530,RIGHT,530,,right,组3_full_cube_periodic_P0039,RIGHT,,,0.0,0.0,0.0,connected,gap<=1.8,closed_form_cylinder_plane,,0,True,,,,,,,,,
B_full_cube_periodic,full_cube_periodic,connected_same_particle,组3:ELECTRODE:RIGHT:r531,组3,electrode_contact,r531,RIGHT,531,,right,组3_full_cube_periodic_P0031,RIGHT,,,0.0,0.0,0.0,connected,gap<=1.8,closed_form_cylinder_plane,,0,True,,,,,,,,,
B_full_cube_periodic,full_cube_periodic,connected_same_particle,组3:ELECTRODE:RIGHT:r532,组3,electrode_contact,r532,RIGHT,532,,right,组3_full_cube_periodic_P0036,RIGHT,,,0.0,0.0,0.0,connected,gap<=1.8,closed_form_cylinder_plane,,0,True,,,,,,,,,
B_full_cube_periodic,full_cube_periodic,connected_same_particle,组3:ELECTRODE:RIGHT:r533,组3,electrode_contact,r533,RIGHT,533,,right,组3_full_cube_periodic_P0060,RIGHT,,,0.0,0.0,0.0,connected,gap<=1.8,closed_form_cylinder_plane,,0,True,,,,,,,,,
B_full_cube_periodic,full_cube_periodic,connected_same_particle,组3:ELECTRODE:RIGHT:r534,组3,electrode_contact,r534,RIGHT,534,,right,组3_full_cube_periodic_P0009,RIGHT,,,0.0,0.0,0.0,connected,gap<=1.8,closed_form_cylinder_plane,,0,True,,,,,,,,,
B_full_cube_periodic,full_cube_periodic,connected_same_particle,组3:ELECTRODE:RIGHT:r535,组3,electrode_contact,r535,RIGHT,535,,right,组3_full_cube_periodic_P0024,RIGHT,,,0.0,0.0,0.0,connected,gap<=1.8,closed_form_cylinder_plane,,0,True,,,,,,,,,
B_full_cube_periodic,full_cube_periodic,connected_same_particle,组3:ELECTRODE:RIGHT:r536,组3,electrode_contact,r536,RIGHT,536,,right,组3_full_cube_periodic_P0026,RIGHT,,,0.0,0.0,0.0,connected,gap<=1.8,closed_form_cylinder_plane,,0,True,,,,,,,,,
B_full_cube_periodic,full_cube_periodic,connected_same_particle,组3:ELECTRODE:RIGHT:r537,组3,electrode_contact,r537,RIGHT,537,,right,组3_full_cube_periodic_P0005,RIGHT,,,0.0,0.0,0.0,connected,gap<=1.8,closed_form_cylinder_plane,,0,True,,,,,,,,,
B_full_cube_periodic,full_cube_periodic,connected_same_particle,组3:PAIR:r3:r236,组3,cylinder_contact,r3,r236,3,236,,组3_full_cube_periodic_P0001,组3_full_cube_periodic_P0190,,,0.0,3.6322330679598313e-10,0.0,connected,gap<=1.8,capsule_then_flat_cylinder_gjk,0.0,4,True,7.190186943645083e-13,7.190186943645083e-13,True,,,,,,
B_full_cube_periodic,full_cube_periodic,connected_same_particle,组3:PAIR:r4:r13,组3,cylinder_contact,r4,r13,4,13,,组3_full_cube_periodic_P0002,组3_full_cube_periodic_P0011,,,0.0,3.90169657312094e-10,0.0,connected,gap<=1.8,capsule_then_flat_cylinder_gjk,0.0,5,True,1.1382885756177522e-12,1.1382885756177522e-12,True,,,,,,
B_full_cube_periodic,full_cube_periodic,connected_same_particle,组3:PAIR:r4:r109,组3,cylinder_contact,r4,r109,4,109,,组3_full_cube_periodic_P0002,组3_full_cube_periodic_P0106,,,0.0,3.7520979693301093e-10,0.0,connected,gap<=1.8,capsule_then_flat_cylinder_gjk,0.0,5,True,6.834519954515513e-13,6.834519954515513e-13,True,,,,,,
B_full_cube_periodic,full_cube_periodic,connected_same_particle,组3:PAIR:r4:r137,组3,cylinder_contact,r4,r137,4,137,,组3_full_cube_periodic_P0002,组3_full_cube_periodic_P0103,,,0.0,3.799100440450146e-10,0.0,connected,gap<=1.8,capsule_then_flat_cylinder_gjk,0.0,5,True,6.355287432313019e-14,6.355287432313019e-14,True,,,,,,
B_full_cube_periodic,full_cube_periodic,connected_same_particle,组3:PAIR:r8:r108,组3,cylinder_contact,r8,r108,8,108,,组3_full_cube_periodic_P0006,组3_full_cube_periodic_P0105,,,0.0,3.6284535569869344e-10,0.0,connected,gap<=1.8,capsule_then_flat_cylinder_gjk,0.0,6,True,5.084229945850414e-13,5.084229945850414e-13,True,,,,,,
B_full_cube_periodic,full_cube_periodic,connected_same_particle,组3:PAIR:r12:r96,组3,cylinder_contact,r12,r96,12,96,,组3_full_cube_periodic_P0010,组3_full_cube_periodic_P0094,,,0.0,2.8160729015200255e-10,0.0,connected,gap<=1.8,capsule_then_flat_cylinder_gjk,0.0,5,True,2.04715241868247e-12,2.04715241868247e-12,True,,,,,,
B_full_cube_periodic,full_cube_periodic,connected_same_particle,组3:PAIR:r12:r99,组3,cylinder_contact,r12,r99,12,99,,组3_full_cube_periodic_P0010,组3_full_cube_periodic_P0097,,,0.0,3.03367651678625e-10,0.0,connected,gap<=1.8,capsule_then_flat_cylinder_gjk,0.0,5,True,1.017739309065398e-12,1.017739309065398e-12,True,,,,,,
B_full_cube_periodic,full_cube_periodic,connected_same_particle,组3:PAIR:r15:r96,组3,cylinder_contact,r15,r96,15,96,,组3_full_cube_periodic_P0013,组3_full_cube_periodic_P0094,,,0.0,3.0598201795062774e-10,0.0,connected,gap<=1.8,capsule_then_flat_cylinder_gjk,0.0,5,True,9.443537991180705e-13,9.443537991180705e-13,True,,,,,,
B_full_cube_periodic,full_cube_periodic,connected_same_particle,组3:PAIR:r15:r108,组3,cylinder_contact,r15,r108,15,108,,组3_full_cube_periodic_P0013,组3_full_cube_periodic_P0105,,,0.0,3.0620939162607097e-10,0.0,connected,gap<=1.8,capsule_then_flat_cylinder_gjk,0.0,4,True,1.2710574864626036e-13,1.2710574864626036e-13,True,,,,,,
B_full_cube_periodic,full_cube_periodic,connected_same_particle,组3:PAIR:r15:r283,组3,cylinder_contact,r15,r283,15,283,,组3_full_cube_periodic_P0013,组3_full_cube_periodic_P0238,,,0.0,3.066251278217046e-10,0.0,connected,gap<=1.8,capsule_then_flat_cylinder_gjk,0.0,5,True,1.1368683772161603e-12,1.1368683772161603e-12,True,,,,,,
B_full_cube_periodic,full_cube_periodic,connected_same_particle,组3:PAIR:r16:r108,组3,cylinder_contact,r16,r108,16,108,,组3_full_cube_periodic_P0014,组3_full_cube_periodic_P0105,,,0.0,3.048256077220258e-10,0.0,connected,gap<=1.8,capsule_then_flat_cylinder_gjk,0.0,4,True,1.1718571004216928e-13,1.1718571004216928e-13,True,,,,,,
B_full_cube_periodic,full_cube_periodic,connected_same_particle,组3:PAIR:r18:r145,组3,cylinder_contact,r18,r145,18,145,,组3_full_cube_periodic_P0016,组3_full_cube_periodic_P0123,,,0.6514112041151494,0.6514112065906044,0.6514112053528769,connected,gap<=1.8,capsule_then_flat_cylinder_gjk,0.6514112062508914,11,False,0.6514112062509814,8.981044796740889e-10,True,,,,,,
B_full_cube_periodic,full_cube_periodic,connected_same_particle,组3:PAIR:r23:r38,组3,cylinder_contact,r23,r38,23,38,,组3_full_cube_periodic_P0021,组3_full_cube_periodic_P0036,,,0.0,2.4855373990347826e-10,0.0,connected,gap<=1.8,capsule_then_flat_cylinder_gjk,0.0,5,True,1.5127480943155456e-10,1.5127480943155456e-10,True,,,,,,
B_full_cube_periodic,full_cube_periodic,connected_same_particle,组3:PAIR:r25:r121,组3,cylinder_contact,r25,r121,25,121,,组3_full_cube_periodic_P0023,组3_full_cube_periodic_P0117,,,0.0,3.393595527323306e-10,0.0,connected,gap<=1.8,capsule_then_flat_cylinder_gjk,0.0,5,True,1.0419570787589327e-12,1.0419570787589327e-12,True,,,,,,
B_full_cube_periodic,full_cube_periodic,connected_same_particle,组3:PAIR:r31:r158,组3,cylinder_contact,r31,r158,31,158,,组3_full_cube_periodic_P0029,组3_full_cube_periodic_P0141,,,0.0,3.0671241188708456e-10,0.0,connected,gap<=1.8,capsule_then_flat_cylinder_gjk,0.0,6,True,4.823324033076557e-13,4.823324033076557e-13,True,,,,,,
B_full_cube_periodic,full_cube_periodic,connected_same_particle,组3:PAIR:r33:r34,组3,cylinder_contact,r33,r34,33,34,,组3_full_cube_periodic_P0031,组3_full_cube_periodic_P0032,,,0.0,3.000663225375869e-10,0.0,connected,gap<=1.8,capsule_then_flat_cylinder_gjk,0.0,5,True,5.796914039811764e-13,5.796914039811764e-13,True,,,,,,
B_full_cube_periodic,full_cube_periodic,connected_same_particle,组3:PAIR:r34:r209,组3,cylinder_contact,r34,r209,34,209,,组3_full_cube_periodic_P0032,组3_full_cube_periodic_P0183,,,0.0,2.7979659812699566e-10,0.0,connected,gap<=1.8,capsule_then_flat_cylinder_gjk,0.0,5,True,4.582862941503293e-13,4.582862941503293e-13,True,,,,,,
B_full_cube_periodic,full_cube_periodic,connected_same_particle,组3:PAIR:r35:r140,组3,cylinder_contact,r35,r140,35,140,,组3_full_cube_periodic_P0033,组3_full_cube_periodic_P0128,,,0.0,2.862808523211742e-10,0.0,connected,gap<=1.8,capsule_then_flat_cylinder_gjk,0.0,5,True,6.915300366811403e-13,6.915300366811403e-13,True,,,,,,
B_full_cube_periodic,full_cube_periodic,connected_same_particle,组3:PAIR:r48:r116,组3,cylinder_contact,r48,r116,48,116,,组3_full_cube_periodic_P0046,组3_full_cube_periodic_P0112,,,0.0,2.799068332862582e-10,0.0,connected,gap<=1.8,capsule_then_flat_cylinder_gjk,0.0,4,True,7.391010753932416e-13,7.391010753932416e-13,True,,,,,,
B_full_cube_periodic,full_cube_periodic,connected_same_particle,组3:PAIR:r52:r133,组3,cylinder_contact,r52,r133,52,133,,组3_full_cube_periodic_P0050,组3_full_cube_periodic_P0125,,,0.0,2.4774567740756874e-10,0.0,connected,gap<=1.8,capsule_then_flat_cylinder_gjk,0.0,6,True,6.938623537128991e-13,6.938623537128991e-13,True,,,,,,
B_full_cube_periodic,full_cube_periodic,connected_same_particle,组3:PAIR:r59:r157,组3,cylinder_contact,r59,r157,59,157,,组3_full_cube_periodic_P0057,组3_full_cube_periodic_P0140,,,0.0,2.1796710533608894e-10,0.0,connected,gap<=1.8,capsule_then_flat_cylinder_gjk,0.0,6,True,1.2247745318299647e-12,1.2247745318299647e-12,True,,,,,,
B_full_cube_periodic,full_cube_periodic,connected_same_particle,组3:PAIR:r65:r266,组3,cylinder_contact,r65,r266,65,266,,组3_full_cube_periodic_P0063,组3_full_cube_periodic_P0223,,,0.0,2.5748551376950306e-10,0.0,connected,gap<=1.8,capsule_then_flat_cylinder_gjk,0.0,6,True,6.302189627392726e-12,6.302189627392726e-12,True,,,,,,
B_full_cube_periodic,full_cube_periodic,connected_same_particle,组3:PAIR:r67:r124,组3,cylinder_contact,r67,r124,67,124,,组3_full_cube_periodic_P0065,组3_full_cube_periodic_P0119,,,0.0,2.539438146939201e-10,0.0,connected,gap<=1.8,capsule_then_flat_cylinder_gjk,0.0,4,True,2.2914314707516465e-13,2.2914314707516465e-13,True,,,,,,
B_full_cube_periodic,full_cube_periodic,connected_same_particle,组3:PAIR:r69:r98,组3,cylinder_contact,r69,r98,69,98,,组3_full_cube_periodic_P0067,组3_full_cube_periodic_P0096,,,0.0,3.727464924304451e-10,0.0,connected,gap<=1.8,capsule_then_flat_cylinder_gjk,0.0,5,True,8.198074455012805e-13,8.198074455012805e-13,True,,,,,,
B_full_cube_periodic,full_cube_periodic,connected_same_particle,组3:PAIR:r74:r185,组3,cylinder_contact,r74,r185,74,185,,组3_full_cube_periodic_P0072,组3_full_cube_periodic_P0164,,,0.0,2.498241530057477e-10,0.0,connected,gap<=1.8,capsule_then_flat_cylinder_gjk,0.0,5,True,7.008127344043915e-13,7.008127344043915e-13,True,,,,,,
B_full_cube_periodic,full_cube_periodic,connected_same_particle,组3:PAIR:r78:r102,组3,cylinder_contact,r78,r102,78,102,,组3_full_cube_periodic_P0076,组3_full_cube_periodic_P0099,,,0.0,3.53030638843674e-10,0.0,connected,gap<=1.8,capsule_then_flat_cylinder_gjk,0.0,5,True,1.159382807962353e-12,1.159382807962353e-12,True,,,,,,
B_full_cube_periodic,full_cube_periodic,connected_same_particle,组3:PAIR:r79:r207,组3,cylinder_contact,r79,r207,79,207,,组3_full_cube_periodic_P0077,组3_full_cube_periodic_P0181,,,0.0,2.3270556671151603e-10,0.0,connected,gap<=1.8,capsule_then_flat_cylinder_gjk,0.0,6,True,2.3437142008433857e-12,2.3437142008433857e-12,True,,,,,,
B_full_cube_periodic,full_cube_periodic,connected_same_particle,组3:PAIR:r81:r124,组3,cylinder_contact,r81,r124,81,124,,组3_full_cube_periodic_P0079,组3_full_cube_periodic_P0119,,,0.7906647803569417,0.7906647822915408,0.7906647813242412,connected,gap<=1.8,capsule_then_flat_cylinder_gjk,0.790664782001393,512,False,0.7906647821141453,7.89904031073263e-10,True,,,,,,
B_full_cube_periodic,full_cube_periodic,connected_same_particle,组3:PAIR:r81:r183,组3,cylinder_contact,r81,r183,81,183,,组3_full_cube_periodic_P0079,组3_full_cube_periodic_P0162,,,0.0,2.616565840640127e-10,0.0,connected,gap<=1.8,capsule_then_flat_cylinder_gjk,0.0,4,True,2.2737367544323206e-13,2.2737367544323206e-13,True,,,,,,
B_full_cube_periodic,full_cube_periodic,connected_same_particle,组3:PAIR:r94:r119,组3,cylinder_contact,r94,r119,94,119,,组3_full_cube_periodic_P0092,组3_full_cube_periodic_P0115,,,0.0,3.302665447437366e-10,0.0,connected,gap<=1.8,capsule_then_flat_cylinder_gjk,0.0,6,True,2.451526899318176e-12,2.451526899318176e-12,True,,,,,,
B_full_cube_periodic,full_cube_periodic,connected_same_particle,组3:PAIR:r94:r123,组3,cylinder_contact,r94,r123,94,123,,组3_full_cube_periodic_P0092,组3_full_cube_periodic_P0096,,,0.0,3.2882528589770684e-10,0.0,connected,gap<=1.8,capsule_then_flat_cylinder_gjk,0.0,5,True,9.646648066153115e-13,9.646648066153115e-13,True,,,,,,
B_full_cube_periodic,full_cube_periodic,connected_same_particle,组3:PAIR:r94:r134,组3,cylinder_contact,r94,r134,94,134,,组3_full_cube_periodic_P0092,组3_full_cube_periodic_P0110,,,0.0,3.2956469432373986e-10,0.0,connected,gap<=1.8,capsule_then_flat_cylinder_gjk,0.0,5,True,9.374856803373542e-13,9.374856803373542e-13,True,,,,,,
B_full_cube_periodic,full_cube_periodic,connected_same_particle,组3:PAIR:r96:r130,组3,cylinder_contact,r96,r130,96,130,,组3_full_cube_periodic_P0094,组3_full_cube_periodic_P0124,,,0.0,2.6993469433224526e-10,0.0,connected,gap<=1.8,capsule_then_flat_cylinder_gjk,0.0,6,True,1.2710574864626038e-13,1.2710574864626038e-13,True,,,,,,
B_full_cube_periodic,full_cube_periodic,connected_same_particle,组3:PAIR:r96:r183,组3,cylinder_contact,r96,r183,96,183,,组3_full_cube_periodic_P0094,组3_full_cube_periodic_P0162,,,0.0,2.6963183832887953e-10,0.0,connected,gap<=1.8,capsule_then_flat_cylinder_gjk,0.0,5,True,4.856703836433968e-13,4.856703836433968e-13,True,,,,,,
B_full_cube_periodic,full_cube_periodic,connected_same_particle,组3:PAIR:r97:r111,组3,cylinder_contact,r97,r111,97,111,,组3_full_cube_periodic_P0095,组3_full_cube_periodic_P0108,,,0.0,2.938845067991935e-10,0.0,connected,gap<=1.8,capsule_then_flat_cylinder_gjk,0.0,5,True,1.8082998531766482e-12,1.8082998531766482e-12,True,,,,,,
B_full_cube_periodic,full_cube_periodic,connected_same_particle,组3:PAIR:r97:r128,组3,cylinder_contact,r97,r128,97,128,,组3_full_cube_periodic_P0095,组3_full_cube_periodic_P0122,,,0.0,1.482323026214072e-10,0.0,connected,gap<=1.8,capsule_then_flat_cylinder_gjk,0.0,5,True,6.514960105912179e-12,6.514960105912179e-12,True,,,,,,
B_full_cube_periodic,full_cube_periodic,connected_same_particle,组3:PAIR:r99:r192,组3,cylinder_contact,r99,r192,99,192,,组3_full_cube_periodic_P0097,组3_full_cube_periodic_P0169,,,0.0,3.027245418075481e-10,0.0,connected,gap<=1.8,capsule_then_flat_cylinder_gjk,0.0,5,True,9.205299841540664e-13,9.205299841540664e-13,True,,,,,,
B_full_cube_periodic,full_cube_periodic,connected_same_particle,组3:PAIR:r103:r276,组3,cylinder_contact,r103,r276,103,276,,组3_full_cube_periodic_P0100,组3_full_cube_periodic_P0231,,,0.0,1.6091376243116133e-10,0.0,connected,gap<=1.8,capsule_then_flat_cylinder_gjk,0.0,5,True,7.190186943645083e-13,7.190186943645083e-13,True,,,,,,
B_full_cube_periodic,full_cube_periodic,connected_same_particle,组3:PAIR:r105:r251,组3,cylinder_contact,r105,r251,105,251,,组3_full_cube_periodic_P0102,组3_full_cube_periodic_P0212,,,0.0,2.01853438646169e-10,0.0,connected,gap<=1.8,capsule_then_flat_cylinder_gjk,0.0,5,True,5.209785393794664e-13,5.209785393794664e-13,True,,,,,,
B_full_cube_periodic,full_cube_periodic,connected_same_particle,组3:PAIR:r107:r217,组3,cylinder_contact,r107,r217,107,217,,组3_full_cube_periodic_P0104,组3_full_cube_periodic_P0190,,,0.0,3.9632085429811566e-10,0.0,connected,gap<=1.8,capsule_then_flat_cylinder_gjk,0.0,4,True,1.1390866590859189e-12,1.1390866590859189e-12,True,,,,,,
B_full_cube_periodic,full_cube_periodic,connected_same_particle,组3:PAIR:r110:r130,组3,cylinder_contact,r110,r130,110,130,,组3_full_cube_periodic_P0107,组3_full_cube_periodic_P0124,,,0.6696380953875114,0.669638101433795,0.6696380984106531,connected,gap<=1.8,capsule_then_flat_cylinder_gjk,0.6696381011183306,512,False,0.6696381011735096,2.762856499138877e-09,True,,,,,,
B_full_cube_periodic,full_cube_periodic,connected_same_particle,组3:PAIR:r111:r115,组3,cylinder_contact,r111,r115,111,115,,组3_full_cube_periodic_P0108,组3_full_cube_periodic_P0111,,,0.0,2.942220207452614e-10,0.0,connected,gap<=1.8,capsule_then_flat_cylinder_gjk,0.0,4,True,6.233367514443361e-13,6.233367514443361e-13,True,,,,,,
B_full_cube_periodic,full_cube_periodic,connected_same_particle,组3:PAIR:r112:r134,组3,cylinder_contact,r112,r134,112,134,,组3_full_cube_periodic_P0056,组3_full_cube_periodic_P0110,,,0.0,3.56241475281761e-10,0.0,connected,gap<=1.8,capsule_then_flat_cylinder_gjk,0.0,4,True,7.36774916095767e-13,7.36774916095767e-13,True,,,,,,
B_full_cube_periodic,full_cube_periodic,connected_same_particle,组3:PAIR:r117:r137,组3,cylinder_contact,r117,r137,117,137,,组3_full_cube_periodic_P0113,组3_full_cube_periodic_P0103,,,0.0,3.794552966941281e-10,0.0,connected,gap<=1.8,capsule_then_flat_cylinder_gjk,0.0,5,True,4.2537719614005497e-13,4.2537719614005497e-13,True,,,,,,
B_full_cube_periodic,full_cube_periodic,connected_same_particle,组3:PAIR:r119:r166,组3,cylinder_contact,r119,r166,119,166,,组3_full_cube_periodic_P0115,组3_full_cube_periodic_P0148,,,0.0,2.0660564259779076e-10,0.0,connected,gap<=1.8,capsule_then_flat_cylinder_gjk,0.0,4,True,8.098342059535243e-12,8.098342059535243e-12,True,,,,,,
B_full_cube_periodic,full_cube_periodic,connected_same_particle,组3:PAIR:r119:r186,组3,cylinder_contact,r119,r186,119,186,,组3_full_cube_periodic_P0115,组3_full_cube_periodic_P0165,,,0.0,2.0709537867188277e-10,0.0,connected,gap<=1.8,capsule_then_flat_cylinder_gjk,0.0,6,True,9.379164112033322e-13,9.379164112033322e-13,True,,,,,,
B_full_cube_periodic,full_cube_periodic,connected_same_particle,组3:PAIR:r120:r140,组3,cylinder_contact,r120,r140,120,140,,组3_full_cube_periodic_P0116,组3_full_cube_periodic_P0128,,,0.0,2.967317202477125e-10,0.0,connected,gap<=1.8,capsule_then_flat_cylinder_gjk,0.0,4,True,1.1368683772161602e-13,1.1368683772161602e-13,True,,,,,,
B_full_cube_periodic,full_cube_periodic,connected_same_particle,组3:PAIR:r121:r125,组3,cylinder_contact,r121,r125,121,125,,组3_full_cube_periodic_P0117,组3_full_cube_periodic_P0120,,,0.0,4.065400081310672e-10,0.0,connected,gap<=1.8,capsule_then_flat_cylinder_gjk,0.0,5,True,1.256998097431732e-12,1.256998097431732e-12,True,,,,,,
B_full_cube_periodic,full_cube_periodic,connected_same_particle,组3:PAIR:r123:r130,组3,cylinder_contact,r123,r130,123,130,,组3_full_cube_periodic_P0096,组3_full_cube_periodic_P0124,,,0.0,3.1569363569008337e-10,0.0,connected,gap<=1.8,capsule_then_flat_cylinder_gjk,0.0,6,True,1.567064913625725e-12,1.567064913625725e-12,True,,,,,,
B_full_cube_periodic,full_cube_periodic,connected_same_particle,组3:PAIR:r123:r163,组3,cylinder_contact,r123,r163,123,163,,组3_full_cube_periodic_P0096,组3_full_cube_periodic_P0146,,,0.0,3.1559658270769926e-10,0.0,connected,gap<=1.8,capsule_then_flat_cylinder_gjk,0.0,7,True,4.547473508864641e-13,4.547473508864641e-13,True,,,,,,
B_full_cube_periodic,full_cube_periodic,connected_same_particle,组3:PAIR:r126:r163,组3,cylinder_contact,r126,r163,126,163,,组3_full_cube_periodic_P0091,组3_full_cube_periodic_P0146,,,0.0,3.681762968831592e-10,0.0,connected,gap<=1.8,capsule_then_flat_cylinder_gjk,0.0,5,True,5.569494857771083e-13,5.569494857771083e-13,True,,,,,,
B_full_cube_periodic,full_cube_periodic,connected_same_particle,组3:PAIR:r126:r236,组3,cylinder_contact,r126,r236,126,236,,组3_full_cube_periodic_P0091,组3_full_cube_periodic_P0190,,,0.0,3.6822997252685774e-10,0.0,connected,gap<=1.8,capsule_then_flat_cylinder_gjk,0.0,5,True,1.632702903446565e-13,1.632702903446565e-13,True,,,,,,
B_full_cube_periodic,full_cube_periodic,connected_same_particle,组3:PAIR:r133:r158,组3,cylinder_contact,r133,r158,133,158,,组3_full_cube_periodic_P0125,组3_full_cube_periodic_P0141,,,0.0,2.5645532316965793e-10,0.0,connected,gap<=1.8,capsule_then_flat_cylinder_gjk,0.0,4,True,8.987733679556354e-14,8.987733679556354e-14,True,,,,,,
B_full_cube_periodic,full_cube_periodic,connected_same_particle,组3:PAIR:r134:r183,组3,cylinder_contact,r134,r183,134,183,,组3_full_cube_periodic_P0110,组3_full_cube_periodic_P0162,,,0.0,2.8170993678570285e-10,0.0,connected,gap<=1.8,capsule_then_flat_cylinder_gjk,0.0,6,True,1.1138989715542167e-12,1.1138989715542167e-12,True,,,,,,
B_full_cube_periodic,full_cube_periodic,connected_same_particle,组3:PAIR:r135:r171,组3,cylinder_contact,r135,r171,135,171,,组3_full_cube_periodic_P0039,组3_full_cube_periodic_P0048,,,0.0,3.1397551643780504e-10,0.0,connected,gap<=1.8,capsule_then_flat_cylinder_gjk,0.0,5,True,3.1776437161565096e-14,3.1776437161565096e-14,True,,,,,,
B_full_cube_periodic,full_cube_periodic,connected_same_particle,组3:PAIR:r136:r161,组3,cylinder_contact,r136,r161,136,161,,组3_full_cube_periodic_P0088,组3_full_cube_periodic_P0144,,,0.0,3.8791296201352306e-10,0.0,connected,gap<=1.8,capsule_then_flat_cylinder_gjk,0.0,6,True,1.6077746776921858e-13,1.6077746776921858e-13,True,,,,,,
B_full_cube_periodic,full_cube_periodic,connected_same_particle,组3:PAIR:r136:r239,组3,cylinder_contact,r136,r239,136,239,,组3_full_cube_periodic_P0088,组3_full_cube_periodic_P0184,,,0.0,3.8750135889124226e-10,0.0,connected,gap<=1.8,capsule_then_flat_cylinder_gjk,0.0,5,True,4.823324033076557e-13,4.823324033076557e-13,True,,,,,,
B_full_cube_periodic,full_cube_periodic,connected_same_particle,组3:PAIR:r138:r237,组3,cylinder_contact,r138,r237,138,237,,组3_full_cube_periodic_P0126,组3_full_cube_periodic_P0204,,,0.0,2.38309762302247e-10,0.0,connected,gap<=1.8,capsule_then_flat_cylinder_gjk,0.0,5,True,1.4572883336875599e-12,1.4572883336875599e-12,True,,,,,,
B_full_cube_periodic,full_cube_periodic,connected_same_particle,组3:PAIR:r139:r182,组3,cylinder_contact,r139,r182,139,182,,组3_full_cube_periodic_P0127,组3_full_cube_periodic_P0161,,,0.0,1.9621280469889224e-10,0.0,connected,gap<=1.8,capsule_then_flat_cylinder_gjk,0.0,4,True,8.038873388460929e-14,8.038873388460929e-14,True,,,,,,
B_full_cube_periodic,full_cube_periodic,connected_same_particle,组3:PAIR:r139:r188,组3,cylinder_contact,r139,r188,139,188,,组3_full_cube_periodic_P0127,组3_full_cube_periodic_P0167,,,0.0,1.974947238150902e-10,0.0,connected,gap<=1.8,capsule_then_flat_cylinder_gjk,0.0,6,True,3.639754730461873e-13,3.639754730461873e-13,True,,,,,,
B_full_cube_periodic,full_cube_periodic,connected_same_particle,组3:PAIR:r146:r338,组3,cylinder_contact,r146,r338,146,338,,组3_full_cube_periodic_P0130,组3_full_cube_periodic_P0283,,,0.0,1.9700654241512287e-10,0.0,connected,gap<=1.8,capsule_then_flat_cylinder_gjk,0.0,5,True,4.547473508864641e-13,4.547473508864641e-13,True,,,,,,
B_full_cube_periodic,full_cube_periodic,connected_same_particle,组3:PAIR:r148:r162,组3,cylinder_contact,r148,r162,148,162,,组3_full_cube_periodic_P0085,组3_full_cube_periodic_P0145,,,0.0,4.0138241505275145e-10,0.0,connected,gap<=1.8,capsule_then_flat_cylinder_gjk,0.0,5,True,1.1593828079623528e-12,1.1593828079623528e-12,True,,,,,,
B_full_cube_periodic,full_cube_periodic,connected_same_particle,组3:PAIR:r156:r251,组3,cylinder_contact,r156,r251,156,251,,组3_full_cube_periodic_P0139,组3_full_cube_periodic_P0212,,,0.0,2.334041866939208e-10,0.0,connected,gap<=1.8,capsule_then_flat_cylinder_gjk,0.0,5,True,1.1368683772161603e-13,1.1368683772161603e-13,True,,,,,,
B_full_cube_periodic,full_cube_periodic,connected_same_particle,组3:PAIR:r159:r163,组3,cylinder_contact,r159,r163,159,163,,组3_full_cube_periodic_P0142,组3_full_cube_periodic_P0146,,,0.0,2.976863816857135e-10,0.0,connected,gap<=1.8,capsule_then_flat_cylinder_gjk,0.0,5,True,1.2505552149377761e-12,1.2505552149377761e-12,True,,,,,,
B_full_cube_periodic,full_cube_periodic,connected_same_particle,组3:PAIR:r159:r197,组3,cylinder_contact,r159,r197,159,197,,组3_full_cube_periodic_P0142,组3_full_cube_periodic_P0166,,,0.0,2.919374556727555e-10,0.0,connected,gap<=1.8,capsule_then_flat_cylinder_gjk,0.0,4,True,9.812236146964348e-11,9.812236146964348e-11,True,,,,,,
B_full_cube_periodic,full_cube_periodic,connected_same_particle,组3:PAIR:r160:r209,组3,cylinder_contact,r160,r209,160,209,,组3_full_cube_periodic_P0143,组3_full_cube_periodic_P0183,,,0.0,2.8550548753148186e-10,0.0,connected,gap<=1.8,capsule_then_flat_cylinder_gjk,0.0,4,True,1.2834101332393602e-13,1.2834101332393602e-13,True,,,,,,
B_full_cube_periodic,full_cube_periodic,connected_same_particle,组3:PAIR:r161:r239,组3,cylinder_contact,r161,r239,161,239,,组3_full_cube_periodic_P0144,组3_full_cube_periodic_P0184,,,0.0,3.623870043462374e-10,0.0,connected,gap<=1.8,capsule_then_flat_cylinder_gjk,0.0,7,True,1.140188868083145e-11,1.140188868083145e-11,True,,,,,,
B_full_cube_periodic,full_cube_periodic,connected_same_particle,组3:PAIR:r162:r192,组3,cylinder_contact,r162,r192,162,192,,组3_full_cube_periodic_P0145,组3_full_cube_periodic_P0169,,,0.0,3.1407369772378633e-10,0.0,connected,gap<=1.8,capsule_then_flat_cylinder_gjk,0.0,4,True,2.604892696897332e-13,2.604892696897332e-13,True,,,,,,
B_full_cube_periodic,full_cube_periodic,connected_same_particle,组3:PAIR:r164:r178,组3,cylinder_contact,r164,r178,164,178,,组3_full_cube_periodic_P0138,组3_full_cube_periodic_P0158,,,0.0,3.258441145259948e-10,0.0,connected,gap<=1.8,capsule_then_flat_cylinder_gjk,0.0,6,True,3.938227581713539e-13,3.938227581713539e-13,True,,,,,,
B_full_cube_periodic,full_cube_periodic,connected_same_particle,组3:PAIR:r167:r211,组3,cylinder_contact,r167,r211,167,211,,组3_full_cube_periodic_P0149,组3_full_cube_periodic_P0076,,,0.0,3.349077392926414e-10,0.0,connected,gap<=1.8,capsule_then_flat_cylinder_gjk,0.0,4,True,3.457613971339155e-11,3.457613971339155e-11,True,,,,,,
B_full_cube_periodic,full_cube_periodic,connected_same_particle,组3:PAIR:r169:r175,组3,cylinder_contact,r169,r175,169,175,,组3_full_cube_periodic_P0151,组3_full_cube_periodic_P0131,,,0.0,3.680848773732284e-10,0.0,connected,gap<=1.8,capsule_then_flat_cylinder_gjk,0.0,5,True,5.209785393794665e-13,5.209785393794665e-13,True,,,,,,
B_full_cube_periodic,full_cube_periodic,connected_same_particle,组3:PAIR:r172:r195,组3,cylinder_contact,r172,r195,172,195,,组3_full_cube_periodic_P0153,组3_full_cube_periodic_P0172,,,0.0,2.61479058754282e-10,0.0,connected,gap<=1.8,capsule_then_flat_cylinder_gjk,0.0,4,True,7.731540852509763e-13,7.731540852509763e-13,True,,,,,,
B_full_cube_periodic,full_cube_periodic,connected_same_particle,组3:PAIR:r172:r357,组3,cylinder_contact,r172,r357,172,357,,组3_full_cube_periodic_P0153,组3_full_cube_periodic_P0234,,,0.0,2.544085043819076e-10,0.0,connected,gap<=1.8,capsule_then_flat_cylinder_gjk,0.0,5,True,1.0267281065914884e-12,1.0267281065914884e-12,True,,,,,,
B_full_cube_periodic,full_cube_periodic,connected_same_particle,组3:PAIR:r174:r318,组3,cylinder_contact,r174,r318,174,318,,组3_full_cube_periodic_P0155,组3_full_cube_periodic_P0264,,,0.6787506345906529,0.6787506392934962,0.6787506369420746,connected,gap<=1.8,capsule_then_flat_cylinder_gjk,0.6787506389011781,512,False,0.6787506392675574,2.325482806320167e-09,True,,,,,,
B_full_cube_periodic,full_cube_periodic,connected_same_particle,组3:PAIR:r176:r211,组3,cylinder_contact,r176,r211,176,211,,组3_full_cube_periodic_P0156,组3_full_cube_periodic_P0076,,,0.0,3.262679948635211e-10,0.0,connected,gap<=1.8,capsule_then_flat_cylinder_gjk,0.0,5,True,9.099386826154683e-13,9.099386826154683e-13,True,,,,,,
B_full_cube_periodic,full_cube_periodic,connected_same_particle,组3:PAIR:r178:r198,组3,cylinder_contact,r178,r198,178,198,,组3_full_cube_periodic_P0158,组3_full_cube_periodic_P0174,,,0.0,2.1286491858327163e-10,0.0,connected,gap<=1.8,capsule_then_flat_cylinder_gjk,0.0,4,True,6.355287432313019e-14,6.355287432313019e-14,True,,,,,,
B_full_cube_periodic,full_cube_periodic,connected_same_particle,组3:PAIR:r179:r183,组3,cylinder_contact,r179,r183,179,183,,组3_full_cube_periodic_P0159,组3_full_cube_periodic_P0162,,,0.0,2.2523409545231027e-10,0.0,connected,gap<=1.8,capsule_then_flat_cylinder_gjk,0.0,6,True,1.686439916067154e-11,1.686439916067154e-11,True,,,,,,
B_full_cube_periodic,full_cube_periodic,connected_same_particle,组3:PAIR:r180:r201,组3,cylinder_contact,r180,r201,180,201,,组3_full_cube_periodic_P0160,组3_full_cube_periodic_P0175,,,0.0,4.152474931634385e-10,0.0,connected,gap<=1.8,capsule_then_flat_cylinder_gjk,0.0,4,True,2.2737367544323203e-13,2.2737367544323203e-13,True,,,,,,
B_full_cube_periodic,full_cube_periodic,connected_same_particle,组3:PAIR:r182:r225,组3,cylinder_contact,r182,r225,182,225,,组3_full_cube_periodic_P0161,组3_full_cube_periodic_P0197,,,0.0,2.131470492514262e-10,0.0,connected,gap<=1.8,capsule_then_flat_cylinder_gjk,0.0,4,True,3.938227581713539e-13,3.938227581713539e-13,True,,,,,,
B_full_cube_periodic,full_cube_periodic,connected_same_particle,组3:PAIR:r182:r279,组3,cylinder_contact,r182,r279,182,279,,组3_full_cube_periodic_P0161,组3_full_cube_periodic_P0234,,,0.0,2.2887915767778175e-10,0.0,connected,gap<=1.8,capsule_then_flat_cylinder_gjk,0.0,5,True,7.447483735586253e-10,7.447483735586253e-10,True,,,,,,
B_full_cube_periodic,full_cube_periodic,connected_same_particle,组3:PAIR:r188:r225,组3,cylinder_contact,r188,r225,188,225,,组3_full_cube_periodic_P0167,组3_full_cube_periodic_P0197,,,0.0,2.1369379884965107e-10,0.0,connected,gap<=1.8,capsule_then_flat_cylinder_gjk,0.0,5,True,7.36774916095767e-13,7.36774916095767e-13,True,,,,,,
B_full_cube_periodic,full_cube_periodic,connected_same_particle,组3:PAIR:r188:r286,组3,cylinder_contact,r188,r286,188,286,,组3_full_cube_periodic_P0167,组3_full_cube_periodic_P0240,,,0.0,1.7356942236517622e-10,0.0,connected,gap<=1.8,capsule_then_flat_cylinder_gjk,0.0,5,True,1.1368683772161605e-12,1.1368683772161605e-12,True,,,,,,
B_full_cube_periodic,full_cube_periodic,connected_same_particle,组3:PAIR:r190:r197,组3,cylinder_contact,r190,r197,190,197,,组3_full_cube_periodic_P0168,组3_full_cube_periodic_P0166,,,0.0,2.852692715541051e-10,0.0,connected,gap<=1.8,capsule_then_flat_cylinder_gjk,0.0,5,True,1.2710574864626038e-13,1.2710574864626038e-13,True,,,,,,
B_full_cube_periodic,full_cube_periodic,connected_same_particle,组3:PAIR:r205:r218,组3,cylinder_contact,r205,r218,205,218,,组3_full_cube_periodic_P0179,组3_full_cube_periodic_P0191,,,0.0,1.8071373931148645e-10,0.0,connected,gap<=1.8,capsule_then_flat_cylinder_gjk,0.0,6,True,1.6043167557196118e-12,1.6043167557196118e-12,True,,,,,,
B_full_cube_periodic,full_cube_periodic,connected_same_particle,组3:PAIR:r205:r287,组3,cylinder_contact,r205,r287,205,287,,组3_full_cube_periodic_P0179,组3_full_cube_periodic_P0241,,,0.0,1.8041168995357442e-10,0.0,connected,gap<=1.8,capsule_then_flat_cylinder_gjk,0.0,5,True,5.82471714435519e-13,5.82471714435519e-13,True,,,,,,
B_full_cube_periodic,full_cube_periodic,connected_same_particle,组3:PAIR:r208:r305,组3,cylinder_contact,r208,r305,208,305,,组3_full_cube_periodic_P0182,组3_full_cube_periodic_P0256,,,1.7786710844844462,1.7786710872937999,1.778671085889123,connected,gap<=1.8,capsule_then_flat_cylinder_gjk,1.7786710871068863,12,False,1.778671087142672,1.2535490423459805e-09,True,,,,,,
B_full_cube_periodic,full_cube_periodic,connected_same_particle,组3:PAIR:r213:r287,组3,cylinder_contact,r213,r287,213,287,,组3_full_cube_periodic_P0186,组3_full_cube_periodic_P0241,,,0.0,1.8930594595804609e-10,0.0,connected,gap<=1.8,capsule_then_flat_cylinder_gjk,0.0,4,True,5.362597410144533e-13,5.362597410144533e-13,True,,,,,,
B_full_cube_periodic,full_cube_periodic,connected_same_particle,组3:PAIR:r213:r364,组3,cylinder_contact,r213,r364,213,364,,组3_full_cube_periodic_P0186,组3_full_cube_periodic_P0289,,,0.0,2.1663299905383626e-10,0.0,connected,gap<=1.8,capsule_then_flat_cylinder_gjk,0.0,5,True,2.49399488080602e-13,2.49399488080602e-13,True,,,,,,
B_full_cube_periodic,full_cube_periodic,connected_same_particle,组3:PAIR:r218:r266,组3,cylinder_contact,r218,r266,218,266,,组3_full_cube_periodic_P0191,组3_full_cube_periodic_P0223,,,0.0,1.685150038897927e-10,0.0,connected,gap<=1.8,capsule_then_flat_cylinder_gjk,0.0,6,True,1.7053025658242404e-13,1.7053025658242404e-13,True,,,,,,
B_full_cube_periodic,full_cube_periodic,connected_same_particle,组3:PAIR:r218:r287,组3,cylinder_contact,r218,r287,218,287,,组3_full_cube_periodic_P0191,组3_full_cube_periodic_P0241,,,0.0,1.6388461110316699e-10,0.0,connected,gap<=1.8,capsule_then_flat_cylinder_gjk,0.0,6,True,2.2737367544323206e-13,2.2737367544323206e-13,True,,,,,,
B_full_cube_periodic,full_cube_periodic,connected_same_particle,组3:PAIR:r218:r353,组3,cylinder_contact,r218,r353,218,353,,组3_full_cube_periodic_P0191,组3_full_cube_periodic_P0296,,,0.0,2.3341933865593414e-10,0.0,connected,gap<=1.8,capsule_then_flat_cylinder_gjk,0.0,5,True,4.151126638648695e-12,4.151126638648695e-12,True,,,,,,
B_full_cube_periodic,full_cube_periodic,connected_same_particle,组3:PAIR:r223:r301,组3,cylinder_contact,r223,r301,223,301,,组3_full_cube_periodic_P0195,组3_full_cube_periodic_P0253,,,0.0,1.9295238210326363e-10,0.0,connected,gap<=1.8,capsule_then_flat_cylinder_gjk,0.0,6,True,1.628063766540671e-09,1.628063766540671e-09,True,,,,,,
B_full_cube_periodic,full_cube_periodic,connected_same_particle,组3:PAIR:r225:r319,组3,cylinder_contact,r225,r319,225,319,,组3_full_cube_periodic_P0197,组3_full_cube_periodic_P0265,,,0.0,2.375253215042492e-10,0.0,connected,gap<=1.8,capsule_then_flat_cylinder_gjk,0.0,5,True,5.084229945850415e-13,5.084229945850415e-13,True,,,,,,
B_full_cube_periodic,full_cube_periodic,connected_same_particle,组3:PAIR:r226:r240,组3,cylinder_contact,r226,r240,226,240,,组3_full_cube_periodic_P0198,组3_full_cube_periodic_P0206,,,0.0,2.396214031971352e-10,0.0,connected,gap<=1.8,capsule_then_flat_cylinder_gjk,0.0,6,True,1.212844625419613e-12,1.212844625419613e-12,True,,,,,,
B_full_cube_periodic,full_cube_periodic,connected_same_particle,组3:PAIR:r227:r273,组3,cylinder_contact,r227,r273,227,273,,组3_full_cube_periodic_P0199,组3_full_cube_periodic_P0230,,,0.0,2.9168753663635964e-10,0.0,connected,gap<=1.8,capsule_then_flat_cylinder_gjk,0.0,4,True,2.5579538487363607e-13,2.5579538487363607e-13,True,,,,,,
B_full_cube_periodic,full_cube_periodic,connected_same_particle,组3:PAIR:r227:r297,组3,cylinder_contact,r227,r297,227,297,,组3_full_cube_periodic_P0199,组3_full_cube_periodic_P0250,,,0.0,2.923306465074365e-10,0.0,connected,gap<=1.8,capsule_then_flat_cylinder_gjk,0.0,4,True,1.632702903446565e-13,1.632702903446565e-13,True,,,,,,
B_full_cube_periodic,full_cube_periodic,connected_same_particle,组3:PAIR:r229:r283,组3,cylinder_contact,r229,r283,229,283,,组3_full_cube_periodic_P0135,组3_full_cube_periodic_P0238,,,0.0,2.9094623998356114e-10,0.0,connected,gap<=1.8,capsule_then_flat_cylinder_gjk,0.0,4,True,4.617981178760124e-13,4.617981178760124e-13,True,,,,,,
B_full_cube_periodic,full_cube_periodic,connected_same_particle,组3:PAIR:r235:r323,组3,cylinder_contact,r235,r323,235,323,,组3_full_cube_periodic_P0205,组3_full_cube_periodic_P0269,,,0.0,3.0650279439901365e-10,0.0,connected,gap<=1.8,capsule_then_flat_cylinder_gjk,0.0,6,True,7.626344918775623e-13,7.626344918775623e-13,True,,,,,,
B_full_cube_periodic,full_cube_periodic,connected_same_particle,组3:PAIR:r235:r364,组3,cylinder_contact,r235,r364,235,364,,组3_full_cube_periodic_P0205,组3_full_cube_periodic_P0289,,,0.0,2.532451079585132e-10,0.0,connected,gap<=1.8,capsule_then_flat_cylinder_gjk,0.0,5,True,3.215549355384371e-13,3.215549355384371e-13,True,,,,,,
B_full_cube_periodic,full_cube_periodic,connected_same_particle,组3:PAIR:r240:r316,组3,cylinder_contact,r240,r316,240,316,,组3_full_cube_periodic_P0206,组3_full_cube_periodic_P0263,,,0.0,2.209260186921251e-10,0.0,connected,gap<=1.8,capsule_then_flat_cylinder_gjk,0.0,6,True,1.1457157353758233e-13,1.1457157353758233e-13,True,,,,,,
B_full_cube_periodic,full_cube_periodic,connected_same_particle,组3:PAIR:r240:r389,组3,cylinder_contact,r240,r389,240,389,,组3_full_cube_periodic_P0206,组3_full_cube_periodic_P0318,,,0.0,2.685357951485943e-10,0.0,connected,gap<=1.8,capsule_then_flat_cylinder_gjk,0.0,5,True,3.5950934718225415e-13,3.5950934718225415e-13,True,,,,,,
B_full_cube_periodic,full_cube_periodic,connected_same_particle,组3:PAIR:r244:r248,组3,cylinder_contact,r244,r248,244,248,,组3_full_cube_periodic_P0208,组3_full_cube_periodic_P0163,,,0.0,2.9305337103152396e-10,0.0,connected,gap<=1.8,capsule_then_flat_cylinder_gjk,0.0,6,True,6.278560827688159e-13,6.278560827688159e-13,True,,,,,,
B_full_cube_periodic,full_cube_periodic,connected_same_particle,组3:PAIR:r244:r254,组3,cylinder_contact,r244,r254,244,254,,组3_full_cube_periodic_P0208,组3_full_cube_periodic_P0180,,,0.0,2.9623390581094036e-10,0.0,connected,gap<=1.8,capsule_then_flat_cylinder_gjk,0.0,4,True,7.78360568894479e-14,7.78360568894479e-14,True,,,,,,
B_full_cube_periodic,full_cube_periodic,connected_same_particle,组3:PAIR:r248:r254,组3,cylinder_contact,r248,r254,248,254,,组3_full_cube_periodic_P0163,组3_full_cube_periodic_P0180,,,0.0,2.9551367933102037e-10,0.0,connected,gap<=1.8,capsule_then_flat_cylinder_gjk,0.0,4,True,7.279509460923747e-13,7.279509460923747e-13,True,,,,,,
B_full_cube_periodic,full_cube_periodic,connected_same_particle,组3:PAIR:r251:r266,组3,cylinder_contact,r251,r266,251,266,,组3_full_cube_periodic_P0212,组3_full_cube_periodic_P0223,,,0.0,1.824541306788274e-10,0.0,connected,gap<=1.8,capsule_then_flat_cylinder_gjk,0.0,4,True,3.410605131648481e-13,3.410605131648481e-13,True,,,,,,
B_full_cube_periodic,full_cube_periodic,connected_same_particle,组3:PAIR:r251:r274,组3,cylinder_contact,r251,r274,251,274,,组3_full_cube_periodic_P0212,组3_full_cube_periodic_P0147,,,0.0,2.607521111882691e-10,0.0,connected,gap<=1.8,capsule_then_flat_cylinder_gjk,0.0,4,True,8.354242286656624e-13,8.354242286656624e-13,True,,,,,,
B_full_cube_periodic,full_cube_periodic,connected_same_particle,组3:PAIR:r257:r291,组3,cylinder_contact,r257,r291,257,291,,组3_full_cube_periodic_P0217,组3_full_cube_periodic_P0245,,,0.0,2.0842647623098825e-10,0.0,connected,gap<=1.8,capsule_then_flat_cylinder_gjk,0.0,5,True,7.031142602530156e-13,7.031142602530156e-13,True,,,,,,
B_full_cube_periodic,full_cube_periodic,connected_same_particle,组3:PAIR:r257:r315,组3,cylinder_contact,r257,r315,257,315,,组3_full_cube_periodic_P0217,组3_full_cube_periodic_P0262,,,0.0,1.8671020428083936e-10,0.0,connected,gap<=1.8,capsule_then_flat_cylinder_gjk,0.0,5,True,3.177643716156509e-13,3.177643716156509e-13,True,,,,,,
B_full_cube_periodic,full_cube_periodic,connected_same_particle,组3:PAIR:r259:r330,组3,cylinder_contact,r259,r330,259,330,,组3_full_cube_periodic_P0218,组3_full_cube_periodic_P0276,,,0.0,1.4511157245606337e-10,0.0,connected,gap<=1.8,capsule_then_flat_cylinder_gjk,0.0,6,True,9.25343817704044e-13,9.25343817704044e-13,True,,,,,,
B_full_cube_periodic,full_cube_periodic,connected_same_particle,组3:PAIR:r262:r423,组3,cylinder_contact,r262,r423,262,423,,组3_full_cube_periodic_P0220,组3_full_cube_periodic_P0335,,,0.0,2.1765580931130912e-10,0.0,connected,gap<=1.8,capsule_then_flat_cylinder_gjk,0.0,5,True,9.54563326089707e-13,9.54563326089707e-13,True,,,,,,
B_full_cube_periodic,full_cube_periodic,connected_same_particle,组3:PAIR:r265:r278,组3,cylinder_contact,r265,r278,265,278,,组3_full_cube_periodic_P0185,组3_full_cube_periodic_P0233,,,0.0,2.9801955429294825e-10,0.0,connected,gap<=1.8,capsule_then_flat_cylinder_gjk,0.0,4,True,1.4210854715202004e-14,1.4210854715202004e-14,True,,,,,,
B_full_cube_periodic,full_cube_periodic,connected_same_particle,组3:PAIR:r267:r414,组3,cylinder_contact,r267,r414,267,414,,组3_full_cube_periodic_P0224,组3_full_cube_periodic_P0326,,,0.0,3.56267730543135e-10,0.0,connected,gap<=1.8,capsule_then_flat_cylinder_gjk,0.0,5,True,1.392373714442771e-13,1.392373714442771e-13,True,,,,,,
B_full_cube_periodic,full_cube_periodic,connected_same_particle,组3:PAIR:r269:r317,组3,cylinder_contact,r269,r317,269,317,,组3_full_cube_periodic_P0226,组3_full_cube_periodic_P0198,,,0.0,2.698550043861707e-10,0.0,connected,gap<=1.8,capsule_then_flat_cylinder_gjk,0.0,6,True,4.591667681496436e-13,4.591667681496436e-13,True,,,,,,
B_full_cube_periodic,full_cube_periodic,connected_same_particle,组3:PAIR:r275:r296,组3,cylinder_contact,r275,r296,275,296,,组3_full_cube_periodic_P0216,组3_full_cube_periodic_P0249,,,0.0,2.5016335154441323e-10,0.0,connected,gap<=1.8,capsule_then_flat_cylinder_gjk,0.0,5,True,6.915300366811402e-13,6.915300366811402e-13,True,,,,,,
B_full_cube_periodic,full_cube_periodic,connected_same_particle,组3:PAIR:r278:r302,组3,cylinder_contact,r278,r302,278,302,,组3_full_cube_periodic_P0233,组3_full_cube_periodic_P0230,,,0.0,3.705586404203881e-10,0.0,connected,gap<=1.8,capsule_then_flat_cylinder_gjk,0.0,5,True,4.602649920770332e-13,4.602649920770332e-13,True,,,,,,
B_full_cube_periodic,full_cube_periodic,connected_same_particle,组3:PAIR:r279:r319,组3,cylinder_contact,r279,r319,279,319,,组3_full_cube_periodic_P0234,组3_full_cube_periodic_P0265,,,0.0,2.3757270128329836e-10,0.0,connected,gap<=1.8,capsule_then_flat_cylinder_gjk,0.0,4,True,2.8421709430404007e-13,2.8421709430404007e-13,True,,,,,,
B_full_cube_periodic,full_cube_periodic,connected_same_particle,组3:PAIR:r280:r308,组3,cylinder_contact,r280,r308,280,308,,组3_full_cube_periodic_P0235,组3_full_cube_periodic_P0258,,,0.0,2.5829724083158627e-10,0.0,connected,gap<=1.8,capsule_then_flat_cylinder_gjk,0.0,6,True,1.4559018921847493e-12,1.4559018921847493e-12,True,,,,,,
B_full_cube_periodic,full_cube_periodic,connected_same_particle,组3:PAIR:r285:r294,组3,cylinder_contact,r285,r294,285,294,,组3_full_cube_periodic_P0177,组3_full_cube_periodic_P0247,,,0.0,3.177437386588334e-10,0.0,connected,gap<=1.8,capsule_then_flat_cylinder_gjk,0.0,5,True,1.449228509952941e-13,1.449228509952941e-13,True,,,,,,
B_full_cube_periodic,full_cube_periodic,connected_same_particle,组3:PAIR:r295:r451,组3,cylinder_contact,r295,r451,295,451,,组3_full_cube_periodic_P0248,组3_full_cube_periodic_P0344,,,1.4529593453894278,1.452959348626191,1.4529593470078095,connected,gap<=1.8,capsule_then_flat_cylinder_gjk,1.4529593482501113,11,False,1.4529593482498315,1.2420220407705074e-09,True,,,,,,
B_full_cube_periodic,full_cube_periodic,connected_same_particle,组3:PAIR:r297:r438,组3,cylinder_contact,r297,r438,297,438,,组3_full_cube_periodic_P0250,组3_full_cube_periodic_P0340,,,0.0,3.2335519616026216e-10,0.0,connected,gap<=1.8,capsule_then_flat_cylinder_gjk,0.0,4,True,8.507543922801099e-13,8.507543922801099e-13,True,,,,,,
B_full_cube_periodic,full_cube_periodic,connected_same_particle,组3:PAIR:r305:r330,组3,cylinder_contact,r305,r330,305,330,,组3_full_cube_periodic_P0256,组3_full_cube_periodic_P0276,,,0.0,1.5107499996738364e-10,0.0,connected,gap<=1.8,capsule_then_flat_cylinder_gjk,0.0,4,True,7.190186943645083e-13,7.190186943645083e-13,True,,,,,,
B_full_cube_periodic,full_cube_periodic,connected_same_particle,组3:PAIR:r307:r481,组3,cylinder_contact,r307,r481,307,481,,组3_full_cube_periodic_P0257,组3_full_cube_periodic_P0055,,,0.0,2.4618112744401226e-10,0.0,connected,gap<=1.8,capsule_then_flat_cylinder_gjk,0.0,5,True,9.166827466555184e-13,9.166827466555184e-13,True,,,,,,
B_full_cube_periodic,full_cube_periodic,connected_same_particle,组3:PAIR:r310:r319,组3,cylinder_contact,r310,r319,310,319,,组3_full_cube_periodic_P0247,组3_full_cube_periodic_P0265,,,0.0,2.367455331942225e-10,0.0,connected,gap<=1.8,capsule_then_flat_cylinder_gjk,0.0,4,True,2.1457920056692358e-13,2.1457920056692358e-13,True,,,,,,
B_full_cube_periodic,full_cube_periodic,connected_same_particle,组3:PAIR:r311:r398,组3,cylinder_contact,r311,r398,311,398,,组3_full_cube_periodic_P0259,组3_full_cube_periodic_P0322,,,0.0,2.669711402285452e-10,0.0,connected,gap<=1.8,capsule_then_flat_cylinder_gjk,0.0,4,True,4.687428401686771e-13,4.687428401686771e-13,True,,,,,,
B_full_cube_periodic,full_cube_periodic,connected_same_particle,组3:PAIR:r313:r380,组3,cylinder_contact,r313,r380,313,380,,组3_full_cube_periodic_P0260,组3_full_cube_periodic_P0311,,,0.0,3.1414922605195625e-10,0.0,connected,gap<=1.8,capsule_then_flat_cylinder_gjk,0.0,5,True,2.2422549276730047e-12,2.2422549276730047e-12,True,,,,,,
B_full_cube_periodic,full_cube_periodic,connected_same_particle,组3:PAIR:r318:r323,组3,cylinder_contact,r318,r323,318,323,,组3_full_cube_periodic_P0264,组3_full_cube_periodic_P0269,,,0.0,3.063186714432367e-10,0.0,connected,gap<=1.8,capsule_then_flat_cylinder_gjk,0.0,5,True,5.209785393794664e-13,5.209785393794664e-13,True,,,,,,
B_full_cube_periodic,full_cube_periodic,connected_same_particle,组3:PAIR:r320:r341,组3,cylinder_contact,r320,r341,320,341,,组3_full_cube_periodic_P0266,组3_full_cube_periodic_P0286,,,0.0,1.4312323574856354e-10,0.0,connected,gap<=1.8,capsule_then_flat_cylinder_gjk,0.0,5,True,8.921056211695389e-11,8.921056211695389e-11,True,,,,,,
B_full_cube_periodic,full_cube_periodic,connected_same_particle,组3:PAIR:r320:r486,组3,cylinder_contact,r320,r486,320,486,,组3_full_cube_periodic_P0266,组3_full_cube_periodic_P0354,,,1.2065018440911464,1.2065018445999443,1.2065018443455453,connected,gap<=1.8,capsule_then_flat_cylinder_gjk,0.0,36,True,1.2065018443719102,2.6364910254983442e-11,True,,,,,,
B_full_cube_periodic,full_cube_periodic,connected_same_particle,组3:PAIR:r322:r326,组3,cylinder_contact,r322,r326,322,326,,组3_full_cube_periodic_P0268,组3_full_cube_periodic_P0272,,,0.0,1.4257706489324667e-10,0.0,connected,gap<=1.8,capsule_then_flat_cylinder_gjk,0.0,5,True,9.235962357520249e-13,9.235962357520249e-13,True,,,,,,
B_full_cube_periodic,full_cube_periodic,connected_same_particle,组3:PAIR:r322:r330,组3,cylinder_contact,r322,r330,322,330,,组3_full_cube_periodic_P0268,组3_full_cube_periodic_P0276,,,0.0,1.4497795171338934e-10,0.0,connected,gap<=1.8,capsule_then_flat_cylinder_gjk,0.0,4,True,4.687428401686771e-13,4.687428401686771e-13,True,,,,,,
B_full_cube_periodic,full_cube_periodic,connected_same_particle,组3:PAIR:r325:r375,组3,cylinder_contact,r325,r375,325,375,,组3_full_cube_periodic_P0271,组3_full_cube_periodic_P0308,,,0.0,1.6234731147628353e-10,0.0,connected,gap<=1.8,capsule_then_flat_cylinder_gjk,0.0,5,True,2.2737367544323206e-13,2.2737367544323206e-13,True,,,,,,
B_full_cube_periodic,full_cube_periodic,connected_same_particle,组3:PAIR:r326:r330,组3,cylinder_contact,r326,r330,326,330,,组3_full_cube_periodic_P0272,组3_full_cube_periodic_P0276,,,0.0,1.5469338570899601e-10,0.0,connected,gap<=1.8,capsule_then_flat_cylinder_gjk,0.0,4,True,3.9382275817135387e-13,3.9382275817135387e-13,True,,,,,,
B_full_cube_periodic,full_cube_periodic,connected_same_particle,组3:PAIR:r340:r400,组3,cylinder_contact,r340,r400,340,400,,组3_full_cube_periodic_P0285,组3_full_cube_periodic_P0017,,,0.0,3.684163832082509e-10,0.0,connected,gap<=1.8,capsule_then_flat_cylinder_gjk,0.0,4,True,9.205299841540664e-13,9.205299841540664e-13,True,,,,,,
B_full_cube_periodic,full_cube_periodic,connected_same_particle,组3:PAIR:r342:r343,组3,cylinder_contact,r342,r343,342,343,,组3_full_cube_periodic_P0287,组3_full_cube_periodic_P0288,,,0.0,2.400318333864524e-10,0.0,connected,gap<=1.8,capsule_then_flat_cylinder_gjk,0.0,4,True,1.1138989715542167e-12,1.1138989715542167e-12,True,,,,,,
B_full_cube_periodic,full_cube_periodic,connected_same_particle,组3:PAIR:r345:r355,组3,cylinder_contact,r345,r355,345,355,,组3_full_cube_periodic_P0290,组3_full_cube_periodic_P0298,,,0.0,2.3640777920416116e-10,0.0,connected,gap<=1.8,capsule_then_flat_cylinder_gjk,0.0,5,True,1.2912342630898533e-12,1.2912342630898533e-12,True,,,,,,
B_full_cube_periodic,full_cube_periodic,connected_same_particle,组3:PAIR:r345:r386,组3,cylinder_contact,r345,r386,345,386,,组3_full_cube_periodic_P0290,组3_full_cube_periodic_P0316,,,0.0,2.358393450155531e-10,0.0,connected,gap<=1.8,capsule_then_flat_cylinder_gjk,0.0,4,True,4.749984274667112e-10,4.749984274667112e-10,True,,,,,,
B_full_cube_periodic,full_cube_periodic,connected_same_particle,组3:PAIR:r349:r369,组3,cylinder_contact,r349,r369,349,369,,组3_full_cube_periodic_P0293,组3_full_cube_periodic_P0305,,,0.0,2.47756972998614e-10,0.0,connected,gap<=1.8,capsule_then_flat_cylinder_gjk,0.0,6,True,6.967667714054224e-13,6.967667714054224e-13,True,,,,,,
B_full_cube_periodic,full_cube_periodic,connected_same_particle,组3:PAIR:r349:r397,组3,cylinder_contact,r349,r397,349,397,,组3_full_cube_periodic_P0293,组3_full_cube_periodic_P0304,,,0.0,2.6031819486092913e-10,0.0,connected,gap<=1.8,capsule_then_flat_cylinder_gjk,0.0,4,True,4.238933840384142e-12,4.238933840384142e-12,True,,,,,,
B_full_cube_periodic,full_cube_periodic,connected_same_particle,组3:PAIR:r353:r453,组3,cylinder_contact,r353,r453,353,453,,组3_full_cube_periodic_P0296,组3_full_cube_periodic_P0345,,,0.0,2.5768936463731633e-10,0.0,connected,gap<=1.8,capsule_then_flat_cylinder_gjk,0.0,4,True,2.0495186137532014e-13,2.0495186137532014e-13,True,,,,,,
B_full_cube_periodic,full_cube_periodic,connected_same_particle,组3:PAIR:r354:r358,组3,cylinder_contact,r354,r358,354,358,,组3_full_cube_periodic_P0297,组3_full_cube_periodic_P0176,,,0.0,2.775583005623495e-10,0.0,connected,gap<=1.8,capsule_then_flat_cylinder_gjk,0.0,5,True,1.7975467359112708e-13,1.7975467359112708e-13,True,,,,,,
B_full_cube_periodic,full_cube_periodic,connected_same_particle,组3:PAIR:r359:r360,组3,cylinder_contact,r359,r360,359,360,,组3_full_cube_periodic_P0299,组3_full_cube_periodic_P0300,,,0.0,2.456481369825429e-10,0.0,connected,gap<=1.8,capsule_then_flat_cylinder_gjk,0.0,4,True,0.0,0.0,True,,,,,,
B_full_cube_periodic,full_cube_periodic,connected_same_particle,组3:PAIR:r369:r430,组3,cylinder_contact,r369,r430,369,430,,组3_full_cube_periodic_P0305,组3_full_cube_periodic_P0038,,,0.0,2.613156070377339e-10,0.0,connected,gap<=1.8,capsule_then_flat_cylinder_gjk,0.0,5,True,5.6843418860808e-13,5.6843418860808e-13,True,,,,,,
B_full_cube_periodic,full_cube_periodic,connected_same_particle,组3:PAIR:r379:r502,组3,cylinder_contact,r379,r502,379,502,,组3_full_cube_periodic_P0310,组3_full_cube_periodic_P0053,,,0.0,3.396179140685914e-10,0.0,connected,gap<=1.8,capsule_then_flat_cylinder_gjk,0.0,5,True,4.687428401686771e-13,4.687428401686771e-13,True,,,,,,
B_full_cube_periodic,full_cube_periodic,connected_same_particle,组3:PAIR:r381:r390,组3,cylinder_contact,r381,r390,381,390,,组3_full_cube_periodic_P0312,组3_full_cube_periodic_P0078,,,0.0,3.2983939788742185e-10,0.0,connected,gap<=1.8,capsule_then_flat_cylinder_gjk,0.0,4,True,2.4290171290001005e-12,2.4290171290001005e-12,True,,,,,,
B_full_cube_periodic,full_cube_periodic,connected_same_particle,组3:PAIR:r382:r481,组3,cylinder_contact,r382,r481,382,481,,组3_full_cube_periodic_P0313,组3_full_cube_periodic_P0055,,,0.0,2.4624864434485803e-10,0.0,connected,gap<=1.8,capsule_then_flat_cylinder_gjk,0.0,5,True,7.279509460923745e-13,7.279509460923745e-13,True,,,,,,
B_full_cube_periodic,full_cube_periodic,connected_same_particle,组3:PAIR:r384:r395,组3,cylinder_contact,r384,r395,384,395,,组3_full_cube_periodic_P0314,组3_full_cube_periodic_P0015,,,0.0,3.2483848930774674e-10,0.0,connected,gap<=1.8,capsule_then_flat_cylinder_gjk,0.0,6,True,6.12222357532858e-13,6.12222357532858e-13,True,,,,,,
B_full_cube_periodic,full_cube_periodic,connected_same_particle,组3:PAIR:r391:r474,组3,cylinder_contact,r391,r474,391,474,,组3_full_cube_periodic_P0319,组3_full_cube_periodic_P0051,,,0.0,2.448318953786431e-10,0.0,connected,gap<=1.8,capsule_then_flat_cylinder_gjk,0.0,4,True,8.889454746300438e-13,8.889454746300438e-13,True,,,,,,
B_full_cube_periodic,full_cube_periodic,connected_same_particle,组3:PAIR:r391:r489,组3,cylinder_contact,r391,r489,391,489,,组3_full_cube_periodic_P0319,组3_full_cube_periodic_P0355,,,0.0,2.571838157237207e-10,0.0,connected,gap<=1.8,capsule_then_flat_cylinder_gjk,0.0,5,True,5.084229945850415e-13,5.084229945850415e-13,True,,,,,,
B_full_cube_periodic,full_cube_periodic,connected_same_particle,组3:PAIR:r392:r393,组3,cylinder_contact,r392,r393,392,393,,组3_full_cube_periodic_P0320,组3_full_cube_periodic_P0295,,,0.0,3.473401692945573e-10,0.0,connected,gap<=1.8,capsule_then_flat_cylinder_gjk,0.0,5,True,1.2912342630898533e-12,1.2912342630898533e-12,True,,,,,,
B_full_cube_periodic,full_cube_periodic,connected_same_particle,组3:PAIR:r396:r397,组3,cylinder_contact,r396,r397,396,397,,组3_full_cube_periodic_P0321,组3_full_cube_periodic_P0304,,,0.0,2.7920573375353393e-10,0.0,connected,gap<=1.8,capsule_then_flat_cylinder_gjk,0.0,6,True,2.604892696897332e-13,2.604892696897332e-13,True,,,,,,
B_full_cube_periodic,full_cube_periodic,connected_same_particle,组3:PAIR:r408:r423,组3,cylinder_contact,r408,r423,408,423,,组3_full_cube_periodic_P0329,组3_full_cube_periodic_P0335,,,0.0,2.674226114355234e-10,0.0,connected,gap<=1.8,capsule_then_flat_cylinder_gjk,0.0,4,True,2.31335954426011e-13,2.31335954426011e-13,True,,,,,,
B_full_cube_periodic,full_cube_periodic,connected_same_particle,组3:PAIR:r413:r448,组3,cylinder_contact,r413,r448,413,448,,组3_full_cube_periodic_P0331,组3_full_cube_periodic_P0343,,,0.0,2.607746526304305e-10,0.0,connected,gap<=1.8,capsule_then_flat_cylinder_gjk,0.0,4,True,4.263256414560601e-14,4.263256414560601e-14,True,,,,,,
B_full_cube_periodic,full_cube_periodic,connected_same_particle,组3:PAIR:r429:r438,组3,cylinder_contact,r429,r438,429,438,,组3_full_cube_periodic_P0337,组3_full_cube_periodic_P0340,,,0.0,3.2259412377114166e-10,0.0,connected,gap<=1.8,capsule_then_flat_cylinder_gjk,0.0,4,True,5.684341886080802e-14,5.684341886080802e-14,True,,,,,,
B_full_cube_periodic,full_cube_periodic,connected_same_particle,组3:PAIR:r430:r450,组3,cylinder_contact,r430,r450,430,450,,组3_full_cube_periodic_P0038,组3_full_cube_periodic_P0329,,,0.0,2.777935588946599e-10,0.0,connected,gap<=1.8,capsule_then_flat_cylinder_gjk,0.0,5,True,6.653351596650978e-13,6.653351596650978e-13,True,,,,,,
B_full_cube_periodic,full_cube_periodic,connected_same_particle,组3:PAIR:r431:r501,组3,cylinder_contact,r431,r501,431,501,,组3_full_cube_periodic_P0058,组3_full_cube_periodic_P0059,,,0.0,2.535977347409275e-10,0.0,connected,gap<=1.8,capsule_then_flat_cylinder_gjk,0.0,4,True,3.642262423977992e-10,3.642262423977992e-10,True,,,,,,
B_full_cube_periodic,full_cube_periodic,connected_same_particle,组3:PAIR:r439:r450,组3,cylinder_contact,r439,r450,439,450,,组3_full_cube_periodic_P0341,组3_full_cube_periodic_P0329,,,0.0,2.7832981863567434e-10,0.0,connected,gap<=1.8,capsule_then_flat_cylinder_gjk,0.0,5,True,1.1368683772161603e-13,1.1368683772161603e-13,True,,,,,,
B_full_cube_periodic,full_cube_periodic,connected_same_particle,组3:PAIR:r448:r496,组3,cylinder_contact,r448,r496,448,496,,组3_full_cube_periodic_P0343,组3_full_cube_periodic_P0356,,,0.0,2.758813483855791e-10,0.0,connected,gap<=1.8,capsule_then_flat_cylinder_gjk,0.0,5,True,1.1607754604859869e-12,1.1607754604859869e-12,True,,,,,,
B_full_cube_periodic,full_cube_periodic,connected_same_particle,组3:PAIR:r455:r489,组3,cylinder_contact,r455,r489,455,489,,组3_full_cube_periodic_P0346,组3_full_cube_periodic_P0355,,,0.0,2.5725536036779325e-10,0.0,connected,gap<=1.8,capsule_then_flat_cylinder_gjk,0.0,5,True,7.928841929790065e-13,7.928841929790065e-13,True,,,,,,
B_full_cube_periodic,full_cube_periodic,connected_same_particle,组3:PAIR:r462:r511,组3,cylinder_contact,r462,r511,462,511,,组3_full_cube_periodic_P0348,组3_full_cube_periodic_P0032,,,0.0,3.0824811524761763e-10,0.0,connected,gap<=1.8,capsule_then_flat_cylinder_gjk,0.0,5,True,9.11269327268735e-13,9.11269327268735e-13,True,,,,,,
B_full_cube_periodic,full_cube_periodic,connected_same_particle,组3:PAIR:r466:r526,组3,cylinder_contact,r466,r526,466,526,,组3_full_cube_periodic_P0027,组3_full_cube_periodic_P0011,,,0.0,3.1938065706352716e-10,0.0,connected,gap<=1.8,capsule_then_flat_cylinder_gjk,0.0,5,True,1.378672645345762e-12,1.378672645345762e-12,True,,,,,,
B_full_cube_periodic,full_cube_periodic,connected_same_particle,组3:PAIR:r474:r485,组3,cylinder_contact,r474,r485,474,485,,组3_full_cube_periodic_P0051,组3_full_cube_periodic_P0353,,,0.0,2.8241144636983253e-10,0.0,connected,gap<=1.8,capsule_then_flat_cylinder_gjk,0.0,5,True,9.392074185745005e-13,9.392074185745005e-13,True,,,,,,
B_full_cube_periodic,full_cube_periodic,connected_same_particle,组3:PAIR:r474:r489,组3,cylinder_contact,r474,r489,474,489,,组3_full_cube_periodic_P0051,组3_full_cube_periodic_P0355,,,0.0,2.5674789722667007e-10,0.0,connected,gap<=1.8,capsule_then_flat_cylinder_gjk,0.0,5,True,4.253771961400549e-13,4.253771961400549e-13,True,,,,,,
B_full_cube_periodic,full_cube_periodic,connected_same_particle,组3:PAIR:r484:r531,组3,cylinder_contact,r484,r531,484,531,,组3_full_cube_periodic_P0035,组3_full_cube_periodic_P0031,,,0.0,2.88223443696985e-10,0.0,connected,gap<=1.8,capsule_then_flat_cylinder_gjk,0.0,7,True,1.1368683772161603e-13,1.1368683772161603e-13,True,,,,,,
B_full_cube_periodic,full_cube_periodic,connected_same_particle,组3:PAIR:r485:r489,组3,cylinder_contact,r485,r489,485,489,,组3_full_cube_periodic_P0353,组3_full_cube_periodic_P0355,,,0.0,2.8370934167814443e-10,0.0,connected,gap<=1.8,capsule_then_flat_cylinder_gjk,0.0,5,True,2.2914314707516465e-13,2.2914314707516465e-13,True,,,,,,
B_full_cube_periodic,full_cube_periodic,connected_same_particle,组3:PAIR:r495:r521,组3,cylinder_contact,r495,r521,495,521,,组3_full_cube_periodic_P0351,组3_full_cube_periodic_P0076,,,0.0,3.489508915914903e-10,0.0,connected,gap<=1.8,capsule_then_flat_cylinder_gjk,0.0,5,True,3.228085657724633e-13,3.228085657724633e-13,True,,,,,,
B_full_cube_periodic,full_cube_periodic,connected_same_particle,组3:INTERNAL:full_cube_periodic:j1,组3,same_particle_periodic_junction,r4,r507,4,507,,,,组3_full_cube_periodic_P0002,unique,,,,internal_assumption,not_applicable_same_particle,unique_periodic_endpoint_mapping,,,,,,,X,1,0,0,0.0,True
B_full_cube_periodic,full_cube_periodic,connected_same_particle,组3:INTERNAL:full_cube_periodic:j2,组3,same_particle_periodic_junction,r6,r490,6,490,,,,组3_full_cube_periodic_P0004,unique,,,,internal_assumption,not_applicable_same_particle,unique_periodic_endpoint_mapping,,,,,,,X,1,0,0,0.0,True
B_full_cube_periodic,full_cube_periodic,connected_same_particle,组3:INTERNAL:full_cube_periodic:j3,组3,same_particle_periodic_junction,r7,r537,7,537,,,,组3_full_cube_periodic_P0005,unique,,,,internal_assumption,not_applicable_same_particle,unique_periodic_endpoint_mapping,,,,,,,X,1,0,0,0.0,True
B_full_cube_periodic,full_cube_periodic,connected_same_particle,组3:INTERNAL:full_cube_periodic:j4,组3,same_particle_periodic_junction,r8,r487,8,487,,,,组3_full_cube_periodic_P0006,unique,,,,internal_assumption,not_applicable_same_particle,unique_periodic_endpoint_mapping,,,,,,,X,1,0,0,0.0,True
B_full_cube_periodic,full_cube_periodic,connected_same_particle,组3:INTERNAL:full_cube_periodic:j5,组3,same_particle_periodic_junction,r9,r454,9,454,,,,组3_full_cube_periodic_P0007,unique,,,,internal_assumption,not_applicable_same_particle,unique_periodic_endpoint_mapping,,,,,,,X,1,0,0,0.0,True
B_full_cube_periodic,full_cube_periodic,connected_same_particle,组3:INTERNAL:full_cube_periodic:j6,组3,same_particle_periodic_junction,r10,r452,10,452,,,,组3_full_cube_periodic_P0008,unique,,,,internal_assumption,not_applicable_same_particle,unique_periodic_endpoint_mapping,,,,,,,X,1,0,0,0.0,True
B_full_cube_periodic,full_cube_periodic,connected_same_particle,组3:INTERNAL:full_cube_periodic:j7,组3,same_particle_periodic_junction,r11,r534,11,534,,,,组3_full_cube_periodic_P0009,unique,,,,internal_assumption,not_applicable_same_particle,unique_periodic_endpoint_mapping,,,,,,,X,1,0,0,0.0,True
B_full_cube_periodic,full_cube_periodic,connected_same_particle,组3:INTERNAL:full_cube_periodic:j8,组3,same_particle_periodic_junction,r12,r527,12,527,,,,组3_full_cube_periodic_P0010,unique,,,,internal_assumption,not_applicable_same_particle,unique_periodic_endpoint_mapping,,,,,,,X,1,0,0,0.0,True
B_full_cube_periodic,full_cube_periodic,connected_same_particle,组3:INTERNAL:full_cube_periodic:j9,组3,same_particle_periodic_junction,r13,r526,13,526,,,,组3_full_cube_periodic_P0011,unique,,,,internal_assumption,not_applicable_same_particle,unique_periodic_endpoint_mapping,,,,,,,X,1,0,0,0.0,True
B_full_cube_periodic,full_cube_periodic,connected_same_particle,组3:INTERNAL:full_cube_periodic:j10,组3,same_particle_periodic_junction,r13,r101,13,101,,,,组3_full_cube_periodic_P0011,unique,,,,internal_assumption,not_applicable_same_particle,unique_periodic_endpoint_mapping,,,,,,,Y,0,1,0,0.0,True
B_full_cube_periodic,full_cube_periodic,connected_same_particle,组3:INTERNAL:full_cube_periodic:j11,组3,same_particle_periodic_junction,r14,r472,14,472,,,,组3_full_cube_periodic_P0012,unique,,,,internal_assumption,not_applicable_same_particle,unique_periodic_endpoint_mapping,,,,,,,X,1,0,0,0.0,True
B_full_cube_periodic,full_cube_periodic,connected_same_particle,组3:INTERNAL:full_cube_periodic:j12,组3,same_particle_periodic_junction,r16,r492,16,492,,,,组3_full_cube_periodic_P0014,unique,,,,internal_assumption,not_applicable_same_particle,unique_periodic_endpoint_mapping,,,,,,,X,1,0,0,0.0,True
B_full_cube_periodic,full_cube_periodic,connected_same_particle,组3:INTERNAL:full_cube_periodic:j13,组3,same_particle_periodic_junction,r17,r395,17,395,,,,组3_full_cube_periodic_P0015,unique,,,,internal_assumption,not_applicable_same_particle,unique_periodic_endpoint_mapping,,,,,,,X,1,0,0,0.0,True
B_full_cube_periodic,full_cube_periodic,connected_same_particle,组3:INTERNAL:full_cube_periodic:j14,组3,same_particle_periodic_junction,r18,r458,18,458,,,,组3_full_cube_periodic_P0016,unique,,,,internal_assumption,not_applicable_same_particle,unique_periodic_endpoint_mapping,,,,,,,X,1,0,0,0.0,True
B_full_cube_periodic,full_cube_periodic,connected_same_particle,组3:INTERNAL:full_cube_periodic:j15,组3,same_particle_periodic_junction,r19,r400,19,400,,,,组3_full_cube_periodic_P0017,unique,,,,internal_assumption,not_applicable_same_particle,unique_periodic_endpoint_mapping,,,,,,,X,1,0,0,0.0,True
B_full_cube_periodic,full_cube_periodic,connected_same_particle,组3:INTERNAL:full_cube_periodic:j16,组3,same_particle_periodic_junction,r20,r464,20,464,,,,组3_full_cube_periodic_P0018,unique,,,,internal_assumption,not_applicable_same_particle,unique_periodic_endpoint_mapping,,,,,,,X,1,0,0,0.0,True
B_full_cube_periodic,full_cube_periodic,connected_same_particle,组3:INTERNAL:full_cube_periodic:j17,组3,same_particle_periodic_junction,r21,r488,21,488,,,,组3_full_cube_periodic_P0019,unique,,,,internal_assumption,not_applicable_same_particle,unique_periodic_endpoint_mapping,,,,,,,X,1,0,0,0.0,True
B_full_cube_periodic,full_cube_periodic,connected_same_particle,组3:INTERNAL:full_cube_periodic:j18,组3,same_particle_periodic_junction,r22,r445,22,445,,,,组3_full_cube_periodic_P0020,unique,,,,internal_assumption,not_applicable_same_particle,unique_periodic_endpoint_mapping,,,,,,,X,1,0,0,0.0,True
B_full_cube_periodic,full_cube_periodic,connected_same_particle,组3:INTERNAL:full_cube_periodic:j19,组3,same_particle_periodic_junction,r23,r479,23,479,,,,组3_full_cube_periodic_P0021,unique,,,,internal_assumption,not_applicable_same_particle,unique_periodic_endpoint_mapping,,,,,,,X,1,0,0,0.0,True
B_full_cube_periodic,full_cube_periodic,connected_same_particle,组3:INTERNAL:full_cube_periodic:j20,组3,same_particle_periodic_junction,r24,r482,24,482,,,,组3_full_cube_periodic_P0022,unique,,,,internal_assumption,not_applicable_same_particle,unique_periodic_endpoint_mapping,,,,,,,X,1,0,0,0.0,True
B_full_cube_periodic,full_cube_periodic,connected_same_particle,组3:INTERNAL:full_cube_periodic:j21,组3,same_particle_periodic_junction,r25,r522,25,522,,,,组3_full_cube_periodic_P0023,unique,,,,internal_assumption,not_applicable_same_particle,unique_periodic_endpoint_mapping,,,,,,,X,1,0,0,0.0,True
B_full_cube_periodic,full_cube_periodic,connected_same_particle,组3:INTERNAL:full_cube_periodic:j22,组3,same_particle_periodic_junction,r26,r535,26,535,,,,组3_full_cube_periodic_P0024,unique,,,,internal_assumption,not_applicable_same_particle,unique_periodic_endpoint_mapping,,,,,,,X,1,0,0,0.0,True
B_full_cube_periodic,full_cube_periodic,connected_same_particle,组3:INTERNAL:full_cube_periodic:j23,组3,same_particle_periodic_junction,r27,r523,27,523,,,,组3_full_cube_periodic_P0025,unique,,,,internal_assumption,not_applicable_same_particle,unique_periodic_endpoint_mapping,,,,,,,X,1,0,0,0.0,True
B_full_cube_periodic,full_cube_periodic,connected_same_particle,组3:INTERNAL:full_cube_periodic:j24,组3,same_particle_periodic_junction,r28,r536,28,536,,,,组3_full_cube_periodic_P0026,unique,,,,internal_assumption,not_applicable_same_particle,unique_periodic_endpoint_mapping,,,,,,,X,1,0,0,0.0,True
B_full_cube_periodic,full_cube_periodic,connected_same_particle,组3:INTERNAL:full_cube_periodic:j25,组3,same_particle_periodic_junction,r29,r466,29,466,,,,组3_full_cube_periodic_P0027,unique,,,,internal_assumption,not_applicable_same_particle,unique_periodic_endpoint_mapping,,,,,,,X,1,0,0,0.0,True
B_full_cube_periodic,full_cube_periodic,connected_same_particle,组3:INTERNAL:full_cube_periodic:j26,组3,same_particle_periodic_junction,r30,r514,30,514,,,,组3_full_cube_periodic_P0028,unique,,,,internal_assumption,not_applicable_same_particle,unique_periodic_endpoint_mapping,,,,,,,X,1,0,0,0.0,True
B_full_cube_periodic,full_cube_periodic,connected_same_particle,组3:INTERNAL:full_cube_periodic:j27,组3,same_particle_periodic_junction,r31,r506,31,506,,,,组3_full_cube_periodic_P0029,unique,,,,internal_assumption,not_applicable_same_particle,unique_periodic_endpoint_mapping,,,,,,,X,1,0,0,0.0,True
B_full_cube_periodic,full_cube_periodic,connected_same_particle,组3:INTERNAL:full_cube_periodic:j28,组3,same_particle_periodic_junction,r32,r383,32,383,,,,组3_full_cube_periodic_P0030,unique,,,,internal_assumption,not_applicable_same_particle,unique_periodic_endpoint_mapping,,,,,,,X,1,0,0,0.0,True
B_full_cube_periodic,full_cube_periodic,connected_same_particle,组3:INTERNAL:full_cube_periodic:j29,组3,same_particle_periodic_junction,r33,r531,33,531,,,,组3_full_cube_periodic_P0031,unique,,,,internal_assumption,not_applicable_same_particle,unique_periodic_endpoint_mapping,,,,,,,X,1,0,0,0.0,True
B_full_cube_periodic,full_cube_periodic,connected_same_particle,组3:INTERNAL:full_cube_periodic:j30,组3,same_particle_periodic_junction,r34,r511,34,511,,,,组3_full_cube_periodic_P0032,unique,,,,internal_assumption,not_applicable_same_particle,unique_periodic_endpoint_mapping,,,,,,,X,1,0,0,0.0,True
B_full_cube_periodic,full_cube_periodic,connected_same_particle,组3:INTERNAL:full_cube_periodic:j31,组3,same_particle_periodic_junction,r35,r493,35,493,,,,组3_full_cube_periodic_P0033,unique,,,,internal_assumption,not_applicable_same_particle,unique_periodic_endpoint_mapping,,,,,,,X,1,0,0,0.0,True
B_full_cube_periodic,full_cube_periodic,connected_same_particle,组3:INTERNAL:full_cube_periodic:j32,组3,same_particle_periodic_junction,r36,r508,36,508,,,,组3_full_cube_periodic_P0034,unique,,,,internal_assumption,not_applicable_same_particle,unique_periodic_endpoint_mapping,,,,,,,X,1,0,0,0.0,True
B_full_cube_periodic,full_cube_periodic,connected_same_particle,组3:INTERNAL:full_cube_periodic:j33,组3,same_particle_periodic_junction,r37,r484,37,484,,,,组3_full_cube_periodic_P0035,unique,,,,internal_assumption,not_applicable_same_particle,unique_periodic_endpoint_mapping,,,,,,,X,1,0,0,0.0,True
B_full_cube_periodic,full_cube_periodic,connected_same_particle,组3:INTERNAL:full_cube_periodic:j34,组3,same_particle_periodic_junction,r38,r532,38,532,,,,组3_full_cube_periodic_P0036,unique,,,,internal_assumption,not_applicable_same_particle,unique_periodic_endpoint_mapping,,,,,,,X,1,0,0,0.0,True
B_full_cube_periodic,full_cube_periodic,connected_same_particle,组3:INTERNAL:full_cube_periodic:j35,组3,same_particle_periodic_junction,r39,r473,39,473,,,,组3_full_cube_periodic_P0037,unique,,,,internal_assumption,not_applicable_same_particle,unique_periodic_endpoint_mapping,,,,,,,X,1,0,0,0.0,True
B_full_cube_periodic,full_cube_periodic,connected_same_particle,组3:INTERNAL:full_cube_periodic:j36,组3,same_particle_periodic_junction,r39,r144,39,144,,,,组3_full_cube_periodic_P0037,unique,,,,internal_assumption,not_applicable_same_particle,unique_periodic_endpoint_mapping,,,,,,,Z,0,0,-1,0.0,True
B_full_cube_periodic,full_cube_periodic,connected_same_particle,组3:INTERNAL:full_cube_periodic:j37,组3,same_particle_periodic_junction,r40,r430,40,430,,,,组3_full_cube_periodic_P0038,unique,,,,internal_assumption,not_applicable_same_particle,unique_periodic_endpoint_mapping,,,,,,,X,1,0,0,0.0,True
B_full_cube_periodic,full_cube_periodic,connected_same_particle,组3:INTERNAL:full_cube_periodic:j38,组3,same_particle_periodic_junction,r41,r530,41,530,,,,组3_full_cube_periodic_P0039,unique,,,,internal_assumption,not_applicable_same_particle,unique_periodic_endpoint_mapping,,,,,,,X,1,0,0,0.0,True
B_full_cube_periodic,full_cube_periodic,connected_same_particle,组3:INTERNAL:full_cube_periodic:j39,组3,same_particle_periodic_junction,r41,r135,41,135,,,,组3_full_cube_periodic_P0039,unique,,,,internal_assumption,not_applicable_same_particle,unique_periodic_endpoint_mapping,,,,,,,Z,0,0,-1,0.0,True
B_full_cube_periodic,full_cube_periodic,connected_same_particle,组3:INTERNAL:full_cube_periodic:j40,组3,same_particle_periodic_junction,r42,r456,42,456,,,,组3_full_cube_periodic_P0040,unique,,,,internal_assumption,not_applicable_same_particle,unique_periodic_endpoint_mapping,,,,,,,X,1,0,0,0.0,True
B_full_cube_periodic,full_cube_periodic,connected_same_particle,组3:INTERNAL:full_cube_periodic:j41,组3,same_particle_periodic_junction,r43,r518,43,518,,,,组3_full_cube_periodic_P0041,unique,,,,internal_assumption,not_applicable_same_particle,unique_periodic_endpoint_mapping,,,,,,,X,1,0,0,0.0,True
B_full_cube_periodic,full_cube_periodic,connected_same_particle,组3:INTERNAL:full_cube_periodic:j42,组3,same_particle_periodic_junction,r44,r405,44,405,,,,组3_full_cube_periodic_P0042,unique,,,,internal_assumption,not_applicable_same_particle,unique_periodic_endpoint_mapping,,,,,,,X,1,0,0,0.0,True
B_full_cube_periodic,full_cube_periodic,connected_same_particle,组3:INTERNAL:full_cube_periodic:j43,组3,same_particle_periodic_junction,r45,r421,45,421,,,,组3_full_cube_periodic_P0043,unique,,,,internal_assumption,not_applicable_same_particle,unique_periodic_endpoint_mapping,,,,,,,X,1,0,0,0.0,True
B_full_cube_periodic,full_cube_periodic,connected_same_particle,组3:INTERNAL:full_cube_periodic:j44,组3,same_particle_periodic_junction,r46,r447,46,447,,,,组3_full_cube_periodic_P0044,unique,,,,internal_assumption,not_applicable_same_particle,unique_periodic_endpoint_mapping,,,,,,,X,1,0,0,0.0,True
B_full_cube_periodic,full_cube_periodic,connected_same_particle,组3:INTERNAL:full_cube_periodic:j45,组3,same_particle_periodic_junction,r47,r468,47,468,,,,组3_full_cube_periodic_P0045,unique,,,,internal_assumption,not_applicable_same_particle,unique_periodic_endpoint_mapping,,,,,,,X,1,0,0,0.0,True
B_full_cube_periodic,full_cube_periodic,connected_same_particle,组3:INTERNAL:full_cube_periodic:j46,组3,same_particle_periodic_junction,r48,r404,48,404,,,,组3_full_cube_periodic_P0046,unique,,,,internal_assumption,not_applicable_same_particle,unique_periodic_endpoint_mapping,,,,,,,X,1,0,0,0.0,True
B_full_cube_periodic,full_cube_periodic,connected_same_particle,组3:INTERNAL:full_cube_periodic:j47,组3,same_particle_periodic_junction,r49,r418,49,418,,,,组3_full_cube_periodic_P0047,unique,,,,internal_assumption,not_applicable_same_particle,unique_periodic_endpoint_mapping,,,,,,,X,1,0,0,0.0,True
B_full_cube_periodic,full_cube_periodic,connected_same_particle,组3:INTERNAL:full_cube_periodic:j48,组3,same_particle_periodic_junction,r50,r483,50,483,,,,组3_full_cube_periodic_P0048,unique,,,,internal_assumption,not_applicable_same_particle,unique_periodic_endpoint_mapping,,,,,,,X,1,0,0,0.0,True
B_full_cube_periodic,full_cube_periodic,connected_same_particle,组3:INTERNAL:full_cube_periodic:j49,组3,same_particle_periodic_junction,r50,r171,50,171,,,,组3_full_cube_periodic_P0048,unique,,,,internal_assumption,not_applicable_same_particle,unique_periodic_endpoint_mapping,,,,,,,Z,0,0,-1,0.0,True
B_full_cube_periodic,full_cube_periodic,connected_same_particle,组3:INTERNAL:full_cube_periodic:j50,组3,same_particle_periodic_junction,r52,r500,52,500,,,,组3_full_cube_periodic_P0050,unique,,,,internal_assumption,not_applicable_same_particle,unique_periodic_endpoint_mapping,,,,,,,X,1,0,0,0.0,True
B_full_cube_periodic,full_cube_periodic,connected_same_particle,组3:INTERNAL:full_cube_periodic:j51,组3,same_particle_periodic_junction,r53,r474,53,474,,,,组3_full_cube_periodic_P0051,unique,,,,internal_assumption,not_applicable_same_particle,unique_periodic_endpoint_mapping,,,,,,,X,1,0,0,0.0,True
B_full_cube_periodic,full_cube_periodic,connected_same_particle,组3:INTERNAL:full_cube_periodic:j52,组3,same_particle_periodic_junction,r55,r502,55,502,,,,组3_full_cube_periodic_P0053,unique,,,,internal_assumption,not_applicable_same_particle,unique_periodic_endpoint_mapping,,,,,,,X,1,0,0,0.0,True
B_full_cube_periodic,full_cube_periodic,connected_same_particle,组3:INTERNAL:full_cube_periodic:j53,组3,same_particle_periodic_junction,r56,r449,56,449,,,,组3_full_cube_periodic_P0054,unique,,,,internal_assumption,not_applicable_same_particle,unique_periodic_endpoint_mapping,,,,,,,X,1,0,0,0.0,True
B_full_cube_periodic,full_cube_periodic,connected_same_particle,组3:INTERNAL:full_cube_periodic:j54,组3,same_particle_periodic_junction,r57,r481,57,481,,,,组3_full_cube_periodic_P0055,unique,,,,internal_assumption,not_applicable_same_particle,unique_periodic_endpoint_mapping,,,,,,,X,1,0,0,0.0,True
B_full_cube_periodic,full_cube_periodic,connected_same_particle,组3:INTERNAL:full_cube_periodic:j55,组3,same_particle_periodic_junction,r58,r437,58,437,,,,组3_full_cube_periodic_P0056,unique,,,,internal_assumption,not_applicable_same_particle,unique_periodic_endpoint_mapping,,,,,,,X,1,0,0,0.0,True
B_full_cube_periodic,full_cube_periodic,connected_same_particle,组3:INTERNAL:full_cube_periodic:j56,组3,same_particle_periodic_junction,r58,r112,58,112,,,,组3_full_cube_periodic_P0056,unique,,,,internal_assumption,not_applicable_same_particle,unique_periodic_endpoint_mapping,,,,,,,Z,0,0,1,0.0,True
B_full_cube_periodic,full_cube_periodic,connected_same_particle,组3:INTERNAL:full_cube_periodic:j57,组3,same_particle_periodic_junction,r59,r504,59,504,,,,组3_full_cube_periodic_P0057,unique,,,,internal_assumption,not_applicable_same_particle,unique_periodic_endpoint_mapping,,,,,,,X,1,0,0,0.0,True
B_full_cube_periodic,full_cube_periodic,connected_same_particle,组3:INTERNAL:full_cube_periodic:j58,组3,same_particle_periodic_junction,r60,r431,60,431,,,,组3_full_cube_periodic_P0058,unique,,,,internal_assumption,not_applicable_same_particle,unique_periodic_endpoint_mapping,,,,,,,X,1,0,0,0.0,True
B_full_cube_periodic,full_cube_periodic,connected_same_particle,组3:INTERNAL:full_cube_periodic:j59,组3,same_particle_periodic_junction,r61,r501,61,501,,,,组3_full_cube_periodic_P0059,unique,,,,internal_assumption,not_applicable_same_particle,unique_periodic_endpoint_mapping,,,,,,,X,1,0,0,0.0,True
B_full_cube_periodic,full_cube_periodic,connected_same_particle,组3:INTERNAL:full_cube_periodic:j60,组3,same_particle_periodic_junction,r62,r533,62,533,,,,组3_full_cube_periodic_P0060,unique,,,,internal_assumption,not_applicable_same_particle,unique_periodic_endpoint_mapping,,,,,,,X,1,0,0,0.0,True
B_full_cube_periodic,full_cube_periodic,connected_same_particle,组3:INTERNAL:full_cube_periodic:j61,组3,same_particle_periodic_junction,r63,r509,63,509,,,,组3_full_cube_periodic_P0061,unique,,,,internal_assumption,not_applicable_same_particle,unique_periodic_endpoint_mapping,,,,,,,X,1,0,0,0.0,True
B_full_cube_periodic,full_cube_periodic,connected_same_particle,组3:INTERNAL:full_cube_periodic:j62,组3,same_particle_periodic_junction,r64,r463,64,463,,,,组3_full_cube_periodic_P0062,unique,,,,internal_assumption,not_applicable_same_particle,unique_periodic_endpoint_mapping,,,,,,,X,1,0,0,0.0,True
B_full_cube_periodic,full_cube_periodic,connected_same_particle,组3:INTERNAL:full_cube_periodic:j63,组3,same_particle_periodic_junction,r67,r499,67,499,,,,组3_full_cube_periodic_P0065,unique,,,,internal_assumption,not_applicable_same_particle,unique_periodic_endpoint_mapping,,,,,,,X,1,0,0,0.0,True
B_full_cube_periodic,full_cube_periodic,connected_same_particle,组3:INTERNAL:full_cube_periodic:j64,组3,same_particle_periodic_junction,r68,r446,68,446,,,,组3_full_cube_periodic_P0066,unique,,,,internal_assumption,not_applicable_same_particle,unique_periodic_endpoint_mapping,,,,,,,X,1,0,0,0.0,True
B_full_cube_periodic,full_cube_periodic,connected_same_particle,组3:INTERNAL:full_cube_periodic:j65,组3,same_particle_periodic_junction,r70,r519,70,519,,,,组3_full_cube_periodic_P0068,unique,,,,internal_assumption,not_applicable_same_particle,unique_periodic_endpoint_mapping,,,,,,,X,1,0,0,0.0,True
B_full_cube_periodic,full_cube_periodic,connected_same_particle,组3:INTERNAL:full_cube_periodic:j66,组3,same_particle_periodic_junction,r71,r376,71,376,,,,组3_full_cube_periodic_P0069,unique,,,,internal_assumption,not_applicable_same_particle,unique_periodic_endpoint_mapping,,,,,,,X,1,0,0,0.0,True
B_full_cube_periodic,full_cube_periodic,connected_same_particle,组3:INTERNAL:full_cube_periodic:j67,组3,same_particle_periodic_junction,r72,r524,72,524,,,,组3_full_cube_periodic_P0070,unique,,,,internal_assumption,not_applicable_same_particle,unique_periodic_endpoint_mapping,,,,,,,X,1,0,0,0.0,True
B_full_cube_periodic,full_cube_periodic,connected_same_particle,组3:INTERNAL:full_cube_periodic:j68,组3,same_particle_periodic_junction,r73,r480,73,480,,,,组3_full_cube_periodic_P0071,unique,,,,internal_assumption,not_applicable_same_particle,unique_periodic_endpoint_mapping,,,,,,,X,1,0,0,0.0,True
B_full_cube_periodic,full_cube_periodic,connected_same_particle,组3:INTERNAL:full_cube_periodic:j69,组3,same_particle_periodic_junction,r74,r491,74,491,,,,组3_full_cube_periodic_P0072,unique,,,,internal_assumption,not_applicable_same_particle,unique_periodic_endpoint_mapping,,,,,,,X,1,0,0,0.0,True
B_full_cube_periodic,full_cube_periodic,connected_same_particle,组3:INTERNAL:full_cube_periodic:j70,组3,same_particle_periodic_junction,r76,r388,76,388,,,,组3_full_cube_periodic_P0074,unique,,,,internal_assumption,not_applicable_same_particle,unique_periodic_endpoint_mapping,,,,,,,X,1,0,0,0.0,True
B_full_cube_periodic,full_cube_periodic,connected_same_particle,组3:INTERNAL:full_cube_periodic:j71,组3,same_particle_periodic_junction,r77,r517,77,517,,,,组3_full_cube_periodic_P0075,unique,,,,internal_assumption,not_applicable_same_particle,unique_periodic_endpoint_mapping,,,,,,,X,1,0,0,0.0,True
B_full_cube_periodic,full_cube_periodic,connected_same_particle,组3:INTERNAL:full_cube_periodic:j72,组3,same_particle_periodic_junction,r78,r521,78,521,,,,组3_full_cube_periodic_P0076,unique,,,,internal_assumption,not_applicable_same_particle,unique_periodic_endpoint_mapping,,,,,,,X,1,0,0,0.0,True
B_full_cube_periodic,full_cube_periodic,connected_same_particle,组3:INTERNAL:full_cube_periodic:j73,组3,same_particle_periodic_junction,r78,r211,78,211,,,,组3_full_cube_periodic_P0076,unique,,,,internal_assumption,not_applicable_same_particle,unique_periodic_endpoint_mapping,,,,,,,Z,0,0,1,0.0,True
B_full_cube_periodic,full_cube_periodic,connected_same_particle,组3:INTERNAL:full_cube_periodic:j74,组3,same_particle_periodic_junction,r79,r525,79,525,,,,组3_full_cube_periodic_P0077,unique,,,,internal_assumption,not_applicable_same_particle,unique_periodic_endpoint_mapping,,,,,,,X,1,0,0,0.0,True
B_full_cube_periodic,full_cube_periodic,connected_same_particle,组3:INTERNAL:full_cube_periodic:j75,组3,same_particle_periodic_junction,r80,r390,80,390,,,,组3_full_cube_periodic_P0078,unique,,,,internal_assumption,not_applicable_same_particle,unique_periodic_endpoint_mapping,,,,,,,X,1,0,0,0.0,True
B_full_cube_periodic,full_cube_periodic,connected_same_particle,组3:INTERNAL:full_cube_periodic:j76,组3,same_particle_periodic_junction,r81,r503,81,503,,,,组3_full_cube_periodic_P0079,unique,,,,internal_assumption,not_applicable_same_particle,unique_periodic_endpoint_mapping,,,,,,,X,1,0,0,0.0,True
B_full_cube_periodic,full_cube_periodic,connected_same_particle,组3:INTERNAL:full_cube_periodic:j77,组3,same_particle_periodic_junction,r82,r443,82,443,,,,组3_full_cube_periodic_P0080,cannot_reconstruct,,,,internal_assumption,not_applicable_same_particle,unique_periodic_endpoint_mapping,,,,,,,X,1,0,0,0.0,True
B_full_cube_periodic,full_cube_periodic,connected_same_particle,组3:INTERNAL:full_cube_periodic:j78,组3,same_particle_periodic_junction,r83,r512,83,512,,,,组3_full_cube_periodic_P0081,unique,,,,internal_assumption,not_applicable_same_particle,unique_periodic_endpoint_mapping,,,,,,,X,1,0,0,0.0,True
B_full_cube_periodic,full_cube_periodic,connected_same_particle,组3:INTERNAL:full_cube_periodic:j79,组3,same_particle_periodic_junction,r83,r141,83,141,,,,组3_full_cube_periodic_P0081,unique,,,,internal_assumption,not_applicable_same_particle,unique_periodic_endpoint_mapping,,,,,,,Y,0,-1,0,0.0,True
B_full_cube_periodic,full_cube_periodic,connected_same_particle,组3:INTERNAL:full_cube_periodic:j80,组3,same_particle_periodic_junction,r84,r461,84,461,,,,组3_full_cube_periodic_P0082,unique,,,,internal_assumption,not_applicable_same_particle,unique_periodic_endpoint_mapping,,,,,,,X,1,0,0,0.0,True
B_full_cube_periodic,full_cube_periodic,connected_same_particle,组3:INTERNAL:full_cube_periodic:j81,组3,same_particle_periodic_junction,r85,r465,85,465,,,,组3_full_cube_periodic_P0083,unique,,,,internal_assumption,not_applicable_same_particle,unique_periodic_endpoint_mapping,,,,,,,X,1,0,0,0.0,True
B_full_cube_periodic,full_cube_periodic,connected_same_particle,组3:INTERNAL:full_cube_periodic:j82,组3,same_particle_periodic_junction,r86,r516,86,516,,,,组3_full_cube_periodic_P0084,unique,,,,internal_assumption,not_applicable_same_particle,unique_periodic_endpoint_mapping,,,,,,,X,1,0,0,0.0,True
B_full_cube_periodic,full_cube_periodic,connected_same_particle,组3:INTERNAL:full_cube_periodic:j83,组3,same_particle_periodic_junction,r87,r510,87,510,,,,组3_full_cube_periodic_P0085,unique,,,,internal_assumption,not_applicable_same_particle,unique_periodic_endpoint_mapping,,,,,,,X,1,0,0,0.0,True
B_full_cube_periodic,full_cube_periodic,connected_same_particle,组3:INTERNAL:full_cube_periodic:j84,组3,same_particle_periodic_junction,r87,r148,87,148,,,,组3_full_cube_periodic_P0085,unique,,,,internal_assumption,not_applicable_same_particle,unique_periodic_endpoint_mapping,,,,,,,Y,0,-1,0,0.0,True
B_full_cube_periodic,full_cube_periodic,connected_same_particle,组3:INTERNAL:full_cube_periodic:j85,组3,same_particle_periodic_junction,r88,r513,88,513,,,,组3_full_cube_periodic_P0086,cannot_reconstruct,,,,internal_assumption,not_applicable_same_particle,unique_periodic_endpoint_mapping,,,,,,,X,1,0,0,0.0,True
B_full_cube_periodic,full_cube_periodic,connected_same_particle,组3:INTERNAL:full_cube_periodic:j86,组3,same_particle_periodic_junction,r89,r529,89,529,,,,组3_full_cube_periodic_P0087,unique,,,,internal_assumption,not_applicable_same_particle,unique_periodic_endpoint_mapping,,,,,,,X,1,0,0,0.0,True
B_full_cube_periodic,full_cube_periodic,connected_same_particle,组3:INTERNAL:full_cube_periodic:j87,组3,same_particle_periodic_junction,r90,r498,90,498,,,,组3_full_cube_periodic_P0088,cannot_reconstruct,,,,internal_assumption,not_applicable_same_particle,unique_periodic_endpoint_mapping,,,,,,,X,1,0,0,0.0,True
B_full_cube_periodic,full_cube_periodic,connected_same_particle,组3:INTERNAL:full_cube_periodic:j88,组3,same_particle_periodic_junction,r90,r136,90,136,,,,组3_full_cube_periodic_P0088,cannot_reconstruct,,,,internal_assumption,not_applicable_same_particle,unique_periodic_endpoint_mapping,,,,,,,Z,0,0,1,0.0,True
B_full_cube_periodic,full_cube_periodic,connected_same_particle,组3:INTERNAL:full_cube_periodic:j89,组3,same_particle_periodic_junction,r91,r471,91,471,,,,组3_full_cube_periodic_P0089,unique,,,,internal_assumption,not_applicable_same_particle,unique_periodic_endpoint_mapping,,,,,,,X,1,0,0,0.0,True
B_full_cube_periodic,full_cube_periodic,connected_same_particle,组3:INTERNAL:full_cube_periodic:j90,组3,same_particle_periodic_junction,r92,r424,92,424,,,,组3_full_cube_periodic_P0090,unique,,,,internal_assumption,not_applicable_same_particle,unique_periodic_endpoint_mapping,,,,,,,X,1,0,0,0.0,True
B_full_cube_periodic,full_cube_periodic,connected_same_particle,组3:INTERNAL:full_cube_periodic:j91,组3,same_particle_periodic_junction,r93,r528,93,528,,,,组3_full_cube_periodic_P0091,unique,,,,internal_assumption,not_applicable_same_particle,unique_periodic_endpoint_mapping,,,,,,,X,1,0,0,0.0,True
B_full_cube_periodic,full_cube_periodic,connected_same_particle,组3:INTERNAL:full_cube_periodic:j92,组3,same_particle_periodic_junction,r93,r126,93,126,,,,组3_full_cube_periodic_P0091,unique,,,,internal_assumption,not_applicable_same_particle,unique_periodic_endpoint_mapping,,,,,,,Y,0,-1,0,0.0,True
B_full_cube_periodic,full_cube_periodic,connected_same_particle,组3:INTERNAL:full_cube_periodic:j93,组3,same_particle_periodic_junction,r94,r142,94,142,,,,组3_full_cube_periodic_P0092,unique,,,,internal_assumption,not_applicable_same_particle,unique_periodic_endpoint_mapping,,,,,,,Z,0,0,-1,0.0,True
B_full_cube_periodic,full_cube_periodic,connected_same_particle,组3:INTERNAL:full_cube_periodic:j94,组3,same_particle_periodic_junction,r98,r123,98,123,,,,组3_full_cube_periodic_P0096,unique,,,,internal_assumption,not_applicable_same_particle,unique_periodic_endpoint_mapping,,,,,,,Z,0,0,1,0.0,True
B_full_cube_periodic,full_cube_periodic,connected_same_particle,组3:INTERNAL:full_cube_periodic:j95,组3,same_particle_periodic_junction,r106,r137,106,137,,,,组3_full_cube_periodic_P0103,unique,,,,internal_assumption,not_applicable_same_particle,unique_periodic_endpoint_mapping,,,,,,,Y,0,-1,0,0.0,True
B_full_cube_periodic,full_cube_periodic,connected_same_particle,组3:INTERNAL:full_cube_periodic:j96,组3,same_particle_periodic_junction,r107,r260,107,260,,,,组3_full_cube_periodic_P0104,unique,,,,internal_assumption,not_applicable_same_particle,unique_periodic_endpoint_mapping,,,,,,,Z,0,0,1,0.0,True
B_full_cube_periodic,full_cube_periodic,connected_same_particle,组3:INTERNAL:full_cube_periodic:j97,组3,same_particle_periodic_junction,r114,r134,114,134,,,,组3_full_cube_periodic_P0110,unique,,,,internal_assumption,not_applicable_same_particle,unique_periodic_endpoint_mapping,,,,,,,Z,0,0,1,0.0,True
B_full_cube_periodic,full_cube_periodic,connected_same_particle,组3:INTERNAL:full_cube_periodic:j98,组3,same_particle_periodic_junction,r125,r131,125,131,,,,组3_full_cube_periodic_P0120,unique,,,,internal_assumption,not_applicable_same_particle,unique_periodic_endpoint_mapping,,,,,,,Y,0,1,0,0.0,True
B_full_cube_periodic,full_cube_periodic,connected_same_particle,组3:INTERNAL:full_cube_periodic:j99,组3,same_particle_periodic_junction,r129,r145,129,145,,,,组3_full_cube_periodic_P0123,unique,,,,internal_assumption,not_applicable_same_particle,unique_periodic_endpoint_mapping,,,,,,,Y,0,-1,0,0.0,True
B_full_cube_periodic,full_cube_periodic,connected_same_particle,组3:INTERNAL:full_cube_periodic:j100,组3,same_particle_periodic_junction,r131,r132,131,132,,,,组3_full_cube_periodic_P0120,unique,,,,internal_assumption,not_applicable_same_particle,unique_periodic_endpoint_mapping,,,,,,,Z,0,0,1,0.0,True
B_full_cube_periodic,full_cube_periodic,connected_same_particle,组3:INTERNAL:full_cube_periodic:j101,组3,same_particle_periodic_junction,r140,r189,140,189,,,,组3_full_cube_periodic_P0128,unique,,,,internal_assumption,not_applicable_same_particle,unique_periodic_endpoint_mapping,,,,,,,Z,0,0,1,0.0,True
B_full_cube_periodic,full_cube_periodic,connected_same_particle,组3:INTERNAL:full_cube_periodic:j102,组3,same_particle_periodic_junction,r147,r175,147,175,,,,组3_full_cube_periodic_P0131,unique,,,,internal_assumption,not_applicable_same_particle,unique_periodic_endpoint_mapping,,,,,,,Z,0,0,1,0.0,True
B_full_cube_periodic,full_cube_periodic,connected_same_particle,组3:INTERNAL:full_cube_periodic:j103,组3,same_particle_periodic_junction,r149,r351,149,351,,,,组3_full_cube_periodic_P0132,unique,,,,internal_assumption,not_applicable_same_particle,unique_periodic_endpoint_mapping,,,,,,,Z,0,0,-1,0.0,True
B_full_cube_periodic,full_cube_periodic,connected_same_particle,组3:INTERNAL:full_cube_periodic:j104,组3,same_particle_periodic_junction,r152,r229,152,229,,,,组3_full_cube_periodic_P0135,unique,,,,internal_assumption,not_applicable_same_particle,unique_periodic_endpoint_mapping,,,,,,,Y,0,-1,0,0.0,True
B_full_cube_periodic,full_cube_periodic,connected_same_particle,组3:INTERNAL:full_cube_periodic:j105,组3,same_particle_periodic_junction,r154,r191,154,191,,,,组3_full_cube_periodic_P0137,unique,,,,internal_assumption,not_applicable_same_particle,unique_periodic_endpoint_mapping,,,,,,,Y,0,-1,0,0.0,True
B_full_cube_periodic,full_cube_periodic,connected_same_particle,组3:INTERNAL:full_cube_periodic:j106,组3,same_particle_periodic_junction,r155,r164,155,164,,,,组3_full_cube_periodic_P0138,unique,,,,internal_assumption,not_applicable_same_particle,unique_periodic_endpoint_mapping,,,,,,,Y,0,-1,0,0.0,True
B_full_cube_periodic,full_cube_periodic,connected_same_particle,组3:INTERNAL:full_cube_periodic:j107,组3,same_particle_periodic_junction,r158,r292,158,292,,,,组3_full_cube_periodic_P0141,unique,,,,internal_assumption,not_applicable_same_particle,unique_periodic_endpoint_mapping,,,,,,,Z,0,0,-1,0.0,True
B_full_cube_periodic,full_cube_periodic,connected_same_particle,组3:INTERNAL:full_cube_periodic:j108,组3,same_particle_periodic_junction,r165,r274,165,274,,,,组3_full_cube_periodic_P0147,unique,,,,internal_assumption,not_applicable_same_particle,unique_periodic_endpoint_mapping,,,,,,,Y,0,1,0,0.0,True
B_full_cube_periodic,full_cube_periodic,connected_same_particle,组3:INTERNAL:full_cube_periodic:j109,组3,same_particle_periodic_junction,r167,r241,167,241,,,,组3_full_cube_periodic_P0149,unique,,,,internal_assumption,not_applicable_same_particle,unique_periodic_endpoint_mapping,,,,,,,Z,0,0,-1,0.0,True
B_full_cube_periodic,full_cube_periodic,connected_same_particle,组3:INTERNAL:full_cube_periodic:j110,组3,same_particle_periodic_junction,r168,r363,168,363,,,,组3_full_cube_periodic_P0150,unique,,,,internal_assumption,not_applicable_same_particle,unique_periodic_endpoint_mapping,,,,,,,Y,0,1,0,0.0,True
B_full_cube_periodic,full_cube_periodic,connected_same_particle,组3:INTERNAL:full_cube_periodic:j111,组3,same_particle_periodic_junction,r169,r181,169,181,,,,组3_full_cube_periodic_P0151,unique,,,,internal_assumption,not_applicable_same_particle,unique_periodic_endpoint_mapping,,,,,,,Z,0,0,-1,0.0,True
B_full_cube_periodic,full_cube_periodic,connected_same_particle,组3:INTERNAL:full_cube_periodic:j112,组3,same_particle_periodic_junction,r176,r220,176,220,,,,组3_full_cube_periodic_P0156,unique,,,,internal_assumption,not_applicable_same_particle,unique_periodic_endpoint_mapping,,,,,,,Z,0,0,-1,0.0,True
B_full_cube_periodic,full_cube_periodic,connected_same_particle,组3:INTERNAL:full_cube_periodic:j113,组3,same_particle_periodic_junction,r179,r245,179,245,,,,组3_full_cube_periodic_P0159,unique,,,,internal_assumption,not_applicable_same_particle,unique_periodic_endpoint_mapping,,,,,,,Z,0,0,-1,0.0,True
B_full_cube_periodic,full_cube_periodic,connected_same_particle,组3:INTERNAL:full_cube_periodic:j114,组3,same_particle_periodic_junction,r184,r248,184,248,,,,组3_full_cube_periodic_P0163,unique,,,,internal_assumption,not_applicable_same_particle,unique_periodic_endpoint_mapping,,,,,,,Y,0,-1,0,0.0,True
B_full_cube_periodic,full_cube_periodic,connected_same_particle,组3:INTERNAL:full_cube_periodic:j115,组3,same_particle_periodic_junction,r187,r197,187,197,,,,组3_full_cube_periodic_P0166,unique,,,,internal_assumption,not_applicable_same_particle,unique_periodic_endpoint_mapping,,,,,,,Z,0,0,1,0.0,True
B_full_cube_periodic,full_cube_periodic,connected_same_particle,组3:INTERNAL:full_cube_periodic:j116,组3,same_particle_periodic_junction,r190,r368,190,368,,,,组3_full_cube_periodic_P0168,unique,,,,internal_assumption,not_applicable_same_particle,unique_periodic_endpoint_mapping,,,,,,,Z,0,0,-1,0.0,True
B_full_cube_periodic,full_cube_periodic,connected_same_particle,组3:INTERNAL:full_cube_periodic:j117,组3,same_particle_periodic_junction,r199,r201,199,201,,,,组3_full_cube_periodic_P0175,unique,,,,internal_assumption,not_applicable_same_particle,unique_periodic_endpoint_mapping,,,,,,,Y,0,1,0,0.0,True
B_full_cube_periodic,full_cube_periodic,connected_same_particle,组3:INTERNAL:full_cube_periodic:j118,组3,same_particle_periodic_junction,r200,r358,200,358,,,,组3_full_cube_periodic_P0176,unique,,,,internal_assumption,not_applicable_same_particle,unique_periodic_endpoint_mapping,,,,,,,Y,0,1,0,0.0,True
B_full_cube_periodic,full_cube_periodic,connected_same_particle,组3:INTERNAL:full_cube_periodic:j119,组3,same_particle_periodic_junction,r201,r202,201,202,,,,组3_full_cube_periodic_P0175,unique,,,,internal_assumption,not_applicable_same_particle,unique_periodic_endpoint_mapping,,,,,,,Z,0,0,-1,0.0,True
B_full_cube_periodic,full_cube_periodic,connected_same_particle,组3:INTERNAL:full_cube_periodic:j120,组3,same_particle_periodic_junction,r203,r238,203,238,,,,组3_full_cube_periodic_P0177,unique,,,,internal_assumption,not_applicable_same_particle,unique_periodic_endpoint_mapping,,,,,,,Y,0,-1,0,0.0,True
B_full_cube_periodic,full_cube_periodic,connected_same_particle,组3:INTERNAL:full_cube_periodic:j121,组3,same_particle_periodic_junction,r206,r254,206,254,,,,组3_full_cube_periodic_P0180,unique,,,,internal_assumption,not_applicable_same_particle,unique_periodic_endpoint_mapping,,,,,,,Y,0,-1,0,0.0,True
B_full_cube_periodic,full_cube_periodic,connected_same_particle,组3:INTERNAL:full_cube_periodic:j122,组3,same_particle_periodic_junction,r210,r234,210,234,,,,组3_full_cube_periodic_P0184,unique,,,,internal_assumption,not_applicable_same_particle,unique_periodic_endpoint_mapping,,,,,,,Y,0,1,0,0.0,True
B_full_cube_periodic,full_cube_periodic,connected_same_particle,组3:INTERNAL:full_cube_periodic:j123,组3,same_particle_periodic_junction,r212,r265,212,265,,,,组3_full_cube_periodic_P0185,unique,,,,internal_assumption,not_applicable_same_particle,unique_periodic_endpoint_mapping,,,,,,,Z,0,0,-1,0.0,True
B_full_cube_periodic,full_cube_periodic,connected_same_particle,组3:INTERNAL:full_cube_periodic:j124,组3,same_particle_periodic_junction,r214,r373,214,373,,,,组3_full_cube_periodic_P0187,unique,,,,internal_assumption,not_applicable_same_particle,unique_periodic_endpoint_mapping,,,,,,,Y,0,-1,0,0.0,True
B_full_cube_periodic,full_cube_periodic,connected_same_particle,组3:INTERNAL:full_cube_periodic:j125,组3,same_particle_periodic_junction,r215,r306,215,306,,,,组3_full_cube_periodic_P0188,unique,,,,internal_assumption,not_applicable_same_particle,unique_periodic_endpoint_mapping,,,,,,,Y,0,-1,0,0.0,True
B_full_cube_periodic,full_cube_periodic,connected_same_particle,组3:INTERNAL:full_cube_periodic:j126,组3,same_particle_periodic_junction,r217,r236,217,236,,,,组3_full_cube_periodic_P0190,unique,,,,internal_assumption,not_applicable_same_particle,unique_periodic_endpoint_mapping,,,,,,,Z,0,0,1,0.0,True
B_full_cube_periodic,full_cube_periodic,connected_same_particle,组3:INTERNAL:full_cube_periodic:j127,组3,same_particle_periodic_junction,r219,r243,219,243,,,,组3_full_cube_periodic_P0192,unique,,,,internal_assumption,not_applicable_same_particle,unique_periodic_endpoint_mapping,,,,,,,Y,0,-1,0,0.0,True
B_full_cube_periodic,full_cube_periodic,connected_same_particle,组3:INTERNAL:full_cube_periodic:j128,组3,same_particle_periodic_junction,r226,r317,226,317,,,,组3_full_cube_periodic_P0198,unique,,,,internal_assumption,not_applicable_same_particle,unique_periodic_endpoint_mapping,,,,,,,Y,0,1,0,0.0,True
B_full_cube_periodic,full_cube_periodic,connected_same_particle,组3:INTERNAL:full_cube_periodic:j129,组3,same_particle_periodic_junction,r228,r246,228,246,,,,组3_full_cube_periodic_P0200,unique,,,,internal_assumption,not_applicable_same_particle,unique_periodic_endpoint_mapping,,,,,,,Y,0,1,0,0.0,True
B_full_cube_periodic,full_cube_periodic,connected_same_particle,组3:INTERNAL:full_cube_periodic:j130,组3,same_particle_periodic_junction,r232,r361,232,361,,,,组3_full_cube_periodic_P0203,unique,,,,internal_assumption,not_applicable_same_particle,unique_periodic_endpoint_mapping,,,,,,,Z,0,0,-1,0.0,True
B_full_cube_periodic,full_cube_periodic,connected_same_particle,组3:INTERNAL:full_cube_periodic:j131,组3,same_particle_periodic_junction,r233,r237,233,237,,,,组3_full_cube_periodic_P0204,unique,,,,internal_assumption,not_applicable_same_particle,unique_periodic_endpoint_mapping,,,,,,,Z,0,0,1,0.0,True
B_full_cube_periodic,full_cube_periodic,connected_same_particle,组3:INTERNAL:full_cube_periodic:j132,组3,same_particle_periodic_junction,r234,r239,234,239,,,,组3_full_cube_periodic_P0184,unique,,,,internal_assumption,not_applicable_same_particle,unique_periodic_endpoint_mapping,,,,,,,Z,0,0,1,0.0,True
B_full_cube_periodic,full_cube_periodic,connected_same_particle,组3:INTERNAL:full_cube_periodic:j133,组3,same_particle_periodic_junction,r236,r299,236,299,,,,组3_full_cube_periodic_P0190,unique,,,,internal_assumption,not_applicable_same_particle,unique_periodic_endpoint_mapping,,,,,,,Y,0,1,0,0.0,True
B_full_cube_periodic,full_cube_periodic,connected_same_particle,组3:INTERNAL:full_cube_periodic:j134,组3,same_particle_periodic_junction,r238,r285,238,285,,,,组3_full_cube_periodic_P0177,unique,,,,internal_assumption,not_applicable_same_particle,unique_periodic_endpoint_mapping,,,,,,,Z,0,0,-1,0.0,True
B_full_cube_periodic,full_cube_periodic,connected_same_particle,组3:INTERNAL:full_cube_periodic:j135,组3,same_particle_periodic_junction,r246,r258,246,258,,,,组3_full_cube_periodic_P0200,unique,,,,internal_assumption,not_applicable_same_particle,unique_periodic_endpoint_mapping,,,,,,,Z,0,0,-1,0.0,True
B_full_cube_periodic,full_cube_periodic,connected_same_particle,组3:INTERNAL:full_cube_periodic:j136,组3,same_particle_periodic_junction,r253,r435,253,435,,,,组3_full_cube_periodic_P0214,unique,,,,internal_assumption,not_applicable_same_particle,unique_periodic_endpoint_mapping,,,,,,,Z,0,0,1,0.0,True
B_full_cube_periodic,full_cube_periodic,connected_same_particle,组3:INTERNAL:full_cube_periodic:j137,组3,same_particle_periodic_junction,r256,r275,256,275,,,,组3_full_cube_periodic_P0216,unique,,,,internal_assumption,not_applicable_same_particle,unique_periodic_endpoint_mapping,,,,,,,Y,0,-1,0,0.0,True
B_full_cube_periodic,full_cube_periodic,connected_same_particle,组3:INTERNAL:full_cube_periodic:j138,组3,same_particle_periodic_junction,r273,r302,273,302,,,,组3_full_cube_periodic_P0230,unique,,,,internal_assumption,not_applicable_same_particle,unique_periodic_endpoint_mapping,,,,,,,Y,0,1,0,0.0,True
B_full_cube_periodic,full_cube_periodic,connected_same_particle,组3:INTERNAL:full_cube_periodic:j139,组3,same_particle_periodic_junction,r279,r357,279,357,,,,组3_full_cube_periodic_P0234,unique,,,,internal_assumption,not_applicable_same_particle,unique_periodic_endpoint_mapping,,,,,,,Z,0,0,-1,0.0,True
B_full_cube_periodic,full_cube_periodic,connected_same_particle,组3:INTERNAL:full_cube_periodic:j140,组3,same_particle_periodic_junction,r281,r371,281,371,,,,组3_full_cube_periodic_P0236,unique,,,,internal_assumption,not_applicable_same_particle,unique_periodic_endpoint_mapping,,,,,,,Y,0,1,0,0.0,True
B_full_cube_periodic,full_cube_periodic,connected_same_particle,组3:INTERNAL:full_cube_periodic:j141,组3,same_particle_periodic_junction,r283,r312,283,312,,,,组3_full_cube_periodic_P0238,unique,,,,internal_assumption,not_applicable_same_particle,unique_periodic_endpoint_mapping,,,,,,,Y,0,1,0,0.0,True
B_full_cube_periodic,full_cube_periodic,connected_same_particle,组3:INTERNAL:full_cube_periodic:j142,组3,same_particle_periodic_junction,r294,r310,294,310,,,,组3_full_cube_periodic_P0247,unique,,,,internal_assumption,not_applicable_same_particle,unique_periodic_endpoint_mapping,,,,,,,Z,0,0,1,0.0,True
B_full_cube_periodic,full_cube_periodic,connected_same_particle,组3:INTERNAL:full_cube_periodic:j143,组3,same_particle_periodic_junction,r303,r378,303,378,,,,组3_full_cube_periodic_P0254,unique,,,,internal_assumption,not_applicable_same_particle,unique_periodic_endpoint_mapping,,,,,,,Y,0,1,0,0.0,True
B_full_cube_periodic,full_cube_periodic,connected_same_particle,组3:INTERNAL:full_cube_periodic:j144,组3,same_particle_periodic_junction,r304,r309,304,309,,,,组3_full_cube_periodic_P0255,unique,,,,internal_assumption,not_applicable_same_particle,unique_periodic_endpoint_mapping,,,,,,,Y,0,1,0,0.0,True
B_full_cube_periodic,full_cube_periodic,connected_same_particle,组3:INTERNAL:full_cube_periodic:j145,组3,same_particle_periodic_junction,r313,r410,313,410,,,,组3_full_cube_periodic_P0260,unique,,,,internal_assumption,not_applicable_same_particle,unique_periodic_endpoint_mapping,,,,,,,Z,0,0,-1,0.0,True
B_full_cube_periodic,full_cube_periodic,connected_same_particle,组3:INTERNAL:full_cube_periodic:j146,组3,same_particle_periodic_junction,r319,r347,319,347,,,,组3_full_cube_periodic_P0265,unique,,,,internal_assumption,not_applicable_same_particle,unique_periodic_endpoint_mapping,,,,,,,Z,0,0,-1,0.0,True
B_full_cube_periodic,full_cube_periodic,connected_same_particle,组3:INTERNAL:full_cube_periodic:j147,组3,same_particle_periodic_junction,r323,r416,323,416,,,,组3_full_cube_periodic_P0269,unique,,,,internal_assumption,not_applicable_same_particle,unique_periodic_endpoint_mapping,,,,,,,Z,0,0,1,0.0,True
B_full_cube_periodic,full_cube_periodic,connected_same_particle,组3:INTERNAL:full_cube_periodic:j148,组3,same_particle_periodic_junction,r334,r337,334,337,,,,组3_full_cube_periodic_P0280,unique,,,,internal_assumption,not_applicable_same_particle,unique_periodic_endpoint_mapping,,,,,,,Z,0,0,1,0.0,True
B_full_cube_periodic,full_cube_periodic,connected_same_particle,组3:INTERNAL:full_cube_periodic:j149,组3,same_particle_periodic_junction,r336,r467,336,467,,,,组3_full_cube_periodic_P0282,unique,,,,internal_assumption,not_applicable_same_particle,unique_periodic_endpoint_mapping,,,,,,,Z,0,0,1,0.0,True
B_full_cube_periodic,full_cube_periodic,connected_same_particle,组3:INTERNAL:full_cube_periodic:j150,组3,same_particle_periodic_junction,r344,r364,344,364,,,,组3_full_cube_periodic_P0289,unique,,,,internal_assumption,not_applicable_same_particle,unique_periodic_endpoint_mapping,,,,,,,Y,0,1,0,0.0,True
B_full_cube_periodic,full_cube_periodic,connected_same_particle,组3:INTERNAL:full_cube_periodic:j151,组3,same_particle_periodic_junction,r348,r356,348,356,,,,组3_full_cube_periodic_P0292,unique,,,,internal_assumption,not_applicable_same_particle,unique_periodic_endpoint_mapping,,,,,,,Z,0,0,1,0.0,True
B_full_cube_periodic,full_cube_periodic,connected_same_particle,组3:INTERNAL:full_cube_periodic:j152,组3,same_particle_periodic_junction,r352,r393,352,393,,,,组3_full_cube_periodic_P0295,unique,,,,internal_assumption,not_applicable_same_particle,unique_periodic_endpoint_mapping,,,,,,,Y,0,-1,0,0.0,True
B_full_cube_periodic,full_cube_periodic,connected_same_particle,组3:INTERNAL:full_cube_periodic:j153,组3,same_particle_periodic_junction,r354,r420,354,420,,,,组3_full_cube_periodic_P0297,unique,,,,internal_assumption,not_applicable_same_particle,unique_periodic_endpoint_mapping,,,,,,,Y,0,-1,0,0.0,True
B_full_cube_periodic,full_cube_periodic,connected_same_particle,组3:INTERNAL:full_cube_periodic:j154,组3,same_particle_periodic_junction,r362,r370,362,370,,,,组3_full_cube_periodic_P0301,unique,,,,internal_assumption,not_applicable_same_particle,unique_periodic_endpoint_mapping,,,,,,,Y,0,-1,0,0.0,True
B_full_cube_periodic,full_cube_periodic,connected_same_particle,组3:INTERNAL:full_cube_periodic:j155,组3,same_particle_periodic_junction,r367,r397,367,397,,,,组3_full_cube_periodic_P0304,unique,,,,internal_assumption,not_applicable_same_particle,unique_periodic_endpoint_mapping,,,,,,,Z,0,0,1,0.0,True
B_full_cube_periodic,full_cube_periodic,connected_same_particle,组3:INTERNAL:full_cube_periodic:j156,组3,same_particle_periodic_junction,r377,r412,377,412,,,,组3_full_cube_periodic_P0309,cannot_reconstruct,,,,internal_assumption,not_applicable_same_particle,unique_periodic_endpoint_mapping,,,,,,,Y,0,1,0,0.0,True
B_full_cube_periodic,full_cube_periodic,connected_same_particle,组3:INTERNAL:full_cube_periodic:j157,组3,same_particle_periodic_junction,r385,r394,385,394,,,,组3_full_cube_periodic_P0315,unique,,,,internal_assumption,not_applicable_same_particle,unique_periodic_endpoint_mapping,,,,,,,Y,0,1,0,0.0,True
B_full_cube_periodic,full_cube_periodic,connected_same_particle,组3:INTERNAL:full_cube_periodic:j158,组3,same_particle_periodic_junction,r401,r436,401,436,,,,组3_full_cube_periodic_P0324,unique,,,,internal_assumption,not_applicable_same_particle,unique_periodic_endpoint_mapping,,,,,,,Z,0,0,1,0.0,True
B_full_cube_periodic,full_cube_periodic,connected_same_particle,组3:INTERNAL:full_cube_periodic:j159,组3,same_particle_periodic_junction,r402,r427,402,427,,,,组3_full_cube_periodic_P0325,unique,,,,internal_assumption,not_applicable_same_particle,unique_periodic_endpoint_mapping,,,,,,,Y,0,-1,0,0.0,True
B_full_cube_periodic,full_cube_periodic,connected_same_particle,组3:INTERNAL:full_cube_periodic:j160,组3,same_particle_periodic_junction,r403,r409,403,409,,,,组3_full_cube_periodic_P0326,unique,,,,internal_assumption,not_applicable_same_particle,unique_periodic_endpoint_mapping,,,,,,,Z,0,0,1,0.0,True
B_full_cube_periodic,full_cube_periodic,connected_same_particle,组3:INTERNAL:full_cube_periodic:j161,组3,same_particle_periodic_junction,r408,r450,408,450,,,,组3_full_cube_periodic_P0329,unique,,,,internal_assumption,not_applicable_same_particle,unique_periodic_endpoint_mapping,,,,,,,Z,0,0,1,0.0,True
B_full_cube_periodic,full_cube_periodic,connected_same_particle,组3:INTERNAL:full_cube_periodic:j162,组3,same_particle_periodic_junction,r409,r414,409,414,,,,组3_full_cube_periodic_P0326,unique,,,,internal_assumption,not_applicable_same_particle,unique_periodic_endpoint_mapping,,,,,,,Y,0,1,0,0.0,True
B_full_cube_periodic,full_cube_periodic,connected_same_particle,组3:INTERNAL:full_cube_periodic:j163,组3,same_particle_periodic_junction,r419,r441,419,441,,,,组3_full_cube_periodic_P0334,unique,,,,internal_assumption,not_applicable_same_particle,unique_periodic_endpoint_mapping,,,,,,,Y,0,1,0,0.0,True
B_full_cube_periodic,full_cube_periodic,connected_same_particle,组3:INTERNAL:full_cube_periodic:j164,组3,same_particle_periodic_junction,r422,r490,422,490,,,,组3_full_cube_periodic_P0004,unique,,,,internal_assumption,not_applicable_same_particle,unique_periodic_endpoint_mapping,,,,,,,Y,0,-1,0,0.0,True
B_full_cube_periodic,full_cube_periodic,connected_same_particle,组3:INTERNAL:full_cube_periodic:j165,组3,same_particle_periodic_junction,r425,r434,425,434,,,,组3_full_cube_periodic_P0336,unique,,,,internal_assumption,not_applicable_same_particle,unique_periodic_endpoint_mapping,,,,,,,Y,0,1,0,0.0,True
B_full_cube_periodic,full_cube_periodic,connected_same_particle,组3:INTERNAL:full_cube_periodic:j166,组3,same_particle_periodic_junction,r426,r529,426,529,,,,组3_full_cube_periodic_P0087,unique,,,,internal_assumption,not_applicable_same_particle,unique_periodic_endpoint_mapping,,,,,,,Y,0,1,0,0.0,True
B_full_cube_periodic,full_cube_periodic,connected_same_particle,组3:INTERNAL:full_cube_periodic:j167,组3,same_particle_periodic_junction,r428,r447,428,447,,,,组3_full_cube_periodic_P0044,unique,,,,internal_assumption,not_applicable_same_particle,unique_periodic_endpoint_mapping,,,,,,,Z,0,0,1,0.0,True
B_full_cube_periodic,full_cube_periodic,connected_same_particle,组3:INTERNAL:full_cube_periodic:j168,组3,same_particle_periodic_junction,r429,r460,429,460,,,,组3_full_cube_periodic_P0337,unique,,,,internal_assumption,not_applicable_same_particle,unique_periodic_endpoint_mapping,,,,,,,Z,0,0,1,0.0,True
B_full_cube_periodic,full_cube_periodic,connected_same_particle,组3:INTERNAL:full_cube_periodic:j169,组3,same_particle_periodic_junction,r433,r515,433,515,,,,组3_full_cube_periodic_P0339,unique,,,,internal_assumption,not_applicable_same_particle,unique_periodic_endpoint_mapping,,,,,,,Z,0,0,-1,0.0,True
B_full_cube_periodic,full_cube_periodic,connected_same_particle,组3:INTERNAL:full_cube_periodic:j170,组3,same_particle_periodic_junction,r440,r471,440,471,,,,组3_full_cube_periodic_P0089,unique,,,,internal_assumption,not_applicable_same_particle,unique_periodic_endpoint_mapping,,,,,,,Y,0,1,0,0.0,True
B_full_cube_periodic,full_cube_periodic,connected_same_particle,组3:INTERNAL:full_cube_periodic:j171,组3,same_particle_periodic_junction,r442,r472,442,472,,,,组3_full_cube_periodic_P0012,unique,,,,internal_assumption,not_applicable_same_particle,unique_periodic_endpoint_mapping,,,,,,,Z,0,0,1,0.0,True
B_full_cube_periodic,full_cube_periodic,connected_same_particle,组3:INTERNAL:full_cube_periodic:j172,组3,same_particle_periodic_junction,r444,r459,444,459,,,,组3_full_cube_periodic_P0342,unique,,,,internal_assumption,not_applicable_same_particle,unique_periodic_endpoint_mapping,,,,,,,Y,0,-1,0,0.0,True
B_full_cube_periodic,full_cube_periodic,connected_same_particle,组3:INTERNAL:full_cube_periodic:j173,组3,same_particle_periodic_junction,r453,r477,453,477,,,,组3_full_cube_periodic_P0345,unique,,,,internal_assumption,not_applicable_same_particle,unique_periodic_endpoint_mapping,,,,,,,Z,0,0,1,0.0,True
B_full_cube_periodic,full_cube_periodic,connected_same_particle,组3:INTERNAL:full_cube_periodic:j174,组3,same_particle_periodic_junction,r469,r497,469,497,,,,组3_full_cube_periodic_P0349,unique,,,,internal_assumption,not_applicable_same_particle,unique_periodic_endpoint_mapping,,,,,,,Y,0,1,0,0.0,True
B_full_cube_periodic,full_cube_periodic,connected_same_particle,组3:INTERNAL:full_cube_periodic:j175,组3,same_particle_periodic_junction,r475,r495,475,495,,,,组3_full_cube_periodic_P0351,unique,,,,internal_assumption,not_applicable_same_particle,unique_periodic_endpoint_mapping,,,,,,,Y,0,1,0,0.0,True
B_full_cube_periodic,full_cube_periodic,connected_same_particle,组3:INTERNAL:full_cube_periodic:j176,组3,same_particle_periodic_junction,r476,r488,476,488,,,,组3_full_cube_periodic_P0019,unique,,,,internal_assumption,not_applicable_same_particle,unique_periodic_endpoint_mapping,,,,,,,Y,0,-1,0,0.0,True
B_full_cube_periodic,full_cube_periodic,connected_same_particle,组3:INTERNAL:full_cube_periodic:j177,组3,same_particle_periodic_junction,r494,r496,494,496,,,,组3_full_cube_periodic_P0356,unique,,,,internal_assumption,not_applicable_same_particle,unique_periodic_endpoint_mapping,,,,,,,Z,0,0,-1,0.0,True
B_full_cube_periodic,full_cube_periodic,connected_same_particle,组3:INTERNAL:full_cube_periodic:j178,组3,same_particle_periodic_junction,r505,r534,505,534,,,,组3_full_cube_periodic_P0009,unique,,,,internal_assumption,not_applicable_same_particle,unique_periodic_endpoint_mapping,,,,,,,Y,0,-1,0,0.0,True
C_thin_12_full_3,thin_prism_periodic,disconnected_fragments,组1:ELECTRODE:LEFT:r3,组1,electrode_contact,LEFT,r3,,3,left,LEFT,组1_thin_prism_periodic_P0001,,,0.0,0.0,0.0,connected,gap<=1.8,closed_form_cylinder_plane,,0,True,,,,,,,,,
C_thin_12_full_3,thin_prism_periodic,disconnected_fragments,组1:ELECTRODE:LEFT:r4,组1,electrode_contact,LEFT,r4,,4,left,LEFT,组1_thin_prism_periodic_P0002,,,0.0,0.0,0.0,connected,gap<=1.8,closed_form_cylinder_plane,,0,True,,,,,,,,,
C_thin_12_full_3,thin_prism_periodic,disconnected_fragments,组1:ELECTRODE:LEFT:r5,组1,electrode_contact,LEFT,r5,,5,left,LEFT,组1_thin_prism_periodic_P0003,,,0.0,0.0,0.0,connected,gap<=1.8,closed_form_cylinder_plane,,0,True,,,,,,,,,
C_thin_12_full_3,thin_prism_periodic,disconnected_fragments,组1:ELECTRODE:RIGHT:r10,组1,electrode_contact,r10,RIGHT,10,,right,组1_thin_prism_periodic_P0007,RIGHT,,,0.0,0.0,0.0,connected,gap<=1.8,closed_form_cylinder_plane,,0,True,,,,,,,,,
C_thin_12_full_3,thin_prism_periodic,disconnected_fragments,组1:ELECTRODE:RIGHT:r11,组1,electrode_contact,r11,RIGHT,11,,right,组1_thin_prism_periodic_P0003,RIGHT,,,0.0,0.0,0.0,connected,gap<=1.8,closed_form_cylinder_plane,,0,True,,,,,,,,,
C_thin_12_full_3,thin_prism_periodic,disconnected_fragments,组1:ELECTRODE:RIGHT:r12,组1,electrode_contact,r12,RIGHT,12,,right,组1_thin_prism_periodic_P0002,RIGHT,,,0.0,0.0,0.0,connected,gap<=1.8,closed_form_cylinder_plane,,0,True,,,,,,,,,
C_thin_12_full_3,thin_prism_periodic,disconnected_fragments,组1:ELECTRODE:RIGHT:r14,组1,electrode_contact,r14,RIGHT,14,,right,组1_thin_prism_periodic_P0001,RIGHT,,,0.0,0.0,0.0,connected,gap<=1.8,closed_form_cylinder_plane,,0,True,,,,,,,,,
C_thin_12_full_3,thin_prism_periodic,disconnected_fragments,组1:PAIR:r3:r6,组1,cylinder_contact,r3,r6,3,6,,组1_thin_prism_periodic_P0001,组1_thin_prism_periodic_P0004,,,0.0,2.170009413277917e-10,0.0,connected,gap<=1.8,capsule_then_flat_cylinder_gjk,0.0,5,True,3.1776437161565096e-14,3.1776437161565096e-14,True,,,,,,
C_thin_12_full_3,thin_prism_periodic,disconnected_fragments,组1:PAIR:r11:r12,组1,cylinder_contact,r11,r12,11,12,,组1_thin_prism_periodic_P0003,组1_thin_prism_periodic_P0002,,,0.0,2.0966613025182378e-10,0.0,connected,gap<=1.8,capsule_then_flat_cylinder_gjk,0.0,4,True,3.4107901638000697e-13,3.4107901638000697e-13,True,,,,,,
C_thin_12_full_3,thin_prism_periodic,disconnected_fragments,组2:ELECTRODE:LEFT:r3,组2,electrode_contact,LEFT,r3,,3,left,LEFT,组2_thin_prism_periodic_P0001,,,0.0,0.0,0.0,connected,gap<=1.8,closed_form_cylinder_plane,,0,True,,,,,,,,,
C_thin_12_full_3,thin_prism_periodic,disconnected_fragments,组2:ELECTRODE:LEFT:r4,组2,electrode_contact,LEFT,r4,,4,left,LEFT,组2_thin_prism_periodic_P0002,,,0.0,0.0,0.0,connected,gap<=1.8,closed_form_cylinder_plane,,0,True,,,,,,,,,
C_thin_12_full_3,thin_prism_periodic,disconnected_fragments,组2:ELECTRODE:LEFT:r5,组2,electrode_contact,LEFT,r5,,5,left,LEFT,组2_thin_prism_periodic_P0003,,,0.0,0.0,0.0,connected,gap<=1.8,closed_form_cylinder_plane,,0,True,,,,,,,,,
C_thin_12_full_3,thin_prism_periodic,disconnected_fragments,组2:ELECTRODE:LEFT:r6,组2,electrode_contact,LEFT,r6,,6,left,LEFT,组2_thin_prism_periodic_P0004,,,0.0,0.0,0.0,connected,gap<=1.8,closed_form_cylinder_plane,,0,True,,,,,,,,,
C_thin_12_full_3,thin_prism_periodic,disconnected_fragments,组2:ELECTRODE:LEFT:r7,组2,electrode_contact,LEFT,r7,,7,left,LEFT,组2_thin_prism_periodic_P0005,,,0.0,0.0,0.0,connected,gap<=1.8,closed_form_cylinder_plane,,0,True,,,,,,,,,
C_thin_12_full_3,thin_prism_periodic,disconnected_fragments,组2:ELECTRODE:LEFT:r8,组2,electrode_contact,LEFT,r8,,8,left,LEFT,组2_thin_prism_periodic_P0006,,,0.0,0.0,0.0,connected,gap<=1.8,closed_form_cylinder_plane,,0,True,,,,,,,,,
C_thin_12_full_3,thin_prism_periodic,disconnected_fragments,组2:ELECTRODE:LEFT:r9,组2,electrode_contact,LEFT,r9,,9,left,LEFT,组2_thin_prism_periodic_P0007,,,0.0,0.0,0.0,connected,gap<=1.8,closed_form_cylinder_plane,,0,True,,,,,,,,,
C_thin_12_full_3,thin_prism_periodic,disconnected_fragments,组2:ELECTRODE:LEFT:r10,组2,electrode_contact,LEFT,r10,,10,left,LEFT,组2_thin_prism_periodic_P0008,,,0.0,0.0,0.0,connected,gap<=1.8,closed_form_cylinder_plane,,0,True,,,,,,,,,
C_thin_12_full_3,thin_prism_periodic,disconnected_fragments,组2:ELECTRODE:LEFT:r11,组2,electrode_contact,LEFT,r11,,11,left,LEFT,组2_thin_prism_periodic_P0009,,,0.0,0.0,0.0,connected,gap<=1.8,closed_form_cylinder_plane,,0,True,,,,,,,,,
C_thin_12_full_3,thin_prism_periodic,disconnected_fragments,组2:ELECTRODE:LEFT:r12,组2,electrode_contact,LEFT,r12,,12,left,LEFT,组2_thin_prism_periodic_P0010,,,0.0,0.0,0.0,connected,gap<=1.8,closed_form_cylinder_plane,,0,True,,,,,,,,,
C_thin_12_full_3,thin_prism_periodic,disconnected_fragments,组2:ELECTRODE:LEFT:r13,组2,electrode_contact,LEFT,r13,,13,left,LEFT,组2_thin_prism_periodic_P0011,,,0.0,0.0,0.0,connected,gap<=1.8,closed_form_cylinder_plane,,0,True,,,,,,,,,
C_thin_12_full_3,thin_prism_periodic,disconnected_fragments,组2:ELECTRODE:RIGHT:r36,组2,electrode_contact,r36,RIGHT,36,,right,组2_thin_prism_periodic_P0028,RIGHT,,,0.0,0.0,0.0,connected,gap<=1.8,closed_form_cylinder_plane,,0,True,,,,,,,,,
C_thin_12_full_3,thin_prism_periodic,disconnected_fragments,组2:ELECTRODE:RIGHT:r40,组2,electrode_contact,r40,RIGHT,40,,right,组2_thin_prism_periodic_P0007,RIGHT,,,0.0,0.0,0.0,connected,gap<=1.8,closed_form_cylinder_plane,,0,True,,,,,,,,,
C_thin_12_full_3,thin_prism_periodic,disconnected_fragments,组2:ELECTRODE:RIGHT:r41,组2,electrode_contact,r41,RIGHT,41,,right,组2_thin_prism_periodic_P0010,RIGHT,,,0.0,0.0,0.0,connected,gap<=1.8,closed_form_cylinder_plane,,0,True,,,,,,,,,
C_thin_12_full_3,thin_prism_periodic,disconnected_fragments,组2:ELECTRODE:RIGHT:r44,组2,electrode_contact,r44,RIGHT,44,,right,组2_thin_prism_periodic_P0006,RIGHT,,,0.0,0.0,0.0,connected,gap<=1.8,closed_form_cylinder_plane,,0,True,,,,,,,,,
C_thin_12_full_3,thin_prism_periodic,disconnected_fragments,组2:ELECTRODE:RIGHT:r45,组2,electrode_contact,r45,RIGHT,45,,right,组2_thin_prism_periodic_P0003,RIGHT,,,0.0,0.0,0.0,connected,gap<=1.8,closed_form_cylinder_plane,,0,True,,,,,,,,,
C_thin_12_full_3,thin_prism_periodic,disconnected_fragments,组2:ELECTRODE:RIGHT:r46,组2,electrode_contact,r46,RIGHT,46,,right,组2_thin_prism_periodic_P0011,RIGHT,,,0.0,0.0,0.0,connected,gap<=1.8,closed_form_cylinder_plane,,0,True,,,,,,,,,
C_thin_12_full_3,thin_prism_periodic,disconnected_fragments,组2:ELECTRODE:RIGHT:r47,组2,electrode_contact,r47,RIGHT,47,,right,组2_thin_prism_periodic_P0004,RIGHT,,,0.0,0.0,0.0,connected,gap<=1.8,closed_form_cylinder_plane,,0,True,,,,,,,,,
C_thin_12_full_3,thin_prism_periodic,disconnected_fragments,组2:ELECTRODE:RIGHT:r48,组2,electrode_contact,r48,RIGHT,48,,right,组2_thin_prism_periodic_P0005,RIGHT,,,0.0,0.0,0.0,connected,gap<=1.8,closed_form_cylinder_plane,,0,True,,,,,,,,,
C_thin_12_full_3,thin_prism_periodic,disconnected_fragments,组2:ELECTRODE:RIGHT:r49,组2,electrode_contact,r49,RIGHT,49,,right,组2_thin_prism_periodic_P0001,RIGHT,,,0.0,0.0,0.0,connected,gap<=1.8,closed_form_cylinder_plane,,0,True,,,,,,,,,
C_thin_12_full_3,thin_prism_periodic,disconnected_fragments,组2:ELECTRODE:RIGHT:r50,组2,electrode_contact,r50,RIGHT,50,,right,组2_thin_prism_periodic_P0009,RIGHT,,,0.0,0.0,0.0,connected,gap<=1.8,closed_form_cylinder_plane,,0,True,,,,,,,,,
C_thin_12_full_3,thin_prism_periodic,disconnected_fragments,组2:ELECTRODE:RIGHT:r51,组2,electrode_contact,r51,RIGHT,51,,right,组2_thin_prism_periodic_P0002,RIGHT,,,0.0,0.0,0.0,connected,gap<=1.8,closed_form_cylinder_plane,,0,True,,,,,,,,,
C_thin_12_full_3,thin_prism_periodic,disconnected_fragments,组2:PAIR:r4:r13,组2,cylinder_contact,r4,r13,4,13,,组2_thin_prism_periodic_P0002,组2_thin_prism_periodic_P0011,,,0.0,1.9903950043506905e-10,0.0,connected,gap<=1.8,capsule_then_flat_cylinder_gjk,0.0,5,True,2.308990589380062e-13,2.308990589380062e-13,True,,,,,,
C_thin_12_full_3,thin_prism_periodic,disconnected_fragments,组2:PAIR:r4:r14,组2,cylinder_contact,r4,r14,4,14,,组2_thin_prism_periodic_P0002,组2_thin_prism_periodic_P0012,,,0.0,1.6746695940092656e-10,0.0,connected,gap<=1.8,capsule_then_flat_cylinder_gjk,0.0,6,True,5.453474041662791e-10,5.453474041662791e-10,True,,,,,,
C_thin_12_full_3,thin_prism_periodic,disconnected_fragments,组2:PAIR:r5:r8,组2,cylinder_contact,r5,r8,5,8,,组2_thin_prism_periodic_P0003,组2_thin_prism_periodic_P0006,,,0.0,2.330633945603017e-10,0.0,connected,gap<=1.8,capsule_then_flat_cylinder_gjk,0.0,4,True,1.1588601317882371e-13,1.1588601317882371e-13,True,,,,,,
C_thin_12_full_3,thin_prism_periodic,disconnected_fragments,组2:PAIR:r5:r18,组2,cylinder_contact,r5,r18,5,18,,组2_thin_prism_periodic_P0003,组2_thin_prism_periodic_P0015,,,0.0,2.3804978668550276e-10,0.0,connected,gap<=1.8,capsule_then_flat_cylinder_gjk,0.0,5,True,9.099386826154683e-13,9.099386826154683e-13,True,,,,,,
C_thin_12_full_3,thin_prism_periodic,disconnected_fragments,组2:PAIR:r6:r7,组2,cylinder_contact,r6,r7,6,7,,组2_thin_prism_periodic_P0004,组2_thin_prism_periodic_P0005,,,0.0,2.0068569593554382e-10,0.0,connected,gap<=1.8,capsule_then_flat_cylinder_gjk,0.0,5,True,2.2914314707516465e-13,2.2914314707516465e-13,True,,,,,,
C_thin_12_full_3,thin_prism_periodic,disconnected_fragments,组2:PAIR:r13:r14,组2,cylinder_contact,r13,r14,13,14,,组2_thin_prism_periodic_P0011,组2_thin_prism_periodic_P0012,,,0.0,1.985972445629906e-10,0.0,connected,gap<=1.8,capsule_then_flat_cylinder_gjk,0.0,4,True,1.2789769243681803e-12,1.2789769243681803e-12,True,,,,,,
C_thin_12_full_3,thin_prism_periodic,disconnected_fragments,组2:PAIR:r14:r26,组2,cylinder_contact,r14,r26,14,26,,组2_thin_prism_periodic_P0012,组2_thin_prism_periodic_P0021,,,0.0,1.4410931306146347e-10,0.0,connected,gap<=1.8,capsule_then_flat_cylinder_gjk,0.0,4,True,5.123796534383003e-14,5.123796534383003e-14,True,,,,,,
C_thin_12_full_3,thin_prism_periodic,disconnected_fragments,组2:PAIR:r16:r17,组2,cylinder_contact,r16,r17,16,17,,组2_thin_prism_periodic_P0014,组2_thin_prism_periodic_P0008,,,0.0,1.4325883993482166e-10,0.0,connected,gap<=1.8,capsule_then_flat_cylinder_gjk,0.0,5,True,4.556346636343676e-13,4.556346636343676e-13,True,,,,,,
C_thin_12_full_3,thin_prism_periodic,disconnected_fragments,组2:PAIR:r16:r19,组2,cylinder_contact,r16,r19,16,19,,组2_thin_prism_periodic_P0014,组2_thin_prism_periodic_P0001,,,0.0,1.7265948717538152e-10,0.0,connected,gap<=1.8,capsule_then_flat_cylinder_gjk,0.0,7,True,4.565202517656249e-13,4.565202517656249e-13,True,,,,,,
C_thin_12_full_3,thin_prism_periodic,disconnected_fragments,组2:PAIR:r16:r36,组2,cylinder_contact,r16,r36,16,36,,组2_thin_prism_periodic_P0014,组2_thin_prism_periodic_P0028,,,0.0,1.465584092043925e-10,0.0,connected,gap<=1.8,capsule_then_flat_cylinder_gjk,0.0,5,True,9.094947017729282e-13,9.094947017729282e-13,True,,,,,,
C_thin_12_full_3,thin_prism_periodic,disconnected_fragments,组2:PAIR:r20:r32,组2,cylinder_contact,r20,r32,20,32,,组2_thin_prism_periodic_P0016,组2_thin_prism_periodic_P0013,,,0.0,1.4230730689125853e-10,0.0,connected,gap<=1.8,capsule_then_flat_cylinder_gjk,0.0,6,True,6.511650267020756e-13,6.511650267020756e-13,True,,,,,,
C_thin_12_full_3,thin_prism_periodic,disconnected_fragments,组2:PAIR:r21:r23,组2,cylinder_contact,r21,r23,21,23,,组2_thin_prism_periodic_P0017,组2_thin_prism_periodic_P0018,,,0.0,1.4235358045374003e-10,0.0,connected,gap<=1.8,capsule_then_flat_cylinder_gjk,0.0,5,True,1.2445774151355083e-11,1.2445774151355083e-11,True,,,,,,
C_thin_12_full_3,thin_prism_periodic,disconnected_fragments,组2:PAIR:r25:r31,组2,cylinder_contact,r25,r31,25,31,,组2_thin_prism_periodic_P0020,组2_thin_prism_periodic_P0024,,,0.0,1.4280326400349035e-10,0.0,connected,gap<=1.8,capsule_then_flat_cylinder_gjk,0.0,5,True,1.4210854715202004e-14,1.4210854715202004e-14,True,,,,,,
C_thin_12_full_3,thin_prism_periodic,disconnected_fragments,组2:PAIR:r25:r32,组2,cylinder_contact,r25,r32,25,32,,组2_thin_prism_periodic_P0020,组2_thin_prism_periodic_P0013,,,0.0,9.947931235031256e-11,0.0,connected,gap<=1.8,capsule_then_flat_cylinder_gjk,0.0,6,True,1.5208828249434925e-11,1.5208828249434925e-11,True,,,,,,
C_thin_12_full_3,thin_prism_periodic,disconnected_fragments,组2:PAIR:r25:r37,组2,cylinder_contact,r25,r37,25,37,,组2_thin_prism_periodic_P0020,组2_thin_prism_periodic_P0017,,,0.0,9.904567094827735e-11,0.0,connected,gap<=1.8,capsule_then_flat_cylinder_gjk,0.0,5,True,5.239944532003689e-10,5.239944532003689e-10,True,,,,,,
C_thin_12_full_3,thin_prism_periodic,disconnected_fragments,组2:PAIR:r26:r41,组2,cylinder_contact,r26,r41,26,41,,组2_thin_prism_periodic_P0021,组2_thin_prism_periodic_P0010,,,0.0,1.9722499377516499e-10,0.0,connected,gap<=1.8,capsule_then_flat_cylinder_gjk,0.0,5,True,1.0064104835181445e-11,1.0064104835181445e-11,True,,,,,,
C_thin_12_full_3,thin_prism_periodic,disconnected_fragments,组2:PAIR:r28:r35,组2,cylinder_contact,r28,r35,28,35,,组2_thin_prism_periodic_P0023,组2_thin_prism_periodic_P0027,,,0.0,1.432574219475372e-10,0.0,connected,gap<=1.8,capsule_then_flat_cylinder_gjk,0.0,4,True,6.821210263296962e-13,6.821210263296962e-13,True,,,,,,
C_thin_12_full_3,thin_prism_periodic,disconnected_fragments,组2:PAIR:r28:r38,组2,cylinder_contact,r28,r38,28,38,,组2_thin_prism_periodic_P0023,组2_thin_prism_periodic_P0026,,,0.0,1.4952253745703913e-10,0.0,connected,gap<=1.8,capsule_then_flat_cylinder_gjk,0.0,5,True,4.591976915943464e-13,4.591976915943464e-13,True,,,,,,
C_thin_12_full_3,thin_prism_periodic,disconnected_fragments,组2:PAIR:r29:r40,组2,cylinder_contact,r29,r40,29,40,,组2_thin_prism_periodic_P0019,组2_thin_prism_periodic_P0007,,,0.0,1.8744045431155152e-10,0.0,connected,gap<=1.8,capsule_then_flat_cylinder_gjk,0.0,5,True,2.2772866968819164e-12,2.2772866968819164e-12,True,,,,,,
C_thin_12_full_3,thin_prism_periodic,disconnected_fragments,组2:PAIR:r35:r36,组2,cylinder_contact,r35,r36,35,36,,组2_thin_prism_periodic_P0027,组2_thin_prism_periodic_P0028,,,0.0,1.465569929785847e-10,0.0,connected,gap<=1.8,capsule_then_flat_cylinder_gjk,0.0,4,True,3.4883596115620364e-13,3.4883596115620364e-13,True,,,,,,
C_thin_12_full_3,thin_prism_periodic,disconnected_fragments,组2:PAIR:r35:r40,组2,cylinder_contact,r35,r40,35,40,,组2_thin_prism_periodic_P0027,组2_thin_prism_periodic_P0007,,,0.0,1.8789581188243867e-10,0.0,connected,gap<=1.8,capsule_then_flat_cylinder_gjk,0.0,5,True,2.4116620165382783e-13,2.4116620165382783e-13,True,,,,,,
C_thin_12_full_3,thin_prism_periodic,disconnected_fragments,组2:PAIR:r36:r38,组2,cylinder_contact,r36,r38,36,38,,组2_thin_prism_periodic_P0028,组2_thin_prism_periodic_P0026,,,0.0,1.4861302138440174e-10,0.0,connected,gap<=1.8,capsule_then_flat_cylinder_gjk,0.0,5,True,1.1457157353758233e-13,1.1457157353758233e-13,True,,,,,,
C_thin_12_full_3,thin_prism_periodic,disconnected_fragments,组2:PAIR:r36:r45,组2,cylinder_contact,r36,r45,36,45,,组2_thin_prism_periodic_P0028,组2_thin_prism_periodic_P0003,,,0.0,2.2365437269505664e-10,0.0,connected,gap<=1.8,capsule_then_flat_cylinder_gjk,0.0,6,True,1.8225386545374702e-12,1.8225386545374702e-12,True,,,,,,
C_thin_12_full_3,thin_prism_periodic,disconnected_fragments,组2:PAIR:r42:r43,组2,cylinder_contact,r42,r43,42,43,,组2_thin_prism_periodic_P0003,组2_thin_prism_periodic_P0001,,,0.0,1.8988458294165568e-10,0.0,connected,gap<=1.8,capsule_then_flat_cylinder_gjk,0.0,5,True,4.81737533526774e-10,4.81737533526774e-10,True,,,,,,
C_thin_12_full_3,thin_prism_periodic,disconnected_fragments,组2:PAIR:r43:r46,组2,cylinder_contact,r43,r46,43,46,,组2_thin_prism_periodic_P0001,组2_thin_prism_periodic_P0011,,,0.0,2.3017602272136758e-10,0.0,connected,gap<=1.8,capsule_then_flat_cylinder_gjk,0.0,5,True,1.180442248897588e-13,1.180442248897588e-13,True,,,,,,
C_thin_12_full_3,thin_prism_periodic,disconnected_fragments,组2:PAIR:r46:r50,组2,cylinder_contact,r46,r50,46,50,,组2_thin_prism_periodic_P0011,组2_thin_prism_periodic_P0009,,,0.0,2.564586093539256e-10,0.0,connected,gap<=1.8,capsule_then_flat_cylinder_gjk,0.0,4,True,2.929642751054232e-14,2.929642751054232e-14,True,,,,,,
C_thin_12_full_3,thin_prism_periodic,disconnected_fragments,组2:PAIR:r47:r48,组2,cylinder_contact,r47,r48,47,48,,组2_thin_prism_periodic_P0004,组2_thin_prism_periodic_P0005,,,0.0,2.3037343521226605e-10,0.0,connected,gap<=1.8,capsule_then_flat_cylinder_gjk,0.0,5,True,1.0537414738097338e-07,1.0537414738097338e-07,True,,,,,,
C_thin_12_full_3,full_cube_periodic,disconnected_fragments,组3:ELECTRODE:LEFT:r3,组3,electrode_contact,LEFT,r3,,3,left,LEFT,组3_full_cube_periodic_P0001,,,0.0,0.0,0.0,connected,gap<=1.8,closed_form_cylinder_plane,,0,True,,,,,,,,,
C_thin_12_full_3,full_cube_periodic,disconnected_fragments,组3:ELECTRODE:LEFT:r4,组3,electrode_contact,LEFT,r4,,4,left,LEFT,组3_full_cube_periodic_P0002,,,0.0,0.0,0.0,connected,gap<=1.8,closed_form_cylinder_plane,,0,True,,,,,,,,,
C_thin_12_full_3,full_cube_periodic,disconnected_fragments,组3:ELECTRODE:LEFT:r5,组3,electrode_contact,LEFT,r5,,5,left,LEFT,组3_full_cube_periodic_P0003,,,0.0,0.0,0.0,connected,gap<=1.8,closed_form_cylinder_plane,,0,True,,,,,,,,,
C_thin_12_full_3,full_cube_periodic,disconnected_fragments,组3:ELECTRODE:LEFT:r6,组3,electrode_contact,LEFT,r6,,6,left,LEFT,组3_full_cube_periodic_P0004,,,0.0,0.0,0.0,connected,gap<=1.8,closed_form_cylinder_plane,,0,True,,,,,,,,,
C_thin_12_full_3,full_cube_periodic,disconnected_fragments,组3:ELECTRODE:LEFT:r7,组3,electrode_contact,LEFT,r7,,7,left,LEFT,组3_full_cube_periodic_P0005,,,0.0,0.0,0.0,connected,gap<=1.8,closed_form_cylinder_plane,,0,True,,,,,,,,,
C_thin_12_full_3,full_cube_periodic,disconnected_fragments,组3:ELECTRODE:LEFT:r8,组3,electrode_contact,LEFT,r8,,8,left,LEFT,组3_full_cube_periodic_P0006,,,0.0,0.0,0.0,connected,gap<=1.8,closed_form_cylinder_plane,,0,True,,,,,,,,,
C_thin_12_full_3,full_cube_periodic,disconnected_fragments,组3:ELECTRODE:LEFT:r9,组3,electrode_contact,LEFT,r9,,9,left,LEFT,组3_full_cube_periodic_P0007,,,0.0,0.0,0.0,connected,gap<=1.8,closed_form_cylinder_plane,,0,True,,,,,,,,,
C_thin_12_full_3,full_cube_periodic,disconnected_fragments,组3:ELECTRODE:LEFT:r10,组3,electrode_contact,LEFT,r10,,10,left,LEFT,组3_full_cube_periodic_P0008,,,0.0,0.0,0.0,connected,gap<=1.8,closed_form_cylinder_plane,,0,True,,,,,,,,,
C_thin_12_full_3,full_cube_periodic,disconnected_fragments,组3:ELECTRODE:LEFT:r11,组3,electrode_contact,LEFT,r11,,11,left,LEFT,组3_full_cube_periodic_P0009,,,0.0,0.0,0.0,connected,gap<=1.8,closed_form_cylinder_plane,,0,True,,,,,,,,,
C_thin_12_full_3,full_cube_periodic,disconnected_fragments,组3:ELECTRODE:LEFT:r12,组3,electrode_contact,LEFT,r12,,12,left,LEFT,组3_full_cube_periodic_P0010,,,0.0,0.0,0.0,connected,gap<=1.8,closed_form_cylinder_plane,,0,True,,,,,,,,,
C_thin_12_full_3,full_cube_periodic,disconnected_fragments,组3:ELECTRODE:LEFT:r13,组3,electrode_contact,LEFT,r13,,13,left,LEFT,组3_full_cube_periodic_P0011,,,0.0,0.0,0.0,connected,gap<=1.8,closed_form_cylinder_plane,,0,True,,,,,,,,,
C_thin_12_full_3,full_cube_periodic,disconnected_fragments,组3:ELECTRODE:LEFT:r14,组3,electrode_contact,LEFT,r14,,14,left,LEFT,组3_full_cube_periodic_P0012,,,0.0,0.0,0.0,connected,gap<=1.8,closed_form_cylinder_plane,,0,True,,,,,,,,,
C_thin_12_full_3,full_cube_periodic,disconnected_fragments,组3:ELECTRODE:LEFT:r15,组3,electrode_contact,LEFT,r15,,15,left,LEFT,组3_full_cube_periodic_P0013,,,0.0,0.0,0.0,connected,gap<=1.8,closed_form_cylinder_plane,,0,True,,,,,,,,,
C_thin_12_full_3,full_cube_periodic,disconnected_fragments,组3:ELECTRODE:LEFT:r16,组3,electrode_contact,LEFT,r16,,16,left,LEFT,组3_full_cube_periodic_P0014,,,0.0,0.0,0.0,connected,gap<=1.8,closed_form_cylinder_plane,,0,True,,,,,,,,,
C_thin_12_full_3,full_cube_periodic,disconnected_fragments,组3:ELECTRODE:LEFT:r17,组3,electrode_contact,LEFT,r17,,17,left,LEFT,组3_full_cube_periodic_P0015,,,0.0,0.0,0.0,connected,gap<=1.8,closed_form_cylinder_plane,,0,True,,,,,,,,,
C_thin_12_full_3,full_cube_periodic,disconnected_fragments,组3:ELECTRODE:LEFT:r18,组3,electrode_contact,LEFT,r18,,18,left,LEFT,组3_full_cube_periodic_P0016,,,0.0,0.0,0.0,connected,gap<=1.8,closed_form_cylinder_plane,,0,True,,,,,,,,,
C_thin_12_full_3,full_cube_periodic,disconnected_fragments,组3:ELECTRODE:LEFT:r19,组3,electrode_contact,LEFT,r19,,19,left,LEFT,组3_full_cube_periodic_P0017,,,0.0,0.0,0.0,connected,gap<=1.8,closed_form_cylinder_plane,,0,True,,,,,,,,,
C_thin_12_full_3,full_cube_periodic,disconnected_fragments,组3:ELECTRODE:LEFT:r20,组3,electrode_contact,LEFT,r20,,20,left,LEFT,组3_full_cube_periodic_P0018,,,0.0,0.0,0.0,connected,gap<=1.8,closed_form_cylinder_plane,,0,True,,,,,,,,,
C_thin_12_full_3,full_cube_periodic,disconnected_fragments,组3:ELECTRODE:LEFT:r21,组3,electrode_contact,LEFT,r21,,21,left,LEFT,组3_full_cube_periodic_P0019,,,0.0,0.0,0.0,connected,gap<=1.8,closed_form_cylinder_plane,,0,True,,,,,,,,,
C_thin_12_full_3,full_cube_periodic,disconnected_fragments,组3:ELECTRODE:LEFT:r22,组3,electrode_contact,LEFT,r22,,22,left,LEFT,组3_full_cube_periodic_P0020,,,0.0,0.0,0.0,connected,gap<=1.8,closed_form_cylinder_plane,,0,True,,,,,,,,,
C_thin_12_full_3,full_cube_periodic,disconnected_fragments,组3:ELECTRODE:LEFT:r23,组3,electrode_contact,LEFT,r23,,23,left,LEFT,组3_full_cube_periodic_P0021,,,0.0,0.0,0.0,connected,gap<=1.8,closed_form_cylinder_plane,,0,True,,,,,,,,,
C_thin_12_full_3,full_cube_periodic,disconnected_fragments,组3:ELECTRODE:LEFT:r24,组3,electrode_contact,LEFT,r24,,24,left,LEFT,组3_full_cube_periodic_P0022,,,0.0,0.0,0.0,connected,gap<=1.8,closed_form_cylinder_plane,,0,True,,,,,,,,,
C_thin_12_full_3,full_cube_periodic,disconnected_fragments,组3:ELECTRODE:LEFT:r25,组3,electrode_contact,LEFT,r25,,25,left,LEFT,组3_full_cube_periodic_P0023,,,0.0,0.0,0.0,connected,gap<=1.8,closed_form_cylinder_plane,,0,True,,,,,,,,,
C_thin_12_full_3,full_cube_periodic,disconnected_fragments,组3:ELECTRODE:LEFT:r26,组3,electrode_contact,LEFT,r26,,26,left,LEFT,组3_full_cube_periodic_P0024,,,0.0,0.0,0.0,connected,gap<=1.8,closed_form_cylinder_plane,,0,True,,,,,,,,,
C_thin_12_full_3,full_cube_periodic,disconnected_fragments,组3:ELECTRODE:LEFT:r27,组3,electrode_contact,LEFT,r27,,27,left,LEFT,组3_full_cube_periodic_P0025,,,0.0,0.0,0.0,connected,gap<=1.8,closed_form_cylinder_plane,,0,True,,,,,,,,,
C_thin_12_full_3,full_cube_periodic,disconnected_fragments,组3:ELECTRODE:LEFT:r28,组3,electrode_contact,LEFT,r28,,28,left,LEFT,组3_full_cube_periodic_P0026,,,0.0,0.0,0.0,connected,gap<=1.8,closed_form_cylinder_plane,,0,True,,,,,,,,,
C_thin_12_full_3,full_cube_periodic,disconnected_fragments,组3:ELECTRODE:LEFT:r29,组3,electrode_contact,LEFT,r29,,29,left,LEFT,组3_full_cube_periodic_P0027,,,0.0,0.0,0.0,connected,gap<=1.8,closed_form_cylinder_plane,,0,True,,,,,,,,,
C_thin_12_full_3,full_cube_periodic,disconnected_fragments,组3:ELECTRODE:LEFT:r30,组3,electrode_contact,LEFT,r30,,30,left,LEFT,组3_full_cube_periodic_P0028,,,0.0,0.0,0.0,connected,gap<=1.8,closed_form_cylinder_plane,,0,True,,,,,,,,,
C_thin_12_full_3,full_cube_periodic,disconnected_fragments,组3:ELECTRODE:LEFT:r31,组3,electrode_contact,LEFT,r31,,31,left,LEFT,组3_full_cube_periodic_P0029,,,0.0,0.0,0.0,connected,gap<=1.8,closed_form_cylinder_plane,,0,True,,,,,,,,,
C_thin_12_full_3,full_cube_periodic,disconnected_fragments,组3:ELECTRODE:LEFT:r32,组3,electrode_contact,LEFT,r32,,32,left,LEFT,组3_full_cube_periodic_P0030,,,0.0,0.0,0.0,connected,gap<=1.8,closed_form_cylinder_plane,,0,True,,,,,,,,,
C_thin_12_full_3,full_cube_periodic,disconnected_fragments,组3:ELECTRODE:LEFT:r33,组3,electrode_contact,LEFT,r33,,33,left,LEFT,组3_full_cube_periodic_P0031,,,0.0,0.0,0.0,connected,gap<=1.8,closed_form_cylinder_plane,,0,True,,,,,,,,,
C_thin_12_full_3,full_cube_periodic,disconnected_fragments,组3:ELECTRODE:LEFT:r34,组3,electrode_contact,LEFT,r34,,34,left,LEFT,组3_full_cube_periodic_P0032,,,0.0,0.0,0.0,connected,gap<=1.8,closed_form_cylinder_plane,,0,True,,,,,,,,,
C_thin_12_full_3,full_cube_periodic,disconnected_fragments,组3:ELECTRODE:LEFT:r35,组3,electrode_contact,LEFT,r35,,35,left,LEFT,组3_full_cube_periodic_P0033,,,0.0,0.0,0.0,connected,gap<=1.8,closed_form_cylinder_plane,,0,True,,,,,,,,,
C_thin_12_full_3,full_cube_periodic,disconnected_fragments,组3:ELECTRODE:LEFT:r36,组3,electrode_contact,LEFT,r36,,36,left,LEFT,组3_full_cube_periodic_P0034,,,0.0,0.0,0.0,connected,gap<=1.8,closed_form_cylinder_plane,,0,True,,,,,,,,,
C_thin_12_full_3,full_cube_periodic,disconnected_fragments,组3:ELECTRODE:LEFT:r37,组3,electrode_contact,LEFT,r37,,37,left,LEFT,组3_full_cube_periodic_P0035,,,0.0,0.0,0.0,connected,gap<=1.8,closed_form_cylinder_plane,,0,True,,,,,,,,,
C_thin_12_full_3,full_cube_periodic,disconnected_fragments,组3:ELECTRODE:LEFT:r38,组3,electrode_contact,LEFT,r38,,38,left,LEFT,组3_full_cube_periodic_P0036,,,0.0,0.0,0.0,connected,gap<=1.8,closed_form_cylinder_plane,,0,True,,,,,,,,,
C_thin_12_full_3,full_cube_periodic,disconnected_fragments,组3:ELECTRODE:LEFT:r39,组3,electrode_contact,LEFT,r39,,39,left,LEFT,组3_full_cube_periodic_P0037,,,0.0,0.0,0.0,connected,gap<=1.8,closed_form_cylinder_plane,,0,True,,,,,,,,,
C_thin_12_full_3,full_cube_periodic,disconnected_fragments,组3:ELECTRODE:LEFT:r40,组3,electrode_contact,LEFT,r40,,40,left,LEFT,组3_full_cube_periodic_P0038,,,0.0,0.0,0.0,connected,gap<=1.8,closed_form_cylinder_plane,,0,True,,,,,,,,,
C_thin_12_full_3,full_cube_periodic,disconnected_fragments,组3:ELECTRODE:LEFT:r41,组3,electrode_contact,LEFT,r41,,41,left,LEFT,组3_full_cube_periodic_P0039,,,0.0,0.0,0.0,connected,gap<=1.8,closed_form_cylinder_plane,,0,True,,,,,,,,,
C_thin_12_full_3,full_cube_periodic,disconnected_fragments,组3:ELECTRODE:LEFT:r42,组3,electrode_contact,LEFT,r42,,42,left,LEFT,组3_full_cube_periodic_P0040,,,0.0,0.0,0.0,connected,gap<=1.8,closed_form_cylinder_plane,,0,True,,,,,,,,,
C_thin_12_full_3,full_cube_periodic,disconnected_fragments,组3:ELECTRODE:LEFT:r43,组3,electrode_contact,LEFT,r43,,43,left,LEFT,组3_full_cube_periodic_P0041,,,0.0,0.0,0.0,connected,gap<=1.8,closed_form_cylinder_plane,,0,True,,,,,,,,,
C_thin_12_full_3,full_cube_periodic,disconnected_fragments,组3:ELECTRODE:LEFT:r44,组3,electrode_contact,LEFT,r44,,44,left,LEFT,组3_full_cube_periodic_P0042,,,0.0,0.0,0.0,connected,gap<=1.8,closed_form_cylinder_plane,,0,True,,,,,,,,,
C_thin_12_full_3,full_cube_periodic,disconnected_fragments,组3:ELECTRODE:LEFT:r45,组3,electrode_contact,LEFT,r45,,45,left,LEFT,组3_full_cube_periodic_P0043,,,0.0,0.0,0.0,connected,gap<=1.8,closed_form_cylinder_plane,,0,True,,,,,,,,,
C_thin_12_full_3,full_cube_periodic,disconnected_fragments,组3:ELECTRODE:LEFT:r46,组3,electrode_contact,LEFT,r46,,46,left,LEFT,组3_full_cube_periodic_P0044,,,0.0,0.0,0.0,connected,gap<=1.8,closed_form_cylinder_plane,,0,True,,,,,,,,,
C_thin_12_full_3,full_cube_periodic,disconnected_fragments,组3:ELECTRODE:LEFT:r47,组3,electrode_contact,LEFT,r47,,47,left,LEFT,组3_full_cube_periodic_P0045,,,0.0,0.0,0.0,connected,gap<=1.8,closed_form_cylinder_plane,,0,True,,,,,,,,,
C_thin_12_full_3,full_cube_periodic,disconnected_fragments,组3:ELECTRODE:LEFT:r48,组3,electrode_contact,LEFT,r48,,48,left,LEFT,组3_full_cube_periodic_P0046,,,0.0,0.0,0.0,connected,gap<=1.8,closed_form_cylinder_plane,,0,True,,,,,,,,,
C_thin_12_full_3,full_cube_periodic,disconnected_fragments,组3:ELECTRODE:LEFT:r49,组3,electrode_contact,LEFT,r49,,49,left,LEFT,组3_full_cube_periodic_P0047,,,0.0,0.0,0.0,connected,gap<=1.8,closed_form_cylinder_plane,,0,True,,,,,,,,,
C_thin_12_full_3,full_cube_periodic,disconnected_fragments,组3:ELECTRODE:LEFT:r50,组3,electrode_contact,LEFT,r50,,50,left,LEFT,组3_full_cube_periodic_P0048,,,0.0,0.0,0.0,connected,gap<=1.8,closed_form_cylinder_plane,,0,True,,,,,,,,,
C_thin_12_full_3,full_cube_periodic,disconnected_fragments,组3:ELECTRODE:LEFT:r51,组3,electrode_contact,LEFT,r51,,51,left,LEFT,组3_full_cube_periodic_P0049,,,0.0,0.0,0.0,connected,gap<=1.8,closed_form_cylinder_plane,,0,True,,,,,,,,,
C_thin_12_full_3,full_cube_periodic,disconnected_fragments,组3:ELECTRODE:LEFT:r52,组3,electrode_contact,LEFT,r52,,52,left,LEFT,组3_full_cube_periodic_P0050,,,0.0,0.0,0.0,connected,gap<=1.8,closed_form_cylinder_plane,,0,True,,,,,,,,,
C_thin_12_full_3,full_cube_periodic,disconnected_fragments,组3:ELECTRODE:LEFT:r53,组3,electrode_contact,LEFT,r53,,53,left,LEFT,组3_full_cube_periodic_P0051,,,0.0,0.0,0.0,connected,gap<=1.8,closed_form_cylinder_plane,,0,True,,,,,,,,,
C_thin_12_full_3,full_cube_periodic,disconnected_fragments,组3:ELECTRODE:LEFT:r54,组3,electrode_contact,LEFT,r54,,54,left,LEFT,组3_full_cube_periodic_P0052,,,0.0,0.0,0.0,connected,gap<=1.8,closed_form_cylinder_plane,,0,True,,,,,,,,,
C_thin_12_full_3,full_cube_periodic,disconnected_fragments,组3:ELECTRODE:LEFT:r55,组3,electrode_contact,LEFT,r55,,55,left,LEFT,组3_full_cube_periodic_P0053,,,0.0,0.0,0.0,connected,gap<=1.8,closed_form_cylinder_plane,,0,True,,,,,,,,,
C_thin_12_full_3,full_cube_periodic,disconnected_fragments,组3:ELECTRODE:LEFT:r56,组3,electrode_contact,LEFT,r56,,56,left,LEFT,组3_full_cube_periodic_P0054,,,0.0,0.0,0.0,connected,gap<=1.8,closed_form_cylinder_plane,,0,True,,,,,,,,,
C_thin_12_full_3,full_cube_periodic,disconnected_fragments,组3:ELECTRODE:LEFT:r57,组3,electrode_contact,LEFT,r57,,57,left,LEFT,组3_full_cube_periodic_P0055,,,0.0,0.0,0.0,connected,gap<=1.8,closed_form_cylinder_plane,,0,True,,,,,,,,,
C_thin_12_full_3,full_cube_periodic,disconnected_fragments,组3:ELECTRODE:LEFT:r58,组3,electrode_contact,LEFT,r58,,58,left,LEFT,组3_full_cube_periodic_P0056,,,0.0,0.0,0.0,connected,gap<=1.8,closed_form_cylinder_plane,,0,True,,,,,,,,,
C_thin_12_full_3,full_cube_periodic,disconnected_fragments,组3:ELECTRODE:LEFT:r59,组3,electrode_contact,LEFT,r59,,59,left,LEFT,组3_full_cube_periodic_P0057,,,0.0,0.0,0.0,connected,gap<=1.8,closed_form_cylinder_plane,,0,True,,,,,,,,,
C_thin_12_full_3,full_cube_periodic,disconnected_fragments,组3:ELECTRODE:LEFT:r60,组3,electrode_contact,LEFT,r60,,60,left,LEFT,组3_full_cube_periodic_P0058,,,0.0,0.0,0.0,connected,gap<=1.8,closed_form_cylinder_plane,,0,True,,,,,,,,,
C_thin_12_full_3,full_cube_periodic,disconnected_fragments,组3:ELECTRODE:LEFT:r61,组3,electrode_contact,LEFT,r61,,61,left,LEFT,组3_full_cube_periodic_P0059,,,0.0,0.0,0.0,connected,gap<=1.8,closed_form_cylinder_plane,,0,True,,,,,,,,,
C_thin_12_full_3,full_cube_periodic,disconnected_fragments,组3:ELECTRODE:LEFT:r62,组3,electrode_contact,LEFT,r62,,62,left,LEFT,组3_full_cube_periodic_P0060,,,0.0,0.0,0.0,connected,gap<=1.8,closed_form_cylinder_plane,,0,True,,,,,,,,,
C_thin_12_full_3,full_cube_periodic,disconnected_fragments,组3:ELECTRODE:LEFT:r63,组3,electrode_contact,LEFT,r63,,63,left,LEFT,组3_full_cube_periodic_P0061,,,0.0,0.0,0.0,connected,gap<=1.8,closed_form_cylinder_plane,,0,True,,,,,,,,,
C_thin_12_full_3,full_cube_periodic,disconnected_fragments,组3:ELECTRODE:LEFT:r64,组3,electrode_contact,LEFT,r64,,64,left,LEFT,组3_full_cube_periodic_P0062,,,0.0,0.0,0.0,connected,gap<=1.8,closed_form_cylinder_plane,,0,True,,,,,,,,,
C_thin_12_full_3,full_cube_periodic,disconnected_fragments,组3:ELECTRODE:LEFT:r65,组3,electrode_contact,LEFT,r65,,65,left,LEFT,组3_full_cube_periodic_P0063,,,0.0,0.0,0.0,connected,gap<=1.8,closed_form_cylinder_plane,,0,True,,,,,,,,,
C_thin_12_full_3,full_cube_periodic,disconnected_fragments,组3:ELECTRODE:LEFT:r66,组3,electrode_contact,LEFT,r66,,66,left,LEFT,组3_full_cube_periodic_P0064,,,0.0,0.0,0.0,connected,gap<=1.8,closed_form_cylinder_plane,,0,True,,,,,,,,,
C_thin_12_full_3,full_cube_periodic,disconnected_fragments,组3:ELECTRODE:LEFT:r67,组3,electrode_contact,LEFT,r67,,67,left,LEFT,组3_full_cube_periodic_P0065,,,0.0,0.0,0.0,connected,gap<=1.8,closed_form_cylinder_plane,,0,True,,,,,,,,,
C_thin_12_full_3,full_cube_periodic,disconnected_fragments,组3:ELECTRODE:LEFT:r68,组3,electrode_contact,LEFT,r68,,68,left,LEFT,组3_full_cube_periodic_P0066,,,0.0,0.0,0.0,connected,gap<=1.8,closed_form_cylinder_plane,,0,True,,,,,,,,,
C_thin_12_full_3,full_cube_periodic,disconnected_fragments,组3:ELECTRODE:LEFT:r69,组3,electrode_contact,LEFT,r69,,69,left,LEFT,组3_full_cube_periodic_P0067,,,0.0,0.0,0.0,connected,gap<=1.8,closed_form_cylinder_plane,,0,True,,,,,,,,,
C_thin_12_full_3,full_cube_periodic,disconnected_fragments,组3:ELECTRODE:LEFT:r70,组3,electrode_contact,LEFT,r70,,70,left,LEFT,组3_full_cube_periodic_P0068,,,0.0,0.0,0.0,connected,gap<=1.8,closed_form_cylinder_plane,,0,True,,,,,,,,,
C_thin_12_full_3,full_cube_periodic,disconnected_fragments,组3:ELECTRODE:LEFT:r71,组3,electrode_contact,LEFT,r71,,71,left,LEFT,组3_full_cube_periodic_P0069,,,0.0,0.0,0.0,connected,gap<=1.8,closed_form_cylinder_plane,,0,True,,,,,,,,,
C_thin_12_full_3,full_cube_periodic,disconnected_fragments,组3:ELECTRODE:LEFT:r72,组3,electrode_contact,LEFT,r72,,72,left,LEFT,组3_full_cube_periodic_P0070,,,0.0,0.0,0.0,connected,gap<=1.8,closed_form_cylinder_plane,,0,True,,,,,,,,,
C_thin_12_full_3,full_cube_periodic,disconnected_fragments,组3:ELECTRODE:LEFT:r73,组3,electrode_contact,LEFT,r73,,73,left,LEFT,组3_full_cube_periodic_P0071,,,0.0,0.0,0.0,connected,gap<=1.8,closed_form_cylinder_plane,,0,True,,,,,,,,,
C_thin_12_full_3,full_cube_periodic,disconnected_fragments,组3:ELECTRODE:LEFT:r74,组3,electrode_contact,LEFT,r74,,74,left,LEFT,组3_full_cube_periodic_P0072,,,0.0,0.0,0.0,connected,gap<=1.8,closed_form_cylinder_plane,,0,True,,,,,,,,,
C_thin_12_full_3,full_cube_periodic,disconnected_fragments,组3:ELECTRODE:LEFT:r75,组3,electrode_contact,LEFT,r75,,75,left,LEFT,组3_full_cube_periodic_P0073,,,0.0,0.0,0.0,connected,gap<=1.8,closed_form_cylinder_plane,,0,True,,,,,,,,,
C_thin_12_full_3,full_cube_periodic,disconnected_fragments,组3:ELECTRODE:LEFT:r76,组3,electrode_contact,LEFT,r76,,76,left,LEFT,组3_full_cube_periodic_P0074,,,0.0,0.0,0.0,connected,gap<=1.8,closed_form_cylinder_plane,,0,True,,,,,,,,,
C_thin_12_full_3,full_cube_periodic,disconnected_fragments,组3:ELECTRODE:LEFT:r77,组3,electrode_contact,LEFT,r77,,77,left,LEFT,组3_full_cube_periodic_P0075,,,0.0,0.0,0.0,connected,gap<=1.8,closed_form_cylinder_plane,,0,True,,,,,,,,,
C_thin_12_full_3,full_cube_periodic,disconnected_fragments,组3:ELECTRODE:LEFT:r78,组3,electrode_contact,LEFT,r78,,78,left,LEFT,组3_full_cube_periodic_P0076,,,0.0,0.0,0.0,connected,gap<=1.8,closed_form_cylinder_plane,,0,True,,,,,,,,,
C_thin_12_full_3,full_cube_periodic,disconnected_fragments,组3:ELECTRODE:LEFT:r79,组3,electrode_contact,LEFT,r79,,79,left,LEFT,组3_full_cube_periodic_P0077,,,0.0,0.0,0.0,connected,gap<=1.8,closed_form_cylinder_plane,,0,True,,,,,,,,,
C_thin_12_full_3,full_cube_periodic,disconnected_fragments,组3:ELECTRODE:LEFT:r80,组3,electrode_contact,LEFT,r80,,80,left,LEFT,组3_full_cube_periodic_P0078,,,0.0,0.0,0.0,connected,gap<=1.8,closed_form_cylinder_plane,,0,True,,,,,,,,,
C_thin_12_full_3,full_cube_periodic,disconnected_fragments,组3:ELECTRODE:LEFT:r81,组3,electrode_contact,LEFT,r81,,81,left,LEFT,组3_full_cube_periodic_P0079,,,0.0,0.0,0.0,connected,gap<=1.8,closed_form_cylinder_plane,,0,True,,,,,,,,,
C_thin_12_full_3,full_cube_periodic,disconnected_fragments,组3:ELECTRODE:LEFT:r82,组3,electrode_contact,LEFT,r82,,82,left,LEFT,组3_full_cube_periodic_P0080,,,0.0,0.0,0.0,connected,gap<=1.8,closed_form_cylinder_plane,,0,True,,,,,,,,,
C_thin_12_full_3,full_cube_periodic,disconnected_fragments,组3:ELECTRODE:LEFT:r83,组3,electrode_contact,LEFT,r83,,83,left,LEFT,组3_full_cube_periodic_P0081,,,0.0,0.0,0.0,connected,gap<=1.8,closed_form_cylinder_plane,,0,True,,,,,,,,,
C_thin_12_full_3,full_cube_periodic,disconnected_fragments,组3:ELECTRODE:LEFT:r84,组3,electrode_contact,LEFT,r84,,84,left,LEFT,组3_full_cube_periodic_P0082,,,0.0,0.0,0.0,connected,gap<=1.8,closed_form_cylinder_plane,,0,True,,,,,,,,,
C_thin_12_full_3,full_cube_periodic,disconnected_fragments,组3:ELECTRODE:LEFT:r85,组3,electrode_contact,LEFT,r85,,85,left,LEFT,组3_full_cube_periodic_P0083,,,0.0,0.0,0.0,connected,gap<=1.8,closed_form_cylinder_plane,,0,True,,,,,,,,,
C_thin_12_full_3,full_cube_periodic,disconnected_fragments,组3:ELECTRODE:LEFT:r86,组3,electrode_contact,LEFT,r86,,86,left,LEFT,组3_full_cube_periodic_P0084,,,0.0,0.0,0.0,connected,gap<=1.8,closed_form_cylinder_plane,,0,True,,,,,,,,,
C_thin_12_full_3,full_cube_periodic,disconnected_fragments,组3:ELECTRODE:LEFT:r87,组3,electrode_contact,LEFT,r87,,87,left,LEFT,组3_full_cube_periodic_P0085,,,0.0,0.0,0.0,connected,gap<=1.8,closed_form_cylinder_plane,,0,True,,,,,,,,,
C_thin_12_full_3,full_cube_periodic,disconnected_fragments,组3:ELECTRODE:LEFT:r88,组3,electrode_contact,LEFT,r88,,88,left,LEFT,组3_full_cube_periodic_P0086,,,0.0,0.0,0.0,connected,gap<=1.8,closed_form_cylinder_plane,,0,True,,,,,,,,,
C_thin_12_full_3,full_cube_periodic,disconnected_fragments,组3:ELECTRODE:LEFT:r89,组3,electrode_contact,LEFT,r89,,89,left,LEFT,组3_full_cube_periodic_P0087,,,0.0,0.0,0.0,connected,gap<=1.8,closed_form_cylinder_plane,,0,True,,,,,,,,,
C_thin_12_full_3,full_cube_periodic,disconnected_fragments,组3:ELECTRODE:LEFT:r90,组3,electrode_contact,LEFT,r90,,90,left,LEFT,组3_full_cube_periodic_P0088,,,0.0,0.0,0.0,connected,gap<=1.8,closed_form_cylinder_plane,,0,True,,,,,,,,,
C_thin_12_full_3,full_cube_periodic,disconnected_fragments,组3:ELECTRODE:LEFT:r91,组3,electrode_contact,LEFT,r91,,91,left,LEFT,组3_full_cube_periodic_P0089,,,0.0,0.0,0.0,connected,gap<=1.8,closed_form_cylinder_plane,,0,True,,,,,,,,,
C_thin_12_full_3,full_cube_periodic,disconnected_fragments,组3:ELECTRODE:LEFT:r92,组3,electrode_contact,LEFT,r92,,92,left,LEFT,组3_full_cube_periodic_P0090,,,0.0,0.0,0.0,connected,gap<=1.8,closed_form_cylinder_plane,,0,True,,,,,,,,,
C_thin_12_full_3,full_cube_periodic,disconnected_fragments,组3:ELECTRODE:LEFT:r93,组3,electrode_contact,LEFT,r93,,93,left,LEFT,组3_full_cube_periodic_P0091,,,0.0,0.0,0.0,connected,gap<=1.8,closed_form_cylinder_plane,,0,True,,,,,,,,,
C_thin_12_full_3,full_cube_periodic,disconnected_fragments,组3:ELECTRODE:LEFT:r94,组3,electrode_contact,LEFT,r94,,94,left,LEFT,组3_full_cube_periodic_P0092,,,0.0,0.0,0.0,connected,gap<=1.8,closed_form_cylinder_plane,,0,True,,,,,,,,,
C_thin_12_full_3,full_cube_periodic,disconnected_fragments,组3:ELECTRODE:RIGHT:r353,组3,electrode_contact,r353,RIGHT,353,,right,组3_full_cube_periodic_P0296,RIGHT,,,0.0,0.0,0.0,connected,gap<=1.8,closed_form_cylinder_plane,,0,True,,,,,,,,,
C_thin_12_full_3,full_cube_periodic,disconnected_fragments,组3:ELECTRODE:RIGHT:r365,组3,electrode_contact,r365,RIGHT,365,,right,组3_full_cube_periodic_P0302,RIGHT,,,0.0,0.0,0.0,connected,gap<=1.8,closed_form_cylinder_plane,,0,True,,,,,,,,,
C_thin_12_full_3,full_cube_periodic,disconnected_fragments,组3:ELECTRODE:RIGHT:r369,组3,electrode_contact,r369,RIGHT,369,,right,组3_full_cube_periodic_P0305,RIGHT,,,0.0,0.0,0.0,connected,gap<=1.8,closed_form_cylinder_plane,,0,True,,,,,,,,,
C_thin_12_full_3,full_cube_periodic,disconnected_fragments,组3:ELECTRODE:RIGHT:r376,组3,electrode_contact,r376,RIGHT,376,,right,组3_full_cube_periodic_P0069,RIGHT,,,0.0,0.0,0.0,connected,gap<=1.8,closed_form_cylinder_plane,,0,True,,,,,,,,,
C_thin_12_full_3,full_cube_periodic,disconnected_fragments,组3:ELECTRODE:RIGHT:r383,组3,electrode_contact,r383,RIGHT,383,,right,组3_full_cube_periodic_P0030,RIGHT,,,0.0,0.0,0.0,connected,gap<=1.8,closed_form_cylinder_plane,,0,True,,,,,,,,,
C_thin_12_full_3,full_cube_periodic,disconnected_fragments,组3:ELECTRODE:RIGHT:r388,组3,electrode_contact,r388,RIGHT,388,,right,组3_full_cube_periodic_P0074,RIGHT,,,0.0,0.0,0.0,connected,gap<=1.8,closed_form_cylinder_plane,,0,True,,,,,,,,,
C_thin_12_full_3,full_cube_periodic,disconnected_fragments,组3:ELECTRODE:RIGHT:r390,组3,electrode_contact,r390,RIGHT,390,,right,组3_full_cube_periodic_P0078,RIGHT,,,0.0,0.0,0.0,connected,gap<=1.8,closed_form_cylinder_plane,,0,True,,,,,,,,,
C_thin_12_full_3,full_cube_periodic,disconnected_fragments,组3:ELECTRODE:RIGHT:r391,组3,electrode_contact,r391,RIGHT,391,,right,组3_full_cube_periodic_P0319,RIGHT,,,0.0,0.0,0.0,connected,gap<=1.8,closed_form_cylinder_plane,,0,True,,,,,,,,,
C_thin_12_full_3,full_cube_periodic,disconnected_fragments,组3:ELECTRODE:RIGHT:r395,组3,electrode_contact,r395,RIGHT,395,,right,组3_full_cube_periodic_P0015,RIGHT,,,0.0,0.0,0.0,connected,gap<=1.8,closed_form_cylinder_plane,,0,True,,,,,,,,,
C_thin_12_full_3,full_cube_periodic,disconnected_fragments,组3:ELECTRODE:RIGHT:r400,组3,electrode_contact,r400,RIGHT,400,,right,组3_full_cube_periodic_P0017,RIGHT,,,0.0,0.0,0.0,connected,gap<=1.8,closed_form_cylinder_plane,,0,True,,,,,,,,,
C_thin_12_full_3,full_cube_periodic,disconnected_fragments,组3:ELECTRODE:RIGHT:r404,组3,electrode_contact,r404,RIGHT,404,,right,组3_full_cube_periodic_P0046,RIGHT,,,0.0,0.0,0.0,connected,gap<=1.8,closed_form_cylinder_plane,,0,True,,,,,,,,,
C_thin_12_full_3,full_cube_periodic,disconnected_fragments,组3:ELECTRODE:RIGHT:r405,组3,electrode_contact,r405,RIGHT,405,,right,组3_full_cube_periodic_P0042,RIGHT,,,0.0,0.0,0.0,connected,gap<=1.8,closed_form_cylinder_plane,,0,True,,,,,,,,,
C_thin_12_full_3,full_cube_periodic,disconnected_fragments,组3:ELECTRODE:RIGHT:r412,组3,electrode_contact,r412,RIGHT,412,,right,组3_full_cube_periodic_P0309,RIGHT,,,0.0,0.0,0.0,connected,gap<=1.8,closed_form_cylinder_plane,,0,True,,,,,,,,,
C_thin_12_full_3,full_cube_periodic,disconnected_fragments,组3:ELECTRODE:RIGHT:r413,组3,electrode_contact,r413,RIGHT,413,,right,组3_full_cube_periodic_P0331,RIGHT,,,0.0,0.0,0.0,connected,gap<=1.8,closed_form_cylinder_plane,,0,True,,,,,,,,,
C_thin_12_full_3,full_cube_periodic,disconnected_fragments,组3:ELECTRODE:RIGHT:r415,组3,electrode_contact,r415,RIGHT,415,,right,组3_full_cube_periodic_P0332,RIGHT,,,0.0,0.0,0.0,connected,gap<=1.8,closed_form_cylinder_plane,,0,True,,,,,,,,,
C_thin_12_full_3,full_cube_periodic,disconnected_fragments,组3:ELECTRODE:RIGHT:r418,组3,electrode_contact,r418,RIGHT,418,,right,组3_full_cube_periodic_P0047,RIGHT,,,0.0,0.0,0.0,connected,gap<=1.8,closed_form_cylinder_plane,,0,True,,,,,,,,,
C_thin_12_full_3,full_cube_periodic,disconnected_fragments,组3:ELECTRODE:RIGHT:r421,组3,electrode_contact,r421,RIGHT,421,,right,组3_full_cube_periodic_P0043,RIGHT,,,0.0,0.0,0.0,connected,gap<=1.8,closed_form_cylinder_plane,,0,True,,,,,,,,,
C_thin_12_full_3,full_cube_periodic,disconnected_fragments,组3:ELECTRODE:RIGHT:r424,组3,electrode_contact,r424,RIGHT,424,,right,组3_full_cube_periodic_P0090,RIGHT,,,0.0,0.0,0.0,connected,gap<=1.8,closed_form_cylinder_plane,,0,True,,,,,,,,,
C_thin_12_full_3,full_cube_periodic,disconnected_fragments,组3:ELECTRODE:RIGHT:r430,组3,electrode_contact,r430,RIGHT,430,,right,组3_full_cube_periodic_P0038,RIGHT,,,0.0,0.0,0.0,connected,gap<=1.8,closed_form_cylinder_plane,,0,True,,,,,,,,,
C_thin_12_full_3,full_cube_periodic,disconnected_fragments,组3:ELECTRODE:RIGHT:r431,组3,electrode_contact,r431,RIGHT,431,,right,组3_full_cube_periodic_P0058,RIGHT,,,0.0,0.0,0.0,connected,gap<=1.8,closed_form_cylinder_plane,,0,True,,,,,,,,,
C_thin_12_full_3,full_cube_periodic,disconnected_fragments,组3:ELECTRODE:RIGHT:r437,组3,electrode_contact,r437,RIGHT,437,,right,组3_full_cube_periodic_P0056,RIGHT,,,0.0,0.0,0.0,connected,gap<=1.8,closed_form_cylinder_plane,,0,True,,,,,,,,,
C_thin_12_full_3,full_cube_periodic,disconnected_fragments,组3:ELECTRODE:RIGHT:r443,组3,electrode_contact,r443,RIGHT,443,,right,组3_full_cube_periodic_P0080,RIGHT,,,0.0,0.0,0.0,connected,gap<=1.8,closed_form_cylinder_plane,,0,True,,,,,,,,,
C_thin_12_full_3,full_cube_periodic,disconnected_fragments,组3:ELECTRODE:RIGHT:r445,组3,electrode_contact,r445,RIGHT,445,,right,组3_full_cube_periodic_P0020,RIGHT,,,0.0,0.0,0.0,connected,gap<=1.8,closed_form_cylinder_plane,,0,True,,,,,,,,,
C_thin_12_full_3,full_cube_periodic,disconnected_fragments,组3:ELECTRODE:RIGHT:r446,组3,electrode_contact,r446,RIGHT,446,,right,组3_full_cube_periodic_P0066,RIGHT,,,0.0,0.0,0.0,connected,gap<=1.8,closed_form_cylinder_plane,,0,True,,,,,,,,,
C_thin_12_full_3,full_cube_periodic,disconnected_fragments,组3:ELECTRODE:RIGHT:r447,组3,electrode_contact,r447,RIGHT,447,,right,组3_full_cube_periodic_P0044,RIGHT,,,0.0,0.0,0.0,connected,gap<=1.8,closed_form_cylinder_plane,,0,True,,,,,,,,,
C_thin_12_full_3,full_cube_periodic,disconnected_fragments,组3:ELECTRODE:RIGHT:r449,组3,electrode_contact,r449,RIGHT,449,,right,组3_full_cube_periodic_P0054,RIGHT,,,0.0,0.0,0.0,connected,gap<=1.8,closed_form_cylinder_plane,,0,True,,,,,,,,,
C_thin_12_full_3,full_cube_periodic,disconnected_fragments,组3:ELECTRODE:RIGHT:r452,组3,electrode_contact,r452,RIGHT,452,,right,组3_full_cube_periodic_P0008,RIGHT,,,0.0,0.0,0.0,connected,gap<=1.8,closed_form_cylinder_plane,,0,True,,,,,,,,,
C_thin_12_full_3,full_cube_periodic,disconnected_fragments,组3:ELECTRODE:RIGHT:r454,组3,electrode_contact,r454,RIGHT,454,,right,组3_full_cube_periodic_P0007,RIGHT,,,0.0,0.0,0.0,connected,gap<=1.8,closed_form_cylinder_plane,,0,True,,,,,,,,,
C_thin_12_full_3,full_cube_periodic,disconnected_fragments,组3:ELECTRODE:RIGHT:r456,组3,electrode_contact,r456,RIGHT,456,,right,组3_full_cube_periodic_P0040,RIGHT,,,0.0,0.0,0.0,connected,gap<=1.8,closed_form_cylinder_plane,,0,True,,,,,,,,,
C_thin_12_full_3,full_cube_periodic,disconnected_fragments,组3:ELECTRODE:RIGHT:r457,组3,electrode_contact,r457,RIGHT,457,,right,组3_full_cube_periodic_P0347,RIGHT,,,0.0,0.0,0.0,connected,gap<=1.8,closed_form_cylinder_plane,,0,True,,,,,,,,,
C_thin_12_full_3,full_cube_periodic,disconnected_fragments,组3:ELECTRODE:RIGHT:r458,组3,electrode_contact,r458,RIGHT,458,,right,组3_full_cube_periodic_P0016,RIGHT,,,0.0,0.0,0.0,connected,gap<=1.8,closed_form_cylinder_plane,,0,True,,,,,,,,,
C_thin_12_full_3,full_cube_periodic,disconnected_fragments,组3:ELECTRODE:RIGHT:r461,组3,electrode_contact,r461,RIGHT,461,,right,组3_full_cube_periodic_P0082,RIGHT,,,0.0,0.0,0.0,connected,gap<=1.8,closed_form_cylinder_plane,,0,True,,,,,,,,,
C_thin_12_full_3,full_cube_periodic,disconnected_fragments,组3:ELECTRODE:RIGHT:r463,组3,electrode_contact,r463,RIGHT,463,,right,组3_full_cube_periodic_P0062,RIGHT,,,0.0,0.0,0.0,connected,gap<=1.8,closed_form_cylinder_plane,,0,True,,,,,,,,,
C_thin_12_full_3,full_cube_periodic,disconnected_fragments,组3:ELECTRODE:RIGHT:r464,组3,electrode_contact,r464,RIGHT,464,,right,组3_full_cube_periodic_P0018,RIGHT,,,0.0,0.0,0.0,connected,gap<=1.8,closed_form_cylinder_plane,,0,True,,,,,,,,,
C_thin_12_full_3,full_cube_periodic,disconnected_fragments,组3:ELECTRODE:RIGHT:r465,组3,electrode_contact,r465,RIGHT,465,,right,组3_full_cube_periodic_P0083,RIGHT,,,0.0,0.0,0.0,connected,gap<=1.8,closed_form_cylinder_plane,,0,True,,,,,,,,,
C_thin_12_full_3,full_cube_periodic,disconnected_fragments,组3:ELECTRODE:RIGHT:r466,组3,electrode_contact,r466,RIGHT,466,,right,组3_full_cube_periodic_P0027,RIGHT,,,0.0,0.0,0.0,connected,gap<=1.8,closed_form_cylinder_plane,,0,True,,,,,,,,,
C_thin_12_full_3,full_cube_periodic,disconnected_fragments,组3:ELECTRODE:RIGHT:r468,组3,electrode_contact,r468,RIGHT,468,,right,组3_full_cube_periodic_P0045,RIGHT,,,0.0,0.0,0.0,connected,gap<=1.8,closed_form_cylinder_plane,,0,True,,,,,,,,,
C_thin_12_full_3,full_cube_periodic,disconnected_fragments,组3:ELECTRODE:RIGHT:r471,组3,electrode_contact,r471,RIGHT,471,,right,组3_full_cube_periodic_P0089,RIGHT,,,0.0,0.0,0.0,connected,gap<=1.8,closed_form_cylinder_plane,,0,True,,,,,,,,,
C_thin_12_full_3,full_cube_periodic,disconnected_fragments,组3:ELECTRODE:RIGHT:r472,组3,electrode_contact,r472,RIGHT,472,,right,组3_full_cube_periodic_P0012,RIGHT,,,0.0,0.0,0.0,connected,gap<=1.8,closed_form_cylinder_plane,,0,True,,,,,,,,,
C_thin_12_full_3,full_cube_periodic,disconnected_fragments,组3:ELECTRODE:RIGHT:r473,组3,electrode_contact,r473,RIGHT,473,,right,组3_full_cube_periodic_P0037,RIGHT,,,0.0,0.0,0.0,connected,gap<=1.8,closed_form_cylinder_plane,,0,True,,,,,,,,,
C_thin_12_full_3,full_cube_periodic,disconnected_fragments,组3:ELECTRODE:RIGHT:r474,组3,electrode_contact,r474,RIGHT,474,,right,组3_full_cube_periodic_P0051,RIGHT,,,0.0,0.0,0.0,connected,gap<=1.8,closed_form_cylinder_plane,,0,True,,,,,,,,,
C_thin_12_full_3,full_cube_periodic,disconnected_fragments,组3:ELECTRODE:RIGHT:r479,组3,electrode_contact,r479,RIGHT,479,,right,组3_full_cube_periodic_P0021,RIGHT,,,0.0,0.0,0.0,connected,gap<=1.8,closed_form_cylinder_plane,,0,True,,,,,,,,,
C_thin_12_full_3,full_cube_periodic,disconnected_fragments,组3:ELECTRODE:RIGHT:r480,组3,electrode_contact,r480,RIGHT,480,,right,组3_full_cube_periodic_P0071,RIGHT,,,0.0,0.0,0.0,connected,gap<=1.8,closed_form_cylinder_plane,,0,True,,,,,,,,,
C_thin_12_full_3,full_cube_periodic,disconnected_fragments,组3:ELECTRODE:RIGHT:r481,组3,electrode_contact,r481,RIGHT,481,,right,组3_full_cube_periodic_P0055,RIGHT,,,0.0,0.0,0.0,connected,gap<=1.8,closed_form_cylinder_plane,,0,True,,,,,,,,,
C_thin_12_full_3,full_cube_periodic,disconnected_fragments,组3:ELECTRODE:RIGHT:r482,组3,electrode_contact,r482,RIGHT,482,,right,组3_full_cube_periodic_P0022,RIGHT,,,0.0,0.0,0.0,connected,gap<=1.8,closed_form_cylinder_plane,,0,True,,,,,,,,,
C_thin_12_full_3,full_cube_periodic,disconnected_fragments,组3:ELECTRODE:RIGHT:r483,组3,electrode_contact,r483,RIGHT,483,,right,组3_full_cube_periodic_P0048,RIGHT,,,0.0,0.0,0.0,connected,gap<=1.8,closed_form_cylinder_plane,,0,True,,,,,,,,,
C_thin_12_full_3,full_cube_periodic,disconnected_fragments,组3:ELECTRODE:RIGHT:r484,组3,electrode_contact,r484,RIGHT,484,,right,组3_full_cube_periodic_P0035,RIGHT,,,0.0,0.0,0.0,connected,gap<=1.8,closed_form_cylinder_plane,,0,True,,,,,,,,,
C_thin_12_full_3,full_cube_periodic,disconnected_fragments,组3:ELECTRODE:RIGHT:r487,组3,electrode_contact,r487,RIGHT,487,,right,组3_full_cube_periodic_P0006,RIGHT,,,0.0,0.0,0.0,connected,gap<=1.8,closed_form_cylinder_plane,,0,True,,,,,,,,,
C_thin_12_full_3,full_cube_periodic,disconnected_fragments,组3:ELECTRODE:RIGHT:r488,组3,electrode_contact,r488,RIGHT,488,,right,组3_full_cube_periodic_P0019,RIGHT,,,0.0,0.0,0.0,connected,gap<=1.8,closed_form_cylinder_plane,,0,True,,,,,,,,,
C_thin_12_full_3,full_cube_periodic,disconnected_fragments,组3:ELECTRODE:RIGHT:r490,组3,electrode_contact,r490,RIGHT,490,,right,组3_full_cube_periodic_P0004,RIGHT,,,0.0,0.0,0.0,connected,gap<=1.8,closed_form_cylinder_plane,,0,True,,,,,,,,,
C_thin_12_full_3,full_cube_periodic,disconnected_fragments,组3:ELECTRODE:RIGHT:r491,组3,electrode_contact,r491,RIGHT,491,,right,组3_full_cube_periodic_P0072,RIGHT,,,0.0,0.0,0.0,connected,gap<=1.8,closed_form_cylinder_plane,,0,True,,,,,,,,,
C_thin_12_full_3,full_cube_periodic,disconnected_fragments,组3:ELECTRODE:RIGHT:r492,组3,electrode_contact,r492,RIGHT,492,,right,组3_full_cube_periodic_P0014,RIGHT,,,0.0,0.0,0.0,connected,gap<=1.8,closed_form_cylinder_plane,,0,True,,,,,,,,,
C_thin_12_full_3,full_cube_periodic,disconnected_fragments,组3:ELECTRODE:RIGHT:r493,组3,electrode_contact,r493,RIGHT,493,,right,组3_full_cube_periodic_P0033,RIGHT,,,0.0,0.0,0.0,connected,gap<=1.8,closed_form_cylinder_plane,,0,True,,,,,,,,,
C_thin_12_full_3,full_cube_periodic,disconnected_fragments,组3:ELECTRODE:RIGHT:r498,组3,electrode_contact,r498,RIGHT,498,,right,组3_full_cube_periodic_P0088,RIGHT,,,0.0,0.0,0.0,connected,gap<=1.8,closed_form_cylinder_plane,,0,True,,,,,,,,,
C_thin_12_full_3,full_cube_periodic,disconnected_fragments,组3:ELECTRODE:RIGHT:r499,组3,electrode_contact,r499,RIGHT,499,,right,组3_full_cube_periodic_P0065,RIGHT,,,0.0,0.0,0.0,connected,gap<=1.8,closed_form_cylinder_plane,,0,True,,,,,,,,,
C_thin_12_full_3,full_cube_periodic,disconnected_fragments,组3:ELECTRODE:RIGHT:r500,组3,electrode_contact,r500,RIGHT,500,,right,组3_full_cube_periodic_P0050,RIGHT,,,0.0,0.0,0.0,connected,gap<=1.8,closed_form_cylinder_plane,,0,True,,,,,,,,,
C_thin_12_full_3,full_cube_periodic,disconnected_fragments,组3:ELECTRODE:RIGHT:r501,组3,electrode_contact,r501,RIGHT,501,,right,组3_full_cube_periodic_P0059,RIGHT,,,0.0,0.0,0.0,connected,gap<=1.8,closed_form_cylinder_plane,,0,True,,,,,,,,,
C_thin_12_full_3,full_cube_periodic,disconnected_fragments,组3:ELECTRODE:RIGHT:r502,组3,electrode_contact,r502,RIGHT,502,,right,组3_full_cube_periodic_P0053,RIGHT,,,0.0,0.0,0.0,connected,gap<=1.8,closed_form_cylinder_plane,,0,True,,,,,,,,,
C_thin_12_full_3,full_cube_periodic,disconnected_fragments,组3:ELECTRODE:RIGHT:r503,组3,electrode_contact,r503,RIGHT,503,,right,组3_full_cube_periodic_P0079,RIGHT,,,0.0,0.0,0.0,connected,gap<=1.8,closed_form_cylinder_plane,,0,True,,,,,,,,,
C_thin_12_full_3,full_cube_periodic,disconnected_fragments,组3:ELECTRODE:RIGHT:r504,组3,electrode_contact,r504,RIGHT,504,,right,组3_full_cube_periodic_P0057,RIGHT,,,0.0,0.0,0.0,connected,gap<=1.8,closed_form_cylinder_plane,,0,True,,,,,,,,,
C_thin_12_full_3,full_cube_periodic,disconnected_fragments,组3:ELECTRODE:RIGHT:r506,组3,electrode_contact,r506,RIGHT,506,,right,组3_full_cube_periodic_P0029,RIGHT,,,0.0,0.0,0.0,connected,gap<=1.8,closed_form_cylinder_plane,,0,True,,,,,,,,,
C_thin_12_full_3,full_cube_periodic,disconnected_fragments,组3:ELECTRODE:RIGHT:r507,组3,electrode_contact,r507,RIGHT,507,,right,组3_full_cube_periodic_P0002,RIGHT,,,0.0,0.0,0.0,connected,gap<=1.8,closed_form_cylinder_plane,,0,True,,,,,,,,,
C_thin_12_full_3,full_cube_periodic,disconnected_fragments,组3:ELECTRODE:RIGHT:r508,组3,electrode_contact,r508,RIGHT,508,,right,组3_full_cube_periodic_P0034,RIGHT,,,0.0,0.0,0.0,connected,gap<=1.8,closed_form_cylinder_plane,,0,True,,,,,,,,,
C_thin_12_full_3,full_cube_periodic,disconnected_fragments,组3:ELECTRODE:RIGHT:r509,组3,electrode_contact,r509,RIGHT,509,,right,组3_full_cube_periodic_P0061,RIGHT,,,0.0,0.0,0.0,connected,gap<=1.8,closed_form_cylinder_plane,,0,True,,,,,,,,,
C_thin_12_full_3,full_cube_periodic,disconnected_fragments,组3:ELECTRODE:RIGHT:r510,组3,electrode_contact,r510,RIGHT,510,,right,组3_full_cube_periodic_P0085,RIGHT,,,0.0,0.0,0.0,connected,gap<=1.8,closed_form_cylinder_plane,,0,True,,,,,,,,,
C_thin_12_full_3,full_cube_periodic,disconnected_fragments,组3:ELECTRODE:RIGHT:r511,组3,electrode_contact,r511,RIGHT,511,,right,组3_full_cube_periodic_P0032,RIGHT,,,0.0,0.0,0.0,connected,gap<=1.8,closed_form_cylinder_plane,,0,True,,,,,,,,,
C_thin_12_full_3,full_cube_periodic,disconnected_fragments,组3:ELECTRODE:RIGHT:r512,组3,electrode_contact,r512,RIGHT,512,,right,组3_full_cube_periodic_P0081,RIGHT,,,0.0,0.0,0.0,connected,gap<=1.8,closed_form_cylinder_plane,,0,True,,,,,,,,,
C_thin_12_full_3,full_cube_periodic,disconnected_fragments,组3:ELECTRODE:RIGHT:r513,组3,electrode_contact,r513,RIGHT,513,,right,组3_full_cube_periodic_P0086,RIGHT,,,0.0,0.0,0.0,connected,gap<=1.8,closed_form_cylinder_plane,,0,True,,,,,,,,,
C_thin_12_full_3,full_cube_periodic,disconnected_fragments,组3:ELECTRODE:RIGHT:r514,组3,electrode_contact,r514,RIGHT,514,,right,组3_full_cube_periodic_P0028,RIGHT,,,0.0,0.0,0.0,connected,gap<=1.8,closed_form_cylinder_plane,,0,True,,,,,,,,,
C_thin_12_full_3,full_cube_periodic,disconnected_fragments,组3:ELECTRODE:RIGHT:r516,组3,electrode_contact,r516,RIGHT,516,,right,组3_full_cube_periodic_P0084,RIGHT,,,0.0,0.0,0.0,connected,gap<=1.8,closed_form_cylinder_plane,,0,True,,,,,,,,,
C_thin_12_full_3,full_cube_periodic,disconnected_fragments,组3:ELECTRODE:RIGHT:r517,组3,electrode_contact,r517,RIGHT,517,,right,组3_full_cube_periodic_P0075,RIGHT,,,0.0,0.0,0.0,connected,gap<=1.8,closed_form_cylinder_plane,,0,True,,,,,,,,,
C_thin_12_full_3,full_cube_periodic,disconnected_fragments,组3:ELECTRODE:RIGHT:r518,组3,electrode_contact,r518,RIGHT,518,,right,组3_full_cube_periodic_P0041,RIGHT,,,0.0,0.0,0.0,connected,gap<=1.8,closed_form_cylinder_plane,,0,True,,,,,,,,,
C_thin_12_full_3,full_cube_periodic,disconnected_fragments,组3:ELECTRODE:RIGHT:r519,组3,electrode_contact,r519,RIGHT,519,,right,组3_full_cube_periodic_P0068,RIGHT,,,0.0,0.0,0.0,connected,gap<=1.8,closed_form_cylinder_plane,,0,True,,,,,,,,,
C_thin_12_full_3,full_cube_periodic,disconnected_fragments,组3:ELECTRODE:RIGHT:r521,组3,electrode_contact,r521,RIGHT,521,,right,组3_full_cube_periodic_P0076,RIGHT,,,0.0,0.0,0.0,connected,gap<=1.8,closed_form_cylinder_plane,,0,True,,,,,,,,,
C_thin_12_full_3,full_cube_periodic,disconnected_fragments,组3:ELECTRODE:RIGHT:r522,组3,electrode_contact,r522,RIGHT,522,,right,组3_full_cube_periodic_P0023,RIGHT,,,0.0,0.0,0.0,connected,gap<=1.8,closed_form_cylinder_plane,,0,True,,,,,,,,,
C_thin_12_full_3,full_cube_periodic,disconnected_fragments,组3:ELECTRODE:RIGHT:r523,组3,electrode_contact,r523,RIGHT,523,,right,组3_full_cube_periodic_P0025,RIGHT,,,0.0,0.0,0.0,connected,gap<=1.8,closed_form_cylinder_plane,,0,True,,,,,,,,,
C_thin_12_full_3,full_cube_periodic,disconnected_fragments,组3:ELECTRODE:RIGHT:r524,组3,electrode_contact,r524,RIGHT,524,,right,组3_full_cube_periodic_P0070,RIGHT,,,0.0,0.0,0.0,connected,gap<=1.8,closed_form_cylinder_plane,,0,True,,,,,,,,,
C_thin_12_full_3,full_cube_periodic,disconnected_fragments,组3:ELECTRODE:RIGHT:r525,组3,electrode_contact,r525,RIGHT,525,,right,组3_full_cube_periodic_P0077,RIGHT,,,0.0,0.0,0.0,connected,gap<=1.8,closed_form_cylinder_plane,,0,True,,,,,,,,,
C_thin_12_full_3,full_cube_periodic,disconnected_fragments,组3:ELECTRODE:RIGHT:r526,组3,electrode_contact,r526,RIGHT,526,,right,组3_full_cube_periodic_P0011,RIGHT,,,0.0,0.0,0.0,connected,gap<=1.8,closed_form_cylinder_plane,,0,True,,,,,,,,,
C_thin_12_full_3,full_cube_periodic,disconnected_fragments,组3:ELECTRODE:RIGHT:r527,组3,electrode_contact,r527,RIGHT,527,,right,组3_full_cube_periodic_P0010,RIGHT,,,0.0,0.0,0.0,connected,gap<=1.8,closed_form_cylinder_plane,,0,True,,,,,,,,,
C_thin_12_full_3,full_cube_periodic,disconnected_fragments,组3:ELECTRODE:RIGHT:r528,组3,electrode_contact,r528,RIGHT,528,,right,组3_full_cube_periodic_P0091,RIGHT,,,0.0,0.0,0.0,connected,gap<=1.8,closed_form_cylinder_plane,,0,True,,,,,,,,,
C_thin_12_full_3,full_cube_periodic,disconnected_fragments,组3:ELECTRODE:RIGHT:r529,组3,electrode_contact,r529,RIGHT,529,,right,组3_full_cube_periodic_P0087,RIGHT,,,0.0,0.0,0.0,connected,gap<=1.8,closed_form_cylinder_plane,,0,True,,,,,,,,,
C_thin_12_full_3,full_cube_periodic,disconnected_fragments,组3:ELECTRODE:RIGHT:r530,组3,electrode_contact,r530,RIGHT,530,,right,组3_full_cube_periodic_P0039,RIGHT,,,0.0,0.0,0.0,connected,gap<=1.8,closed_form_cylinder_plane,,0,True,,,,,,,,,
C_thin_12_full_3,full_cube_periodic,disconnected_fragments,组3:ELECTRODE:RIGHT:r531,组3,electrode_contact,r531,RIGHT,531,,right,组3_full_cube_periodic_P0031,RIGHT,,,0.0,0.0,0.0,connected,gap<=1.8,closed_form_cylinder_plane,,0,True,,,,,,,,,
C_thin_12_full_3,full_cube_periodic,disconnected_fragments,组3:ELECTRODE:RIGHT:r532,组3,electrode_contact,r532,RIGHT,532,,right,组3_full_cube_periodic_P0036,RIGHT,,,0.0,0.0,0.0,connected,gap<=1.8,closed_form_cylinder_plane,,0,True,,,,,,,,,
C_thin_12_full_3,full_cube_periodic,disconnected_fragments,组3:ELECTRODE:RIGHT:r533,组3,electrode_contact,r533,RIGHT,533,,right,组3_full_cube_periodic_P0060,RIGHT,,,0.0,0.0,0.0,connected,gap<=1.8,closed_form_cylinder_plane,,0,True,,,,,,,,,
C_thin_12_full_3,full_cube_periodic,disconnected_fragments,组3:ELECTRODE:RIGHT:r534,组3,electrode_contact,r534,RIGHT,534,,right,组3_full_cube_periodic_P0009,RIGHT,,,0.0,0.0,0.0,connected,gap<=1.8,closed_form_cylinder_plane,,0,True,,,,,,,,,
C_thin_12_full_3,full_cube_periodic,disconnected_fragments,组3:ELECTRODE:RIGHT:r535,组3,electrode_contact,r535,RIGHT,535,,right,组3_full_cube_periodic_P0024,RIGHT,,,0.0,0.0,0.0,connected,gap<=1.8,closed_form_cylinder_plane,,0,True,,,,,,,,,
C_thin_12_full_3,full_cube_periodic,disconnected_fragments,组3:ELECTRODE:RIGHT:r536,组3,electrode_contact,r536,RIGHT,536,,right,组3_full_cube_periodic_P0026,RIGHT,,,0.0,0.0,0.0,connected,gap<=1.8,closed_form_cylinder_plane,,0,True,,,,,,,,,
C_thin_12_full_3,full_cube_periodic,disconnected_fragments,组3:ELECTRODE:RIGHT:r537,组3,electrode_contact,r537,RIGHT,537,,right,组3_full_cube_periodic_P0005,RIGHT,,,0.0,0.0,0.0,connected,gap<=1.8,closed_form_cylinder_plane,,0,True,,,,,,,,,
C_thin_12_full_3,full_cube_periodic,disconnected_fragments,组3:PAIR:r3:r236,组3,cylinder_contact,r3,r236,3,236,,组3_full_cube_periodic_P0001,组3_full_cube_periodic_P0190,,,0.0,3.6322330679598313e-10,0.0,connected,gap<=1.8,capsule_then_flat_cylinder_gjk,0.0,4,True,7.190186943645083e-13,7.190186943645083e-13,True,,,,,,
C_thin_12_full_3,full_cube_periodic,disconnected_fragments,组3:PAIR:r4:r13,组3,cylinder_contact,r4,r13,4,13,,组3_full_cube_periodic_P0002,组3_full_cube_periodic_P0011,,,0.0,3.90169657312094e-10,0.0,connected,gap<=1.8,capsule_then_flat_cylinder_gjk,0.0,5,True,1.1382885756177522e-12,1.1382885756177522e-12,True,,,,,,
C_thin_12_full_3,full_cube_periodic,disconnected_fragments,组3:PAIR:r4:r109,组3,cylinder_contact,r4,r109,4,109,,组3_full_cube_periodic_P0002,组3_full_cube_periodic_P0106,,,0.0,3.7520979693301093e-10,0.0,connected,gap<=1.8,capsule_then_flat_cylinder_gjk,0.0,5,True,6.834519954515513e-13,6.834519954515513e-13,True,,,,,,
C_thin_12_full_3,full_cube_periodic,disconnected_fragments,组3:PAIR:r4:r137,组3,cylinder_contact,r4,r137,4,137,,组3_full_cube_periodic_P0002,组3_full_cube_periodic_P0103,,,0.0,3.799100440450146e-10,0.0,connected,gap<=1.8,capsule_then_flat_cylinder_gjk,0.0,5,True,6.355287432313019e-14,6.355287432313019e-14,True,,,,,,
C_thin_12_full_3,full_cube_periodic,disconnected_fragments,组3:PAIR:r8:r108,组3,cylinder_contact,r8,r108,8,108,,组3_full_cube_periodic_P0006,组3_full_cube_periodic_P0105,,,0.0,3.6284535569869344e-10,0.0,connected,gap<=1.8,capsule_then_flat_cylinder_gjk,0.0,6,True,5.084229945850414e-13,5.084229945850414e-13,True,,,,,,
C_thin_12_full_3,full_cube_periodic,disconnected_fragments,组3:PAIR:r12:r96,组3,cylinder_contact,r12,r96,12,96,,组3_full_cube_periodic_P0010,组3_full_cube_periodic_P0094,,,0.0,2.8160729015200255e-10,0.0,connected,gap<=1.8,capsule_then_flat_cylinder_gjk,0.0,5,True,2.04715241868247e-12,2.04715241868247e-12,True,,,,,,
C_thin_12_full_3,full_cube_periodic,disconnected_fragments,组3:PAIR:r12:r99,组3,cylinder_contact,r12,r99,12,99,,组3_full_cube_periodic_P0010,组3_full_cube_periodic_P0097,,,0.0,3.03367651678625e-10,0.0,connected,gap<=1.8,capsule_then_flat_cylinder_gjk,0.0,5,True,1.017739309065398e-12,1.017739309065398e-12,True,,,,,,
C_thin_12_full_3,full_cube_periodic,disconnected_fragments,组3:PAIR:r15:r96,组3,cylinder_contact,r15,r96,15,96,,组3_full_cube_periodic_P0013,组3_full_cube_periodic_P0094,,,0.0,3.0598201795062774e-10,0.0,connected,gap<=1.8,capsule_then_flat_cylinder_gjk,0.0,5,True,9.443537991180705e-13,9.443537991180705e-13,True,,,,,,
C_thin_12_full_3,full_cube_periodic,disconnected_fragments,组3:PAIR:r15:r108,组3,cylinder_contact,r15,r108,15,108,,组3_full_cube_periodic_P0013,组3_full_cube_periodic_P0105,,,0.0,3.0620939162607097e-10,0.0,connected,gap<=1.8,capsule_then_flat_cylinder_gjk,0.0,4,True,1.2710574864626036e-13,1.2710574864626036e-13,True,,,,,,
C_thin_12_full_3,full_cube_periodic,disconnected_fragments,组3:PAIR:r15:r283,组3,cylinder_contact,r15,r283,15,283,,组3_full_cube_periodic_P0013,组3_full_cube_periodic_P0238,,,0.0,3.066251278217046e-10,0.0,connected,gap<=1.8,capsule_then_flat_cylinder_gjk,0.0,5,True,1.1368683772161603e-12,1.1368683772161603e-12,True,,,,,,
C_thin_12_full_3,full_cube_periodic,disconnected_fragments,组3:PAIR:r16:r108,组3,cylinder_contact,r16,r108,16,108,,组3_full_cube_periodic_P0014,组3_full_cube_periodic_P0105,,,0.0,3.048256077220258e-10,0.0,connected,gap<=1.8,capsule_then_flat_cylinder_gjk,0.0,4,True,1.1718571004216928e-13,1.1718571004216928e-13,True,,,,,,
C_thin_12_full_3,full_cube_periodic,disconnected_fragments,组3:PAIR:r18:r145,组3,cylinder_contact,r18,r145,18,145,,组3_full_cube_periodic_P0016,组3_full_cube_periodic_P0123,,,0.6514112041151494,0.6514112065906044,0.6514112053528769,connected,gap<=1.8,capsule_then_flat_cylinder_gjk,0.6514112062508914,11,False,0.6514112062509814,8.981044796740889e-10,True,,,,,,
C_thin_12_full_3,full_cube_periodic,disconnected_fragments,组3:PAIR:r23:r38,组3,cylinder_contact,r23,r38,23,38,,组3_full_cube_periodic_P0021,组3_full_cube_periodic_P0036,,,0.0,2.4855373990347826e-10,0.0,connected,gap<=1.8,capsule_then_flat_cylinder_gjk,0.0,5,True,1.5127480943155456e-10,1.5127480943155456e-10,True,,,,,,
C_thin_12_full_3,full_cube_periodic,disconnected_fragments,组3:PAIR:r25:r121,组3,cylinder_contact,r25,r121,25,121,,组3_full_cube_periodic_P0023,组3_full_cube_periodic_P0117,,,0.0,3.393595527323306e-10,0.0,connected,gap<=1.8,capsule_then_flat_cylinder_gjk,0.0,5,True,1.0419570787589327e-12,1.0419570787589327e-12,True,,,,,,
C_thin_12_full_3,full_cube_periodic,disconnected_fragments,组3:PAIR:r31:r158,组3,cylinder_contact,r31,r158,31,158,,组3_full_cube_periodic_P0029,组3_full_cube_periodic_P0141,,,0.0,3.0671241188708456e-10,0.0,connected,gap<=1.8,capsule_then_flat_cylinder_gjk,0.0,6,True,4.823324033076557e-13,4.823324033076557e-13,True,,,,,,
C_thin_12_full_3,full_cube_periodic,disconnected_fragments,组3:PAIR:r33:r34,组3,cylinder_contact,r33,r34,33,34,,组3_full_cube_periodic_P0031,组3_full_cube_periodic_P0032,,,0.0,3.000663225375869e-10,0.0,connected,gap<=1.8,capsule_then_flat_cylinder_gjk,0.0,5,True,5.796914039811764e-13,5.796914039811764e-13,True,,,,,,
C_thin_12_full_3,full_cube_periodic,disconnected_fragments,组3:PAIR:r34:r209,组3,cylinder_contact,r34,r209,34,209,,组3_full_cube_periodic_P0032,组3_full_cube_periodic_P0183,,,0.0,2.7979659812699566e-10,0.0,connected,gap<=1.8,capsule_then_flat_cylinder_gjk,0.0,5,True,4.582862941503293e-13,4.582862941503293e-13,True,,,,,,
C_thin_12_full_3,full_cube_periodic,disconnected_fragments,组3:PAIR:r35:r140,组3,cylinder_contact,r35,r140,35,140,,组3_full_cube_periodic_P0033,组3_full_cube_periodic_P0128,,,0.0,2.862808523211742e-10,0.0,connected,gap<=1.8,capsule_then_flat_cylinder_gjk,0.0,5,True,6.915300366811403e-13,6.915300366811403e-13,True,,,,,,
C_thin_12_full_3,full_cube_periodic,disconnected_fragments,组3:PAIR:r48:r116,组3,cylinder_contact,r48,r116,48,116,,组3_full_cube_periodic_P0046,组3_full_cube_periodic_P0112,,,0.0,2.799068332862582e-10,0.0,connected,gap<=1.8,capsule_then_flat_cylinder_gjk,0.0,4,True,7.391010753932416e-13,7.391010753932416e-13,True,,,,,,
C_thin_12_full_3,full_cube_periodic,disconnected_fragments,组3:PAIR:r52:r133,组3,cylinder_contact,r52,r133,52,133,,组3_full_cube_periodic_P0050,组3_full_cube_periodic_P0125,,,0.0,2.4774567740756874e-10,0.0,connected,gap<=1.8,capsule_then_flat_cylinder_gjk,0.0,6,True,6.938623537128991e-13,6.938623537128991e-13,True,,,,,,
C_thin_12_full_3,full_cube_periodic,disconnected_fragments,组3:PAIR:r59:r157,组3,cylinder_contact,r59,r157,59,157,,组3_full_cube_periodic_P0057,组3_full_cube_periodic_P0140,,,0.0,2.1796710533608894e-10,0.0,connected,gap<=1.8,capsule_then_flat_cylinder_gjk,0.0,6,True,1.2247745318299647e-12,1.2247745318299647e-12,True,,,,,,
C_thin_12_full_3,full_cube_periodic,disconnected_fragments,组3:PAIR:r65:r266,组3,cylinder_contact,r65,r266,65,266,,组3_full_cube_periodic_P0063,组3_full_cube_periodic_P0223,,,0.0,2.5748551376950306e-10,0.0,connected,gap<=1.8,capsule_then_flat_cylinder_gjk,0.0,6,True,6.302189627392726e-12,6.302189627392726e-12,True,,,,,,
C_thin_12_full_3,full_cube_periodic,disconnected_fragments,组3:PAIR:r67:r124,组3,cylinder_contact,r67,r124,67,124,,组3_full_cube_periodic_P0065,组3_full_cube_periodic_P0119,,,0.0,2.539438146939201e-10,0.0,connected,gap<=1.8,capsule_then_flat_cylinder_gjk,0.0,4,True,2.2914314707516465e-13,2.2914314707516465e-13,True,,,,,,
C_thin_12_full_3,full_cube_periodic,disconnected_fragments,组3:PAIR:r69:r98,组3,cylinder_contact,r69,r98,69,98,,组3_full_cube_periodic_P0067,组3_full_cube_periodic_P0096,,,0.0,3.727464924304451e-10,0.0,connected,gap<=1.8,capsule_then_flat_cylinder_gjk,0.0,5,True,8.198074455012805e-13,8.198074455012805e-13,True,,,,,,
C_thin_12_full_3,full_cube_periodic,disconnected_fragments,组3:PAIR:r74:r185,组3,cylinder_contact,r74,r185,74,185,,组3_full_cube_periodic_P0072,组3_full_cube_periodic_P0164,,,0.0,2.498241530057477e-10,0.0,connected,gap<=1.8,capsule_then_flat_cylinder_gjk,0.0,5,True,7.008127344043915e-13,7.008127344043915e-13,True,,,,,,
C_thin_12_full_3,full_cube_periodic,disconnected_fragments,组3:PAIR:r78:r102,组3,cylinder_contact,r78,r102,78,102,,组3_full_cube_periodic_P0076,组3_full_cube_periodic_P0099,,,0.0,3.53030638843674e-10,0.0,connected,gap<=1.8,capsule_then_flat_cylinder_gjk,0.0,5,True,1.159382807962353e-12,1.159382807962353e-12,True,,,,,,
C_thin_12_full_3,full_cube_periodic,disconnected_fragments,组3:PAIR:r79:r207,组3,cylinder_contact,r79,r207,79,207,,组3_full_cube_periodic_P0077,组3_full_cube_periodic_P0181,,,0.0,2.3270556671151603e-10,0.0,connected,gap<=1.8,capsule_then_flat_cylinder_gjk,0.0,6,True,2.3437142008433857e-12,2.3437142008433857e-12,True,,,,,,
C_thin_12_full_3,full_cube_periodic,disconnected_fragments,组3:PAIR:r81:r124,组3,cylinder_contact,r81,r124,81,124,,组3_full_cube_periodic_P0079,组3_full_cube_periodic_P0119,,,0.7906647803569417,0.7906647822915408,0.7906647813242412,connected,gap<=1.8,capsule_then_flat_cylinder_gjk,0.790664782001393,512,False,0.7906647821141453,7.89904031073263e-10,True,,,,,,
C_thin_12_full_3,full_cube_periodic,disconnected_fragments,组3:PAIR:r81:r183,组3,cylinder_contact,r81,r183,81,183,,组3_full_cube_periodic_P0079,组3_full_cube_periodic_P0162,,,0.0,2.616565840640127e-10,0.0,connected,gap<=1.8,capsule_then_flat_cylinder_gjk,0.0,4,True,2.2737367544323206e-13,2.2737367544323206e-13,True,,,,,,
C_thin_12_full_3,full_cube_periodic,disconnected_fragments,组3:PAIR:r94:r119,组3,cylinder_contact,r94,r119,94,119,,组3_full_cube_periodic_P0092,组3_full_cube_periodic_P0115,,,0.0,3.302665447437366e-10,0.0,connected,gap<=1.8,capsule_then_flat_cylinder_gjk,0.0,6,True,2.451526899318176e-12,2.451526899318176e-12,True,,,,,,
C_thin_12_full_3,full_cube_periodic,disconnected_fragments,组3:PAIR:r94:r123,组3,cylinder_contact,r94,r123,94,123,,组3_full_cube_periodic_P0092,组3_full_cube_periodic_P0096,,,0.0,3.2882528589770684e-10,0.0,connected,gap<=1.8,capsule_then_flat_cylinder_gjk,0.0,5,True,9.646648066153115e-13,9.646648066153115e-13,True,,,,,,
C_thin_12_full_3,full_cube_periodic,disconnected_fragments,组3:PAIR:r94:r134,组3,cylinder_contact,r94,r134,94,134,,组3_full_cube_periodic_P0092,组3_full_cube_periodic_P0110,,,0.0,3.2956469432373986e-10,0.0,connected,gap<=1.8,capsule_then_flat_cylinder_gjk,0.0,5,True,9.374856803373542e-13,9.374856803373542e-13,True,,,,,,
C_thin_12_full_3,full_cube_periodic,disconnected_fragments,组3:PAIR:r96:r130,组3,cylinder_contact,r96,r130,96,130,,组3_full_cube_periodic_P0094,组3_full_cube_periodic_P0124,,,0.0,2.6993469433224526e-10,0.0,connected,gap<=1.8,capsule_then_flat_cylinder_gjk,0.0,6,True,1.2710574864626038e-13,1.2710574864626038e-13,True,,,,,,
C_thin_12_full_3,full_cube_periodic,disconnected_fragments,组3:PAIR:r96:r183,组3,cylinder_contact,r96,r183,96,183,,组3_full_cube_periodic_P0094,组3_full_cube_periodic_P0162,,,0.0,2.6963183832887953e-10,0.0,connected,gap<=1.8,capsule_then_flat_cylinder_gjk,0.0,5,True,4.856703836433968e-13,4.856703836433968e-13,True,,,,,,
C_thin_12_full_3,full_cube_periodic,disconnected_fragments,组3:PAIR:r97:r111,组3,cylinder_contact,r97,r111,97,111,,组3_full_cube_periodic_P0095,组3_full_cube_periodic_P0108,,,0.0,2.938845067991935e-10,0.0,connected,gap<=1.8,capsule_then_flat_cylinder_gjk,0.0,5,True,1.8082998531766482e-12,1.8082998531766482e-12,True,,,,,,
C_thin_12_full_3,full_cube_periodic,disconnected_fragments,组3:PAIR:r97:r128,组3,cylinder_contact,r97,r128,97,128,,组3_full_cube_periodic_P0095,组3_full_cube_periodic_P0122,,,0.0,1.482323026214072e-10,0.0,connected,gap<=1.8,capsule_then_flat_cylinder_gjk,0.0,5,True,6.514960105912179e-12,6.514960105912179e-12,True,,,,,,
C_thin_12_full_3,full_cube_periodic,disconnected_fragments,组3:PAIR:r99:r192,组3,cylinder_contact,r99,r192,99,192,,组3_full_cube_periodic_P0097,组3_full_cube_periodic_P0169,,,0.0,3.027245418075481e-10,0.0,connected,gap<=1.8,capsule_then_flat_cylinder_gjk,0.0,5,True,9.205299841540664e-13,9.205299841540664e-13,True,,,,,,
C_thin_12_full_3,full_cube_periodic,disconnected_fragments,组3:PAIR:r103:r276,组3,cylinder_contact,r103,r276,103,276,,组3_full_cube_periodic_P0100,组3_full_cube_periodic_P0231,,,0.0,1.6091376243116133e-10,0.0,connected,gap<=1.8,capsule_then_flat_cylinder_gjk,0.0,5,True,7.190186943645083e-13,7.190186943645083e-13,True,,,,,,
C_thin_12_full_3,full_cube_periodic,disconnected_fragments,组3:PAIR:r105:r251,组3,cylinder_contact,r105,r251,105,251,,组3_full_cube_periodic_P0102,组3_full_cube_periodic_P0212,,,0.0,2.01853438646169e-10,0.0,connected,gap<=1.8,capsule_then_flat_cylinder_gjk,0.0,5,True,5.209785393794664e-13,5.209785393794664e-13,True,,,,,,
C_thin_12_full_3,full_cube_periodic,disconnected_fragments,组3:PAIR:r107:r217,组3,cylinder_contact,r107,r217,107,217,,组3_full_cube_periodic_P0104,组3_full_cube_periodic_P0190,,,0.0,3.9632085429811566e-10,0.0,connected,gap<=1.8,capsule_then_flat_cylinder_gjk,0.0,4,True,1.1390866590859189e-12,1.1390866590859189e-12,True,,,,,,
C_thin_12_full_3,full_cube_periodic,disconnected_fragments,组3:PAIR:r110:r130,组3,cylinder_contact,r110,r130,110,130,,组3_full_cube_periodic_P0107,组3_full_cube_periodic_P0124,,,0.6696380953875114,0.669638101433795,0.6696380984106531,connected,gap<=1.8,capsule_then_flat_cylinder_gjk,0.6696381011183306,512,False,0.6696381011735096,2.762856499138877e-09,True,,,,,,
C_thin_12_full_3,full_cube_periodic,disconnected_fragments,组3:PAIR:r111:r115,组3,cylinder_contact,r111,r115,111,115,,组3_full_cube_periodic_P0108,组3_full_cube_periodic_P0111,,,0.0,2.942220207452614e-10,0.0,connected,gap<=1.8,capsule_then_flat_cylinder_gjk,0.0,4,True,6.233367514443361e-13,6.233367514443361e-13,True,,,,,,
C_thin_12_full_3,full_cube_periodic,disconnected_fragments,组3:PAIR:r112:r134,组3,cylinder_contact,r112,r134,112,134,,组3_full_cube_periodic_P0056,组3_full_cube_periodic_P0110,,,0.0,3.56241475281761e-10,0.0,connected,gap<=1.8,capsule_then_flat_cylinder_gjk,0.0,4,True,7.36774916095767e-13,7.36774916095767e-13,True,,,,,,
C_thin_12_full_3,full_cube_periodic,disconnected_fragments,组3:PAIR:r117:r137,组3,cylinder_contact,r117,r137,117,137,,组3_full_cube_periodic_P0113,组3_full_cube_periodic_P0103,,,0.0,3.794552966941281e-10,0.0,connected,gap<=1.8,capsule_then_flat_cylinder_gjk,0.0,5,True,4.2537719614005497e-13,4.2537719614005497e-13,True,,,,,,
C_thin_12_full_3,full_cube_periodic,disconnected_fragments,组3:PAIR:r119:r166,组3,cylinder_contact,r119,r166,119,166,,组3_full_cube_periodic_P0115,组3_full_cube_periodic_P0148,,,0.0,2.0660564259779076e-10,0.0,connected,gap<=1.8,capsule_then_flat_cylinder_gjk,0.0,4,True,8.098342059535243e-12,8.098342059535243e-12,True,,,,,,
C_thin_12_full_3,full_cube_periodic,disconnected_fragments,组3:PAIR:r119:r186,组3,cylinder_contact,r119,r186,119,186,,组3_full_cube_periodic_P0115,组3_full_cube_periodic_P0165,,,0.0,2.0709537867188277e-10,0.0,connected,gap<=1.8,capsule_then_flat_cylinder_gjk,0.0,6,True,9.379164112033322e-13,9.379164112033322e-13,True,,,,,,
C_thin_12_full_3,full_cube_periodic,disconnected_fragments,组3:PAIR:r120:r140,组3,cylinder_contact,r120,r140,120,140,,组3_full_cube_periodic_P0116,组3_full_cube_periodic_P0128,,,0.0,2.967317202477125e-10,0.0,connected,gap<=1.8,capsule_then_flat_cylinder_gjk,0.0,4,True,1.1368683772161602e-13,1.1368683772161602e-13,True,,,,,,
C_thin_12_full_3,full_cube_periodic,disconnected_fragments,组3:PAIR:r121:r125,组3,cylinder_contact,r121,r125,121,125,,组3_full_cube_periodic_P0117,组3_full_cube_periodic_P0120,,,0.0,4.065400081310672e-10,0.0,connected,gap<=1.8,capsule_then_flat_cylinder_gjk,0.0,5,True,1.256998097431732e-12,1.256998097431732e-12,True,,,,,,
C_thin_12_full_3,full_cube_periodic,disconnected_fragments,组3:PAIR:r123:r130,组3,cylinder_contact,r123,r130,123,130,,组3_full_cube_periodic_P0096,组3_full_cube_periodic_P0124,,,0.0,3.1569363569008337e-10,0.0,connected,gap<=1.8,capsule_then_flat_cylinder_gjk,0.0,6,True,1.567064913625725e-12,1.567064913625725e-12,True,,,,,,
C_thin_12_full_3,full_cube_periodic,disconnected_fragments,组3:PAIR:r123:r163,组3,cylinder_contact,r123,r163,123,163,,组3_full_cube_periodic_P0096,组3_full_cube_periodic_P0146,,,0.0,3.1559658270769926e-10,0.0,connected,gap<=1.8,capsule_then_flat_cylinder_gjk,0.0,7,True,4.547473508864641e-13,4.547473508864641e-13,True,,,,,,
C_thin_12_full_3,full_cube_periodic,disconnected_fragments,组3:PAIR:r126:r163,组3,cylinder_contact,r126,r163,126,163,,组3_full_cube_periodic_P0091,组3_full_cube_periodic_P0146,,,0.0,3.681762968831592e-10,0.0,connected,gap<=1.8,capsule_then_flat_cylinder_gjk,0.0,5,True,5.569494857771083e-13,5.569494857771083e-13,True,,,,,,
C_thin_12_full_3,full_cube_periodic,disconnected_fragments,组3:PAIR:r126:r236,组3,cylinder_contact,r126,r236,126,236,,组3_full_cube_periodic_P0091,组3_full_cube_periodic_P0190,,,0.0,3.6822997252685774e-10,0.0,connected,gap<=1.8,capsule_then_flat_cylinder_gjk,0.0,5,True,1.632702903446565e-13,1.632702903446565e-13,True,,,,,,
C_thin_12_full_3,full_cube_periodic,disconnected_fragments,组3:PAIR:r133:r158,组3,cylinder_contact,r133,r158,133,158,,组3_full_cube_periodic_P0125,组3_full_cube_periodic_P0141,,,0.0,2.5645532316965793e-10,0.0,connected,gap<=1.8,capsule_then_flat_cylinder_gjk,0.0,4,True,8.987733679556354e-14,8.987733679556354e-14,True,,,,,,
C_thin_12_full_3,full_cube_periodic,disconnected_fragments,组3:PAIR:r134:r183,组3,cylinder_contact,r134,r183,134,183,,组3_full_cube_periodic_P0110,组3_full_cube_periodic_P0162,,,0.0,2.8170993678570285e-10,0.0,connected,gap<=1.8,capsule_then_flat_cylinder_gjk,0.0,6,True,1.1138989715542167e-12,1.1138989715542167e-12,True,,,,,,
C_thin_12_full_3,full_cube_periodic,disconnected_fragments,组3:PAIR:r135:r171,组3,cylinder_contact,r135,r171,135,171,,组3_full_cube_periodic_P0039,组3_full_cube_periodic_P0048,,,0.0,3.1397551643780504e-10,0.0,connected,gap<=1.8,capsule_then_flat_cylinder_gjk,0.0,5,True,3.1776437161565096e-14,3.1776437161565096e-14,True,,,,,,
C_thin_12_full_3,full_cube_periodic,disconnected_fragments,组3:PAIR:r136:r161,组3,cylinder_contact,r136,r161,136,161,,组3_full_cube_periodic_P0088,组3_full_cube_periodic_P0144,,,0.0,3.8791296201352306e-10,0.0,connected,gap<=1.8,capsule_then_flat_cylinder_gjk,0.0,6,True,1.6077746776921858e-13,1.6077746776921858e-13,True,,,,,,
C_thin_12_full_3,full_cube_periodic,disconnected_fragments,组3:PAIR:r136:r239,组3,cylinder_contact,r136,r239,136,239,,组3_full_cube_periodic_P0088,组3_full_cube_periodic_P0184,,,0.0,3.8750135889124226e-10,0.0,connected,gap<=1.8,capsule_then_flat_cylinder_gjk,0.0,5,True,4.823324033076557e-13,4.823324033076557e-13,True,,,,,,
C_thin_12_full_3,full_cube_periodic,disconnected_fragments,组3:PAIR:r138:r237,组3,cylinder_contact,r138,r237,138,237,,组3_full_cube_periodic_P0126,组3_full_cube_periodic_P0204,,,0.0,2.38309762302247e-10,0.0,connected,gap<=1.8,capsule_then_flat_cylinder_gjk,0.0,5,True,1.4572883336875599e-12,1.4572883336875599e-12,True,,,,,,
C_thin_12_full_3,full_cube_periodic,disconnected_fragments,组3:PAIR:r139:r182,组3,cylinder_contact,r139,r182,139,182,,组3_full_cube_periodic_P0127,组3_full_cube_periodic_P0161,,,0.0,1.9621280469889224e-10,0.0,connected,gap<=1.8,capsule_then_flat_cylinder_gjk,0.0,4,True,8.038873388460929e-14,8.038873388460929e-14,True,,,,,,
C_thin_12_full_3,full_cube_periodic,disconnected_fragments,组3:PAIR:r139:r188,组3,cylinder_contact,r139,r188,139,188,,组3_full_cube_periodic_P0127,组3_full_cube_periodic_P0167,,,0.0,1.974947238150902e-10,0.0,connected,gap<=1.8,capsule_then_flat_cylinder_gjk,0.0,6,True,3.639754730461873e-13,3.639754730461873e-13,True,,,,,,
C_thin_12_full_3,full_cube_periodic,disconnected_fragments,组3:PAIR:r146:r338,组3,cylinder_contact,r146,r338,146,338,,组3_full_cube_periodic_P0130,组3_full_cube_periodic_P0283,,,0.0,1.9700654241512287e-10,0.0,connected,gap<=1.8,capsule_then_flat_cylinder_gjk,0.0,5,True,4.547473508864641e-13,4.547473508864641e-13,True,,,,,,
C_thin_12_full_3,full_cube_periodic,disconnected_fragments,组3:PAIR:r148:r162,组3,cylinder_contact,r148,r162,148,162,,组3_full_cube_periodic_P0085,组3_full_cube_periodic_P0145,,,0.0,4.0138241505275145e-10,0.0,connected,gap<=1.8,capsule_then_flat_cylinder_gjk,0.0,5,True,1.1593828079623528e-12,1.1593828079623528e-12,True,,,,,,
C_thin_12_full_3,full_cube_periodic,disconnected_fragments,组3:PAIR:r156:r251,组3,cylinder_contact,r156,r251,156,251,,组3_full_cube_periodic_P0139,组3_full_cube_periodic_P0212,,,0.0,2.334041866939208e-10,0.0,connected,gap<=1.8,capsule_then_flat_cylinder_gjk,0.0,5,True,1.1368683772161603e-13,1.1368683772161603e-13,True,,,,,,
C_thin_12_full_3,full_cube_periodic,disconnected_fragments,组3:PAIR:r159:r163,组3,cylinder_contact,r159,r163,159,163,,组3_full_cube_periodic_P0142,组3_full_cube_periodic_P0146,,,0.0,2.976863816857135e-10,0.0,connected,gap<=1.8,capsule_then_flat_cylinder_gjk,0.0,5,True,1.2505552149377761e-12,1.2505552149377761e-12,True,,,,,,
C_thin_12_full_3,full_cube_periodic,disconnected_fragments,组3:PAIR:r159:r197,组3,cylinder_contact,r159,r197,159,197,,组3_full_cube_periodic_P0142,组3_full_cube_periodic_P0166,,,0.0,2.919374556727555e-10,0.0,connected,gap<=1.8,capsule_then_flat_cylinder_gjk,0.0,4,True,9.812236146964348e-11,9.812236146964348e-11,True,,,,,,
C_thin_12_full_3,full_cube_periodic,disconnected_fragments,组3:PAIR:r160:r209,组3,cylinder_contact,r160,r209,160,209,,组3_full_cube_periodic_P0143,组3_full_cube_periodic_P0183,,,0.0,2.8550548753148186e-10,0.0,connected,gap<=1.8,capsule_then_flat_cylinder_gjk,0.0,4,True,1.2834101332393602e-13,1.2834101332393602e-13,True,,,,,,
C_thin_12_full_3,full_cube_periodic,disconnected_fragments,组3:PAIR:r161:r239,组3,cylinder_contact,r161,r239,161,239,,组3_full_cube_periodic_P0144,组3_full_cube_periodic_P0184,,,0.0,3.623870043462374e-10,0.0,connected,gap<=1.8,capsule_then_flat_cylinder_gjk,0.0,7,True,1.140188868083145e-11,1.140188868083145e-11,True,,,,,,
C_thin_12_full_3,full_cube_periodic,disconnected_fragments,组3:PAIR:r162:r192,组3,cylinder_contact,r162,r192,162,192,,组3_full_cube_periodic_P0145,组3_full_cube_periodic_P0169,,,0.0,3.1407369772378633e-10,0.0,connected,gap<=1.8,capsule_then_flat_cylinder_gjk,0.0,4,True,2.604892696897332e-13,2.604892696897332e-13,True,,,,,,
C_thin_12_full_3,full_cube_periodic,disconnected_fragments,组3:PAIR:r164:r178,组3,cylinder_contact,r164,r178,164,178,,组3_full_cube_periodic_P0138,组3_full_cube_periodic_P0158,,,0.0,3.258441145259948e-10,0.0,connected,gap<=1.8,capsule_then_flat_cylinder_gjk,0.0,6,True,3.938227581713539e-13,3.938227581713539e-13,True,,,,,,
C_thin_12_full_3,full_cube_periodic,disconnected_fragments,组3:PAIR:r167:r211,组3,cylinder_contact,r167,r211,167,211,,组3_full_cube_periodic_P0149,组3_full_cube_periodic_P0076,,,0.0,3.349077392926414e-10,0.0,connected,gap<=1.8,capsule_then_flat_cylinder_gjk,0.0,4,True,3.457613971339155e-11,3.457613971339155e-11,True,,,,,,
C_thin_12_full_3,full_cube_periodic,disconnected_fragments,组3:PAIR:r169:r175,组3,cylinder_contact,r169,r175,169,175,,组3_full_cube_periodic_P0151,组3_full_cube_periodic_P0131,,,0.0,3.680848773732284e-10,0.0,connected,gap<=1.8,capsule_then_flat_cylinder_gjk,0.0,5,True,5.209785393794665e-13,5.209785393794665e-13,True,,,,,,
C_thin_12_full_3,full_cube_periodic,disconnected_fragments,组3:PAIR:r172:r195,组3,cylinder_contact,r172,r195,172,195,,组3_full_cube_periodic_P0153,组3_full_cube_periodic_P0172,,,0.0,2.61479058754282e-10,0.0,connected,gap<=1.8,capsule_then_flat_cylinder_gjk,0.0,4,True,7.731540852509763e-13,7.731540852509763e-13,True,,,,,,
C_thin_12_full_3,full_cube_periodic,disconnected_fragments,组3:PAIR:r172:r357,组3,cylinder_contact,r172,r357,172,357,,组3_full_cube_periodic_P0153,组3_full_cube_periodic_P0234,,,0.0,2.544085043819076e-10,0.0,connected,gap<=1.8,capsule_then_flat_cylinder_gjk,0.0,5,True,1.0267281065914884e-12,1.0267281065914884e-12,True,,,,,,
C_thin_12_full_3,full_cube_periodic,disconnected_fragments,组3:PAIR:r174:r318,组3,cylinder_contact,r174,r318,174,318,,组3_full_cube_periodic_P0155,组3_full_cube_periodic_P0264,,,0.6787506345906529,0.6787506392934962,0.6787506369420746,connected,gap<=1.8,capsule_then_flat_cylinder_gjk,0.6787506389011781,512,False,0.6787506392675574,2.325482806320167e-09,True,,,,,,
C_thin_12_full_3,full_cube_periodic,disconnected_fragments,组3:PAIR:r176:r211,组3,cylinder_contact,r176,r211,176,211,,组3_full_cube_periodic_P0156,组3_full_cube_periodic_P0076,,,0.0,3.262679948635211e-10,0.0,connected,gap<=1.8,capsule_then_flat_cylinder_gjk,0.0,5,True,9.099386826154683e-13,9.099386826154683e-13,True,,,,,,
C_thin_12_full_3,full_cube_periodic,disconnected_fragments,组3:PAIR:r178:r198,组3,cylinder_contact,r178,r198,178,198,,组3_full_cube_periodic_P0158,组3_full_cube_periodic_P0174,,,0.0,2.1286491858327163e-10,0.0,connected,gap<=1.8,capsule_then_flat_cylinder_gjk,0.0,4,True,6.355287432313019e-14,6.355287432313019e-14,True,,,,,,
C_thin_12_full_3,full_cube_periodic,disconnected_fragments,组3:PAIR:r179:r183,组3,cylinder_contact,r179,r183,179,183,,组3_full_cube_periodic_P0159,组3_full_cube_periodic_P0162,,,0.0,2.2523409545231027e-10,0.0,connected,gap<=1.8,capsule_then_flat_cylinder_gjk,0.0,6,True,1.686439916067154e-11,1.686439916067154e-11,True,,,,,,
C_thin_12_full_3,full_cube_periodic,disconnected_fragments,组3:PAIR:r180:r201,组3,cylinder_contact,r180,r201,180,201,,组3_full_cube_periodic_P0160,组3_full_cube_periodic_P0175,,,0.0,4.152474931634385e-10,0.0,connected,gap<=1.8,capsule_then_flat_cylinder_gjk,0.0,4,True,2.2737367544323203e-13,2.2737367544323203e-13,True,,,,,,
C_thin_12_full_3,full_cube_periodic,disconnected_fragments,组3:PAIR:r182:r225,组3,cylinder_contact,r182,r225,182,225,,组3_full_cube_periodic_P0161,组3_full_cube_periodic_P0197,,,0.0,2.131470492514262e-10,0.0,connected,gap<=1.8,capsule_then_flat_cylinder_gjk,0.0,4,True,3.938227581713539e-13,3.938227581713539e-13,True,,,,,,
C_thin_12_full_3,full_cube_periodic,disconnected_fragments,组3:PAIR:r182:r279,组3,cylinder_contact,r182,r279,182,279,,组3_full_cube_periodic_P0161,组3_full_cube_periodic_P0234,,,0.0,2.2887915767778175e-10,0.0,connected,gap<=1.8,capsule_then_flat_cylinder_gjk,0.0,5,True,7.447483735586253e-10,7.447483735586253e-10,True,,,,,,
C_thin_12_full_3,full_cube_periodic,disconnected_fragments,组3:PAIR:r188:r225,组3,cylinder_contact,r188,r225,188,225,,组3_full_cube_periodic_P0167,组3_full_cube_periodic_P0197,,,0.0,2.1369379884965107e-10,0.0,connected,gap<=1.8,capsule_then_flat_cylinder_gjk,0.0,5,True,7.36774916095767e-13,7.36774916095767e-13,True,,,,,,
C_thin_12_full_3,full_cube_periodic,disconnected_fragments,组3:PAIR:r188:r286,组3,cylinder_contact,r188,r286,188,286,,组3_full_cube_periodic_P0167,组3_full_cube_periodic_P0240,,,0.0,1.7356942236517622e-10,0.0,connected,gap<=1.8,capsule_then_flat_cylinder_gjk,0.0,5,True,1.1368683772161605e-12,1.1368683772161605e-12,True,,,,,,
C_thin_12_full_3,full_cube_periodic,disconnected_fragments,组3:PAIR:r190:r197,组3,cylinder_contact,r190,r197,190,197,,组3_full_cube_periodic_P0168,组3_full_cube_periodic_P0166,,,0.0,2.852692715541051e-10,0.0,connected,gap<=1.8,capsule_then_flat_cylinder_gjk,0.0,5,True,1.2710574864626038e-13,1.2710574864626038e-13,True,,,,,,
C_thin_12_full_3,full_cube_periodic,disconnected_fragments,组3:PAIR:r205:r218,组3,cylinder_contact,r205,r218,205,218,,组3_full_cube_periodic_P0179,组3_full_cube_periodic_P0191,,,0.0,1.8071373931148645e-10,0.0,connected,gap<=1.8,capsule_then_flat_cylinder_gjk,0.0,6,True,1.6043167557196118e-12,1.6043167557196118e-12,True,,,,,,
C_thin_12_full_3,full_cube_periodic,disconnected_fragments,组3:PAIR:r205:r287,组3,cylinder_contact,r205,r287,205,287,,组3_full_cube_periodic_P0179,组3_full_cube_periodic_P0241,,,0.0,1.8041168995357442e-10,0.0,connected,gap<=1.8,capsule_then_flat_cylinder_gjk,0.0,5,True,5.82471714435519e-13,5.82471714435519e-13,True,,,,,,
C_thin_12_full_3,full_cube_periodic,disconnected_fragments,组3:PAIR:r208:r305,组3,cylinder_contact,r208,r305,208,305,,组3_full_cube_periodic_P0182,组3_full_cube_periodic_P0256,,,1.7786710844844462,1.7786710872937999,1.778671085889123,connected,gap<=1.8,capsule_then_flat_cylinder_gjk,1.7786710871068863,12,False,1.778671087142672,1.2535490423459805e-09,True,,,,,,
C_thin_12_full_3,full_cube_periodic,disconnected_fragments,组3:PAIR:r213:r287,组3,cylinder_contact,r213,r287,213,287,,组3_full_cube_periodic_P0186,组3_full_cube_periodic_P0241,,,0.0,1.8930594595804609e-10,0.0,connected,gap<=1.8,capsule_then_flat_cylinder_gjk,0.0,4,True,5.362597410144533e-13,5.362597410144533e-13,True,,,,,,
C_thin_12_full_3,full_cube_periodic,disconnected_fragments,组3:PAIR:r213:r364,组3,cylinder_contact,r213,r364,213,364,,组3_full_cube_periodic_P0186,组3_full_cube_periodic_P0289,,,0.0,2.1663299905383626e-10,0.0,connected,gap<=1.8,capsule_then_flat_cylinder_gjk,0.0,5,True,2.49399488080602e-13,2.49399488080602e-13,True,,,,,,
C_thin_12_full_3,full_cube_periodic,disconnected_fragments,组3:PAIR:r218:r266,组3,cylinder_contact,r218,r266,218,266,,组3_full_cube_periodic_P0191,组3_full_cube_periodic_P0223,,,0.0,1.685150038897927e-10,0.0,connected,gap<=1.8,capsule_then_flat_cylinder_gjk,0.0,6,True,1.7053025658242404e-13,1.7053025658242404e-13,True,,,,,,
C_thin_12_full_3,full_cube_periodic,disconnected_fragments,组3:PAIR:r218:r287,组3,cylinder_contact,r218,r287,218,287,,组3_full_cube_periodic_P0191,组3_full_cube_periodic_P0241,,,0.0,1.6388461110316699e-10,0.0,connected,gap<=1.8,capsule_then_flat_cylinder_gjk,0.0,6,True,2.2737367544323206e-13,2.2737367544323206e-13,True,,,,,,
C_thin_12_full_3,full_cube_periodic,disconnected_fragments,组3:PAIR:r218:r353,组3,cylinder_contact,r218,r353,218,353,,组3_full_cube_periodic_P0191,组3_full_cube_periodic_P0296,,,0.0,2.3341933865593414e-10,0.0,connected,gap<=1.8,capsule_then_flat_cylinder_gjk,0.0,5,True,4.151126638648695e-12,4.151126638648695e-12,True,,,,,,
C_thin_12_full_3,full_cube_periodic,disconnected_fragments,组3:PAIR:r223:r301,组3,cylinder_contact,r223,r301,223,301,,组3_full_cube_periodic_P0195,组3_full_cube_periodic_P0253,,,0.0,1.9295238210326363e-10,0.0,connected,gap<=1.8,capsule_then_flat_cylinder_gjk,0.0,6,True,1.628063766540671e-09,1.628063766540671e-09,True,,,,,,
C_thin_12_full_3,full_cube_periodic,disconnected_fragments,组3:PAIR:r225:r319,组3,cylinder_contact,r225,r319,225,319,,组3_full_cube_periodic_P0197,组3_full_cube_periodic_P0265,,,0.0,2.375253215042492e-10,0.0,connected,gap<=1.8,capsule_then_flat_cylinder_gjk,0.0,5,True,5.084229945850415e-13,5.084229945850415e-13,True,,,,,,
C_thin_12_full_3,full_cube_periodic,disconnected_fragments,组3:PAIR:r226:r240,组3,cylinder_contact,r226,r240,226,240,,组3_full_cube_periodic_P0198,组3_full_cube_periodic_P0206,,,0.0,2.396214031971352e-10,0.0,connected,gap<=1.8,capsule_then_flat_cylinder_gjk,0.0,6,True,1.212844625419613e-12,1.212844625419613e-12,True,,,,,,
C_thin_12_full_3,full_cube_periodic,disconnected_fragments,组3:PAIR:r227:r273,组3,cylinder_contact,r227,r273,227,273,,组3_full_cube_periodic_P0199,组3_full_cube_periodic_P0230,,,0.0,2.9168753663635964e-10,0.0,connected,gap<=1.8,capsule_then_flat_cylinder_gjk,0.0,4,True,2.5579538487363607e-13,2.5579538487363607e-13,True,,,,,,
C_thin_12_full_3,full_cube_periodic,disconnected_fragments,组3:PAIR:r227:r297,组3,cylinder_contact,r227,r297,227,297,,组3_full_cube_periodic_P0199,组3_full_cube_periodic_P0250,,,0.0,2.923306465074365e-10,0.0,connected,gap<=1.8,capsule_then_flat_cylinder_gjk,0.0,4,True,1.632702903446565e-13,1.632702903446565e-13,True,,,,,,
C_thin_12_full_3,full_cube_periodic,disconnected_fragments,组3:PAIR:r229:r283,组3,cylinder_contact,r229,r283,229,283,,组3_full_cube_periodic_P0135,组3_full_cube_periodic_P0238,,,0.0,2.9094623998356114e-10,0.0,connected,gap<=1.8,capsule_then_flat_cylinder_gjk,0.0,4,True,4.617981178760124e-13,4.617981178760124e-13,True,,,,,,
C_thin_12_full_3,full_cube_periodic,disconnected_fragments,组3:PAIR:r235:r323,组3,cylinder_contact,r235,r323,235,323,,组3_full_cube_periodic_P0205,组3_full_cube_periodic_P0269,,,0.0,3.0650279439901365e-10,0.0,connected,gap<=1.8,capsule_then_flat_cylinder_gjk,0.0,6,True,7.626344918775623e-13,7.626344918775623e-13,True,,,,,,
C_thin_12_full_3,full_cube_periodic,disconnected_fragments,组3:PAIR:r235:r364,组3,cylinder_contact,r235,r364,235,364,,组3_full_cube_periodic_P0205,组3_full_cube_periodic_P0289,,,0.0,2.532451079585132e-10,0.0,connected,gap<=1.8,capsule_then_flat_cylinder_gjk,0.0,5,True,3.215549355384371e-13,3.215549355384371e-13,True,,,,,,
C_thin_12_full_3,full_cube_periodic,disconnected_fragments,组3:PAIR:r240:r316,组3,cylinder_contact,r240,r316,240,316,,组3_full_cube_periodic_P0206,组3_full_cube_periodic_P0263,,,0.0,2.209260186921251e-10,0.0,connected,gap<=1.8,capsule_then_flat_cylinder_gjk,0.0,6,True,1.1457157353758233e-13,1.1457157353758233e-13,True,,,,,,
C_thin_12_full_3,full_cube_periodic,disconnected_fragments,组3:PAIR:r240:r389,组3,cylinder_contact,r240,r389,240,389,,组3_full_cube_periodic_P0206,组3_full_cube_periodic_P0318,,,0.0,2.685357951485943e-10,0.0,connected,gap<=1.8,capsule_then_flat_cylinder_gjk,0.0,5,True,3.5950934718225415e-13,3.5950934718225415e-13,True,,,,,,
C_thin_12_full_3,full_cube_periodic,disconnected_fragments,组3:PAIR:r244:r248,组3,cylinder_contact,r244,r248,244,248,,组3_full_cube_periodic_P0208,组3_full_cube_periodic_P0163,,,0.0,2.9305337103152396e-10,0.0,connected,gap<=1.8,capsule_then_flat_cylinder_gjk,0.0,6,True,6.278560827688159e-13,6.278560827688159e-13,True,,,,,,
C_thin_12_full_3,full_cube_periodic,disconnected_fragments,组3:PAIR:r244:r254,组3,cylinder_contact,r244,r254,244,254,,组3_full_cube_periodic_P0208,组3_full_cube_periodic_P0180,,,0.0,2.9623390581094036e-10,0.0,connected,gap<=1.8,capsule_then_flat_cylinder_gjk,0.0,4,True,7.78360568894479e-14,7.78360568894479e-14,True,,,,,,
C_thin_12_full_3,full_cube_periodic,disconnected_fragments,组3:PAIR:r248:r254,组3,cylinder_contact,r248,r254,248,254,,组3_full_cube_periodic_P0163,组3_full_cube_periodic_P0180,,,0.0,2.9551367933102037e-10,0.0,connected,gap<=1.8,capsule_then_flat_cylinder_gjk,0.0,4,True,7.279509460923747e-13,7.279509460923747e-13,True,,,,,,
C_thin_12_full_3,full_cube_periodic,disconnected_fragments,组3:PAIR:r251:r266,组3,cylinder_contact,r251,r266,251,266,,组3_full_cube_periodic_P0212,组3_full_cube_periodic_P0223,,,0.0,1.824541306788274e-10,0.0,connected,gap<=1.8,capsule_then_flat_cylinder_gjk,0.0,4,True,3.410605131648481e-13,3.410605131648481e-13,True,,,,,,
C_thin_12_full_3,full_cube_periodic,disconnected_fragments,组3:PAIR:r251:r274,组3,cylinder_contact,r251,r274,251,274,,组3_full_cube_periodic_P0212,组3_full_cube_periodic_P0147,,,0.0,2.607521111882691e-10,0.0,connected,gap<=1.8,capsule_then_flat_cylinder_gjk,0.0,4,True,8.354242286656624e-13,8.354242286656624e-13,True,,,,,,
C_thin_12_full_3,full_cube_periodic,disconnected_fragments,组3:PAIR:r257:r291,组3,cylinder_contact,r257,r291,257,291,,组3_full_cube_periodic_P0217,组3_full_cube_periodic_P0245,,,0.0,2.0842647623098825e-10,0.0,connected,gap<=1.8,capsule_then_flat_cylinder_gjk,0.0,5,True,7.031142602530156e-13,7.031142602530156e-13,True,,,,,,
C_thin_12_full_3,full_cube_periodic,disconnected_fragments,组3:PAIR:r257:r315,组3,cylinder_contact,r257,r315,257,315,,组3_full_cube_periodic_P0217,组3_full_cube_periodic_P0262,,,0.0,1.8671020428083936e-10,0.0,connected,gap<=1.8,capsule_then_flat_cylinder_gjk,0.0,5,True,3.177643716156509e-13,3.177643716156509e-13,True,,,,,,
C_thin_12_full_3,full_cube_periodic,disconnected_fragments,组3:PAIR:r259:r330,组3,cylinder_contact,r259,r330,259,330,,组3_full_cube_periodic_P0218,组3_full_cube_periodic_P0276,,,0.0,1.4511157245606337e-10,0.0,connected,gap<=1.8,capsule_then_flat_cylinder_gjk,0.0,6,True,9.25343817704044e-13,9.25343817704044e-13,True,,,,,,
C_thin_12_full_3,full_cube_periodic,disconnected_fragments,组3:PAIR:r262:r423,组3,cylinder_contact,r262,r423,262,423,,组3_full_cube_periodic_P0220,组3_full_cube_periodic_P0335,,,0.0,2.1765580931130912e-10,0.0,connected,gap<=1.8,capsule_then_flat_cylinder_gjk,0.0,5,True,9.54563326089707e-13,9.54563326089707e-13,True,,,,,,
C_thin_12_full_3,full_cube_periodic,disconnected_fragments,组3:PAIR:r265:r278,组3,cylinder_contact,r265,r278,265,278,,组3_full_cube_periodic_P0185,组3_full_cube_periodic_P0233,,,0.0,2.9801955429294825e-10,0.0,connected,gap<=1.8,capsule_then_flat_cylinder_gjk,0.0,4,True,1.4210854715202004e-14,1.4210854715202004e-14,True,,,,,,
C_thin_12_full_3,full_cube_periodic,disconnected_fragments,组3:PAIR:r267:r414,组3,cylinder_contact,r267,r414,267,414,,组3_full_cube_periodic_P0224,组3_full_cube_periodic_P0326,,,0.0,3.56267730543135e-10,0.0,connected,gap<=1.8,capsule_then_flat_cylinder_gjk,0.0,5,True,1.392373714442771e-13,1.392373714442771e-13,True,,,,,,
C_thin_12_full_3,full_cube_periodic,disconnected_fragments,组3:PAIR:r269:r317,组3,cylinder_contact,r269,r317,269,317,,组3_full_cube_periodic_P0226,组3_full_cube_periodic_P0198,,,0.0,2.698550043861707e-10,0.0,connected,gap<=1.8,capsule_then_flat_cylinder_gjk,0.0,6,True,4.591667681496436e-13,4.591667681496436e-13,True,,,,,,
C_thin_12_full_3,full_cube_periodic,disconnected_fragments,组3:PAIR:r275:r296,组3,cylinder_contact,r275,r296,275,296,,组3_full_cube_periodic_P0216,组3_full_cube_periodic_P0249,,,0.0,2.5016335154441323e-10,0.0,connected,gap<=1.8,capsule_then_flat_cylinder_gjk,0.0,5,True,6.915300366811402e-13,6.915300366811402e-13,True,,,,,,
C_thin_12_full_3,full_cube_periodic,disconnected_fragments,组3:PAIR:r278:r302,组3,cylinder_contact,r278,r302,278,302,,组3_full_cube_periodic_P0233,组3_full_cube_periodic_P0230,,,0.0,3.705586404203881e-10,0.0,connected,gap<=1.8,capsule_then_flat_cylinder_gjk,0.0,5,True,4.602649920770332e-13,4.602649920770332e-13,True,,,,,,
C_thin_12_full_3,full_cube_periodic,disconnected_fragments,组3:PAIR:r279:r319,组3,cylinder_contact,r279,r319,279,319,,组3_full_cube_periodic_P0234,组3_full_cube_periodic_P0265,,,0.0,2.3757270128329836e-10,0.0,connected,gap<=1.8,capsule_then_flat_cylinder_gjk,0.0,4,True,2.8421709430404007e-13,2.8421709430404007e-13,True,,,,,,
C_thin_12_full_3,full_cube_periodic,disconnected_fragments,组3:PAIR:r280:r308,组3,cylinder_contact,r280,r308,280,308,,组3_full_cube_periodic_P0235,组3_full_cube_periodic_P0258,,,0.0,2.5829724083158627e-10,0.0,connected,gap<=1.8,capsule_then_flat_cylinder_gjk,0.0,6,True,1.4559018921847493e-12,1.4559018921847493e-12,True,,,,,,
C_thin_12_full_3,full_cube_periodic,disconnected_fragments,组3:PAIR:r285:r294,组3,cylinder_contact,r285,r294,285,294,,组3_full_cube_periodic_P0177,组3_full_cube_periodic_P0247,,,0.0,3.177437386588334e-10,0.0,connected,gap<=1.8,capsule_then_flat_cylinder_gjk,0.0,5,True,1.449228509952941e-13,1.449228509952941e-13,True,,,,,,
C_thin_12_full_3,full_cube_periodic,disconnected_fragments,组3:PAIR:r295:r451,组3,cylinder_contact,r295,r451,295,451,,组3_full_cube_periodic_P0248,组3_full_cube_periodic_P0344,,,1.4529593453894278,1.452959348626191,1.4529593470078095,connected,gap<=1.8,capsule_then_flat_cylinder_gjk,1.4529593482501113,11,False,1.4529593482498315,1.2420220407705074e-09,True,,,,,,
C_thin_12_full_3,full_cube_periodic,disconnected_fragments,组3:PAIR:r297:r438,组3,cylinder_contact,r297,r438,297,438,,组3_full_cube_periodic_P0250,组3_full_cube_periodic_P0340,,,0.0,3.2335519616026216e-10,0.0,connected,gap<=1.8,capsule_then_flat_cylinder_gjk,0.0,4,True,8.507543922801099e-13,8.507543922801099e-13,True,,,,,,
C_thin_12_full_3,full_cube_periodic,disconnected_fragments,组3:PAIR:r305:r330,组3,cylinder_contact,r305,r330,305,330,,组3_full_cube_periodic_P0256,组3_full_cube_periodic_P0276,,,0.0,1.5107499996738364e-10,0.0,connected,gap<=1.8,capsule_then_flat_cylinder_gjk,0.0,4,True,7.190186943645083e-13,7.190186943645083e-13,True,,,,,,
C_thin_12_full_3,full_cube_periodic,disconnected_fragments,组3:PAIR:r307:r481,组3,cylinder_contact,r307,r481,307,481,,组3_full_cube_periodic_P0257,组3_full_cube_periodic_P0055,,,0.0,2.4618112744401226e-10,0.0,connected,gap<=1.8,capsule_then_flat_cylinder_gjk,0.0,5,True,9.166827466555184e-13,9.166827466555184e-13,True,,,,,,
C_thin_12_full_3,full_cube_periodic,disconnected_fragments,组3:PAIR:r310:r319,组3,cylinder_contact,r310,r319,310,319,,组3_full_cube_periodic_P0247,组3_full_cube_periodic_P0265,,,0.0,2.367455331942225e-10,0.0,connected,gap<=1.8,capsule_then_flat_cylinder_gjk,0.0,4,True,2.1457920056692358e-13,2.1457920056692358e-13,True,,,,,,
C_thin_12_full_3,full_cube_periodic,disconnected_fragments,组3:PAIR:r311:r398,组3,cylinder_contact,r311,r398,311,398,,组3_full_cube_periodic_P0259,组3_full_cube_periodic_P0322,,,0.0,2.669711402285452e-10,0.0,connected,gap<=1.8,capsule_then_flat_cylinder_gjk,0.0,4,True,4.687428401686771e-13,4.687428401686771e-13,True,,,,,,
C_thin_12_full_3,full_cube_periodic,disconnected_fragments,组3:PAIR:r313:r380,组3,cylinder_contact,r313,r380,313,380,,组3_full_cube_periodic_P0260,组3_full_cube_periodic_P0311,,,0.0,3.1414922605195625e-10,0.0,connected,gap<=1.8,capsule_then_flat_cylinder_gjk,0.0,5,True,2.2422549276730047e-12,2.2422549276730047e-12,True,,,,,,
C_thin_12_full_3,full_cube_periodic,disconnected_fragments,组3:PAIR:r318:r323,组3,cylinder_contact,r318,r323,318,323,,组3_full_cube_periodic_P0264,组3_full_cube_periodic_P0269,,,0.0,3.063186714432367e-10,0.0,connected,gap<=1.8,capsule_then_flat_cylinder_gjk,0.0,5,True,5.209785393794664e-13,5.209785393794664e-13,True,,,,,,
C_thin_12_full_3,full_cube_periodic,disconnected_fragments,组3:PAIR:r320:r341,组3,cylinder_contact,r320,r341,320,341,,组3_full_cube_periodic_P0266,组3_full_cube_periodic_P0286,,,0.0,1.4312323574856354e-10,0.0,connected,gap<=1.8,capsule_then_flat_cylinder_gjk,0.0,5,True,8.921056211695389e-11,8.921056211695389e-11,True,,,,,,
C_thin_12_full_3,full_cube_periodic,disconnected_fragments,组3:PAIR:r320:r486,组3,cylinder_contact,r320,r486,320,486,,组3_full_cube_periodic_P0266,组3_full_cube_periodic_P0354,,,1.2065018440911464,1.2065018445999443,1.2065018443455453,connected,gap<=1.8,capsule_then_flat_cylinder_gjk,0.0,36,True,1.2065018443719102,2.6364910254983442e-11,True,,,,,,
C_thin_12_full_3,full_cube_periodic,disconnected_fragments,组3:PAIR:r322:r326,组3,cylinder_contact,r322,r326,322,326,,组3_full_cube_periodic_P0268,组3_full_cube_periodic_P0272,,,0.0,1.4257706489324667e-10,0.0,connected,gap<=1.8,capsule_then_flat_cylinder_gjk,0.0,5,True,9.235962357520249e-13,9.235962357520249e-13,True,,,,,,
C_thin_12_full_3,full_cube_periodic,disconnected_fragments,组3:PAIR:r322:r330,组3,cylinder_contact,r322,r330,322,330,,组3_full_cube_periodic_P0268,组3_full_cube_periodic_P0276,,,0.0,1.4497795171338934e-10,0.0,connected,gap<=1.8,capsule_then_flat_cylinder_gjk,0.0,4,True,4.687428401686771e-13,4.687428401686771e-13,True,,,,,,
C_thin_12_full_3,full_cube_periodic,disconnected_fragments,组3:PAIR:r325:r375,组3,cylinder_contact,r325,r375,325,375,,组3_full_cube_periodic_P0271,组3_full_cube_periodic_P0308,,,0.0,1.6234731147628353e-10,0.0,connected,gap<=1.8,capsule_then_flat_cylinder_gjk,0.0,5,True,2.2737367544323206e-13,2.2737367544323206e-13,True,,,,,,
C_thin_12_full_3,full_cube_periodic,disconnected_fragments,组3:PAIR:r326:r330,组3,cylinder_contact,r326,r330,326,330,,组3_full_cube_periodic_P0272,组3_full_cube_periodic_P0276,,,0.0,1.5469338570899601e-10,0.0,connected,gap<=1.8,capsule_then_flat_cylinder_gjk,0.0,4,True,3.9382275817135387e-13,3.9382275817135387e-13,True,,,,,,
C_thin_12_full_3,full_cube_periodic,disconnected_fragments,组3:PAIR:r340:r400,组3,cylinder_contact,r340,r400,340,400,,组3_full_cube_periodic_P0285,组3_full_cube_periodic_P0017,,,0.0,3.684163832082509e-10,0.0,connected,gap<=1.8,capsule_then_flat_cylinder_gjk,0.0,4,True,9.205299841540664e-13,9.205299841540664e-13,True,,,,,,
C_thin_12_full_3,full_cube_periodic,disconnected_fragments,组3:PAIR:r342:r343,组3,cylinder_contact,r342,r343,342,343,,组3_full_cube_periodic_P0287,组3_full_cube_periodic_P0288,,,0.0,2.400318333864524e-10,0.0,connected,gap<=1.8,capsule_then_flat_cylinder_gjk,0.0,4,True,1.1138989715542167e-12,1.1138989715542167e-12,True,,,,,,
C_thin_12_full_3,full_cube_periodic,disconnected_fragments,组3:PAIR:r345:r355,组3,cylinder_contact,r345,r355,345,355,,组3_full_cube_periodic_P0290,组3_full_cube_periodic_P0298,,,0.0,2.3640777920416116e-10,0.0,connected,gap<=1.8,capsule_then_flat_cylinder_gjk,0.0,5,True,1.2912342630898533e-12,1.2912342630898533e-12,True,,,,,,
C_thin_12_full_3,full_cube_periodic,disconnected_fragments,组3:PAIR:r345:r386,组3,cylinder_contact,r345,r386,345,386,,组3_full_cube_periodic_P0290,组3_full_cube_periodic_P0316,,,0.0,2.358393450155531e-10,0.0,connected,gap<=1.8,capsule_then_flat_cylinder_gjk,0.0,4,True,4.749984274667112e-10,4.749984274667112e-10,True,,,,,,
C_thin_12_full_3,full_cube_periodic,disconnected_fragments,组3:PAIR:r349:r369,组3,cylinder_contact,r349,r369,349,369,,组3_full_cube_periodic_P0293,组3_full_cube_periodic_P0305,,,0.0,2.47756972998614e-10,0.0,connected,gap<=1.8,capsule_then_flat_cylinder_gjk,0.0,6,True,6.967667714054224e-13,6.967667714054224e-13,True,,,,,,
C_thin_12_full_3,full_cube_periodic,disconnected_fragments,组3:PAIR:r349:r397,组3,cylinder_contact,r349,r397,349,397,,组3_full_cube_periodic_P0293,组3_full_cube_periodic_P0304,,,0.0,2.6031819486092913e-10,0.0,connected,gap<=1.8,capsule_then_flat_cylinder_gjk,0.0,4,True,4.238933840384142e-12,4.238933840384142e-12,True,,,,,,
C_thin_12_full_3,full_cube_periodic,disconnected_fragments,组3:PAIR:r353:r453,组3,cylinder_contact,r353,r453,353,453,,组3_full_cube_periodic_P0296,组3_full_cube_periodic_P0345,,,0.0,2.5768936463731633e-10,0.0,connected,gap<=1.8,capsule_then_flat_cylinder_gjk,0.0,4,True,2.0495186137532014e-13,2.0495186137532014e-13,True,,,,,,
C_thin_12_full_3,full_cube_periodic,disconnected_fragments,组3:PAIR:r354:r358,组3,cylinder_contact,r354,r358,354,358,,组3_full_cube_periodic_P0297,组3_full_cube_periodic_P0176,,,0.0,2.775583005623495e-10,0.0,connected,gap<=1.8,capsule_then_flat_cylinder_gjk,0.0,5,True,1.7975467359112708e-13,1.7975467359112708e-13,True,,,,,,
C_thin_12_full_3,full_cube_periodic,disconnected_fragments,组3:PAIR:r359:r360,组3,cylinder_contact,r359,r360,359,360,,组3_full_cube_periodic_P0299,组3_full_cube_periodic_P0300,,,0.0,2.456481369825429e-10,0.0,connected,gap<=1.8,capsule_then_flat_cylinder_gjk,0.0,4,True,0.0,0.0,True,,,,,,
C_thin_12_full_3,full_cube_periodic,disconnected_fragments,组3:PAIR:r369:r430,组3,cylinder_contact,r369,r430,369,430,,组3_full_cube_periodic_P0305,组3_full_cube_periodic_P0038,,,0.0,2.613156070377339e-10,0.0,connected,gap<=1.8,capsule_then_flat_cylinder_gjk,0.0,5,True,5.6843418860808e-13,5.6843418860808e-13,True,,,,,,
C_thin_12_full_3,full_cube_periodic,disconnected_fragments,组3:PAIR:r379:r502,组3,cylinder_contact,r379,r502,379,502,,组3_full_cube_periodic_P0310,组3_full_cube_periodic_P0053,,,0.0,3.396179140685914e-10,0.0,connected,gap<=1.8,capsule_then_flat_cylinder_gjk,0.0,5,True,4.687428401686771e-13,4.687428401686771e-13,True,,,,,,
C_thin_12_full_3,full_cube_periodic,disconnected_fragments,组3:PAIR:r381:r390,组3,cylinder_contact,r381,r390,381,390,,组3_full_cube_periodic_P0312,组3_full_cube_periodic_P0078,,,0.0,3.2983939788742185e-10,0.0,connected,gap<=1.8,capsule_then_flat_cylinder_gjk,0.0,4,True,2.4290171290001005e-12,2.4290171290001005e-12,True,,,,,,
C_thin_12_full_3,full_cube_periodic,disconnected_fragments,组3:PAIR:r382:r481,组3,cylinder_contact,r382,r481,382,481,,组3_full_cube_periodic_P0313,组3_full_cube_periodic_P0055,,,0.0,2.4624864434485803e-10,0.0,connected,gap<=1.8,capsule_then_flat_cylinder_gjk,0.0,5,True,7.279509460923745e-13,7.279509460923745e-13,True,,,,,,
C_thin_12_full_3,full_cube_periodic,disconnected_fragments,组3:PAIR:r384:r395,组3,cylinder_contact,r384,r395,384,395,,组3_full_cube_periodic_P0314,组3_full_cube_periodic_P0015,,,0.0,3.2483848930774674e-10,0.0,connected,gap<=1.8,capsule_then_flat_cylinder_gjk,0.0,6,True,6.12222357532858e-13,6.12222357532858e-13,True,,,,,,
C_thin_12_full_3,full_cube_periodic,disconnected_fragments,组3:PAIR:r391:r474,组3,cylinder_contact,r391,r474,391,474,,组3_full_cube_periodic_P0319,组3_full_cube_periodic_P0051,,,0.0,2.448318953786431e-10,0.0,connected,gap<=1.8,capsule_then_flat_cylinder_gjk,0.0,4,True,8.889454746300438e-13,8.889454746300438e-13,True,,,,,,
C_thin_12_full_3,full_cube_periodic,disconnected_fragments,组3:PAIR:r391:r489,组3,cylinder_contact,r391,r489,391,489,,组3_full_cube_periodic_P0319,组3_full_cube_periodic_P0355,,,0.0,2.571838157237207e-10,0.0,connected,gap<=1.8,capsule_then_flat_cylinder_gjk,0.0,5,True,5.084229945850415e-13,5.084229945850415e-13,True,,,,,,
C_thin_12_full_3,full_cube_periodic,disconnected_fragments,组3:PAIR:r392:r393,组3,cylinder_contact,r392,r393,392,393,,组3_full_cube_periodic_P0320,组3_full_cube_periodic_P0295,,,0.0,3.473401692945573e-10,0.0,connected,gap<=1.8,capsule_then_flat_cylinder_gjk,0.0,5,True,1.2912342630898533e-12,1.2912342630898533e-12,True,,,,,,
C_thin_12_full_3,full_cube_periodic,disconnected_fragments,组3:PAIR:r396:r397,组3,cylinder_contact,r396,r397,396,397,,组3_full_cube_periodic_P0321,组3_full_cube_periodic_P0304,,,0.0,2.7920573375353393e-10,0.0,connected,gap<=1.8,capsule_then_flat_cylinder_gjk,0.0,6,True,2.604892696897332e-13,2.604892696897332e-13,True,,,,,,
C_thin_12_full_3,full_cube_periodic,disconnected_fragments,组3:PAIR:r408:r423,组3,cylinder_contact,r408,r423,408,423,,组3_full_cube_periodic_P0329,组3_full_cube_periodic_P0335,,,0.0,2.674226114355234e-10,0.0,connected,gap<=1.8,capsule_then_flat_cylinder_gjk,0.0,4,True,2.31335954426011e-13,2.31335954426011e-13,True,,,,,,
C_thin_12_full_3,full_cube_periodic,disconnected_fragments,组3:PAIR:r413:r448,组3,cylinder_contact,r413,r448,413,448,,组3_full_cube_periodic_P0331,组3_full_cube_periodic_P0343,,,0.0,2.607746526304305e-10,0.0,connected,gap<=1.8,capsule_then_flat_cylinder_gjk,0.0,4,True,4.263256414560601e-14,4.263256414560601e-14,True,,,,,,
C_thin_12_full_3,full_cube_periodic,disconnected_fragments,组3:PAIR:r429:r438,组3,cylinder_contact,r429,r438,429,438,,组3_full_cube_periodic_P0337,组3_full_cube_periodic_P0340,,,0.0,3.2259412377114166e-10,0.0,connected,gap<=1.8,capsule_then_flat_cylinder_gjk,0.0,4,True,5.684341886080802e-14,5.684341886080802e-14,True,,,,,,
C_thin_12_full_3,full_cube_periodic,disconnected_fragments,组3:PAIR:r430:r450,组3,cylinder_contact,r430,r450,430,450,,组3_full_cube_periodic_P0038,组3_full_cube_periodic_P0329,,,0.0,2.777935588946599e-10,0.0,connected,gap<=1.8,capsule_then_flat_cylinder_gjk,0.0,5,True,6.653351596650978e-13,6.653351596650978e-13,True,,,,,,
C_thin_12_full_3,full_cube_periodic,disconnected_fragments,组3:PAIR:r431:r501,组3,cylinder_contact,r431,r501,431,501,,组3_full_cube_periodic_P0058,组3_full_cube_periodic_P0059,,,0.0,2.535977347409275e-10,0.0,connected,gap<=1.8,capsule_then_flat_cylinder_gjk,0.0,4,True,3.642262423977992e-10,3.642262423977992e-10,True,,,,,,
C_thin_12_full_3,full_cube_periodic,disconnected_fragments,组3:PAIR:r439:r450,组3,cylinder_contact,r439,r450,439,450,,组3_full_cube_periodic_P0341,组3_full_cube_periodic_P0329,,,0.0,2.7832981863567434e-10,0.0,connected,gap<=1.8,capsule_then_flat_cylinder_gjk,0.0,5,True,1.1368683772161603e-13,1.1368683772161603e-13,True,,,,,,
C_thin_12_full_3,full_cube_periodic,disconnected_fragments,组3:PAIR:r448:r496,组3,cylinder_contact,r448,r496,448,496,,组3_full_cube_periodic_P0343,组3_full_cube_periodic_P0356,,,0.0,2.758813483855791e-10,0.0,connected,gap<=1.8,capsule_then_flat_cylinder_gjk,0.0,5,True,1.1607754604859869e-12,1.1607754604859869e-12,True,,,,,,
C_thin_12_full_3,full_cube_periodic,disconnected_fragments,组3:PAIR:r455:r489,组3,cylinder_contact,r455,r489,455,489,,组3_full_cube_periodic_P0346,组3_full_cube_periodic_P0355,,,0.0,2.5725536036779325e-10,0.0,connected,gap<=1.8,capsule_then_flat_cylinder_gjk,0.0,5,True,7.928841929790065e-13,7.928841929790065e-13,True,,,,,,
C_thin_12_full_3,full_cube_periodic,disconnected_fragments,组3:PAIR:r462:r511,组3,cylinder_contact,r462,r511,462,511,,组3_full_cube_periodic_P0348,组3_full_cube_periodic_P0032,,,0.0,3.0824811524761763e-10,0.0,connected,gap<=1.8,capsule_then_flat_cylinder_gjk,0.0,5,True,9.11269327268735e-13,9.11269327268735e-13,True,,,,,,
C_thin_12_full_3,full_cube_periodic,disconnected_fragments,组3:PAIR:r466:r526,组3,cylinder_contact,r466,r526,466,526,,组3_full_cube_periodic_P0027,组3_full_cube_periodic_P0011,,,0.0,3.1938065706352716e-10,0.0,connected,gap<=1.8,capsule_then_flat_cylinder_gjk,0.0,5,True,1.378672645345762e-12,1.378672645345762e-12,True,,,,,,
C_thin_12_full_3,full_cube_periodic,disconnected_fragments,组3:PAIR:r474:r485,组3,cylinder_contact,r474,r485,474,485,,组3_full_cube_periodic_P0051,组3_full_cube_periodic_P0353,,,0.0,2.8241144636983253e-10,0.0,connected,gap<=1.8,capsule_then_flat_cylinder_gjk,0.0,5,True,9.392074185745005e-13,9.392074185745005e-13,True,,,,,,
C_thin_12_full_3,full_cube_periodic,disconnected_fragments,组3:PAIR:r474:r489,组3,cylinder_contact,r474,r489,474,489,,组3_full_cube_periodic_P0051,组3_full_cube_periodic_P0355,,,0.0,2.5674789722667007e-10,0.0,connected,gap<=1.8,capsule_then_flat_cylinder_gjk,0.0,5,True,4.253771961400549e-13,4.253771961400549e-13,True,,,,,,
C_thin_12_full_3,full_cube_periodic,disconnected_fragments,组3:PAIR:r484:r531,组3,cylinder_contact,r484,r531,484,531,,组3_full_cube_periodic_P0035,组3_full_cube_periodic_P0031,,,0.0,2.88223443696985e-10,0.0,connected,gap<=1.8,capsule_then_flat_cylinder_gjk,0.0,7,True,1.1368683772161603e-13,1.1368683772161603e-13,True,,,,,,
C_thin_12_full_3,full_cube_periodic,disconnected_fragments,组3:PAIR:r485:r489,组3,cylinder_contact,r485,r489,485,489,,组3_full_cube_periodic_P0353,组3_full_cube_periodic_P0355,,,0.0,2.8370934167814443e-10,0.0,connected,gap<=1.8,capsule_then_flat_cylinder_gjk,0.0,5,True,2.2914314707516465e-13,2.2914314707516465e-13,True,,,,,,
C_thin_12_full_3,full_cube_periodic,disconnected_fragments,组3:PAIR:r495:r521,组3,cylinder_contact,r495,r521,495,521,,组3_full_cube_periodic_P0351,组3_full_cube_periodic_P0076,,,0.0,3.489508915914903e-10,0.0,connected,gap<=1.8,capsule_then_flat_cylinder_gjk,0.0,5,True,3.228085657724633e-13,3.228085657724633e-13,True,,,,,,
C_thin_12_full_3,thin_prism_periodic,connected_same_particle,组1:ELECTRODE:LEFT:r3,组1,electrode_contact,LEFT,r3,,3,left,LEFT,组1_thin_prism_periodic_P0001,,,0.0,0.0,0.0,connected,gap<=1.8,closed_form_cylinder_plane,,0,True,,,,,,,,,
C_thin_12_full_3,thin_prism_periodic,connected_same_particle,组1:ELECTRODE:LEFT:r4,组1,electrode_contact,LEFT,r4,,4,left,LEFT,组1_thin_prism_periodic_P0002,,,0.0,0.0,0.0,connected,gap<=1.8,closed_form_cylinder_plane,,0,True,,,,,,,,,
C_thin_12_full_3,thin_prism_periodic,connected_same_particle,组1:ELECTRODE:LEFT:r5,组1,electrode_contact,LEFT,r5,,5,left,LEFT,组1_thin_prism_periodic_P0003,,,0.0,0.0,0.0,connected,gap<=1.8,closed_form_cylinder_plane,,0,True,,,,,,,,,
C_thin_12_full_3,thin_prism_periodic,connected_same_particle,组1:ELECTRODE:RIGHT:r10,组1,electrode_contact,r10,RIGHT,10,,right,组1_thin_prism_periodic_P0007,RIGHT,,,0.0,0.0,0.0,connected,gap<=1.8,closed_form_cylinder_plane,,0,True,,,,,,,,,
C_thin_12_full_3,thin_prism_periodic,connected_same_particle,组1:ELECTRODE:RIGHT:r11,组1,electrode_contact,r11,RIGHT,11,,right,组1_thin_prism_periodic_P0003,RIGHT,,,0.0,0.0,0.0,connected,gap<=1.8,closed_form_cylinder_plane,,0,True,,,,,,,,,
C_thin_12_full_3,thin_prism_periodic,connected_same_particle,组1:ELECTRODE:RIGHT:r12,组1,electrode_contact,r12,RIGHT,12,,right,组1_thin_prism_periodic_P0002,RIGHT,,,0.0,0.0,0.0,connected,gap<=1.8,closed_form_cylinder_plane,,0,True,,,,,,,,,
C_thin_12_full_3,thin_prism_periodic,connected_same_particle,组1:ELECTRODE:RIGHT:r14,组1,electrode_contact,r14,RIGHT,14,,right,组1_thin_prism_periodic_P0001,RIGHT,,,0.0,0.0,0.0,connected,gap<=1.8,closed_form_cylinder_plane,,0,True,,,,,,,,,
C_thin_12_full_3,thin_prism_periodic,connected_same_particle,组1:PAIR:r3:r6,组1,cylinder_contact,r3,r6,3,6,,组1_thin_prism_periodic_P0001,组1_thin_prism_periodic_P0004,,,0.0,2.170009413277917e-10,0.0,connected,gap<=1.8,capsule_then_flat_cylinder_gjk,0.0,5,True,3.1776437161565096e-14,3.1776437161565096e-14,True,,,,,,
C_thin_12_full_3,thin_prism_periodic,connected_same_particle,组1:PAIR:r11:r12,组1,cylinder_contact,r11,r12,11,12,,组1_thin_prism_periodic_P0003,组1_thin_prism_periodic_P0002,,,0.0,2.0966613025182378e-10,0.0,connected,gap<=1.8,capsule_then_flat_cylinder_gjk,0.0,4,True,3.4107901638000697e-13,3.4107901638000697e-13,True,,,,,,
C_thin_12_full_3,thin_prism_periodic,connected_same_particle,组1:INTERNAL:thin_prism_periodic:j1,组1,same_particle_periodic_junction,r3,r14,3,14,,,,组1_thin_prism_periodic_P0001,cannot_reconstruct,,,,internal_assumption,not_applicable_same_particle,unique_periodic_endpoint_mapping,,,,,,,X,1,0,0,0.0,True
C_thin_12_full_3,thin_prism_periodic,connected_same_particle,组1:INTERNAL:thin_prism_periodic:j2,组1,same_particle_periodic_junction,r4,r12,4,12,,,,组1_thin_prism_periodic_P0002,unique,,,,internal_assumption,not_applicable_same_particle,unique_periodic_endpoint_mapping,,,,,,,X,1,0,0,0.0,True
C_thin_12_full_3,thin_prism_periodic,connected_same_particle,组1:INTERNAL:thin_prism_periodic:j3,组1,same_particle_periodic_junction,r5,r11,5,11,,,,组1_thin_prism_periodic_P0003,unique,,,,internal_assumption,not_applicable_same_particle,unique_periodic_endpoint_mapping,,,,,,,X,1,0,0,0.0,True
C_thin_12_full_3,thin_prism_periodic,connected_same_particle,组1:INTERNAL:thin_prism_periodic:j4,组1,same_particle_periodic_junction,r8,r9,8,9,,,,组1_thin_prism_periodic_P0006,unique,,,,internal_assumption,not_applicable_same_particle,unique_periodic_endpoint_mapping,,,,,,,Z,0,0,-1,0.0,True
C_thin_12_full_3,thin_prism_periodic,connected_same_particle,组1:INTERNAL:thin_prism_periodic:j5,组1,same_particle_periodic_junction,r13,r14,13,14,,,,组1_thin_prism_periodic_P0001,cannot_reconstruct,,,,internal_assumption,not_applicable_same_particle,unique_periodic_endpoint_mapping,,,,,,,Z,0,0,-1,0.0,True
C_thin_12_full_3,thin_prism_periodic,connected_same_particle,组2:ELECTRODE:LEFT:r3,组2,electrode_contact,LEFT,r3,,3,left,LEFT,组2_thin_prism_periodic_P0001,,,0.0,0.0,0.0,connected,gap<=1.8,closed_form_cylinder_plane,,0,True,,,,,,,,,
C_thin_12_full_3,thin_prism_periodic,connected_same_particle,组2:ELECTRODE:LEFT:r4,组2,electrode_contact,LEFT,r4,,4,left,LEFT,组2_thin_prism_periodic_P0002,,,0.0,0.0,0.0,connected,gap<=1.8,closed_form_cylinder_plane,,0,True,,,,,,,,,
C_thin_12_full_3,thin_prism_periodic,connected_same_particle,组2:ELECTRODE:LEFT:r5,组2,electrode_contact,LEFT,r5,,5,left,LEFT,组2_thin_prism_periodic_P0003,,,0.0,0.0,0.0,connected,gap<=1.8,closed_form_cylinder_plane,,0,True,,,,,,,,,
C_thin_12_full_3,thin_prism_periodic,connected_same_particle,组2:ELECTRODE:LEFT:r6,组2,electrode_contact,LEFT,r6,,6,left,LEFT,组2_thin_prism_periodic_P0004,,,0.0,0.0,0.0,connected,gap<=1.8,closed_form_cylinder_plane,,0,True,,,,,,,,,
C_thin_12_full_3,thin_prism_periodic,connected_same_particle,组2:ELECTRODE:LEFT:r7,组2,electrode_contact,LEFT,r7,,7,left,LEFT,组2_thin_prism_periodic_P0005,,,0.0,0.0,0.0,connected,gap<=1.8,closed_form_cylinder_plane,,0,True,,,,,,,,,
C_thin_12_full_3,thin_prism_periodic,connected_same_particle,组2:ELECTRODE:LEFT:r8,组2,electrode_contact,LEFT,r8,,8,left,LEFT,组2_thin_prism_periodic_P0006,,,0.0,0.0,0.0,connected,gap<=1.8,closed_form_cylinder_plane,,0,True,,,,,,,,,
C_thin_12_full_3,thin_prism_periodic,connected_same_particle,组2:ELECTRODE:LEFT:r9,组2,electrode_contact,LEFT,r9,,9,left,LEFT,组2_thin_prism_periodic_P0007,,,0.0,0.0,0.0,connected,gap<=1.8,closed_form_cylinder_plane,,0,True,,,,,,,,,
C_thin_12_full_3,thin_prism_periodic,connected_same_particle,组2:ELECTRODE:LEFT:r10,组2,electrode_contact,LEFT,r10,,10,left,LEFT,组2_thin_prism_periodic_P0008,,,0.0,0.0,0.0,connected,gap<=1.8,closed_form_cylinder_plane,,0,True,,,,,,,,,
C_thin_12_full_3,thin_prism_periodic,connected_same_particle,组2:ELECTRODE:LEFT:r11,组2,electrode_contact,LEFT,r11,,11,left,LEFT,组2_thin_prism_periodic_P0009,,,0.0,0.0,0.0,connected,gap<=1.8,closed_form_cylinder_plane,,0,True,,,,,,,,,
C_thin_12_full_3,thin_prism_periodic,connected_same_particle,组2:ELECTRODE:LEFT:r12,组2,electrode_contact,LEFT,r12,,12,left,LEFT,组2_thin_prism_periodic_P0010,,,0.0,0.0,0.0,connected,gap<=1.8,closed_form_cylinder_plane,,0,True,,,,,,,,,
C_thin_12_full_3,thin_prism_periodic,connected_same_particle,组2:ELECTRODE:LEFT:r13,组2,electrode_contact,LEFT,r13,,13,left,LEFT,组2_thin_prism_periodic_P0011,,,0.0,0.0,0.0,connected,gap<=1.8,closed_form_cylinder_plane,,0,True,,,,,,,,,
C_thin_12_full_3,thin_prism_periodic,connected_same_particle,组2:ELECTRODE:RIGHT:r36,组2,electrode_contact,r36,RIGHT,36,,right,组2_thin_prism_periodic_P0028,RIGHT,,,0.0,0.0,0.0,connected,gap<=1.8,closed_form_cylinder_plane,,0,True,,,,,,,,,
C_thin_12_full_3,thin_prism_periodic,connected_same_particle,组2:ELECTRODE:RIGHT:r40,组2,electrode_contact,r40,RIGHT,40,,right,组2_thin_prism_periodic_P0007,RIGHT,,,0.0,0.0,0.0,connected,gap<=1.8,closed_form_cylinder_plane,,0,True,,,,,,,,,
C_thin_12_full_3,thin_prism_periodic,connected_same_particle,组2:ELECTRODE:RIGHT:r41,组2,electrode_contact,r41,RIGHT,41,,right,组2_thin_prism_periodic_P0010,RIGHT,,,0.0,0.0,0.0,connected,gap<=1.8,closed_form_cylinder_plane,,0,True,,,,,,,,,
C_thin_12_full_3,thin_prism_periodic,connected_same_particle,组2:ELECTRODE:RIGHT:r44,组2,electrode_contact,r44,RIGHT,44,,right,组2_thin_prism_periodic_P0006,RIGHT,,,0.0,0.0,0.0,connected,gap<=1.8,closed_form_cylinder_plane,,0,True,,,,,,,,,
C_thin_12_full_3,thin_prism_periodic,connected_same_particle,组2:ELECTRODE:RIGHT:r45,组2,electrode_contact,r45,RIGHT,45,,right,组2_thin_prism_periodic_P0003,RIGHT,,,0.0,0.0,0.0,connected,gap<=1.8,closed_form_cylinder_plane,,0,True,,,,,,,,,
C_thin_12_full_3,thin_prism_periodic,connected_same_particle,组2:ELECTRODE:RIGHT:r46,组2,electrode_contact,r46,RIGHT,46,,right,组2_thin_prism_periodic_P0011,RIGHT,,,0.0,0.0,0.0,connected,gap<=1.8,closed_form_cylinder_plane,,0,True,,,,,,,,,
C_thin_12_full_3,thin_prism_periodic,connected_same_particle,组2:ELECTRODE:RIGHT:r47,组2,electrode_contact,r47,RIGHT,47,,right,组2_thin_prism_periodic_P0004,RIGHT,,,0.0,0.0,0.0,connected,gap<=1.8,closed_form_cylinder_plane,,0,True,,,,,,,,,
C_thin_12_full_3,thin_prism_periodic,connected_same_particle,组2:ELECTRODE:RIGHT:r48,组2,electrode_contact,r48,RIGHT,48,,right,组2_thin_prism_periodic_P0005,RIGHT,,,0.0,0.0,0.0,connected,gap<=1.8,closed_form_cylinder_plane,,0,True,,,,,,,,,
C_thin_12_full_3,thin_prism_periodic,connected_same_particle,组2:ELECTRODE:RIGHT:r49,组2,electrode_contact,r49,RIGHT,49,,right,组2_thin_prism_periodic_P0001,RIGHT,,,0.0,0.0,0.0,connected,gap<=1.8,closed_form_cylinder_plane,,0,True,,,,,,,,,
C_thin_12_full_3,thin_prism_periodic,connected_same_particle,组2:ELECTRODE:RIGHT:r50,组2,electrode_contact,r50,RIGHT,50,,right,组2_thin_prism_periodic_P0009,RIGHT,,,0.0,0.0,0.0,connected,gap<=1.8,closed_form_cylinder_plane,,0,True,,,,,,,,,
C_thin_12_full_3,thin_prism_periodic,connected_same_particle,组2:ELECTRODE:RIGHT:r51,组2,electrode_contact,r51,RIGHT,51,,right,组2_thin_prism_periodic_P0002,RIGHT,,,0.0,0.0,0.0,connected,gap<=1.8,closed_form_cylinder_plane,,0,True,,,,,,,,,
C_thin_12_full_3,thin_prism_periodic,connected_same_particle,组2:PAIR:r4:r13,组2,cylinder_contact,r4,r13,4,13,,组2_thin_prism_periodic_P0002,组2_thin_prism_periodic_P0011,,,0.0,1.9903950043506905e-10,0.0,connected,gap<=1.8,capsule_then_flat_cylinder_gjk,0.0,5,True,2.308990589380062e-13,2.308990589380062e-13,True,,,,,,
C_thin_12_full_3,thin_prism_periodic,connected_same_particle,组2:PAIR:r4:r14,组2,cylinder_contact,r4,r14,4,14,,组2_thin_prism_periodic_P0002,组2_thin_prism_periodic_P0012,,,0.0,1.6746695940092656e-10,0.0,connected,gap<=1.8,capsule_then_flat_cylinder_gjk,0.0,6,True,5.453474041662791e-10,5.453474041662791e-10,True,,,,,,
C_thin_12_full_3,thin_prism_periodic,connected_same_particle,组2:PAIR:r5:r8,组2,cylinder_contact,r5,r8,5,8,,组2_thin_prism_periodic_P0003,组2_thin_prism_periodic_P0006,,,0.0,2.330633945603017e-10,0.0,connected,gap<=1.8,capsule_then_flat_cylinder_gjk,0.0,4,True,1.1588601317882371e-13,1.1588601317882371e-13,True,,,,,,
C_thin_12_full_3,thin_prism_periodic,connected_same_particle,组2:PAIR:r5:r18,组2,cylinder_contact,r5,r18,5,18,,组2_thin_prism_periodic_P0003,组2_thin_prism_periodic_P0015,,,0.0,2.3804978668550276e-10,0.0,connected,gap<=1.8,capsule_then_flat_cylinder_gjk,0.0,5,True,9.099386826154683e-13,9.099386826154683e-13,True,,,,,,
C_thin_12_full_3,thin_prism_periodic,connected_same_particle,组2:PAIR:r6:r7,组2,cylinder_contact,r6,r7,6,7,,组2_thin_prism_periodic_P0004,组2_thin_prism_periodic_P0005,,,0.0,2.0068569593554382e-10,0.0,connected,gap<=1.8,capsule_then_flat_cylinder_gjk,0.0,5,True,2.2914314707516465e-13,2.2914314707516465e-13,True,,,,,,
C_thin_12_full_3,thin_prism_periodic,connected_same_particle,组2:PAIR:r13:r14,组2,cylinder_contact,r13,r14,13,14,,组2_thin_prism_periodic_P0011,组2_thin_prism_periodic_P0012,,,0.0,1.985972445629906e-10,0.0,connected,gap<=1.8,capsule_then_flat_cylinder_gjk,0.0,4,True,1.2789769243681803e-12,1.2789769243681803e-12,True,,,,,,
C_thin_12_full_3,thin_prism_periodic,connected_same_particle,组2:PAIR:r14:r26,组2,cylinder_contact,r14,r26,14,26,,组2_thin_prism_periodic_P0012,组2_thin_prism_periodic_P0021,,,0.0,1.4410931306146347e-10,0.0,connected,gap<=1.8,capsule_then_flat_cylinder_gjk,0.0,4,True,5.123796534383003e-14,5.123796534383003e-14,True,,,,,,
C_thin_12_full_3,thin_prism_periodic,connected_same_particle,组2:PAIR:r16:r17,组2,cylinder_contact,r16,r17,16,17,,组2_thin_prism_periodic_P0014,组2_thin_prism_periodic_P0008,,,0.0,1.4325883993482166e-10,0.0,connected,gap<=1.8,capsule_then_flat_cylinder_gjk,0.0,5,True,4.556346636343676e-13,4.556346636343676e-13,True,,,,,,
C_thin_12_full_3,thin_prism_periodic,connected_same_particle,组2:PAIR:r16:r19,组2,cylinder_contact,r16,r19,16,19,,组2_thin_prism_periodic_P0014,组2_thin_prism_periodic_P0001,,,0.0,1.7265948717538152e-10,0.0,connected,gap<=1.8,capsule_then_flat_cylinder_gjk,0.0,7,True,4.565202517656249e-13,4.565202517656249e-13,True,,,,,,
C_thin_12_full_3,thin_prism_periodic,connected_same_particle,组2:PAIR:r16:r36,组2,cylinder_contact,r16,r36,16,36,,组2_thin_prism_periodic_P0014,组2_thin_prism_periodic_P0028,,,0.0,1.465584092043925e-10,0.0,connected,gap<=1.8,capsule_then_flat_cylinder_gjk,0.0,5,True,9.094947017729282e-13,9.094947017729282e-13,True,,,,,,
C_thin_12_full_3,thin_prism_periodic,connected_same_particle,组2:PAIR:r20:r32,组2,cylinder_contact,r20,r32,20,32,,组2_thin_prism_periodic_P0016,组2_thin_prism_periodic_P0013,,,0.0,1.4230730689125853e-10,0.0,connected,gap<=1.8,capsule_then_flat_cylinder_gjk,0.0,6,True,6.511650267020756e-13,6.511650267020756e-13,True,,,,,,
C_thin_12_full_3,thin_prism_periodic,connected_same_particle,组2:PAIR:r21:r23,组2,cylinder_contact,r21,r23,21,23,,组2_thin_prism_periodic_P0017,组2_thin_prism_periodic_P0018,,,0.0,1.4235358045374003e-10,0.0,connected,gap<=1.8,capsule_then_flat_cylinder_gjk,0.0,5,True,1.2445774151355083e-11,1.2445774151355083e-11,True,,,,,,
C_thin_12_full_3,thin_prism_periodic,connected_same_particle,组2:PAIR:r25:r31,组2,cylinder_contact,r25,r31,25,31,,组2_thin_prism_periodic_P0020,组2_thin_prism_periodic_P0024,,,0.0,1.4280326400349035e-10,0.0,connected,gap<=1.8,capsule_then_flat_cylinder_gjk,0.0,5,True,1.4210854715202004e-14,1.4210854715202004e-14,True,,,,,,
C_thin_12_full_3,thin_prism_periodic,connected_same_particle,组2:PAIR:r25:r32,组2,cylinder_contact,r25,r32,25,32,,组2_thin_prism_periodic_P0020,组2_thin_prism_periodic_P0013,,,0.0,9.947931235031256e-11,0.0,connected,gap<=1.8,capsule_then_flat_cylinder_gjk,0.0,6,True,1.5208828249434925e-11,1.5208828249434925e-11,True,,,,,,
C_thin_12_full_3,thin_prism_periodic,connected_same_particle,组2:PAIR:r25:r37,组2,cylinder_contact,r25,r37,25,37,,组2_thin_prism_periodic_P0020,组2_thin_prism_periodic_P0017,,,0.0,9.904567094827735e-11,0.0,connected,gap<=1.8,capsule_then_flat_cylinder_gjk,0.0,5,True,5.239944532003689e-10,5.239944532003689e-10,True,,,,,,
C_thin_12_full_3,thin_prism_periodic,connected_same_particle,组2:PAIR:r26:r41,组2,cylinder_contact,r26,r41,26,41,,组2_thin_prism_periodic_P0021,组2_thin_prism_periodic_P0010,,,0.0,1.9722499377516499e-10,0.0,connected,gap<=1.8,capsule_then_flat_cylinder_gjk,0.0,5,True,1.0064104835181445e-11,1.0064104835181445e-11,True,,,,,,
C_thin_12_full_3,thin_prism_periodic,connected_same_particle,组2:PAIR:r28:r35,组2,cylinder_contact,r28,r35,28,35,,组2_thin_prism_periodic_P0023,组2_thin_prism_periodic_P0027,,,0.0,1.432574219475372e-10,0.0,connected,gap<=1.8,capsule_then_flat_cylinder_gjk,0.0,4,True,6.821210263296962e-13,6.821210263296962e-13,True,,,,,,
C_thin_12_full_3,thin_prism_periodic,connected_same_particle,组2:PAIR:r28:r38,组2,cylinder_contact,r28,r38,28,38,,组2_thin_prism_periodic_P0023,组2_thin_prism_periodic_P0026,,,0.0,1.4952253745703913e-10,0.0,connected,gap<=1.8,capsule_then_flat_cylinder_gjk,0.0,5,True,4.591976915943464e-13,4.591976915943464e-13,True,,,,,,
C_thin_12_full_3,thin_prism_periodic,connected_same_particle,组2:PAIR:r29:r40,组2,cylinder_contact,r29,r40,29,40,,组2_thin_prism_periodic_P0019,组2_thin_prism_periodic_P0007,,,0.0,1.8744045431155152e-10,0.0,connected,gap<=1.8,capsule_then_flat_cylinder_gjk,0.0,5,True,2.2772866968819164e-12,2.2772866968819164e-12,True,,,,,,
C_thin_12_full_3,thin_prism_periodic,connected_same_particle,组2:PAIR:r35:r36,组2,cylinder_contact,r35,r36,35,36,,组2_thin_prism_periodic_P0027,组2_thin_prism_periodic_P0028,,,0.0,1.465569929785847e-10,0.0,connected,gap<=1.8,capsule_then_flat_cylinder_gjk,0.0,4,True,3.4883596115620364e-13,3.4883596115620364e-13,True,,,,,,
C_thin_12_full_3,thin_prism_periodic,connected_same_particle,组2:PAIR:r35:r40,组2,cylinder_contact,r35,r40,35,40,,组2_thin_prism_periodic_P0027,组2_thin_prism_periodic_P0007,,,0.0,1.8789581188243867e-10,0.0,connected,gap<=1.8,capsule_then_flat_cylinder_gjk,0.0,5,True,2.4116620165382783e-13,2.4116620165382783e-13,True,,,,,,
C_thin_12_full_3,thin_prism_periodic,connected_same_particle,组2:PAIR:r36:r38,组2,cylinder_contact,r36,r38,36,38,,组2_thin_prism_periodic_P0028,组2_thin_prism_periodic_P0026,,,0.0,1.4861302138440174e-10,0.0,connected,gap<=1.8,capsule_then_flat_cylinder_gjk,0.0,5,True,1.1457157353758233e-13,1.1457157353758233e-13,True,,,,,,
C_thin_12_full_3,thin_prism_periodic,connected_same_particle,组2:PAIR:r36:r45,组2,cylinder_contact,r36,r45,36,45,,组2_thin_prism_periodic_P0028,组2_thin_prism_periodic_P0003,,,0.0,2.2365437269505664e-10,0.0,connected,gap<=1.8,capsule_then_flat_cylinder_gjk,0.0,6,True,1.8225386545374702e-12,1.8225386545374702e-12,True,,,,,,
C_thin_12_full_3,thin_prism_periodic,connected_same_particle,组2:PAIR:r42:r43,组2,cylinder_contact,r42,r43,42,43,,组2_thin_prism_periodic_P0003,组2_thin_prism_periodic_P0001,,,0.0,1.8988458294165568e-10,0.0,connected,gap<=1.8,capsule_then_flat_cylinder_gjk,0.0,5,True,4.81737533526774e-10,4.81737533526774e-10,True,,,,,,
C_thin_12_full_3,thin_prism_periodic,connected_same_particle,组2:PAIR:r43:r46,组2,cylinder_contact,r43,r46,43,46,,组2_thin_prism_periodic_P0001,组2_thin_prism_periodic_P0011,,,0.0,2.3017602272136758e-10,0.0,connected,gap<=1.8,capsule_then_flat_cylinder_gjk,0.0,5,True,1.180442248897588e-13,1.180442248897588e-13,True,,,,,,
C_thin_12_full_3,thin_prism_periodic,connected_same_particle,组2:PAIR:r46:r50,组2,cylinder_contact,r46,r50,46,50,,组2_thin_prism_periodic_P0011,组2_thin_prism_periodic_P0009,,,0.0,2.564586093539256e-10,0.0,connected,gap<=1.8,capsule_then_flat_cylinder_gjk,0.0,4,True,2.929642751054232e-14,2.929642751054232e-14,True,,,,,,
C_thin_12_full_3,thin_prism_periodic,connected_same_particle,组2:PAIR:r47:r48,组2,cylinder_contact,r47,r48,47,48,,组2_thin_prism_periodic_P0004,组2_thin_prism_periodic_P0005,,,0.0,2.3037343521226605e-10,0.0,connected,gap<=1.8,capsule_then_flat_cylinder_gjk,0.0,5,True,1.0537414738097338e-07,1.0537414738097338e-07,True,,,,,,
C_thin_12_full_3,thin_prism_periodic,connected_same_particle,组2:INTERNAL:thin_prism_periodic:j1,组2,same_particle_periodic_junction,r3,r49,3,49,,,,组2_thin_prism_periodic_P0001,unique,,,,internal_assumption,not_applicable_same_particle,unique_periodic_endpoint_mapping,,,,,,,X,1,0,0,0.0,True
C_thin_12_full_3,thin_prism_periodic,connected_same_particle,组2:INTERNAL:thin_prism_periodic:j2,组2,same_particle_periodic_junction,r3,r19,3,19,,,,组2_thin_prism_periodic_P0001,unique,,,,internal_assumption,not_applicable_same_particle,unique_periodic_endpoint_mapping,,,,,,,Z,0,0,1,0.0,True
C_thin_12_full_3,thin_prism_periodic,connected_same_particle,组2:INTERNAL:thin_prism_periodic:j3,组2,same_particle_periodic_junction,r4,r51,4,51,,,,组2_thin_prism_periodic_P0002,cannot_reconstruct,,,,internal_assumption,not_applicable_same_particle,unique_periodic_endpoint_mapping,,,,,,,X,1,0,0,0.0,True
C_thin_12_full_3,thin_prism_periodic,connected_same_particle,组2:INTERNAL:thin_prism_periodic:j4,组2,same_particle_periodic_junction,r5,r45,5,45,,,,组2_thin_prism_periodic_P0003,unique,,,,internal_assumption,not_applicable_same_particle,unique_periodic_endpoint_mapping,,,,,,,X,1,0,0,0.0,True
C_thin_12_full_3,thin_prism_periodic,connected_same_particle,组2:INTERNAL:thin_prism_periodic:j5,组2,same_particle_periodic_junction,r6,r47,6,47,,,,组2_thin_prism_periodic_P0004,unique,,,,internal_assumption,not_applicable_same_particle,unique_periodic_endpoint_mapping,,,,,,,X,1,0,0,0.0,True
C_thin_12_full_3,thin_prism_periodic,connected_same_particle,组2:INTERNAL:thin_prism_periodic:j6,组2,same_particle_periodic_junction,r7,r48,7,48,,,,组2_thin_prism_periodic_P0005,cannot_reconstruct,,,,internal_assumption,not_applicable_same_particle,unique_periodic_endpoint_mapping,,,,,,,X,1,0,0,0.0,True
C_thin_12_full_3,thin_prism_periodic,connected_same_particle,组2:INTERNAL:thin_prism_periodic:j7,组2,same_particle_periodic_junction,r8,r44,8,44,,,,组2_thin_prism_periodic_P0006,unique,,,,internal_assumption,not_applicable_same_particle,unique_periodic_endpoint_mapping,,,,,,,X,1,0,0,0.0,True
C_thin_12_full_3,thin_prism_periodic,connected_same_particle,组2:INTERNAL:thin_prism_periodic:j8,组2,same_particle_periodic_junction,r9,r40,9,40,,,,组2_thin_prism_periodic_P0007,unique,,,,internal_assumption,not_applicable_same_particle,unique_periodic_endpoint_mapping,,,,,,,X,1,0,0,0.0,True
C_thin_12_full_3,thin_prism_periodic,connected_same_particle,组2:INTERNAL:thin_prism_periodic:j9,组2,same_particle_periodic_junction,r10,r17,10,17,,,,组2_thin_prism_periodic_P0008,cannot_reconstruct,,,,internal_assumption,not_applicable_same_particle,unique_periodic_endpoint_mapping,,,,,,,Z,0,0,1,0.0,True
C_thin_12_full_3,thin_prism_periodic,connected_same_particle,组2:INTERNAL:thin_prism_periodic:j10,组2,same_particle_periodic_junction,r11,r50,11,50,,,,组2_thin_prism_periodic_P0009,unique,,,,internal_assumption,not_applicable_same_particle,unique_periodic_endpoint_mapping,,,,,,,X,1,0,0,0.0,True
C_thin_12_full_3,thin_prism_periodic,connected_same_particle,组2:INTERNAL:thin_prism_periodic:j11,组2,same_particle_periodic_junction,r11,r22,11,22,,,,组2_thin_prism_periodic_P0009,unique,,,,internal_assumption,not_applicable_same_particle,unique_periodic_endpoint_mapping,,,,,,,Z,0,0,1,0.0,True
C_thin_12_full_3,thin_prism_periodic,connected_same_particle,组2:INTERNAL:thin_prism_periodic:j12,组2,same_particle_periodic_junction,r12,r41,12,41,,,,组2_thin_prism_periodic_P0010,unique,,,,internal_assumption,not_applicable_same_particle,unique_periodic_endpoint_mapping,,,,,,,X,1,0,0,0.0,True
C_thin_12_full_3,thin_prism_periodic,connected_same_particle,组2:INTERNAL:thin_prism_periodic:j13,组2,same_particle_periodic_junction,r13,r46,13,46,,,,组2_thin_prism_periodic_P0011,unique,,,,internal_assumption,not_applicable_same_particle,unique_periodic_endpoint_mapping,,,,,,,X,1,0,0,0.0,True
C_thin_12_full_3,thin_prism_periodic,connected_same_particle,组2:INTERNAL:thin_prism_periodic:j14,组2,same_particle_periodic_junction,r15,r30,15,30,,,,组2_thin_prism_periodic_P0013,unique,,,,internal_assumption,not_applicable_same_particle,unique_periodic_endpoint_mapping,,,,,,,Y,0,-1,0,0.0,True
C_thin_12_full_3,thin_prism_periodic,connected_same_particle,组2:INTERNAL:thin_prism_periodic:j15,组2,same_particle_periodic_junction,r21,r37,21,37,,,,组2_thin_prism_periodic_P0017,unique,,,,internal_assumption,not_applicable_same_particle,unique_periodic_endpoint_mapping,,,,,,,Y,0,-1,0,0.0,True
C_thin_12_full_3,thin_prism_periodic,connected_same_particle,组2:INTERNAL:thin_prism_periodic:j16,组2,same_particle_periodic_junction,r24,r29,24,29,,,,组2_thin_prism_periodic_P0019,unique,,,,internal_assumption,not_applicable_same_particle,unique_periodic_endpoint_mapping,,,,,,,Z,0,0,-1,0.0,True
C_thin_12_full_3,thin_prism_periodic,connected_same_particle,组2:INTERNAL:thin_prism_periodic:j17,组2,same_particle_periodic_junction,r25,r39,25,39,,,,组2_thin_prism_periodic_P0020,unique,,,,internal_assumption,not_applicable_same_particle,unique_periodic_endpoint_mapping,,,,,,,Y,0,1,0,0.0,True
C_thin_12_full_3,thin_prism_periodic,connected_same_particle,组2:INTERNAL:thin_prism_periodic:j18,组2,same_particle_periodic_junction,r30,r32,30,32,,,,组2_thin_prism_periodic_P0013,unique,,,,internal_assumption,not_applicable_same_particle,unique_periodic_endpoint_mapping,,,,,,,Z,0,0,-1,0.0,True
C_thin_12_full_3,thin_prism_periodic,connected_same_particle,组2:INTERNAL:thin_prism_periodic:j19,组2,same_particle_periodic_junction,r34,r38,34,38,,,,组2_thin_prism_periodic_P0026,unique,,,,internal_assumption,not_applicable_same_particle,unique_periodic_endpoint_mapping,,,,,,,Y,0,-1,0,0.0,True
C_thin_12_full_3,thin_prism_periodic,connected_same_particle,组2:INTERNAL:thin_prism_periodic:j20,组2,same_particle_periodic_junction,r42,r45,42,45,,,,组2_thin_prism_periodic_P0003,unique,,,,internal_assumption,not_applicable_same_particle,unique_periodic_endpoint_mapping,,,,,,,Y,0,-1,0,0.0,True
C_thin_12_full_3,thin_prism_periodic,connected_same_particle,组2:INTERNAL:thin_prism_periodic:j21,组2,same_particle_periodic_junction,r43,r49,43,49,,,,组2_thin_prism_periodic_P0001,unique,,,,internal_assumption,not_applicable_same_particle,unique_periodic_endpoint_mapping,,,,,,,Y,0,-1,0,0.0,True
C_thin_12_full_3,full_cube_periodic,connected_same_particle,组3:ELECTRODE:LEFT:r3,组3,electrode_contact,LEFT,r3,,3,left,LEFT,组3_full_cube_periodic_P0001,,,0.0,0.0,0.0,connected,gap<=1.8,closed_form_cylinder_plane,,0,True,,,,,,,,,
C_thin_12_full_3,full_cube_periodic,connected_same_particle,组3:ELECTRODE:LEFT:r4,组3,electrode_contact,LEFT,r4,,4,left,LEFT,组3_full_cube_periodic_P0002,,,0.0,0.0,0.0,connected,gap<=1.8,closed_form_cylinder_plane,,0,True,,,,,,,,,
C_thin_12_full_3,full_cube_periodic,connected_same_particle,组3:ELECTRODE:LEFT:r5,组3,electrode_contact,LEFT,r5,,5,left,LEFT,组3_full_cube_periodic_P0003,,,0.0,0.0,0.0,connected,gap<=1.8,closed_form_cylinder_plane,,0,True,,,,,,,,,
C_thin_12_full_3,full_cube_periodic,connected_same_particle,组3:ELECTRODE:LEFT:r6,组3,electrode_contact,LEFT,r6,,6,left,LEFT,组3_full_cube_periodic_P0004,,,0.0,0.0,0.0,connected,gap<=1.8,closed_form_cylinder_plane,,0,True,,,,,,,,,
C_thin_12_full_3,full_cube_periodic,connected_same_particle,组3:ELECTRODE:LEFT:r7,组3,electrode_contact,LEFT,r7,,7,left,LEFT,组3_full_cube_periodic_P0005,,,0.0,0.0,0.0,connected,gap<=1.8,closed_form_cylinder_plane,,0,True,,,,,,,,,
C_thin_12_full_3,full_cube_periodic,connected_same_particle,组3:ELECTRODE:LEFT:r8,组3,electrode_contact,LEFT,r8,,8,left,LEFT,组3_full_cube_periodic_P0006,,,0.0,0.0,0.0,connected,gap<=1.8,closed_form_cylinder_plane,,0,True,,,,,,,,,
C_thin_12_full_3,full_cube_periodic,connected_same_particle,组3:ELECTRODE:LEFT:r9,组3,electrode_contact,LEFT,r9,,9,left,LEFT,组3_full_cube_periodic_P0007,,,0.0,0.0,0.0,connected,gap<=1.8,closed_form_cylinder_plane,,0,True,,,,,,,,,
C_thin_12_full_3,full_cube_periodic,connected_same_particle,组3:ELECTRODE:LEFT:r10,组3,electrode_contact,LEFT,r10,,10,left,LEFT,组3_full_cube_periodic_P0008,,,0.0,0.0,0.0,connected,gap<=1.8,closed_form_cylinder_plane,,0,True,,,,,,,,,
C_thin_12_full_3,full_cube_periodic,connected_same_particle,组3:ELECTRODE:LEFT:r11,组3,electrode_contact,LEFT,r11,,11,left,LEFT,组3_full_cube_periodic_P0009,,,0.0,0.0,0.0,connected,gap<=1.8,closed_form_cylinder_plane,,0,True,,,,,,,,,
C_thin_12_full_3,full_cube_periodic,connected_same_particle,组3:ELECTRODE:LEFT:r12,组3,electrode_contact,LEFT,r12,,12,left,LEFT,组3_full_cube_periodic_P0010,,,0.0,0.0,0.0,connected,gap<=1.8,closed_form_cylinder_plane,,0,True,,,,,,,,,
C_thin_12_full_3,full_cube_periodic,connected_same_particle,组3:ELECTRODE:LEFT:r13,组3,electrode_contact,LEFT,r13,,13,left,LEFT,组3_full_cube_periodic_P0011,,,0.0,0.0,0.0,connected,gap<=1.8,closed_form_cylinder_plane,,0,True,,,,,,,,,
C_thin_12_full_3,full_cube_periodic,connected_same_particle,组3:ELECTRODE:LEFT:r14,组3,electrode_contact,LEFT,r14,,14,left,LEFT,组3_full_cube_periodic_P0012,,,0.0,0.0,0.0,connected,gap<=1.8,closed_form_cylinder_plane,,0,True,,,,,,,,,
C_thin_12_full_3,full_cube_periodic,connected_same_particle,组3:ELECTRODE:LEFT:r15,组3,electrode_contact,LEFT,r15,,15,left,LEFT,组3_full_cube_periodic_P0013,,,0.0,0.0,0.0,connected,gap<=1.8,closed_form_cylinder_plane,,0,True,,,,,,,,,
C_thin_12_full_3,full_cube_periodic,connected_same_particle,组3:ELECTRODE:LEFT:r16,组3,electrode_contact,LEFT,r16,,16,left,LEFT,组3_full_cube_periodic_P0014,,,0.0,0.0,0.0,connected,gap<=1.8,closed_form_cylinder_plane,,0,True,,,,,,,,,
C_thin_12_full_3,full_cube_periodic,connected_same_particle,组3:ELECTRODE:LEFT:r17,组3,electrode_contact,LEFT,r17,,17,left,LEFT,组3_full_cube_periodic_P0015,,,0.0,0.0,0.0,connected,gap<=1.8,closed_form_cylinder_plane,,0,True,,,,,,,,,
C_thin_12_full_3,full_cube_periodic,connected_same_particle,组3:ELECTRODE:LEFT:r18,组3,electrode_contact,LEFT,r18,,18,left,LEFT,组3_full_cube_periodic_P0016,,,0.0,0.0,0.0,connected,gap<=1.8,closed_form_cylinder_plane,,0,True,,,,,,,,,
C_thin_12_full_3,full_cube_periodic,connected_same_particle,组3:ELECTRODE:LEFT:r19,组3,electrode_contact,LEFT,r19,,19,left,LEFT,组3_full_cube_periodic_P0017,,,0.0,0.0,0.0,connected,gap<=1.8,closed_form_cylinder_plane,,0,True,,,,,,,,,
C_thin_12_full_3,full_cube_periodic,connected_same_particle,组3:ELECTRODE:LEFT:r20,组3,electrode_contact,LEFT,r20,,20,left,LEFT,组3_full_cube_periodic_P0018,,,0.0,0.0,0.0,connected,gap<=1.8,closed_form_cylinder_plane,,0,True,,,,,,,,,
C_thin_12_full_3,full_cube_periodic,connected_same_particle,组3:ELECTRODE:LEFT:r21,组3,electrode_contact,LEFT,r21,,21,left,LEFT,组3_full_cube_periodic_P0019,,,0.0,0.0,0.0,connected,gap<=1.8,closed_form_cylinder_plane,,0,True,,,,,,,,,
C_thin_12_full_3,full_cube_periodic,connected_same_particle,组3:ELECTRODE:LEFT:r22,组3,electrode_contact,LEFT,r22,,22,left,LEFT,组3_full_cube_periodic_P0020,,,0.0,0.0,0.0,connected,gap<=1.8,closed_form_cylinder_plane,,0,True,,,,,,,,,
C_thin_12_full_3,full_cube_periodic,connected_same_particle,组3:ELECTRODE:LEFT:r23,组3,electrode_contact,LEFT,r23,,23,left,LEFT,组3_full_cube_periodic_P0021,,,0.0,0.0,0.0,connected,gap<=1.8,closed_form_cylinder_plane,,0,True,,,,,,,,,
C_thin_12_full_3,full_cube_periodic,connected_same_particle,组3:ELECTRODE:LEFT:r24,组3,electrode_contact,LEFT,r24,,24,left,LEFT,组3_full_cube_periodic_P0022,,,0.0,0.0,0.0,connected,gap<=1.8,closed_form_cylinder_plane,,0,True,,,,,,,,,
C_thin_12_full_3,full_cube_periodic,connected_same_particle,组3:ELECTRODE:LEFT:r25,组3,electrode_contact,LEFT,r25,,25,left,LEFT,组3_full_cube_periodic_P0023,,,0.0,0.0,0.0,connected,gap<=1.8,closed_form_cylinder_plane,,0,True,,,,,,,,,
C_thin_12_full_3,full_cube_periodic,connected_same_particle,组3:ELECTRODE:LEFT:r26,组3,electrode_contact,LEFT,r26,,26,left,LEFT,组3_full_cube_periodic_P0024,,,0.0,0.0,0.0,connected,gap<=1.8,closed_form_cylinder_plane,,0,True,,,,,,,,,
C_thin_12_full_3,full_cube_periodic,connected_same_particle,组3:ELECTRODE:LEFT:r27,组3,electrode_contact,LEFT,r27,,27,left,LEFT,组3_full_cube_periodic_P0025,,,0.0,0.0,0.0,connected,gap<=1.8,closed_form_cylinder_plane,,0,True,,,,,,,,,
C_thin_12_full_3,full_cube_periodic,connected_same_particle,组3:ELECTRODE:LEFT:r28,组3,electrode_contact,LEFT,r28,,28,left,LEFT,组3_full_cube_periodic_P0026,,,0.0,0.0,0.0,connected,gap<=1.8,closed_form_cylinder_plane,,0,True,,,,,,,,,
C_thin_12_full_3,full_cube_periodic,connected_same_particle,组3:ELECTRODE:LEFT:r29,组3,electrode_contact,LEFT,r29,,29,left,LEFT,组3_full_cube_periodic_P0027,,,0.0,0.0,0.0,connected,gap<=1.8,closed_form_cylinder_plane,,0,True,,,,,,,,,
C_thin_12_full_3,full_cube_periodic,connected_same_particle,组3:ELECTRODE:LEFT:r30,组3,electrode_contact,LEFT,r30,,30,left,LEFT,组3_full_cube_periodic_P0028,,,0.0,0.0,0.0,connected,gap<=1.8,closed_form_cylinder_plane,,0,True,,,,,,,,,
C_thin_12_full_3,full_cube_periodic,connected_same_particle,组3:ELECTRODE:LEFT:r31,组3,electrode_contact,LEFT,r31,,31,left,LEFT,组3_full_cube_periodic_P0029,,,0.0,0.0,0.0,connected,gap<=1.8,closed_form_cylinder_plane,,0,True,,,,,,,,,
C_thin_12_full_3,full_cube_periodic,connected_same_particle,组3:ELECTRODE:LEFT:r32,组3,electrode_contact,LEFT,r32,,32,left,LEFT,组3_full_cube_periodic_P0030,,,0.0,0.0,0.0,connected,gap<=1.8,closed_form_cylinder_plane,,0,True,,,,,,,,,
C_thin_12_full_3,full_cube_periodic,connected_same_particle,组3:ELECTRODE:LEFT:r33,组3,electrode_contact,LEFT,r33,,33,left,LEFT,组3_full_cube_periodic_P0031,,,0.0,0.0,0.0,connected,gap<=1.8,closed_form_cylinder_plane,,0,True,,,,,,,,,
C_thin_12_full_3,full_cube_periodic,connected_same_particle,组3:ELECTRODE:LEFT:r34,组3,electrode_contact,LEFT,r34,,34,left,LEFT,组3_full_cube_periodic_P0032,,,0.0,0.0,0.0,connected,gap<=1.8,closed_form_cylinder_plane,,0,True,,,,,,,,,
C_thin_12_full_3,full_cube_periodic,connected_same_particle,组3:ELECTRODE:LEFT:r35,组3,electrode_contact,LEFT,r35,,35,left,LEFT,组3_full_cube_periodic_P0033,,,0.0,0.0,0.0,connected,gap<=1.8,closed_form_cylinder_plane,,0,True,,,,,,,,,
C_thin_12_full_3,full_cube_periodic,connected_same_particle,组3:ELECTRODE:LEFT:r36,组3,electrode_contact,LEFT,r36,,36,left,LEFT,组3_full_cube_periodic_P0034,,,0.0,0.0,0.0,connected,gap<=1.8,closed_form_cylinder_plane,,0,True,,,,,,,,,
C_thin_12_full_3,full_cube_periodic,connected_same_particle,组3:ELECTRODE:LEFT:r37,组3,electrode_contact,LEFT,r37,,37,left,LEFT,组3_full_cube_periodic_P0035,,,0.0,0.0,0.0,connected,gap<=1.8,closed_form_cylinder_plane,,0,True,,,,,,,,,
C_thin_12_full_3,full_cube_periodic,connected_same_particle,组3:ELECTRODE:LEFT:r38,组3,electrode_contact,LEFT,r38,,38,left,LEFT,组3_full_cube_periodic_P0036,,,0.0,0.0,0.0,connected,gap<=1.8,closed_form_cylinder_plane,,0,True,,,,,,,,,
C_thin_12_full_3,full_cube_periodic,connected_same_particle,组3:ELECTRODE:LEFT:r39,组3,electrode_contact,LEFT,r39,,39,left,LEFT,组3_full_cube_periodic_P0037,,,0.0,0.0,0.0,connected,gap<=1.8,closed_form_cylinder_plane,,0,True,,,,,,,,,
C_thin_12_full_3,full_cube_periodic,connected_same_particle,组3:ELECTRODE:LEFT:r40,组3,electrode_contact,LEFT,r40,,40,left,LEFT,组3_full_cube_periodic_P0038,,,0.0,0.0,0.0,connected,gap<=1.8,closed_form_cylinder_plane,,0,True,,,,,,,,,
C_thin_12_full_3,full_cube_periodic,connected_same_particle,组3:ELECTRODE:LEFT:r41,组3,electrode_contact,LEFT,r41,,41,left,LEFT,组3_full_cube_periodic_P0039,,,0.0,0.0,0.0,connected,gap<=1.8,closed_form_cylinder_plane,,0,True,,,,,,,,,
C_thin_12_full_3,full_cube_periodic,connected_same_particle,组3:ELECTRODE:LEFT:r42,组3,electrode_contact,LEFT,r42,,42,left,LEFT,组3_full_cube_periodic_P0040,,,0.0,0.0,0.0,connected,gap<=1.8,closed_form_cylinder_plane,,0,True,,,,,,,,,
C_thin_12_full_3,full_cube_periodic,connected_same_particle,组3:ELECTRODE:LEFT:r43,组3,electrode_contact,LEFT,r43,,43,left,LEFT,组3_full_cube_periodic_P0041,,,0.0,0.0,0.0,connected,gap<=1.8,closed_form_cylinder_plane,,0,True,,,,,,,,,
C_thin_12_full_3,full_cube_periodic,connected_same_particle,组3:ELECTRODE:LEFT:r44,组3,electrode_contact,LEFT,r44,,44,left,LEFT,组3_full_cube_periodic_P0042,,,0.0,0.0,0.0,connected,gap<=1.8,closed_form_cylinder_plane,,0,True,,,,,,,,,
C_thin_12_full_3,full_cube_periodic,connected_same_particle,组3:ELECTRODE:LEFT:r45,组3,electrode_contact,LEFT,r45,,45,left,LEFT,组3_full_cube_periodic_P0043,,,0.0,0.0,0.0,connected,gap<=1.8,closed_form_cylinder_plane,,0,True,,,,,,,,,
C_thin_12_full_3,full_cube_periodic,connected_same_particle,组3:ELECTRODE:LEFT:r46,组3,electrode_contact,LEFT,r46,,46,left,LEFT,组3_full_cube_periodic_P0044,,,0.0,0.0,0.0,connected,gap<=1.8,closed_form_cylinder_plane,,0,True,,,,,,,,,
C_thin_12_full_3,full_cube_periodic,connected_same_particle,组3:ELECTRODE:LEFT:r47,组3,electrode_contact,LEFT,r47,,47,left,LEFT,组3_full_cube_periodic_P0045,,,0.0,0.0,0.0,connected,gap<=1.8,closed_form_cylinder_plane,,0,True,,,,,,,,,
C_thin_12_full_3,full_cube_periodic,connected_same_particle,组3:ELECTRODE:LEFT:r48,组3,electrode_contact,LEFT,r48,,48,left,LEFT,组3_full_cube_periodic_P0046,,,0.0,0.0,0.0,connected,gap<=1.8,closed_form_cylinder_plane,,0,True,,,,,,,,,
C_thin_12_full_3,full_cube_periodic,connected_same_particle,组3:ELECTRODE:LEFT:r49,组3,electrode_contact,LEFT,r49,,49,left,LEFT,组3_full_cube_periodic_P0047,,,0.0,0.0,0.0,connected,gap<=1.8,closed_form_cylinder_plane,,0,True,,,,,,,,,
C_thin_12_full_3,full_cube_periodic,connected_same_particle,组3:ELECTRODE:LEFT:r50,组3,electrode_contact,LEFT,r50,,50,left,LEFT,组3_full_cube_periodic_P0048,,,0.0,0.0,0.0,connected,gap<=1.8,closed_form_cylinder_plane,,0,True,,,,,,,,,
C_thin_12_full_3,full_cube_periodic,connected_same_particle,组3:ELECTRODE:LEFT:r51,组3,electrode_contact,LEFT,r51,,51,left,LEFT,组3_full_cube_periodic_P0049,,,0.0,0.0,0.0,connected,gap<=1.8,closed_form_cylinder_plane,,0,True,,,,,,,,,
C_thin_12_full_3,full_cube_periodic,connected_same_particle,组3:ELECTRODE:LEFT:r52,组3,electrode_contact,LEFT,r52,,52,left,LEFT,组3_full_cube_periodic_P0050,,,0.0,0.0,0.0,connected,gap<=1.8,closed_form_cylinder_plane,,0,True,,,,,,,,,
C_thin_12_full_3,full_cube_periodic,connected_same_particle,组3:ELECTRODE:LEFT:r53,组3,electrode_contact,LEFT,r53,,53,left,LEFT,组3_full_cube_periodic_P0051,,,0.0,0.0,0.0,connected,gap<=1.8,closed_form_cylinder_plane,,0,True,,,,,,,,,
C_thin_12_full_3,full_cube_periodic,connected_same_particle,组3:ELECTRODE:LEFT:r54,组3,electrode_contact,LEFT,r54,,54,left,LEFT,组3_full_cube_periodic_P0052,,,0.0,0.0,0.0,connected,gap<=1.8,closed_form_cylinder_plane,,0,True,,,,,,,,,
C_thin_12_full_3,full_cube_periodic,connected_same_particle,组3:ELECTRODE:LEFT:r55,组3,electrode_contact,LEFT,r55,,55,left,LEFT,组3_full_cube_periodic_P0053,,,0.0,0.0,0.0,connected,gap<=1.8,closed_form_cylinder_plane,,0,True,,,,,,,,,
C_thin_12_full_3,full_cube_periodic,connected_same_particle,组3:ELECTRODE:LEFT:r56,组3,electrode_contact,LEFT,r56,,56,left,LEFT,组3_full_cube_periodic_P0054,,,0.0,0.0,0.0,connected,gap<=1.8,closed_form_cylinder_plane,,0,True,,,,,,,,,
C_thin_12_full_3,full_cube_periodic,connected_same_particle,组3:ELECTRODE:LEFT:r57,组3,electrode_contact,LEFT,r57,,57,left,LEFT,组3_full_cube_periodic_P0055,,,0.0,0.0,0.0,connected,gap<=1.8,closed_form_cylinder_plane,,0,True,,,,,,,,,
C_thin_12_full_3,full_cube_periodic,connected_same_particle,组3:ELECTRODE:LEFT:r58,组3,electrode_contact,LEFT,r58,,58,left,LEFT,组3_full_cube_periodic_P0056,,,0.0,0.0,0.0,connected,gap<=1.8,closed_form_cylinder_plane,,0,True,,,,,,,,,
C_thin_12_full_3,full_cube_periodic,connected_same_particle,组3:ELECTRODE:LEFT:r59,组3,electrode_contact,LEFT,r59,,59,left,LEFT,组3_full_cube_periodic_P0057,,,0.0,0.0,0.0,connected,gap<=1.8,closed_form_cylinder_plane,,0,True,,,,,,,,,
C_thin_12_full_3,full_cube_periodic,connected_same_particle,组3:ELECTRODE:LEFT:r60,组3,electrode_contact,LEFT,r60,,60,left,LEFT,组3_full_cube_periodic_P0058,,,0.0,0.0,0.0,connected,gap<=1.8,closed_form_cylinder_plane,,0,True,,,,,,,,,
C_thin_12_full_3,full_cube_periodic,connected_same_particle,组3:ELECTRODE:LEFT:r61,组3,electrode_contact,LEFT,r61,,61,left,LEFT,组3_full_cube_periodic_P0059,,,0.0,0.0,0.0,connected,gap<=1.8,closed_form_cylinder_plane,,0,True,,,,,,,,,
C_thin_12_full_3,full_cube_periodic,connected_same_particle,组3:ELECTRODE:LEFT:r62,组3,electrode_contact,LEFT,r62,,62,left,LEFT,组3_full_cube_periodic_P0060,,,0.0,0.0,0.0,connected,gap<=1.8,closed_form_cylinder_plane,,0,True,,,,,,,,,
C_thin_12_full_3,full_cube_periodic,connected_same_particle,组3:ELECTRODE:LEFT:r63,组3,electrode_contact,LEFT,r63,,63,left,LEFT,组3_full_cube_periodic_P0061,,,0.0,0.0,0.0,connected,gap<=1.8,closed_form_cylinder_plane,,0,True,,,,,,,,,
C_thin_12_full_3,full_cube_periodic,connected_same_particle,组3:ELECTRODE:LEFT:r64,组3,electrode_contact,LEFT,r64,,64,left,LEFT,组3_full_cube_periodic_P0062,,,0.0,0.0,0.0,connected,gap<=1.8,closed_form_cylinder_plane,,0,True,,,,,,,,,
C_thin_12_full_3,full_cube_periodic,connected_same_particle,组3:ELECTRODE:LEFT:r65,组3,electrode_contact,LEFT,r65,,65,left,LEFT,组3_full_cube_periodic_P0063,,,0.0,0.0,0.0,connected,gap<=1.8,closed_form_cylinder_plane,,0,True,,,,,,,,,
C_thin_12_full_3,full_cube_periodic,connected_same_particle,组3:ELECTRODE:LEFT:r66,组3,electrode_contact,LEFT,r66,,66,left,LEFT,组3_full_cube_periodic_P0064,,,0.0,0.0,0.0,connected,gap<=1.8,closed_form_cylinder_plane,,0,True,,,,,,,,,
C_thin_12_full_3,full_cube_periodic,connected_same_particle,组3:ELECTRODE:LEFT:r67,组3,electrode_contact,LEFT,r67,,67,left,LEFT,组3_full_cube_periodic_P0065,,,0.0,0.0,0.0,connected,gap<=1.8,closed_form_cylinder_plane,,0,True,,,,,,,,,
C_thin_12_full_3,full_cube_periodic,connected_same_particle,组3:ELECTRODE:LEFT:r68,组3,electrode_contact,LEFT,r68,,68,left,LEFT,组3_full_cube_periodic_P0066,,,0.0,0.0,0.0,connected,gap<=1.8,closed_form_cylinder_plane,,0,True,,,,,,,,,
C_thin_12_full_3,full_cube_periodic,connected_same_particle,组3:ELECTRODE:LEFT:r69,组3,electrode_contact,LEFT,r69,,69,left,LEFT,组3_full_cube_periodic_P0067,,,0.0,0.0,0.0,connected,gap<=1.8,closed_form_cylinder_plane,,0,True,,,,,,,,,
C_thin_12_full_3,full_cube_periodic,connected_same_particle,组3:ELECTRODE:LEFT:r70,组3,electrode_contact,LEFT,r70,,70,left,LEFT,组3_full_cube_periodic_P0068,,,0.0,0.0,0.0,connected,gap<=1.8,closed_form_cylinder_plane,,0,True,,,,,,,,,
C_thin_12_full_3,full_cube_periodic,connected_same_particle,组3:ELECTRODE:LEFT:r71,组3,electrode_contact,LEFT,r71,,71,left,LEFT,组3_full_cube_periodic_P0069,,,0.0,0.0,0.0,connected,gap<=1.8,closed_form_cylinder_plane,,0,True,,,,,,,,,
C_thin_12_full_3,full_cube_periodic,connected_same_particle,组3:ELECTRODE:LEFT:r72,组3,electrode_contact,LEFT,r72,,72,left,LEFT,组3_full_cube_periodic_P0070,,,0.0,0.0,0.0,connected,gap<=1.8,closed_form_cylinder_plane,,0,True,,,,,,,,,
C_thin_12_full_3,full_cube_periodic,connected_same_particle,组3:ELECTRODE:LEFT:r73,组3,electrode_contact,LEFT,r73,,73,left,LEFT,组3_full_cube_periodic_P0071,,,0.0,0.0,0.0,connected,gap<=1.8,closed_form_cylinder_plane,,0,True,,,,,,,,,
C_thin_12_full_3,full_cube_periodic,connected_same_particle,组3:ELECTRODE:LEFT:r74,组3,electrode_contact,LEFT,r74,,74,left,LEFT,组3_full_cube_periodic_P0072,,,0.0,0.0,0.0,connected,gap<=1.8,closed_form_cylinder_plane,,0,True,,,,,,,,,
C_thin_12_full_3,full_cube_periodic,connected_same_particle,组3:ELECTRODE:LEFT:r75,组3,electrode_contact,LEFT,r75,,75,left,LEFT,组3_full_cube_periodic_P0073,,,0.0,0.0,0.0,connected,gap<=1.8,closed_form_cylinder_plane,,0,True,,,,,,,,,
C_thin_12_full_3,full_cube_periodic,connected_same_particle,组3:ELECTRODE:LEFT:r76,组3,electrode_contact,LEFT,r76,,76,left,LEFT,组3_full_cube_periodic_P0074,,,0.0,0.0,0.0,connected,gap<=1.8,closed_form_cylinder_plane,,0,True,,,,,,,,,
C_thin_12_full_3,full_cube_periodic,connected_same_particle,组3:ELECTRODE:LEFT:r77,组3,electrode_contact,LEFT,r77,,77,left,LEFT,组3_full_cube_periodic_P0075,,,0.0,0.0,0.0,connected,gap<=1.8,closed_form_cylinder_plane,,0,True,,,,,,,,,
C_thin_12_full_3,full_cube_periodic,connected_same_particle,组3:ELECTRODE:LEFT:r78,组3,electrode_contact,LEFT,r78,,78,left,LEFT,组3_full_cube_periodic_P0076,,,0.0,0.0,0.0,connected,gap<=1.8,closed_form_cylinder_plane,,0,True,,,,,,,,,
C_thin_12_full_3,full_cube_periodic,connected_same_particle,组3:ELECTRODE:LEFT:r79,组3,electrode_contact,LEFT,r79,,79,left,LEFT,组3_full_cube_periodic_P0077,,,0.0,0.0,0.0,connected,gap<=1.8,closed_form_cylinder_plane,,0,True,,,,,,,,,
C_thin_12_full_3,full_cube_periodic,connected_same_particle,组3:ELECTRODE:LEFT:r80,组3,electrode_contact,LEFT,r80,,80,left,LEFT,组3_full_cube_periodic_P0078,,,0.0,0.0,0.0,connected,gap<=1.8,closed_form_cylinder_plane,,0,True,,,,,,,,,
C_thin_12_full_3,full_cube_periodic,connected_same_particle,组3:ELECTRODE:LEFT:r81,组3,electrode_contact,LEFT,r81,,81,left,LEFT,组3_full_cube_periodic_P0079,,,0.0,0.0,0.0,connected,gap<=1.8,closed_form_cylinder_plane,,0,True,,,,,,,,,
C_thin_12_full_3,full_cube_periodic,connected_same_particle,组3:ELECTRODE:LEFT:r82,组3,electrode_contact,LEFT,r82,,82,left,LEFT,组3_full_cube_periodic_P0080,,,0.0,0.0,0.0,connected,gap<=1.8,closed_form_cylinder_plane,,0,True,,,,,,,,,
C_thin_12_full_3,full_cube_periodic,connected_same_particle,组3:ELECTRODE:LEFT:r83,组3,electrode_contact,LEFT,r83,,83,left,LEFT,组3_full_cube_periodic_P0081,,,0.0,0.0,0.0,connected,gap<=1.8,closed_form_cylinder_plane,,0,True,,,,,,,,,
C_thin_12_full_3,full_cube_periodic,connected_same_particle,组3:ELECTRODE:LEFT:r84,组3,electrode_contact,LEFT,r84,,84,left,LEFT,组3_full_cube_periodic_P0082,,,0.0,0.0,0.0,connected,gap<=1.8,closed_form_cylinder_plane,,0,True,,,,,,,,,
C_thin_12_full_3,full_cube_periodic,connected_same_particle,组3:ELECTRODE:LEFT:r85,组3,electrode_contact,LEFT,r85,,85,left,LEFT,组3_full_cube_periodic_P0083,,,0.0,0.0,0.0,connected,gap<=1.8,closed_form_cylinder_plane,,0,True,,,,,,,,,
C_thin_12_full_3,full_cube_periodic,connected_same_particle,组3:ELECTRODE:LEFT:r86,组3,electrode_contact,LEFT,r86,,86,left,LEFT,组3_full_cube_periodic_P0084,,,0.0,0.0,0.0,connected,gap<=1.8,closed_form_cylinder_plane,,0,True,,,,,,,,,
C_thin_12_full_3,full_cube_periodic,connected_same_particle,组3:ELECTRODE:LEFT:r87,组3,electrode_contact,LEFT,r87,,87,left,LEFT,组3_full_cube_periodic_P0085,,,0.0,0.0,0.0,connected,gap<=1.8,closed_form_cylinder_plane,,0,True,,,,,,,,,
C_thin_12_full_3,full_cube_periodic,connected_same_particle,组3:ELECTRODE:LEFT:r88,组3,electrode_contact,LEFT,r88,,88,left,LEFT,组3_full_cube_periodic_P0086,,,0.0,0.0,0.0,connected,gap<=1.8,closed_form_cylinder_plane,,0,True,,,,,,,,,
C_thin_12_full_3,full_cube_periodic,connected_same_particle,组3:ELECTRODE:LEFT:r89,组3,electrode_contact,LEFT,r89,,89,left,LEFT,组3_full_cube_periodic_P0087,,,0.0,0.0,0.0,connected,gap<=1.8,closed_form_cylinder_plane,,0,True,,,,,,,,,
C_thin_12_full_3,full_cube_periodic,connected_same_particle,组3:ELECTRODE:LEFT:r90,组3,electrode_contact,LEFT,r90,,90,left,LEFT,组3_full_cube_periodic_P0088,,,0.0,0.0,0.0,connected,gap<=1.8,closed_form_cylinder_plane,,0,True,,,,,,,,,
C_thin_12_full_3,full_cube_periodic,connected_same_particle,组3:ELECTRODE:LEFT:r91,组3,electrode_contact,LEFT,r91,,91,left,LEFT,组3_full_cube_periodic_P0089,,,0.0,0.0,0.0,connected,gap<=1.8,closed_form_cylinder_plane,,0,True,,,,,,,,,
C_thin_12_full_3,full_cube_periodic,connected_same_particle,组3:ELECTRODE:LEFT:r92,组3,electrode_contact,LEFT,r92,,92,left,LEFT,组3_full_cube_periodic_P0090,,,0.0,0.0,0.0,connected,gap<=1.8,closed_form_cylinder_plane,,0,True,,,,,,,,,
C_thin_12_full_3,full_cube_periodic,connected_same_particle,组3:ELECTRODE:LEFT:r93,组3,electrode_contact,LEFT,r93,,93,left,LEFT,组3_full_cube_periodic_P0091,,,0.0,0.0,0.0,connected,gap<=1.8,closed_form_cylinder_plane,,0,True,,,,,,,,,
C_thin_12_full_3,full_cube_periodic,connected_same_particle,组3:ELECTRODE:LEFT:r94,组3,electrode_contact,LEFT,r94,,94,left,LEFT,组3_full_cube_periodic_P0092,,,0.0,0.0,0.0,connected,gap<=1.8,closed_form_cylinder_plane,,0,True,,,,,,,,,
C_thin_12_full_3,full_cube_periodic,connected_same_particle,组3:ELECTRODE:RIGHT:r353,组3,electrode_contact,r353,RIGHT,353,,right,组3_full_cube_periodic_P0296,RIGHT,,,0.0,0.0,0.0,connected,gap<=1.8,closed_form_cylinder_plane,,0,True,,,,,,,,,
C_thin_12_full_3,full_cube_periodic,connected_same_particle,组3:ELECTRODE:RIGHT:r365,组3,electrode_contact,r365,RIGHT,365,,right,组3_full_cube_periodic_P0302,RIGHT,,,0.0,0.0,0.0,connected,gap<=1.8,closed_form_cylinder_plane,,0,True,,,,,,,,,
C_thin_12_full_3,full_cube_periodic,connected_same_particle,组3:ELECTRODE:RIGHT:r369,组3,electrode_contact,r369,RIGHT,369,,right,组3_full_cube_periodic_P0305,RIGHT,,,0.0,0.0,0.0,connected,gap<=1.8,closed_form_cylinder_plane,,0,True,,,,,,,,,
C_thin_12_full_3,full_cube_periodic,connected_same_particle,组3:ELECTRODE:RIGHT:r376,组3,electrode_contact,r376,RIGHT,376,,right,组3_full_cube_periodic_P0069,RIGHT,,,0.0,0.0,0.0,connected,gap<=1.8,closed_form_cylinder_plane,,0,True,,,,,,,,,
C_thin_12_full_3,full_cube_periodic,connected_same_particle,组3:ELECTRODE:RIGHT:r383,组3,electrode_contact,r383,RIGHT,383,,right,组3_full_cube_periodic_P0030,RIGHT,,,0.0,0.0,0.0,connected,gap<=1.8,closed_form_cylinder_plane,,0,True,,,,,,,,,
C_thin_12_full_3,full_cube_periodic,connected_same_particle,组3:ELECTRODE:RIGHT:r388,组3,electrode_contact,r388,RIGHT,388,,right,组3_full_cube_periodic_P0074,RIGHT,,,0.0,0.0,0.0,connected,gap<=1.8,closed_form_cylinder_plane,,0,True,,,,,,,,,
C_thin_12_full_3,full_cube_periodic,connected_same_particle,组3:ELECTRODE:RIGHT:r390,组3,electrode_contact,r390,RIGHT,390,,right,组3_full_cube_periodic_P0078,RIGHT,,,0.0,0.0,0.0,connected,gap<=1.8,closed_form_cylinder_plane,,0,True,,,,,,,,,
C_thin_12_full_3,full_cube_periodic,connected_same_particle,组3:ELECTRODE:RIGHT:r391,组3,electrode_contact,r391,RIGHT,391,,right,组3_full_cube_periodic_P0319,RIGHT,,,0.0,0.0,0.0,connected,gap<=1.8,closed_form_cylinder_plane,,0,True,,,,,,,,,
C_thin_12_full_3,full_cube_periodic,connected_same_particle,组3:ELECTRODE:RIGHT:r395,组3,electrode_contact,r395,RIGHT,395,,right,组3_full_cube_periodic_P0015,RIGHT,,,0.0,0.0,0.0,connected,gap<=1.8,closed_form_cylinder_plane,,0,True,,,,,,,,,
C_thin_12_full_3,full_cube_periodic,connected_same_particle,组3:ELECTRODE:RIGHT:r400,组3,electrode_contact,r400,RIGHT,400,,right,组3_full_cube_periodic_P0017,RIGHT,,,0.0,0.0,0.0,connected,gap<=1.8,closed_form_cylinder_plane,,0,True,,,,,,,,,
C_thin_12_full_3,full_cube_periodic,connected_same_particle,组3:ELECTRODE:RIGHT:r404,组3,electrode_contact,r404,RIGHT,404,,right,组3_full_cube_periodic_P0046,RIGHT,,,0.0,0.0,0.0,connected,gap<=1.8,closed_form_cylinder_plane,,0,True,,,,,,,,,
C_thin_12_full_3,full_cube_periodic,connected_same_particle,组3:ELECTRODE:RIGHT:r405,组3,electrode_contact,r405,RIGHT,405,,right,组3_full_cube_periodic_P0042,RIGHT,,,0.0,0.0,0.0,connected,gap<=1.8,closed_form_cylinder_plane,,0,True,,,,,,,,,
C_thin_12_full_3,full_cube_periodic,connected_same_particle,组3:ELECTRODE:RIGHT:r412,组3,electrode_contact,r412,RIGHT,412,,right,组3_full_cube_periodic_P0309,RIGHT,,,0.0,0.0,0.0,connected,gap<=1.8,closed_form_cylinder_plane,,0,True,,,,,,,,,
C_thin_12_full_3,full_cube_periodic,connected_same_particle,组3:ELECTRODE:RIGHT:r413,组3,electrode_contact,r413,RIGHT,413,,right,组3_full_cube_periodic_P0331,RIGHT,,,0.0,0.0,0.0,connected,gap<=1.8,closed_form_cylinder_plane,,0,True,,,,,,,,,
C_thin_12_full_3,full_cube_periodic,connected_same_particle,组3:ELECTRODE:RIGHT:r415,组3,electrode_contact,r415,RIGHT,415,,right,组3_full_cube_periodic_P0332,RIGHT,,,0.0,0.0,0.0,connected,gap<=1.8,closed_form_cylinder_plane,,0,True,,,,,,,,,
C_thin_12_full_3,full_cube_periodic,connected_same_particle,组3:ELECTRODE:RIGHT:r418,组3,electrode_contact,r418,RIGHT,418,,right,组3_full_cube_periodic_P0047,RIGHT,,,0.0,0.0,0.0,connected,gap<=1.8,closed_form_cylinder_plane,,0,True,,,,,,,,,
C_thin_12_full_3,full_cube_periodic,connected_same_particle,组3:ELECTRODE:RIGHT:r421,组3,electrode_contact,r421,RIGHT,421,,right,组3_full_cube_periodic_P0043,RIGHT,,,0.0,0.0,0.0,connected,gap<=1.8,closed_form_cylinder_plane,,0,True,,,,,,,,,
C_thin_12_full_3,full_cube_periodic,connected_same_particle,组3:ELECTRODE:RIGHT:r424,组3,electrode_contact,r424,RIGHT,424,,right,组3_full_cube_periodic_P0090,RIGHT,,,0.0,0.0,0.0,connected,gap<=1.8,closed_form_cylinder_plane,,0,True,,,,,,,,,
C_thin_12_full_3,full_cube_periodic,connected_same_particle,组3:ELECTRODE:RIGHT:r430,组3,electrode_contact,r430,RIGHT,430,,right,组3_full_cube_periodic_P0038,RIGHT,,,0.0,0.0,0.0,connected,gap<=1.8,closed_form_cylinder_plane,,0,True,,,,,,,,,
C_thin_12_full_3,full_cube_periodic,connected_same_particle,组3:ELECTRODE:RIGHT:r431,组3,electrode_contact,r431,RIGHT,431,,right,组3_full_cube_periodic_P0058,RIGHT,,,0.0,0.0,0.0,connected,gap<=1.8,closed_form_cylinder_plane,,0,True,,,,,,,,,
C_thin_12_full_3,full_cube_periodic,connected_same_particle,组3:ELECTRODE:RIGHT:r437,组3,electrode_contact,r437,RIGHT,437,,right,组3_full_cube_periodic_P0056,RIGHT,,,0.0,0.0,0.0,connected,gap<=1.8,closed_form_cylinder_plane,,0,True,,,,,,,,,
C_thin_12_full_3,full_cube_periodic,connected_same_particle,组3:ELECTRODE:RIGHT:r443,组3,electrode_contact,r443,RIGHT,443,,right,组3_full_cube_periodic_P0080,RIGHT,,,0.0,0.0,0.0,connected,gap<=1.8,closed_form_cylinder_plane,,0,True,,,,,,,,,
C_thin_12_full_3,full_cube_periodic,connected_same_particle,组3:ELECTRODE:RIGHT:r445,组3,electrode_contact,r445,RIGHT,445,,right,组3_full_cube_periodic_P0020,RIGHT,,,0.0,0.0,0.0,connected,gap<=1.8,closed_form_cylinder_plane,,0,True,,,,,,,,,
C_thin_12_full_3,full_cube_periodic,connected_same_particle,组3:ELECTRODE:RIGHT:r446,组3,electrode_contact,r446,RIGHT,446,,right,组3_full_cube_periodic_P0066,RIGHT,,,0.0,0.0,0.0,connected,gap<=1.8,closed_form_cylinder_plane,,0,True,,,,,,,,,
C_thin_12_full_3,full_cube_periodic,connected_same_particle,组3:ELECTRODE:RIGHT:r447,组3,electrode_contact,r447,RIGHT,447,,right,组3_full_cube_periodic_P0044,RIGHT,,,0.0,0.0,0.0,connected,gap<=1.8,closed_form_cylinder_plane,,0,True,,,,,,,,,
C_thin_12_full_3,full_cube_periodic,connected_same_particle,组3:ELECTRODE:RIGHT:r449,组3,electrode_contact,r449,RIGHT,449,,right,组3_full_cube_periodic_P0054,RIGHT,,,0.0,0.0,0.0,connected,gap<=1.8,closed_form_cylinder_plane,,0,True,,,,,,,,,
C_thin_12_full_3,full_cube_periodic,connected_same_particle,组3:ELECTRODE:RIGHT:r452,组3,electrode_contact,r452,RIGHT,452,,right,组3_full_cube_periodic_P0008,RIGHT,,,0.0,0.0,0.0,connected,gap<=1.8,closed_form_cylinder_plane,,0,True,,,,,,,,,
C_thin_12_full_3,full_cube_periodic,connected_same_particle,组3:ELECTRODE:RIGHT:r454,组3,electrode_contact,r454,RIGHT,454,,right,组3_full_cube_periodic_P0007,RIGHT,,,0.0,0.0,0.0,connected,gap<=1.8,closed_form_cylinder_plane,,0,True,,,,,,,,,
C_thin_12_full_3,full_cube_periodic,connected_same_particle,组3:ELECTRODE:RIGHT:r456,组3,electrode_contact,r456,RIGHT,456,,right,组3_full_cube_periodic_P0040,RIGHT,,,0.0,0.0,0.0,connected,gap<=1.8,closed_form_cylinder_plane,,0,True,,,,,,,,,
C_thin_12_full_3,full_cube_periodic,connected_same_particle,组3:ELECTRODE:RIGHT:r457,组3,electrode_contact,r457,RIGHT,457,,right,组3_full_cube_periodic_P0347,RIGHT,,,0.0,0.0,0.0,connected,gap<=1.8,closed_form_cylinder_plane,,0,True,,,,,,,,,
C_thin_12_full_3,full_cube_periodic,connected_same_particle,组3:ELECTRODE:RIGHT:r458,组3,electrode_contact,r458,RIGHT,458,,right,组3_full_cube_periodic_P0016,RIGHT,,,0.0,0.0,0.0,connected,gap<=1.8,closed_form_cylinder_plane,,0,True,,,,,,,,,
C_thin_12_full_3,full_cube_periodic,connected_same_particle,组3:ELECTRODE:RIGHT:r461,组3,electrode_contact,r461,RIGHT,461,,right,组3_full_cube_periodic_P0082,RIGHT,,,0.0,0.0,0.0,connected,gap<=1.8,closed_form_cylinder_plane,,0,True,,,,,,,,,
C_thin_12_full_3,full_cube_periodic,connected_same_particle,组3:ELECTRODE:RIGHT:r463,组3,electrode_contact,r463,RIGHT,463,,right,组3_full_cube_periodic_P0062,RIGHT,,,0.0,0.0,0.0,connected,gap<=1.8,closed_form_cylinder_plane,,0,True,,,,,,,,,
C_thin_12_full_3,full_cube_periodic,connected_same_particle,组3:ELECTRODE:RIGHT:r464,组3,electrode_contact,r464,RIGHT,464,,right,组3_full_cube_periodic_P0018,RIGHT,,,0.0,0.0,0.0,connected,gap<=1.8,closed_form_cylinder_plane,,0,True,,,,,,,,,
C_thin_12_full_3,full_cube_periodic,connected_same_particle,组3:ELECTRODE:RIGHT:r465,组3,electrode_contact,r465,RIGHT,465,,right,组3_full_cube_periodic_P0083,RIGHT,,,0.0,0.0,0.0,connected,gap<=1.8,closed_form_cylinder_plane,,0,True,,,,,,,,,
C_thin_12_full_3,full_cube_periodic,connected_same_particle,组3:ELECTRODE:RIGHT:r466,组3,electrode_contact,r466,RIGHT,466,,right,组3_full_cube_periodic_P0027,RIGHT,,,0.0,0.0,0.0,connected,gap<=1.8,closed_form_cylinder_plane,,0,True,,,,,,,,,
C_thin_12_full_3,full_cube_periodic,connected_same_particle,组3:ELECTRODE:RIGHT:r468,组3,electrode_contact,r468,RIGHT,468,,right,组3_full_cube_periodic_P0045,RIGHT,,,0.0,0.0,0.0,connected,gap<=1.8,closed_form_cylinder_plane,,0,True,,,,,,,,,
C_thin_12_full_3,full_cube_periodic,connected_same_particle,组3:ELECTRODE:RIGHT:r471,组3,electrode_contact,r471,RIGHT,471,,right,组3_full_cube_periodic_P0089,RIGHT,,,0.0,0.0,0.0,connected,gap<=1.8,closed_form_cylinder_plane,,0,True,,,,,,,,,
C_thin_12_full_3,full_cube_periodic,connected_same_particle,组3:ELECTRODE:RIGHT:r472,组3,electrode_contact,r472,RIGHT,472,,right,组3_full_cube_periodic_P0012,RIGHT,,,0.0,0.0,0.0,connected,gap<=1.8,closed_form_cylinder_plane,,0,True,,,,,,,,,
C_thin_12_full_3,full_cube_periodic,connected_same_particle,组3:ELECTRODE:RIGHT:r473,组3,electrode_contact,r473,RIGHT,473,,right,组3_full_cube_periodic_P0037,RIGHT,,,0.0,0.0,0.0,connected,gap<=1.8,closed_form_cylinder_plane,,0,True,,,,,,,,,
C_thin_12_full_3,full_cube_periodic,connected_same_particle,组3:ELECTRODE:RIGHT:r474,组3,electrode_contact,r474,RIGHT,474,,right,组3_full_cube_periodic_P0051,RIGHT,,,0.0,0.0,0.0,connected,gap<=1.8,closed_form_cylinder_plane,,0,True,,,,,,,,,
C_thin_12_full_3,full_cube_periodic,connected_same_particle,组3:ELECTRODE:RIGHT:r479,组3,electrode_contact,r479,RIGHT,479,,right,组3_full_cube_periodic_P0021,RIGHT,,,0.0,0.0,0.0,connected,gap<=1.8,closed_form_cylinder_plane,,0,True,,,,,,,,,
C_thin_12_full_3,full_cube_periodic,connected_same_particle,组3:ELECTRODE:RIGHT:r480,组3,electrode_contact,r480,RIGHT,480,,right,组3_full_cube_periodic_P0071,RIGHT,,,0.0,0.0,0.0,connected,gap<=1.8,closed_form_cylinder_plane,,0,True,,,,,,,,,
C_thin_12_full_3,full_cube_periodic,connected_same_particle,组3:ELECTRODE:RIGHT:r481,组3,electrode_contact,r481,RIGHT,481,,right,组3_full_cube_periodic_P0055,RIGHT,,,0.0,0.0,0.0,connected,gap<=1.8,closed_form_cylinder_plane,,0,True,,,,,,,,,
C_thin_12_full_3,full_cube_periodic,connected_same_particle,组3:ELECTRODE:RIGHT:r482,组3,electrode_contact,r482,RIGHT,482,,right,组3_full_cube_periodic_P0022,RIGHT,,,0.0,0.0,0.0,connected,gap<=1.8,closed_form_cylinder_plane,,0,True,,,,,,,,,
C_thin_12_full_3,full_cube_periodic,connected_same_particle,组3:ELECTRODE:RIGHT:r483,组3,electrode_contact,r483,RIGHT,483,,right,组3_full_cube_periodic_P0048,RIGHT,,,0.0,0.0,0.0,connected,gap<=1.8,closed_form_cylinder_plane,,0,True,,,,,,,,,
C_thin_12_full_3,full_cube_periodic,connected_same_particle,组3:ELECTRODE:RIGHT:r484,组3,electrode_contact,r484,RIGHT,484,,right,组3_full_cube_periodic_P0035,RIGHT,,,0.0,0.0,0.0,connected,gap<=1.8,closed_form_cylinder_plane,,0,True,,,,,,,,,
C_thin_12_full_3,full_cube_periodic,connected_same_particle,组3:ELECTRODE:RIGHT:r487,组3,electrode_contact,r487,RIGHT,487,,right,组3_full_cube_periodic_P0006,RIGHT,,,0.0,0.0,0.0,connected,gap<=1.8,closed_form_cylinder_plane,,0,True,,,,,,,,,
C_thin_12_full_3,full_cube_periodic,connected_same_particle,组3:ELECTRODE:RIGHT:r488,组3,electrode_contact,r488,RIGHT,488,,right,组3_full_cube_periodic_P0019,RIGHT,,,0.0,0.0,0.0,connected,gap<=1.8,closed_form_cylinder_plane,,0,True,,,,,,,,,
C_thin_12_full_3,full_cube_periodic,connected_same_particle,组3:ELECTRODE:RIGHT:r490,组3,electrode_contact,r490,RIGHT,490,,right,组3_full_cube_periodic_P0004,RIGHT,,,0.0,0.0,0.0,connected,gap<=1.8,closed_form_cylinder_plane,,0,True,,,,,,,,,
C_thin_12_full_3,full_cube_periodic,connected_same_particle,组3:ELECTRODE:RIGHT:r491,组3,electrode_contact,r491,RIGHT,491,,right,组3_full_cube_periodic_P0072,RIGHT,,,0.0,0.0,0.0,connected,gap<=1.8,closed_form_cylinder_plane,,0,True,,,,,,,,,
C_thin_12_full_3,full_cube_periodic,connected_same_particle,组3:ELECTRODE:RIGHT:r492,组3,electrode_contact,r492,RIGHT,492,,right,组3_full_cube_periodic_P0014,RIGHT,,,0.0,0.0,0.0,connected,gap<=1.8,closed_form_cylinder_plane,,0,True,,,,,,,,,
C_thin_12_full_3,full_cube_periodic,connected_same_particle,组3:ELECTRODE:RIGHT:r493,组3,electrode_contact,r493,RIGHT,493,,right,组3_full_cube_periodic_P0033,RIGHT,,,0.0,0.0,0.0,connected,gap<=1.8,closed_form_cylinder_plane,,0,True,,,,,,,,,
C_thin_12_full_3,full_cube_periodic,connected_same_particle,组3:ELECTRODE:RIGHT:r498,组3,electrode_contact,r498,RIGHT,498,,right,组3_full_cube_periodic_P0088,RIGHT,,,0.0,0.0,0.0,connected,gap<=1.8,closed_form_cylinder_plane,,0,True,,,,,,,,,
C_thin_12_full_3,full_cube_periodic,connected_same_particle,组3:ELECTRODE:RIGHT:r499,组3,electrode_contact,r499,RIGHT,499,,right,组3_full_cube_periodic_P0065,RIGHT,,,0.0,0.0,0.0,connected,gap<=1.8,closed_form_cylinder_plane,,0,True,,,,,,,,,
C_thin_12_full_3,full_cube_periodic,connected_same_particle,组3:ELECTRODE:RIGHT:r500,组3,electrode_contact,r500,RIGHT,500,,right,组3_full_cube_periodic_P0050,RIGHT,,,0.0,0.0,0.0,connected,gap<=1.8,closed_form_cylinder_plane,,0,True,,,,,,,,,
C_thin_12_full_3,full_cube_periodic,connected_same_particle,组3:ELECTRODE:RIGHT:r501,组3,electrode_contact,r501,RIGHT,501,,right,组3_full_cube_periodic_P0059,RIGHT,,,0.0,0.0,0.0,connected,gap<=1.8,closed_form_cylinder_plane,,0,True,,,,,,,,,
C_thin_12_full_3,full_cube_periodic,connected_same_particle,组3:ELECTRODE:RIGHT:r502,组3,electrode_contact,r502,RIGHT,502,,right,组3_full_cube_periodic_P0053,RIGHT,,,0.0,0.0,0.0,connected,gap<=1.8,closed_form_cylinder_plane,,0,True,,,,,,,,,
C_thin_12_full_3,full_cube_periodic,connected_same_particle,组3:ELECTRODE:RIGHT:r503,组3,electrode_contact,r503,RIGHT,503,,right,组3_full_cube_periodic_P0079,RIGHT,,,0.0,0.0,0.0,connected,gap<=1.8,closed_form_cylinder_plane,,0,True,,,,,,,,,
C_thin_12_full_3,full_cube_periodic,connected_same_particle,组3:ELECTRODE:RIGHT:r504,组3,electrode_contact,r504,RIGHT,504,,right,组3_full_cube_periodic_P0057,RIGHT,,,0.0,0.0,0.0,connected,gap<=1.8,closed_form_cylinder_plane,,0,True,,,,,,,,,
C_thin_12_full_3,full_cube_periodic,connected_same_particle,组3:ELECTRODE:RIGHT:r506,组3,electrode_contact,r506,RIGHT,506,,right,组3_full_cube_periodic_P0029,RIGHT,,,0.0,0.0,0.0,connected,gap<=1.8,closed_form_cylinder_plane,,0,True,,,,,,,,,
C_thin_12_full_3,full_cube_periodic,connected_same_particle,组3:ELECTRODE:RIGHT:r507,组3,electrode_contact,r507,RIGHT,507,,right,组3_full_cube_periodic_P0002,RIGHT,,,0.0,0.0,0.0,connected,gap<=1.8,closed_form_cylinder_plane,,0,True,,,,,,,,,
C_thin_12_full_3,full_cube_periodic,connected_same_particle,组3:ELECTRODE:RIGHT:r508,组3,electrode_contact,r508,RIGHT,508,,right,组3_full_cube_periodic_P0034,RIGHT,,,0.0,0.0,0.0,connected,gap<=1.8,closed_form_cylinder_plane,,0,True,,,,,,,,,
C_thin_12_full_3,full_cube_periodic,connected_same_particle,组3:ELECTRODE:RIGHT:r509,组3,electrode_contact,r509,RIGHT,509,,right,组3_full_cube_periodic_P0061,RIGHT,,,0.0,0.0,0.0,connected,gap<=1.8,closed_form_cylinder_plane,,0,True,,,,,,,,,
C_thin_12_full_3,full_cube_periodic,connected_same_particle,组3:ELECTRODE:RIGHT:r510,组3,electrode_contact,r510,RIGHT,510,,right,组3_full_cube_periodic_P0085,RIGHT,,,0.0,0.0,0.0,connected,gap<=1.8,closed_form_cylinder_plane,,0,True,,,,,,,,,
C_thin_12_full_3,full_cube_periodic,connected_same_particle,组3:ELECTRODE:RIGHT:r511,组3,electrode_contact,r511,RIGHT,511,,right,组3_full_cube_periodic_P0032,RIGHT,,,0.0,0.0,0.0,connected,gap<=1.8,closed_form_cylinder_plane,,0,True,,,,,,,,,
C_thin_12_full_3,full_cube_periodic,connected_same_particle,组3:ELECTRODE:RIGHT:r512,组3,electrode_contact,r512,RIGHT,512,,right,组3_full_cube_periodic_P0081,RIGHT,,,0.0,0.0,0.0,connected,gap<=1.8,closed_form_cylinder_plane,,0,True,,,,,,,,,
C_thin_12_full_3,full_cube_periodic,connected_same_particle,组3:ELECTRODE:RIGHT:r513,组3,electrode_contact,r513,RIGHT,513,,right,组3_full_cube_periodic_P0086,RIGHT,,,0.0,0.0,0.0,connected,gap<=1.8,closed_form_cylinder_plane,,0,True,,,,,,,,,
C_thin_12_full_3,full_cube_periodic,connected_same_particle,组3:ELECTRODE:RIGHT:r514,组3,electrode_contact,r514,RIGHT,514,,right,组3_full_cube_periodic_P0028,RIGHT,,,0.0,0.0,0.0,connected,gap<=1.8,closed_form_cylinder_plane,,0,True,,,,,,,,,
C_thin_12_full_3,full_cube_periodic,connected_same_particle,组3:ELECTRODE:RIGHT:r516,组3,electrode_contact,r516,RIGHT,516,,right,组3_full_cube_periodic_P0084,RIGHT,,,0.0,0.0,0.0,connected,gap<=1.8,closed_form_cylinder_plane,,0,True,,,,,,,,,
C_thin_12_full_3,full_cube_periodic,connected_same_particle,组3:ELECTRODE:RIGHT:r517,组3,electrode_contact,r517,RIGHT,517,,right,组3_full_cube_periodic_P0075,RIGHT,,,0.0,0.0,0.0,connected,gap<=1.8,closed_form_cylinder_plane,,0,True,,,,,,,,,
C_thin_12_full_3,full_cube_periodic,connected_same_particle,组3:ELECTRODE:RIGHT:r518,组3,electrode_contact,r518,RIGHT,518,,right,组3_full_cube_periodic_P0041,RIGHT,,,0.0,0.0,0.0,connected,gap<=1.8,closed_form_cylinder_plane,,0,True,,,,,,,,,
C_thin_12_full_3,full_cube_periodic,connected_same_particle,组3:ELECTRODE:RIGHT:r519,组3,electrode_contact,r519,RIGHT,519,,right,组3_full_cube_periodic_P0068,RIGHT,,,0.0,0.0,0.0,connected,gap<=1.8,closed_form_cylinder_plane,,0,True,,,,,,,,,
C_thin_12_full_3,full_cube_periodic,connected_same_particle,组3:ELECTRODE:RIGHT:r521,组3,electrode_contact,r521,RIGHT,521,,right,组3_full_cube_periodic_P0076,RIGHT,,,0.0,0.0,0.0,connected,gap<=1.8,closed_form_cylinder_plane,,0,True,,,,,,,,,
C_thin_12_full_3,full_cube_periodic,connected_same_particle,组3:ELECTRODE:RIGHT:r522,组3,electrode_contact,r522,RIGHT,522,,right,组3_full_cube_periodic_P0023,RIGHT,,,0.0,0.0,0.0,connected,gap<=1.8,closed_form_cylinder_plane,,0,True,,,,,,,,,
C_thin_12_full_3,full_cube_periodic,connected_same_particle,组3:ELECTRODE:RIGHT:r523,组3,electrode_contact,r523,RIGHT,523,,right,组3_full_cube_periodic_P0025,RIGHT,,,0.0,0.0,0.0,connected,gap<=1.8,closed_form_cylinder_plane,,0,True,,,,,,,,,
C_thin_12_full_3,full_cube_periodic,connected_same_particle,组3:ELECTRODE:RIGHT:r524,组3,electrode_contact,r524,RIGHT,524,,right,组3_full_cube_periodic_P0070,RIGHT,,,0.0,0.0,0.0,connected,gap<=1.8,closed_form_cylinder_plane,,0,True,,,,,,,,,
C_thin_12_full_3,full_cube_periodic,connected_same_particle,组3:ELECTRODE:RIGHT:r525,组3,electrode_contact,r525,RIGHT,525,,right,组3_full_cube_periodic_P0077,RIGHT,,,0.0,0.0,0.0,connected,gap<=1.8,closed_form_cylinder_plane,,0,True,,,,,,,,,
C_thin_12_full_3,full_cube_periodic,connected_same_particle,组3:ELECTRODE:RIGHT:r526,组3,electrode_contact,r526,RIGHT,526,,right,组3_full_cube_periodic_P0011,RIGHT,,,0.0,0.0,0.0,connected,gap<=1.8,closed_form_cylinder_plane,,0,True,,,,,,,,,
C_thin_12_full_3,full_cube_periodic,connected_same_particle,组3:ELECTRODE:RIGHT:r527,组3,electrode_contact,r527,RIGHT,527,,right,组3_full_cube_periodic_P0010,RIGHT,,,0.0,0.0,0.0,connected,gap<=1.8,closed_form_cylinder_plane,,0,True,,,,,,,,,
C_thin_12_full_3,full_cube_periodic,connected_same_particle,组3:ELECTRODE:RIGHT:r528,组3,electrode_contact,r528,RIGHT,528,,right,组3_full_cube_periodic_P0091,RIGHT,,,0.0,0.0,0.0,connected,gap<=1.8,closed_form_cylinder_plane,,0,True,,,,,,,,,
C_thin_12_full_3,full_cube_periodic,connected_same_particle,组3:ELECTRODE:RIGHT:r529,组3,electrode_contact,r529,RIGHT,529,,right,组3_full_cube_periodic_P0087,RIGHT,,,0.0,0.0,0.0,connected,gap<=1.8,closed_form_cylinder_plane,,0,True,,,,,,,,,
C_thin_12_full_3,full_cube_periodic,connected_same_particle,组3:ELECTRODE:RIGHT:r530,组3,electrode_contact,r530,RIGHT,530,,right,组3_full_cube_periodic_P0039,RIGHT,,,0.0,0.0,0.0,connected,gap<=1.8,closed_form_cylinder_plane,,0,True,,,,,,,,,
C_thin_12_full_3,full_cube_periodic,connected_same_particle,组3:ELECTRODE:RIGHT:r531,组3,electrode_contact,r531,RIGHT,531,,right,组3_full_cube_periodic_P0031,RIGHT,,,0.0,0.0,0.0,connected,gap<=1.8,closed_form_cylinder_plane,,0,True,,,,,,,,,
C_thin_12_full_3,full_cube_periodic,connected_same_particle,组3:ELECTRODE:RIGHT:r532,组3,electrode_contact,r532,RIGHT,532,,right,组3_full_cube_periodic_P0036,RIGHT,,,0.0,0.0,0.0,connected,gap<=1.8,closed_form_cylinder_plane,,0,True,,,,,,,,,
C_thin_12_full_3,full_cube_periodic,connected_same_particle,组3:ELECTRODE:RIGHT:r533,组3,electrode_contact,r533,RIGHT,533,,right,组3_full_cube_periodic_P0060,RIGHT,,,0.0,0.0,0.0,connected,gap<=1.8,closed_form_cylinder_plane,,0,True,,,,,,,,,
C_thin_12_full_3,full_cube_periodic,connected_same_particle,组3:ELECTRODE:RIGHT:r534,组3,electrode_contact,r534,RIGHT,534,,right,组3_full_cube_periodic_P0009,RIGHT,,,0.0,0.0,0.0,connected,gap<=1.8,closed_form_cylinder_plane,,0,True,,,,,,,,,
C_thin_12_full_3,full_cube_periodic,connected_same_particle,组3:ELECTRODE:RIGHT:r535,组3,electrode_contact,r535,RIGHT,535,,right,组3_full_cube_periodic_P0024,RIGHT,,,0.0,0.0,0.0,connected,gap<=1.8,closed_form_cylinder_plane,,0,True,,,,,,,,,
C_thin_12_full_3,full_cube_periodic,connected_same_particle,组3:ELECTRODE:RIGHT:r536,组3,electrode_contact,r536,RIGHT,536,,right,组3_full_cube_periodic_P0026,RIGHT,,,0.0,0.0,0.0,connected,gap<=1.8,closed_form_cylinder_plane,,0,True,,,,,,,,,
C_thin_12_full_3,full_cube_periodic,connected_same_particle,组3:ELECTRODE:RIGHT:r537,组3,electrode_contact,r537,RIGHT,537,,right,组3_full_cube_periodic_P0005,RIGHT,,,0.0,0.0,0.0,connected,gap<=1.8,closed_form_cylinder_plane,,0,True,,,,,,,,,
C_thin_12_full_3,full_cube_periodic,connected_same_particle,组3:PAIR:r3:r236,组3,cylinder_contact,r3,r236,3,236,,组3_full_cube_periodic_P0001,组3_full_cube_periodic_P0190,,,0.0,3.6322330679598313e-10,0.0,connected,gap<=1.8,capsule_then_flat_cylinder_gjk,0.0,4,True,7.190186943645083e-13,7.190186943645083e-13,True,,,,,,
C_thin_12_full_3,full_cube_periodic,connected_same_particle,组3:PAIR:r4:r13,组3,cylinder_contact,r4,r13,4,13,,组3_full_cube_periodic_P0002,组3_full_cube_periodic_P0011,,,0.0,3.90169657312094e-10,0.0,connected,gap<=1.8,capsule_then_flat_cylinder_gjk,0.0,5,True,1.1382885756177522e-12,1.1382885756177522e-12,True,,,,,,
C_thin_12_full_3,full_cube_periodic,connected_same_particle,组3:PAIR:r4:r109,组3,cylinder_contact,r4,r109,4,109,,组3_full_cube_periodic_P0002,组3_full_cube_periodic_P0106,,,0.0,3.7520979693301093e-10,0.0,connected,gap<=1.8,capsule_then_flat_cylinder_gjk,0.0,5,True,6.834519954515513e-13,6.834519954515513e-13,True,,,,,,
C_thin_12_full_3,full_cube_periodic,connected_same_particle,组3:PAIR:r4:r137,组3,cylinder_contact,r4,r137,4,137,,组3_full_cube_periodic_P0002,组3_full_cube_periodic_P0103,,,0.0,3.799100440450146e-10,0.0,connected,gap<=1.8,capsule_then_flat_cylinder_gjk,0.0,5,True,6.355287432313019e-14,6.355287432313019e-14,True,,,,,,
C_thin_12_full_3,full_cube_periodic,connected_same_particle,组3:PAIR:r8:r108,组3,cylinder_contact,r8,r108,8,108,,组3_full_cube_periodic_P0006,组3_full_cube_periodic_P0105,,,0.0,3.6284535569869344e-10,0.0,connected,gap<=1.8,capsule_then_flat_cylinder_gjk,0.0,6,True,5.084229945850414e-13,5.084229945850414e-13,True,,,,,,
C_thin_12_full_3,full_cube_periodic,connected_same_particle,组3:PAIR:r12:r96,组3,cylinder_contact,r12,r96,12,96,,组3_full_cube_periodic_P0010,组3_full_cube_periodic_P0094,,,0.0,2.8160729015200255e-10,0.0,connected,gap<=1.8,capsule_then_flat_cylinder_gjk,0.0,5,True,2.04715241868247e-12,2.04715241868247e-12,True,,,,,,
C_thin_12_full_3,full_cube_periodic,connected_same_particle,组3:PAIR:r12:r99,组3,cylinder_contact,r12,r99,12,99,,组3_full_cube_periodic_P0010,组3_full_cube_periodic_P0097,,,0.0,3.03367651678625e-10,0.0,connected,gap<=1.8,capsule_then_flat_cylinder_gjk,0.0,5,True,1.017739309065398e-12,1.017739309065398e-12,True,,,,,,
C_thin_12_full_3,full_cube_periodic,connected_same_particle,组3:PAIR:r15:r96,组3,cylinder_contact,r15,r96,15,96,,组3_full_cube_periodic_P0013,组3_full_cube_periodic_P0094,,,0.0,3.0598201795062774e-10,0.0,connected,gap<=1.8,capsule_then_flat_cylinder_gjk,0.0,5,True,9.443537991180705e-13,9.443537991180705e-13,True,,,,,,
C_thin_12_full_3,full_cube_periodic,connected_same_particle,组3:PAIR:r15:r108,组3,cylinder_contact,r15,r108,15,108,,组3_full_cube_periodic_P0013,组3_full_cube_periodic_P0105,,,0.0,3.0620939162607097e-10,0.0,connected,gap<=1.8,capsule_then_flat_cylinder_gjk,0.0,4,True,1.2710574864626036e-13,1.2710574864626036e-13,True,,,,,,
C_thin_12_full_3,full_cube_periodic,connected_same_particle,组3:PAIR:r15:r283,组3,cylinder_contact,r15,r283,15,283,,组3_full_cube_periodic_P0013,组3_full_cube_periodic_P0238,,,0.0,3.066251278217046e-10,0.0,connected,gap<=1.8,capsule_then_flat_cylinder_gjk,0.0,5,True,1.1368683772161603e-12,1.1368683772161603e-12,True,,,,,,
C_thin_12_full_3,full_cube_periodic,connected_same_particle,组3:PAIR:r16:r108,组3,cylinder_contact,r16,r108,16,108,,组3_full_cube_periodic_P0014,组3_full_cube_periodic_P0105,,,0.0,3.048256077220258e-10,0.0,connected,gap<=1.8,capsule_then_flat_cylinder_gjk,0.0,4,True,1.1718571004216928e-13,1.1718571004216928e-13,True,,,,,,
C_thin_12_full_3,full_cube_periodic,connected_same_particle,组3:PAIR:r18:r145,组3,cylinder_contact,r18,r145,18,145,,组3_full_cube_periodic_P0016,组3_full_cube_periodic_P0123,,,0.6514112041151494,0.6514112065906044,0.6514112053528769,connected,gap<=1.8,capsule_then_flat_cylinder_gjk,0.6514112062508914,11,False,0.6514112062509814,8.981044796740889e-10,True,,,,,,
C_thin_12_full_3,full_cube_periodic,connected_same_particle,组3:PAIR:r23:r38,组3,cylinder_contact,r23,r38,23,38,,组3_full_cube_periodic_P0021,组3_full_cube_periodic_P0036,,,0.0,2.4855373990347826e-10,0.0,connected,gap<=1.8,capsule_then_flat_cylinder_gjk,0.0,5,True,1.5127480943155456e-10,1.5127480943155456e-10,True,,,,,,
C_thin_12_full_3,full_cube_periodic,connected_same_particle,组3:PAIR:r25:r121,组3,cylinder_contact,r25,r121,25,121,,组3_full_cube_periodic_P0023,组3_full_cube_periodic_P0117,,,0.0,3.393595527323306e-10,0.0,connected,gap<=1.8,capsule_then_flat_cylinder_gjk,0.0,5,True,1.0419570787589327e-12,1.0419570787589327e-12,True,,,,,,
C_thin_12_full_3,full_cube_periodic,connected_same_particle,组3:PAIR:r31:r158,组3,cylinder_contact,r31,r158,31,158,,组3_full_cube_periodic_P0029,组3_full_cube_periodic_P0141,,,0.0,3.0671241188708456e-10,0.0,connected,gap<=1.8,capsule_then_flat_cylinder_gjk,0.0,6,True,4.823324033076557e-13,4.823324033076557e-13,True,,,,,,
C_thin_12_full_3,full_cube_periodic,connected_same_particle,组3:PAIR:r33:r34,组3,cylinder_contact,r33,r34,33,34,,组3_full_cube_periodic_P0031,组3_full_cube_periodic_P0032,,,0.0,3.000663225375869e-10,0.0,connected,gap<=1.8,capsule_then_flat_cylinder_gjk,0.0,5,True,5.796914039811764e-13,5.796914039811764e-13,True,,,,,,
C_thin_12_full_3,full_cube_periodic,connected_same_particle,组3:PAIR:r34:r209,组3,cylinder_contact,r34,r209,34,209,,组3_full_cube_periodic_P0032,组3_full_cube_periodic_P0183,,,0.0,2.7979659812699566e-10,0.0,connected,gap<=1.8,capsule_then_flat_cylinder_gjk,0.0,5,True,4.582862941503293e-13,4.582862941503293e-13,True,,,,,,
C_thin_12_full_3,full_cube_periodic,connected_same_particle,组3:PAIR:r35:r140,组3,cylinder_contact,r35,r140,35,140,,组3_full_cube_periodic_P0033,组3_full_cube_periodic_P0128,,,0.0,2.862808523211742e-10,0.0,connected,gap<=1.8,capsule_then_flat_cylinder_gjk,0.0,5,True,6.915300366811403e-13,6.915300366811403e-13,True,,,,,,
C_thin_12_full_3,full_cube_periodic,connected_same_particle,组3:PAIR:r48:r116,组3,cylinder_contact,r48,r116,48,116,,组3_full_cube_periodic_P0046,组3_full_cube_periodic_P0112,,,0.0,2.799068332862582e-10,0.0,connected,gap<=1.8,capsule_then_flat_cylinder_gjk,0.0,4,True,7.391010753932416e-13,7.391010753932416e-13,True,,,,,,
C_thin_12_full_3,full_cube_periodic,connected_same_particle,组3:PAIR:r52:r133,组3,cylinder_contact,r52,r133,52,133,,组3_full_cube_periodic_P0050,组3_full_cube_periodic_P0125,,,0.0,2.4774567740756874e-10,0.0,connected,gap<=1.8,capsule_then_flat_cylinder_gjk,0.0,6,True,6.938623537128991e-13,6.938623537128991e-13,True,,,,,,
C_thin_12_full_3,full_cube_periodic,connected_same_particle,组3:PAIR:r59:r157,组3,cylinder_contact,r59,r157,59,157,,组3_full_cube_periodic_P0057,组3_full_cube_periodic_P0140,,,0.0,2.1796710533608894e-10,0.0,connected,gap<=1.8,capsule_then_flat_cylinder_gjk,0.0,6,True,1.2247745318299647e-12,1.2247745318299647e-12,True,,,,,,
C_thin_12_full_3,full_cube_periodic,connected_same_particle,组3:PAIR:r65:r266,组3,cylinder_contact,r65,r266,65,266,,组3_full_cube_periodic_P0063,组3_full_cube_periodic_P0223,,,0.0,2.5748551376950306e-10,0.0,connected,gap<=1.8,capsule_then_flat_cylinder_gjk,0.0,6,True,6.302189627392726e-12,6.302189627392726e-12,True,,,,,,
C_thin_12_full_3,full_cube_periodic,connected_same_particle,组3:PAIR:r67:r124,组3,cylinder_contact,r67,r124,67,124,,组3_full_cube_periodic_P0065,组3_full_cube_periodic_P0119,,,0.0,2.539438146939201e-10,0.0,connected,gap<=1.8,capsule_then_flat_cylinder_gjk,0.0,4,True,2.2914314707516465e-13,2.2914314707516465e-13,True,,,,,,
C_thin_12_full_3,full_cube_periodic,connected_same_particle,组3:PAIR:r69:r98,组3,cylinder_contact,r69,r98,69,98,,组3_full_cube_periodic_P0067,组3_full_cube_periodic_P0096,,,0.0,3.727464924304451e-10,0.0,connected,gap<=1.8,capsule_then_flat_cylinder_gjk,0.0,5,True,8.198074455012805e-13,8.198074455012805e-13,True,,,,,,
C_thin_12_full_3,full_cube_periodic,connected_same_particle,组3:PAIR:r74:r185,组3,cylinder_contact,r74,r185,74,185,,组3_full_cube_periodic_P0072,组3_full_cube_periodic_P0164,,,0.0,2.498241530057477e-10,0.0,connected,gap<=1.8,capsule_then_flat_cylinder_gjk,0.0,5,True,7.008127344043915e-13,7.008127344043915e-13,True,,,,,,
C_thin_12_full_3,full_cube_periodic,connected_same_particle,组3:PAIR:r78:r102,组3,cylinder_contact,r78,r102,78,102,,组3_full_cube_periodic_P0076,组3_full_cube_periodic_P0099,,,0.0,3.53030638843674e-10,0.0,connected,gap<=1.8,capsule_then_flat_cylinder_gjk,0.0,5,True,1.159382807962353e-12,1.159382807962353e-12,True,,,,,,
C_thin_12_full_3,full_cube_periodic,connected_same_particle,组3:PAIR:r79:r207,组3,cylinder_contact,r79,r207,79,207,,组3_full_cube_periodic_P0077,组3_full_cube_periodic_P0181,,,0.0,2.3270556671151603e-10,0.0,connected,gap<=1.8,capsule_then_flat_cylinder_gjk,0.0,6,True,2.3437142008433857e-12,2.3437142008433857e-12,True,,,,,,
C_thin_12_full_3,full_cube_periodic,connected_same_particle,组3:PAIR:r81:r124,组3,cylinder_contact,r81,r124,81,124,,组3_full_cube_periodic_P0079,组3_full_cube_periodic_P0119,,,0.7906647803569417,0.7906647822915408,0.7906647813242412,connected,gap<=1.8,capsule_then_flat_cylinder_gjk,0.790664782001393,512,False,0.7906647821141453,7.89904031073263e-10,True,,,,,,
C_thin_12_full_3,full_cube_periodic,connected_same_particle,组3:PAIR:r81:r183,组3,cylinder_contact,r81,r183,81,183,,组3_full_cube_periodic_P0079,组3_full_cube_periodic_P0162,,,0.0,2.616565840640127e-10,0.0,connected,gap<=1.8,capsule_then_flat_cylinder_gjk,0.0,4,True,2.2737367544323206e-13,2.2737367544323206e-13,True,,,,,,
C_thin_12_full_3,full_cube_periodic,connected_same_particle,组3:PAIR:r94:r119,组3,cylinder_contact,r94,r119,94,119,,组3_full_cube_periodic_P0092,组3_full_cube_periodic_P0115,,,0.0,3.302665447437366e-10,0.0,connected,gap<=1.8,capsule_then_flat_cylinder_gjk,0.0,6,True,2.451526899318176e-12,2.451526899318176e-12,True,,,,,,
C_thin_12_full_3,full_cube_periodic,connected_same_particle,组3:PAIR:r94:r123,组3,cylinder_contact,r94,r123,94,123,,组3_full_cube_periodic_P0092,组3_full_cube_periodic_P0096,,,0.0,3.2882528589770684e-10,0.0,connected,gap<=1.8,capsule_then_flat_cylinder_gjk,0.0,5,True,9.646648066153115e-13,9.646648066153115e-13,True,,,,,,
C_thin_12_full_3,full_cube_periodic,connected_same_particle,组3:PAIR:r94:r134,组3,cylinder_contact,r94,r134,94,134,,组3_full_cube_periodic_P0092,组3_full_cube_periodic_P0110,,,0.0,3.2956469432373986e-10,0.0,connected,gap<=1.8,capsule_then_flat_cylinder_gjk,0.0,5,True,9.374856803373542e-13,9.374856803373542e-13,True,,,,,,
C_thin_12_full_3,full_cube_periodic,connected_same_particle,组3:PAIR:r96:r130,组3,cylinder_contact,r96,r130,96,130,,组3_full_cube_periodic_P0094,组3_full_cube_periodic_P0124,,,0.0,2.6993469433224526e-10,0.0,connected,gap<=1.8,capsule_then_flat_cylinder_gjk,0.0,6,True,1.2710574864626038e-13,1.2710574864626038e-13,True,,,,,,
C_thin_12_full_3,full_cube_periodic,connected_same_particle,组3:PAIR:r96:r183,组3,cylinder_contact,r96,r183,96,183,,组3_full_cube_periodic_P0094,组3_full_cube_periodic_P0162,,,0.0,2.6963183832887953e-10,0.0,connected,gap<=1.8,capsule_then_flat_cylinder_gjk,0.0,5,True,4.856703836433968e-13,4.856703836433968e-13,True,,,,,,
C_thin_12_full_3,full_cube_periodic,connected_same_particle,组3:PAIR:r97:r111,组3,cylinder_contact,r97,r111,97,111,,组3_full_cube_periodic_P0095,组3_full_cube_periodic_P0108,,,0.0,2.938845067991935e-10,0.0,connected,gap<=1.8,capsule_then_flat_cylinder_gjk,0.0,5,True,1.8082998531766482e-12,1.8082998531766482e-12,True,,,,,,
C_thin_12_full_3,full_cube_periodic,connected_same_particle,组3:PAIR:r97:r128,组3,cylinder_contact,r97,r128,97,128,,组3_full_cube_periodic_P0095,组3_full_cube_periodic_P0122,,,0.0,1.482323026214072e-10,0.0,connected,gap<=1.8,capsule_then_flat_cylinder_gjk,0.0,5,True,6.514960105912179e-12,6.514960105912179e-12,True,,,,,,
C_thin_12_full_3,full_cube_periodic,connected_same_particle,组3:PAIR:r99:r192,组3,cylinder_contact,r99,r192,99,192,,组3_full_cube_periodic_P0097,组3_full_cube_periodic_P0169,,,0.0,3.027245418075481e-10,0.0,connected,gap<=1.8,capsule_then_flat_cylinder_gjk,0.0,5,True,9.205299841540664e-13,9.205299841540664e-13,True,,,,,,
C_thin_12_full_3,full_cube_periodic,connected_same_particle,组3:PAIR:r103:r276,组3,cylinder_contact,r103,r276,103,276,,组3_full_cube_periodic_P0100,组3_full_cube_periodic_P0231,,,0.0,1.6091376243116133e-10,0.0,connected,gap<=1.8,capsule_then_flat_cylinder_gjk,0.0,5,True,7.190186943645083e-13,7.190186943645083e-13,True,,,,,,
C_thin_12_full_3,full_cube_periodic,connected_same_particle,组3:PAIR:r105:r251,组3,cylinder_contact,r105,r251,105,251,,组3_full_cube_periodic_P0102,组3_full_cube_periodic_P0212,,,0.0,2.01853438646169e-10,0.0,connected,gap<=1.8,capsule_then_flat_cylinder_gjk,0.0,5,True,5.209785393794664e-13,5.209785393794664e-13,True,,,,,,
C_thin_12_full_3,full_cube_periodic,connected_same_particle,组3:PAIR:r107:r217,组3,cylinder_contact,r107,r217,107,217,,组3_full_cube_periodic_P0104,组3_full_cube_periodic_P0190,,,0.0,3.9632085429811566e-10,0.0,connected,gap<=1.8,capsule_then_flat_cylinder_gjk,0.0,4,True,1.1390866590859189e-12,1.1390866590859189e-12,True,,,,,,
C_thin_12_full_3,full_cube_periodic,connected_same_particle,组3:PAIR:r110:r130,组3,cylinder_contact,r110,r130,110,130,,组3_full_cube_periodic_P0107,组3_full_cube_periodic_P0124,,,0.6696380953875114,0.669638101433795,0.6696380984106531,connected,gap<=1.8,capsule_then_flat_cylinder_gjk,0.6696381011183306,512,False,0.6696381011735096,2.762856499138877e-09,True,,,,,,
C_thin_12_full_3,full_cube_periodic,connected_same_particle,组3:PAIR:r111:r115,组3,cylinder_contact,r111,r115,111,115,,组3_full_cube_periodic_P0108,组3_full_cube_periodic_P0111,,,0.0,2.942220207452614e-10,0.0,connected,gap<=1.8,capsule_then_flat_cylinder_gjk,0.0,4,True,6.233367514443361e-13,6.233367514443361e-13,True,,,,,,
C_thin_12_full_3,full_cube_periodic,connected_same_particle,组3:PAIR:r112:r134,组3,cylinder_contact,r112,r134,112,134,,组3_full_cube_periodic_P0056,组3_full_cube_periodic_P0110,,,0.0,3.56241475281761e-10,0.0,connected,gap<=1.8,capsule_then_flat_cylinder_gjk,0.0,4,True,7.36774916095767e-13,7.36774916095767e-13,True,,,,,,
C_thin_12_full_3,full_cube_periodic,connected_same_particle,组3:PAIR:r117:r137,组3,cylinder_contact,r117,r137,117,137,,组3_full_cube_periodic_P0113,组3_full_cube_periodic_P0103,,,0.0,3.794552966941281e-10,0.0,connected,gap<=1.8,capsule_then_flat_cylinder_gjk,0.0,5,True,4.2537719614005497e-13,4.2537719614005497e-13,True,,,,,,
C_thin_12_full_3,full_cube_periodic,connected_same_particle,组3:PAIR:r119:r166,组3,cylinder_contact,r119,r166,119,166,,组3_full_cube_periodic_P0115,组3_full_cube_periodic_P0148,,,0.0,2.0660564259779076e-10,0.0,connected,gap<=1.8,capsule_then_flat_cylinder_gjk,0.0,4,True,8.098342059535243e-12,8.098342059535243e-12,True,,,,,,
C_thin_12_full_3,full_cube_periodic,connected_same_particle,组3:PAIR:r119:r186,组3,cylinder_contact,r119,r186,119,186,,组3_full_cube_periodic_P0115,组3_full_cube_periodic_P0165,,,0.0,2.0709537867188277e-10,0.0,connected,gap<=1.8,capsule_then_flat_cylinder_gjk,0.0,6,True,9.379164112033322e-13,9.379164112033322e-13,True,,,,,,
C_thin_12_full_3,full_cube_periodic,connected_same_particle,组3:PAIR:r120:r140,组3,cylinder_contact,r120,r140,120,140,,组3_full_cube_periodic_P0116,组3_full_cube_periodic_P0128,,,0.0,2.967317202477125e-10,0.0,connected,gap<=1.8,capsule_then_flat_cylinder_gjk,0.0,4,True,1.1368683772161602e-13,1.1368683772161602e-13,True,,,,,,
C_thin_12_full_3,full_cube_periodic,connected_same_particle,组3:PAIR:r121:r125,组3,cylinder_contact,r121,r125,121,125,,组3_full_cube_periodic_P0117,组3_full_cube_periodic_P0120,,,0.0,4.065400081310672e-10,0.0,connected,gap<=1.8,capsule_then_flat_cylinder_gjk,0.0,5,True,1.256998097431732e-12,1.256998097431732e-12,True,,,,,,
C_thin_12_full_3,full_cube_periodic,connected_same_particle,组3:PAIR:r123:r130,组3,cylinder_contact,r123,r130,123,130,,组3_full_cube_periodic_P0096,组3_full_cube_periodic_P0124,,,0.0,3.1569363569008337e-10,0.0,connected,gap<=1.8,capsule_then_flat_cylinder_gjk,0.0,6,True,1.567064913625725e-12,1.567064913625725e-12,True,,,,,,
C_thin_12_full_3,full_cube_periodic,connected_same_particle,组3:PAIR:r123:r163,组3,cylinder_contact,r123,r163,123,163,,组3_full_cube_periodic_P0096,组3_full_cube_periodic_P0146,,,0.0,3.1559658270769926e-10,0.0,connected,gap<=1.8,capsule_then_flat_cylinder_gjk,0.0,7,True,4.547473508864641e-13,4.547473508864641e-13,True,,,,,,
C_thin_12_full_3,full_cube_periodic,connected_same_particle,组3:PAIR:r126:r163,组3,cylinder_contact,r126,r163,126,163,,组3_full_cube_periodic_P0091,组3_full_cube_periodic_P0146,,,0.0,3.681762968831592e-10,0.0,connected,gap<=1.8,capsule_then_flat_cylinder_gjk,0.0,5,True,5.569494857771083e-13,5.569494857771083e-13,True,,,,,,
C_thin_12_full_3,full_cube_periodic,connected_same_particle,组3:PAIR:r126:r236,组3,cylinder_contact,r126,r236,126,236,,组3_full_cube_periodic_P0091,组3_full_cube_periodic_P0190,,,0.0,3.6822997252685774e-10,0.0,connected,gap<=1.8,capsule_then_flat_cylinder_gjk,0.0,5,True,1.632702903446565e-13,1.632702903446565e-13,True,,,,,,
C_thin_12_full_3,full_cube_periodic,connected_same_particle,组3:PAIR:r133:r158,组3,cylinder_contact,r133,r158,133,158,,组3_full_cube_periodic_P0125,组3_full_cube_periodic_P0141,,,0.0,2.5645532316965793e-10,0.0,connected,gap<=1.8,capsule_then_flat_cylinder_gjk,0.0,4,True,8.987733679556354e-14,8.987733679556354e-14,True,,,,,,
C_thin_12_full_3,full_cube_periodic,connected_same_particle,组3:PAIR:r134:r183,组3,cylinder_contact,r134,r183,134,183,,组3_full_cube_periodic_P0110,组3_full_cube_periodic_P0162,,,0.0,2.8170993678570285e-10,0.0,connected,gap<=1.8,capsule_then_flat_cylinder_gjk,0.0,6,True,1.1138989715542167e-12,1.1138989715542167e-12,True,,,,,,
C_thin_12_full_3,full_cube_periodic,connected_same_particle,组3:PAIR:r135:r171,组3,cylinder_contact,r135,r171,135,171,,组3_full_cube_periodic_P0039,组3_full_cube_periodic_P0048,,,0.0,3.1397551643780504e-10,0.0,connected,gap<=1.8,capsule_then_flat_cylinder_gjk,0.0,5,True,3.1776437161565096e-14,3.1776437161565096e-14,True,,,,,,
C_thin_12_full_3,full_cube_periodic,connected_same_particle,组3:PAIR:r136:r161,组3,cylinder_contact,r136,r161,136,161,,组3_full_cube_periodic_P0088,组3_full_cube_periodic_P0144,,,0.0,3.8791296201352306e-10,0.0,connected,gap<=1.8,capsule_then_flat_cylinder_gjk,0.0,6,True,1.6077746776921858e-13,1.6077746776921858e-13,True,,,,,,
C_thin_12_full_3,full_cube_periodic,connected_same_particle,组3:PAIR:r136:r239,组3,cylinder_contact,r136,r239,136,239,,组3_full_cube_periodic_P0088,组3_full_cube_periodic_P0184,,,0.0,3.8750135889124226e-10,0.0,connected,gap<=1.8,capsule_then_flat_cylinder_gjk,0.0,5,True,4.823324033076557e-13,4.823324033076557e-13,True,,,,,,
C_thin_12_full_3,full_cube_periodic,connected_same_particle,组3:PAIR:r138:r237,组3,cylinder_contact,r138,r237,138,237,,组3_full_cube_periodic_P0126,组3_full_cube_periodic_P0204,,,0.0,2.38309762302247e-10,0.0,connected,gap<=1.8,capsule_then_flat_cylinder_gjk,0.0,5,True,1.4572883336875599e-12,1.4572883336875599e-12,True,,,,,,
C_thin_12_full_3,full_cube_periodic,connected_same_particle,组3:PAIR:r139:r182,组3,cylinder_contact,r139,r182,139,182,,组3_full_cube_periodic_P0127,组3_full_cube_periodic_P0161,,,0.0,1.9621280469889224e-10,0.0,connected,gap<=1.8,capsule_then_flat_cylinder_gjk,0.0,4,True,8.038873388460929e-14,8.038873388460929e-14,True,,,,,,
C_thin_12_full_3,full_cube_periodic,connected_same_particle,组3:PAIR:r139:r188,组3,cylinder_contact,r139,r188,139,188,,组3_full_cube_periodic_P0127,组3_full_cube_periodic_P0167,,,0.0,1.974947238150902e-10,0.0,connected,gap<=1.8,capsule_then_flat_cylinder_gjk,0.0,6,True,3.639754730461873e-13,3.639754730461873e-13,True,,,,,,
C_thin_12_full_3,full_cube_periodic,connected_same_particle,组3:PAIR:r146:r338,组3,cylinder_contact,r146,r338,146,338,,组3_full_cube_periodic_P0130,组3_full_cube_periodic_P0283,,,0.0,1.9700654241512287e-10,0.0,connected,gap<=1.8,capsule_then_flat_cylinder_gjk,0.0,5,True,4.547473508864641e-13,4.547473508864641e-13,True,,,,,,
C_thin_12_full_3,full_cube_periodic,connected_same_particle,组3:PAIR:r148:r162,组3,cylinder_contact,r148,r162,148,162,,组3_full_cube_periodic_P0085,组3_full_cube_periodic_P0145,,,0.0,4.0138241505275145e-10,0.0,connected,gap<=1.8,capsule_then_flat_cylinder_gjk,0.0,5,True,1.1593828079623528e-12,1.1593828079623528e-12,True,,,,,,
C_thin_12_full_3,full_cube_periodic,connected_same_particle,组3:PAIR:r156:r251,组3,cylinder_contact,r156,r251,156,251,,组3_full_cube_periodic_P0139,组3_full_cube_periodic_P0212,,,0.0,2.334041866939208e-10,0.0,connected,gap<=1.8,capsule_then_flat_cylinder_gjk,0.0,5,True,1.1368683772161603e-13,1.1368683772161603e-13,True,,,,,,
C_thin_12_full_3,full_cube_periodic,connected_same_particle,组3:PAIR:r159:r163,组3,cylinder_contact,r159,r163,159,163,,组3_full_cube_periodic_P0142,组3_full_cube_periodic_P0146,,,0.0,2.976863816857135e-10,0.0,connected,gap<=1.8,capsule_then_flat_cylinder_gjk,0.0,5,True,1.2505552149377761e-12,1.2505552149377761e-12,True,,,,,,
C_thin_12_full_3,full_cube_periodic,connected_same_particle,组3:PAIR:r159:r197,组3,cylinder_contact,r159,r197,159,197,,组3_full_cube_periodic_P0142,组3_full_cube_periodic_P0166,,,0.0,2.919374556727555e-10,0.0,connected,gap<=1.8,capsule_then_flat_cylinder_gjk,0.0,4,True,9.812236146964348e-11,9.812236146964348e-11,True,,,,,,
C_thin_12_full_3,full_cube_periodic,connected_same_particle,组3:PAIR:r160:r209,组3,cylinder_contact,r160,r209,160,209,,组3_full_cube_periodic_P0143,组3_full_cube_periodic_P0183,,,0.0,2.8550548753148186e-10,0.0,connected,gap<=1.8,capsule_then_flat_cylinder_gjk,0.0,4,True,1.2834101332393602e-13,1.2834101332393602e-13,True,,,,,,
C_thin_12_full_3,full_cube_periodic,connected_same_particle,组3:PAIR:r161:r239,组3,cylinder_contact,r161,r239,161,239,,组3_full_cube_periodic_P0144,组3_full_cube_periodic_P0184,,,0.0,3.623870043462374e-10,0.0,connected,gap<=1.8,capsule_then_flat_cylinder_gjk,0.0,7,True,1.140188868083145e-11,1.140188868083145e-11,True,,,,,,
C_thin_12_full_3,full_cube_periodic,connected_same_particle,组3:PAIR:r162:r192,组3,cylinder_contact,r162,r192,162,192,,组3_full_cube_periodic_P0145,组3_full_cube_periodic_P0169,,,0.0,3.1407369772378633e-10,0.0,connected,gap<=1.8,capsule_then_flat_cylinder_gjk,0.0,4,True,2.604892696897332e-13,2.604892696897332e-13,True,,,,,,
C_thin_12_full_3,full_cube_periodic,connected_same_particle,组3:PAIR:r164:r178,组3,cylinder_contact,r164,r178,164,178,,组3_full_cube_periodic_P0138,组3_full_cube_periodic_P0158,,,0.0,3.258441145259948e-10,0.0,connected,gap<=1.8,capsule_then_flat_cylinder_gjk,0.0,6,True,3.938227581713539e-13,3.938227581713539e-13,True,,,,,,
C_thin_12_full_3,full_cube_periodic,connected_same_particle,组3:PAIR:r167:r211,组3,cylinder_contact,r167,r211,167,211,,组3_full_cube_periodic_P0149,组3_full_cube_periodic_P0076,,,0.0,3.349077392926414e-10,0.0,connected,gap<=1.8,capsule_then_flat_cylinder_gjk,0.0,4,True,3.457613971339155e-11,3.457613971339155e-11,True,,,,,,
C_thin_12_full_3,full_cube_periodic,connected_same_particle,组3:PAIR:r169:r175,组3,cylinder_contact,r169,r175,169,175,,组3_full_cube_periodic_P0151,组3_full_cube_periodic_P0131,,,0.0,3.680848773732284e-10,0.0,connected,gap<=1.8,capsule_then_flat_cylinder_gjk,0.0,5,True,5.209785393794665e-13,5.209785393794665e-13,True,,,,,,
C_thin_12_full_3,full_cube_periodic,connected_same_particle,组3:PAIR:r172:r195,组3,cylinder_contact,r172,r195,172,195,,组3_full_cube_periodic_P0153,组3_full_cube_periodic_P0172,,,0.0,2.61479058754282e-10,0.0,connected,gap<=1.8,capsule_then_flat_cylinder_gjk,0.0,4,True,7.731540852509763e-13,7.731540852509763e-13,True,,,,,,
C_thin_12_full_3,full_cube_periodic,connected_same_particle,组3:PAIR:r172:r357,组3,cylinder_contact,r172,r357,172,357,,组3_full_cube_periodic_P0153,组3_full_cube_periodic_P0234,,,0.0,2.544085043819076e-10,0.0,connected,gap<=1.8,capsule_then_flat_cylinder_gjk,0.0,5,True,1.0267281065914884e-12,1.0267281065914884e-12,True,,,,,,
C_thin_12_full_3,full_cube_periodic,connected_same_particle,组3:PAIR:r174:r318,组3,cylinder_contact,r174,r318,174,318,,组3_full_cube_periodic_P0155,组3_full_cube_periodic_P0264,,,0.6787506345906529,0.6787506392934962,0.6787506369420746,connected,gap<=1.8,capsule_then_flat_cylinder_gjk,0.6787506389011781,512,False,0.6787506392675574,2.325482806320167e-09,True,,,,,,
C_thin_12_full_3,full_cube_periodic,connected_same_particle,组3:PAIR:r176:r211,组3,cylinder_contact,r176,r211,176,211,,组3_full_cube_periodic_P0156,组3_full_cube_periodic_P0076,,,0.0,3.262679948635211e-10,0.0,connected,gap<=1.8,capsule_then_flat_cylinder_gjk,0.0,5,True,9.099386826154683e-13,9.099386826154683e-13,True,,,,,,
C_thin_12_full_3,full_cube_periodic,connected_same_particle,组3:PAIR:r178:r198,组3,cylinder_contact,r178,r198,178,198,,组3_full_cube_periodic_P0158,组3_full_cube_periodic_P0174,,,0.0,2.1286491858327163e-10,0.0,connected,gap<=1.8,capsule_then_flat_cylinder_gjk,0.0,4,True,6.355287432313019e-14,6.355287432313019e-14,True,,,,,,
C_thin_12_full_3,full_cube_periodic,connected_same_particle,组3:PAIR:r179:r183,组3,cylinder_contact,r179,r183,179,183,,组3_full_cube_periodic_P0159,组3_full_cube_periodic_P0162,,,0.0,2.2523409545231027e-10,0.0,connected,gap<=1.8,capsule_then_flat_cylinder_gjk,0.0,6,True,1.686439916067154e-11,1.686439916067154e-11,True,,,,,,
C_thin_12_full_3,full_cube_periodic,connected_same_particle,组3:PAIR:r180:r201,组3,cylinder_contact,r180,r201,180,201,,组3_full_cube_periodic_P0160,组3_full_cube_periodic_P0175,,,0.0,4.152474931634385e-10,0.0,connected,gap<=1.8,capsule_then_flat_cylinder_gjk,0.0,4,True,2.2737367544323203e-13,2.2737367544323203e-13,True,,,,,,
C_thin_12_full_3,full_cube_periodic,connected_same_particle,组3:PAIR:r182:r225,组3,cylinder_contact,r182,r225,182,225,,组3_full_cube_periodic_P0161,组3_full_cube_periodic_P0197,,,0.0,2.131470492514262e-10,0.0,connected,gap<=1.8,capsule_then_flat_cylinder_gjk,0.0,4,True,3.938227581713539e-13,3.938227581713539e-13,True,,,,,,
C_thin_12_full_3,full_cube_periodic,connected_same_particle,组3:PAIR:r182:r279,组3,cylinder_contact,r182,r279,182,279,,组3_full_cube_periodic_P0161,组3_full_cube_periodic_P0234,,,0.0,2.2887915767778175e-10,0.0,connected,gap<=1.8,capsule_then_flat_cylinder_gjk,0.0,5,True,7.447483735586253e-10,7.447483735586253e-10,True,,,,,,
C_thin_12_full_3,full_cube_periodic,connected_same_particle,组3:PAIR:r188:r225,组3,cylinder_contact,r188,r225,188,225,,组3_full_cube_periodic_P0167,组3_full_cube_periodic_P0197,,,0.0,2.1369379884965107e-10,0.0,connected,gap<=1.8,capsule_then_flat_cylinder_gjk,0.0,5,True,7.36774916095767e-13,7.36774916095767e-13,True,,,,,,
C_thin_12_full_3,full_cube_periodic,connected_same_particle,组3:PAIR:r188:r286,组3,cylinder_contact,r188,r286,188,286,,组3_full_cube_periodic_P0167,组3_full_cube_periodic_P0240,,,0.0,1.7356942236517622e-10,0.0,connected,gap<=1.8,capsule_then_flat_cylinder_gjk,0.0,5,True,1.1368683772161605e-12,1.1368683772161605e-12,True,,,,,,
C_thin_12_full_3,full_cube_periodic,connected_same_particle,组3:PAIR:r190:r197,组3,cylinder_contact,r190,r197,190,197,,组3_full_cube_periodic_P0168,组3_full_cube_periodic_P0166,,,0.0,2.852692715541051e-10,0.0,connected,gap<=1.8,capsule_then_flat_cylinder_gjk,0.0,5,True,1.2710574864626038e-13,1.2710574864626038e-13,True,,,,,,
C_thin_12_full_3,full_cube_periodic,connected_same_particle,组3:PAIR:r205:r218,组3,cylinder_contact,r205,r218,205,218,,组3_full_cube_periodic_P0179,组3_full_cube_periodic_P0191,,,0.0,1.8071373931148645e-10,0.0,connected,gap<=1.8,capsule_then_flat_cylinder_gjk,0.0,6,True,1.6043167557196118e-12,1.6043167557196118e-12,True,,,,,,
C_thin_12_full_3,full_cube_periodic,connected_same_particle,组3:PAIR:r205:r287,组3,cylinder_contact,r205,r287,205,287,,组3_full_cube_periodic_P0179,组3_full_cube_periodic_P0241,,,0.0,1.8041168995357442e-10,0.0,connected,gap<=1.8,capsule_then_flat_cylinder_gjk,0.0,5,True,5.82471714435519e-13,5.82471714435519e-13,True,,,,,,
C_thin_12_full_3,full_cube_periodic,connected_same_particle,组3:PAIR:r208:r305,组3,cylinder_contact,r208,r305,208,305,,组3_full_cube_periodic_P0182,组3_full_cube_periodic_P0256,,,1.7786710844844462,1.7786710872937999,1.778671085889123,connected,gap<=1.8,capsule_then_flat_cylinder_gjk,1.7786710871068863,12,False,1.778671087142672,1.2535490423459805e-09,True,,,,,,
C_thin_12_full_3,full_cube_periodic,connected_same_particle,组3:PAIR:r213:r287,组3,cylinder_contact,r213,r287,213,287,,组3_full_cube_periodic_P0186,组3_full_cube_periodic_P0241,,,0.0,1.8930594595804609e-10,0.0,connected,gap<=1.8,capsule_then_flat_cylinder_gjk,0.0,4,True,5.362597410144533e-13,5.362597410144533e-13,True,,,,,,
C_thin_12_full_3,full_cube_periodic,connected_same_particle,组3:PAIR:r213:r364,组3,cylinder_contact,r213,r364,213,364,,组3_full_cube_periodic_P0186,组3_full_cube_periodic_P0289,,,0.0,2.1663299905383626e-10,0.0,connected,gap<=1.8,capsule_then_flat_cylinder_gjk,0.0,5,True,2.49399488080602e-13,2.49399488080602e-13,True,,,,,,
C_thin_12_full_3,full_cube_periodic,connected_same_particle,组3:PAIR:r218:r266,组3,cylinder_contact,r218,r266,218,266,,组3_full_cube_periodic_P0191,组3_full_cube_periodic_P0223,,,0.0,1.685150038897927e-10,0.0,connected,gap<=1.8,capsule_then_flat_cylinder_gjk,0.0,6,True,1.7053025658242404e-13,1.7053025658242404e-13,True,,,,,,
C_thin_12_full_3,full_cube_periodic,connected_same_particle,组3:PAIR:r218:r287,组3,cylinder_contact,r218,r287,218,287,,组3_full_cube_periodic_P0191,组3_full_cube_periodic_P0241,,,0.0,1.6388461110316699e-10,0.0,connected,gap<=1.8,capsule_then_flat_cylinder_gjk,0.0,6,True,2.2737367544323206e-13,2.2737367544323206e-13,True,,,,,,
C_thin_12_full_3,full_cube_periodic,connected_same_particle,组3:PAIR:r218:r353,组3,cylinder_contact,r218,r353,218,353,,组3_full_cube_periodic_P0191,组3_full_cube_periodic_P0296,,,0.0,2.3341933865593414e-10,0.0,connected,gap<=1.8,capsule_then_flat_cylinder_gjk,0.0,5,True,4.151126638648695e-12,4.151126638648695e-12,True,,,,,,
C_thin_12_full_3,full_cube_periodic,connected_same_particle,组3:PAIR:r223:r301,组3,cylinder_contact,r223,r301,223,301,,组3_full_cube_periodic_P0195,组3_full_cube_periodic_P0253,,,0.0,1.9295238210326363e-10,0.0,connected,gap<=1.8,capsule_then_flat_cylinder_gjk,0.0,6,True,1.628063766540671e-09,1.628063766540671e-09,True,,,,,,
C_thin_12_full_3,full_cube_periodic,connected_same_particle,组3:PAIR:r225:r319,组3,cylinder_contact,r225,r319,225,319,,组3_full_cube_periodic_P0197,组3_full_cube_periodic_P0265,,,0.0,2.375253215042492e-10,0.0,connected,gap<=1.8,capsule_then_flat_cylinder_gjk,0.0,5,True,5.084229945850415e-13,5.084229945850415e-13,True,,,,,,
C_thin_12_full_3,full_cube_periodic,connected_same_particle,组3:PAIR:r226:r240,组3,cylinder_contact,r226,r240,226,240,,组3_full_cube_periodic_P0198,组3_full_cube_periodic_P0206,,,0.0,2.396214031971352e-10,0.0,connected,gap<=1.8,capsule_then_flat_cylinder_gjk,0.0,6,True,1.212844625419613e-12,1.212844625419613e-12,True,,,,,,
C_thin_12_full_3,full_cube_periodic,connected_same_particle,组3:PAIR:r227:r273,组3,cylinder_contact,r227,r273,227,273,,组3_full_cube_periodic_P0199,组3_full_cube_periodic_P0230,,,0.0,2.9168753663635964e-10,0.0,connected,gap<=1.8,capsule_then_flat_cylinder_gjk,0.0,4,True,2.5579538487363607e-13,2.5579538487363607e-13,True,,,,,,
C_thin_12_full_3,full_cube_periodic,connected_same_particle,组3:PAIR:r227:r297,组3,cylinder_contact,r227,r297,227,297,,组3_full_cube_periodic_P0199,组3_full_cube_periodic_P0250,,,0.0,2.923306465074365e-10,0.0,connected,gap<=1.8,capsule_then_flat_cylinder_gjk,0.0,4,True,1.632702903446565e-13,1.632702903446565e-13,True,,,,,,
C_thin_12_full_3,full_cube_periodic,connected_same_particle,组3:PAIR:r229:r283,组3,cylinder_contact,r229,r283,229,283,,组3_full_cube_periodic_P0135,组3_full_cube_periodic_P0238,,,0.0,2.9094623998356114e-10,0.0,connected,gap<=1.8,capsule_then_flat_cylinder_gjk,0.0,4,True,4.617981178760124e-13,4.617981178760124e-13,True,,,,,,
C_thin_12_full_3,full_cube_periodic,connected_same_particle,组3:PAIR:r235:r323,组3,cylinder_contact,r235,r323,235,323,,组3_full_cube_periodic_P0205,组3_full_cube_periodic_P0269,,,0.0,3.0650279439901365e-10,0.0,connected,gap<=1.8,capsule_then_flat_cylinder_gjk,0.0,6,True,7.626344918775623e-13,7.626344918775623e-13,True,,,,,,
C_thin_12_full_3,full_cube_periodic,connected_same_particle,组3:PAIR:r235:r364,组3,cylinder_contact,r235,r364,235,364,,组3_full_cube_periodic_P0205,组3_full_cube_periodic_P0289,,,0.0,2.532451079585132e-10,0.0,connected,gap<=1.8,capsule_then_flat_cylinder_gjk,0.0,5,True,3.215549355384371e-13,3.215549355384371e-13,True,,,,,,
C_thin_12_full_3,full_cube_periodic,connected_same_particle,组3:PAIR:r240:r316,组3,cylinder_contact,r240,r316,240,316,,组3_full_cube_periodic_P0206,组3_full_cube_periodic_P0263,,,0.0,2.209260186921251e-10,0.0,connected,gap<=1.8,capsule_then_flat_cylinder_gjk,0.0,6,True,1.1457157353758233e-13,1.1457157353758233e-13,True,,,,,,
C_thin_12_full_3,full_cube_periodic,connected_same_particle,组3:PAIR:r240:r389,组3,cylinder_contact,r240,r389,240,389,,组3_full_cube_periodic_P0206,组3_full_cube_periodic_P0318,,,0.0,2.685357951485943e-10,0.0,connected,gap<=1.8,capsule_then_flat_cylinder_gjk,0.0,5,True,3.5950934718225415e-13,3.5950934718225415e-13,True,,,,,,
C_thin_12_full_3,full_cube_periodic,connected_same_particle,组3:PAIR:r244:r248,组3,cylinder_contact,r244,r248,244,248,,组3_full_cube_periodic_P0208,组3_full_cube_periodic_P0163,,,0.0,2.9305337103152396e-10,0.0,connected,gap<=1.8,capsule_then_flat_cylinder_gjk,0.0,6,True,6.278560827688159e-13,6.278560827688159e-13,True,,,,,,
C_thin_12_full_3,full_cube_periodic,connected_same_particle,组3:PAIR:r244:r254,组3,cylinder_contact,r244,r254,244,254,,组3_full_cube_periodic_P0208,组3_full_cube_periodic_P0180,,,0.0,2.9623390581094036e-10,0.0,connected,gap<=1.8,capsule_then_flat_cylinder_gjk,0.0,4,True,7.78360568894479e-14,7.78360568894479e-14,True,,,,,,
C_thin_12_full_3,full_cube_periodic,connected_same_particle,组3:PAIR:r248:r254,组3,cylinder_contact,r248,r254,248,254,,组3_full_cube_periodic_P0163,组3_full_cube_periodic_P0180,,,0.0,2.9551367933102037e-10,0.0,connected,gap<=1.8,capsule_then_flat_cylinder_gjk,0.0,4,True,7.279509460923747e-13,7.279509460923747e-13,True,,,,,,
C_thin_12_full_3,full_cube_periodic,connected_same_particle,组3:PAIR:r251:r266,组3,cylinder_contact,r251,r266,251,266,,组3_full_cube_periodic_P0212,组3_full_cube_periodic_P0223,,,0.0,1.824541306788274e-10,0.0,connected,gap<=1.8,capsule_then_flat_cylinder_gjk,0.0,4,True,3.410605131648481e-13,3.410605131648481e-13,True,,,,,,
C_thin_12_full_3,full_cube_periodic,connected_same_particle,组3:PAIR:r251:r274,组3,cylinder_contact,r251,r274,251,274,,组3_full_cube_periodic_P0212,组3_full_cube_periodic_P0147,,,0.0,2.607521111882691e-10,0.0,connected,gap<=1.8,capsule_then_flat_cylinder_gjk,0.0,4,True,8.354242286656624e-13,8.354242286656624e-13,True,,,,,,
C_thin_12_full_3,full_cube_periodic,connected_same_particle,组3:PAIR:r257:r291,组3,cylinder_contact,r257,r291,257,291,,组3_full_cube_periodic_P0217,组3_full_cube_periodic_P0245,,,0.0,2.0842647623098825e-10,0.0,connected,gap<=1.8,capsule_then_flat_cylinder_gjk,0.0,5,True,7.031142602530156e-13,7.031142602530156e-13,True,,,,,,
C_thin_12_full_3,full_cube_periodic,connected_same_particle,组3:PAIR:r257:r315,组3,cylinder_contact,r257,r315,257,315,,组3_full_cube_periodic_P0217,组3_full_cube_periodic_P0262,,,0.0,1.8671020428083936e-10,0.0,connected,gap<=1.8,capsule_then_flat_cylinder_gjk,0.0,5,True,3.177643716156509e-13,3.177643716156509e-13,True,,,,,,
C_thin_12_full_3,full_cube_periodic,connected_same_particle,组3:PAIR:r259:r330,组3,cylinder_contact,r259,r330,259,330,,组3_full_cube_periodic_P0218,组3_full_cube_periodic_P0276,,,0.0,1.4511157245606337e-10,0.0,connected,gap<=1.8,capsule_then_flat_cylinder_gjk,0.0,6,True,9.25343817704044e-13,9.25343817704044e-13,True,,,,,,
C_thin_12_full_3,full_cube_periodic,connected_same_particle,组3:PAIR:r262:r423,组3,cylinder_contact,r262,r423,262,423,,组3_full_cube_periodic_P0220,组3_full_cube_periodic_P0335,,,0.0,2.1765580931130912e-10,0.0,connected,gap<=1.8,capsule_then_flat_cylinder_gjk,0.0,5,True,9.54563326089707e-13,9.54563326089707e-13,True,,,,,,
C_thin_12_full_3,full_cube_periodic,connected_same_particle,组3:PAIR:r265:r278,组3,cylinder_contact,r265,r278,265,278,,组3_full_cube_periodic_P0185,组3_full_cube_periodic_P0233,,,0.0,2.9801955429294825e-10,0.0,connected,gap<=1.8,capsule_then_flat_cylinder_gjk,0.0,4,True,1.4210854715202004e-14,1.4210854715202004e-14,True,,,,,,
C_thin_12_full_3,full_cube_periodic,connected_same_particle,组3:PAIR:r267:r414,组3,cylinder_contact,r267,r414,267,414,,组3_full_cube_periodic_P0224,组3_full_cube_periodic_P0326,,,0.0,3.56267730543135e-10,0.0,connected,gap<=1.8,capsule_then_flat_cylinder_gjk,0.0,5,True,1.392373714442771e-13,1.392373714442771e-13,True,,,,,,
C_thin_12_full_3,full_cube_periodic,connected_same_particle,组3:PAIR:r269:r317,组3,cylinder_contact,r269,r317,269,317,,组3_full_cube_periodic_P0226,组3_full_cube_periodic_P0198,,,0.0,2.698550043861707e-10,0.0,connected,gap<=1.8,capsule_then_flat_cylinder_gjk,0.0,6,True,4.591667681496436e-13,4.591667681496436e-13,True,,,,,,
C_thin_12_full_3,full_cube_periodic,connected_same_particle,组3:PAIR:r275:r296,组3,cylinder_contact,r275,r296,275,296,,组3_full_cube_periodic_P0216,组3_full_cube_periodic_P0249,,,0.0,2.5016335154441323e-10,0.0,connected,gap<=1.8,capsule_then_flat_cylinder_gjk,0.0,5,True,6.915300366811402e-13,6.915300366811402e-13,True,,,,,,
C_thin_12_full_3,full_cube_periodic,connected_same_particle,组3:PAIR:r278:r302,组3,cylinder_contact,r278,r302,278,302,,组3_full_cube_periodic_P0233,组3_full_cube_periodic_P0230,,,0.0,3.705586404203881e-10,0.0,connected,gap<=1.8,capsule_then_flat_cylinder_gjk,0.0,5,True,4.602649920770332e-13,4.602649920770332e-13,True,,,,,,
C_thin_12_full_3,full_cube_periodic,connected_same_particle,组3:PAIR:r279:r319,组3,cylinder_contact,r279,r319,279,319,,组3_full_cube_periodic_P0234,组3_full_cube_periodic_P0265,,,0.0,2.3757270128329836e-10,0.0,connected,gap<=1.8,capsule_then_flat_cylinder_gjk,0.0,4,True,2.8421709430404007e-13,2.8421709430404007e-13,True,,,,,,
C_thin_12_full_3,full_cube_periodic,connected_same_particle,组3:PAIR:r280:r308,组3,cylinder_contact,r280,r308,280,308,,组3_full_cube_periodic_P0235,组3_full_cube_periodic_P0258,,,0.0,2.5829724083158627e-10,0.0,connected,gap<=1.8,capsule_then_flat_cylinder_gjk,0.0,6,True,1.4559018921847493e-12,1.4559018921847493e-12,True,,,,,,
C_thin_12_full_3,full_cube_periodic,connected_same_particle,组3:PAIR:r285:r294,组3,cylinder_contact,r285,r294,285,294,,组3_full_cube_periodic_P0177,组3_full_cube_periodic_P0247,,,0.0,3.177437386588334e-10,0.0,connected,gap<=1.8,capsule_then_flat_cylinder_gjk,0.0,5,True,1.449228509952941e-13,1.449228509952941e-13,True,,,,,,
C_thin_12_full_3,full_cube_periodic,connected_same_particle,组3:PAIR:r295:r451,组3,cylinder_contact,r295,r451,295,451,,组3_full_cube_periodic_P0248,组3_full_cube_periodic_P0344,,,1.4529593453894278,1.452959348626191,1.4529593470078095,connected,gap<=1.8,capsule_then_flat_cylinder_gjk,1.4529593482501113,11,False,1.4529593482498315,1.2420220407705074e-09,True,,,,,,
C_thin_12_full_3,full_cube_periodic,connected_same_particle,组3:PAIR:r297:r438,组3,cylinder_contact,r297,r438,297,438,,组3_full_cube_periodic_P0250,组3_full_cube_periodic_P0340,,,0.0,3.2335519616026216e-10,0.0,connected,gap<=1.8,capsule_then_flat_cylinder_gjk,0.0,4,True,8.507543922801099e-13,8.507543922801099e-13,True,,,,,,
C_thin_12_full_3,full_cube_periodic,connected_same_particle,组3:PAIR:r305:r330,组3,cylinder_contact,r305,r330,305,330,,组3_full_cube_periodic_P0256,组3_full_cube_periodic_P0276,,,0.0,1.5107499996738364e-10,0.0,connected,gap<=1.8,capsule_then_flat_cylinder_gjk,0.0,4,True,7.190186943645083e-13,7.190186943645083e-13,True,,,,,,
C_thin_12_full_3,full_cube_periodic,connected_same_particle,组3:PAIR:r307:r481,组3,cylinder_contact,r307,r481,307,481,,组3_full_cube_periodic_P0257,组3_full_cube_periodic_P0055,,,0.0,2.4618112744401226e-10,0.0,connected,gap<=1.8,capsule_then_flat_cylinder_gjk,0.0,5,True,9.166827466555184e-13,9.166827466555184e-13,True,,,,,,
C_thin_12_full_3,full_cube_periodic,connected_same_particle,组3:PAIR:r310:r319,组3,cylinder_contact,r310,r319,310,319,,组3_full_cube_periodic_P0247,组3_full_cube_periodic_P0265,,,0.0,2.367455331942225e-10,0.0,connected,gap<=1.8,capsule_then_flat_cylinder_gjk,0.0,4,True,2.1457920056692358e-13,2.1457920056692358e-13,True,,,,,,
C_thin_12_full_3,full_cube_periodic,connected_same_particle,组3:PAIR:r311:r398,组3,cylinder_contact,r311,r398,311,398,,组3_full_cube_periodic_P0259,组3_full_cube_periodic_P0322,,,0.0,2.669711402285452e-10,0.0,connected,gap<=1.8,capsule_then_flat_cylinder_gjk,0.0,4,True,4.687428401686771e-13,4.687428401686771e-13,True,,,,,,
C_thin_12_full_3,full_cube_periodic,connected_same_particle,组3:PAIR:r313:r380,组3,cylinder_contact,r313,r380,313,380,,组3_full_cube_periodic_P0260,组3_full_cube_periodic_P0311,,,0.0,3.1414922605195625e-10,0.0,connected,gap<=1.8,capsule_then_flat_cylinder_gjk,0.0,5,True,2.2422549276730047e-12,2.2422549276730047e-12,True,,,,,,
C_thin_12_full_3,full_cube_periodic,connected_same_particle,组3:PAIR:r318:r323,组3,cylinder_contact,r318,r323,318,323,,组3_full_cube_periodic_P0264,组3_full_cube_periodic_P0269,,,0.0,3.063186714432367e-10,0.0,connected,gap<=1.8,capsule_then_flat_cylinder_gjk,0.0,5,True,5.209785393794664e-13,5.209785393794664e-13,True,,,,,,
C_thin_12_full_3,full_cube_periodic,connected_same_particle,组3:PAIR:r320:r341,组3,cylinder_contact,r320,r341,320,341,,组3_full_cube_periodic_P0266,组3_full_cube_periodic_P0286,,,0.0,1.4312323574856354e-10,0.0,connected,gap<=1.8,capsule_then_flat_cylinder_gjk,0.0,5,True,8.921056211695389e-11,8.921056211695389e-11,True,,,,,,
C_thin_12_full_3,full_cube_periodic,connected_same_particle,组3:PAIR:r320:r486,组3,cylinder_contact,r320,r486,320,486,,组3_full_cube_periodic_P0266,组3_full_cube_periodic_P0354,,,1.2065018440911464,1.2065018445999443,1.2065018443455453,connected,gap<=1.8,capsule_then_flat_cylinder_gjk,0.0,36,True,1.2065018443719102,2.6364910254983442e-11,True,,,,,,
C_thin_12_full_3,full_cube_periodic,connected_same_particle,组3:PAIR:r322:r326,组3,cylinder_contact,r322,r326,322,326,,组3_full_cube_periodic_P0268,组3_full_cube_periodic_P0272,,,0.0,1.4257706489324667e-10,0.0,connected,gap<=1.8,capsule_then_flat_cylinder_gjk,0.0,5,True,9.235962357520249e-13,9.235962357520249e-13,True,,,,,,
C_thin_12_full_3,full_cube_periodic,connected_same_particle,组3:PAIR:r322:r330,组3,cylinder_contact,r322,r330,322,330,,组3_full_cube_periodic_P0268,组3_full_cube_periodic_P0276,,,0.0,1.4497795171338934e-10,0.0,connected,gap<=1.8,capsule_then_flat_cylinder_gjk,0.0,4,True,4.687428401686771e-13,4.687428401686771e-13,True,,,,,,
C_thin_12_full_3,full_cube_periodic,connected_same_particle,组3:PAIR:r325:r375,组3,cylinder_contact,r325,r375,325,375,,组3_full_cube_periodic_P0271,组3_full_cube_periodic_P0308,,,0.0,1.6234731147628353e-10,0.0,connected,gap<=1.8,capsule_then_flat_cylinder_gjk,0.0,5,True,2.2737367544323206e-13,2.2737367544323206e-13,True,,,,,,
C_thin_12_full_3,full_cube_periodic,connected_same_particle,组3:PAIR:r326:r330,组3,cylinder_contact,r326,r330,326,330,,组3_full_cube_periodic_P0272,组3_full_cube_periodic_P0276,,,0.0,1.5469338570899601e-10,0.0,connected,gap<=1.8,capsule_then_flat_cylinder_gjk,0.0,4,True,3.9382275817135387e-13,3.9382275817135387e-13,True,,,,,,
C_thin_12_full_3,full_cube_periodic,connected_same_particle,组3:PAIR:r340:r400,组3,cylinder_contact,r340,r400,340,400,,组3_full_cube_periodic_P0285,组3_full_cube_periodic_P0017,,,0.0,3.684163832082509e-10,0.0,connected,gap<=1.8,capsule_then_flat_cylinder_gjk,0.0,4,True,9.205299841540664e-13,9.205299841540664e-13,True,,,,,,
C_thin_12_full_3,full_cube_periodic,connected_same_particle,组3:PAIR:r342:r343,组3,cylinder_contact,r342,r343,342,343,,组3_full_cube_periodic_P0287,组3_full_cube_periodic_P0288,,,0.0,2.400318333864524e-10,0.0,connected,gap<=1.8,capsule_then_flat_cylinder_gjk,0.0,4,True,1.1138989715542167e-12,1.1138989715542167e-12,True,,,,,,
C_thin_12_full_3,full_cube_periodic,connected_same_particle,组3:PAIR:r345:r355,组3,cylinder_contact,r345,r355,345,355,,组3_full_cube_periodic_P0290,组3_full_cube_periodic_P0298,,,0.0,2.3640777920416116e-10,0.0,connected,gap<=1.8,capsule_then_flat_cylinder_gjk,0.0,5,True,1.2912342630898533e-12,1.2912342630898533e-12,True,,,,,,
C_thin_12_full_3,full_cube_periodic,connected_same_particle,组3:PAIR:r345:r386,组3,cylinder_contact,r345,r386,345,386,,组3_full_cube_periodic_P0290,组3_full_cube_periodic_P0316,,,0.0,2.358393450155531e-10,0.0,connected,gap<=1.8,capsule_then_flat_cylinder_gjk,0.0,4,True,4.749984274667112e-10,4.749984274667112e-10,True,,,,,,
C_thin_12_full_3,full_cube_periodic,connected_same_particle,组3:PAIR:r349:r369,组3,cylinder_contact,r349,r369,349,369,,组3_full_cube_periodic_P0293,组3_full_cube_periodic_P0305,,,0.0,2.47756972998614e-10,0.0,connected,gap<=1.8,capsule_then_flat_cylinder_gjk,0.0,6,True,6.967667714054224e-13,6.967667714054224e-13,True,,,,,,
C_thin_12_full_3,full_cube_periodic,connected_same_particle,组3:PAIR:r349:r397,组3,cylinder_contact,r349,r397,349,397,,组3_full_cube_periodic_P0293,组3_full_cube_periodic_P0304,,,0.0,2.6031819486092913e-10,0.0,connected,gap<=1.8,capsule_then_flat_cylinder_gjk,0.0,4,True,4.238933840384142e-12,4.238933840384142e-12,True,,,,,,
C_thin_12_full_3,full_cube_periodic,connected_same_particle,组3:PAIR:r353:r453,组3,cylinder_contact,r353,r453,353,453,,组3_full_cube_periodic_P0296,组3_full_cube_periodic_P0345,,,0.0,2.5768936463731633e-10,0.0,connected,gap<=1.8,capsule_then_flat_cylinder_gjk,0.0,4,True,2.0495186137532014e-13,2.0495186137532014e-13,True,,,,,,
C_thin_12_full_3,full_cube_periodic,connected_same_particle,组3:PAIR:r354:r358,组3,cylinder_contact,r354,r358,354,358,,组3_full_cube_periodic_P0297,组3_full_cube_periodic_P0176,,,0.0,2.775583005623495e-10,0.0,connected,gap<=1.8,capsule_then_flat_cylinder_gjk,0.0,5,True,1.7975467359112708e-13,1.7975467359112708e-13,True,,,,,,
C_thin_12_full_3,full_cube_periodic,connected_same_particle,组3:PAIR:r359:r360,组3,cylinder_contact,r359,r360,359,360,,组3_full_cube_periodic_P0299,组3_full_cube_periodic_P0300,,,0.0,2.456481369825429e-10,0.0,connected,gap<=1.8,capsule_then_flat_cylinder_gjk,0.0,4,True,0.0,0.0,True,,,,,,
C_thin_12_full_3,full_cube_periodic,connected_same_particle,组3:PAIR:r369:r430,组3,cylinder_contact,r369,r430,369,430,,组3_full_cube_periodic_P0305,组3_full_cube_periodic_P0038,,,0.0,2.613156070377339e-10,0.0,connected,gap<=1.8,capsule_then_flat_cylinder_gjk,0.0,5,True,5.6843418860808e-13,5.6843418860808e-13,True,,,,,,
C_thin_12_full_3,full_cube_periodic,connected_same_particle,组3:PAIR:r379:r502,组3,cylinder_contact,r379,r502,379,502,,组3_full_cube_periodic_P0310,组3_full_cube_periodic_P0053,,,0.0,3.396179140685914e-10,0.0,connected,gap<=1.8,capsule_then_flat_cylinder_gjk,0.0,5,True,4.687428401686771e-13,4.687428401686771e-13,True,,,,,,
C_thin_12_full_3,full_cube_periodic,connected_same_particle,组3:PAIR:r381:r390,组3,cylinder_contact,r381,r390,381,390,,组3_full_cube_periodic_P0312,组3_full_cube_periodic_P0078,,,0.0,3.2983939788742185e-10,0.0,connected,gap<=1.8,capsule_then_flat_cylinder_gjk,0.0,4,True,2.4290171290001005e-12,2.4290171290001005e-12,True,,,,,,
C_thin_12_full_3,full_cube_periodic,connected_same_particle,组3:PAIR:r382:r481,组3,cylinder_contact,r382,r481,382,481,,组3_full_cube_periodic_P0313,组3_full_cube_periodic_P0055,,,0.0,2.4624864434485803e-10,0.0,connected,gap<=1.8,capsule_then_flat_cylinder_gjk,0.0,5,True,7.279509460923745e-13,7.279509460923745e-13,True,,,,,,
C_thin_12_full_3,full_cube_periodic,connected_same_particle,组3:PAIR:r384:r395,组3,cylinder_contact,r384,r395,384,395,,组3_full_cube_periodic_P0314,组3_full_cube_periodic_P0015,,,0.0,3.2483848930774674e-10,0.0,connected,gap<=1.8,capsule_then_flat_cylinder_gjk,0.0,6,True,6.12222357532858e-13,6.12222357532858e-13,True,,,,,,
C_thin_12_full_3,full_cube_periodic,connected_same_particle,组3:PAIR:r391:r474,组3,cylinder_contact,r391,r474,391,474,,组3_full_cube_periodic_P0319,组3_full_cube_periodic_P0051,,,0.0,2.448318953786431e-10,0.0,connected,gap<=1.8,capsule_then_flat_cylinder_gjk,0.0,4,True,8.889454746300438e-13,8.889454746300438e-13,True,,,,,,
C_thin_12_full_3,full_cube_periodic,connected_same_particle,组3:PAIR:r391:r489,组3,cylinder_contact,r391,r489,391,489,,组3_full_cube_periodic_P0319,组3_full_cube_periodic_P0355,,,0.0,2.571838157237207e-10,0.0,connected,gap<=1.8,capsule_then_flat_cylinder_gjk,0.0,5,True,5.084229945850415e-13,5.084229945850415e-13,True,,,,,,
C_thin_12_full_3,full_cube_periodic,connected_same_particle,组3:PAIR:r392:r393,组3,cylinder_contact,r392,r393,392,393,,组3_full_cube_periodic_P0320,组3_full_cube_periodic_P0295,,,0.0,3.473401692945573e-10,0.0,connected,gap<=1.8,capsule_then_flat_cylinder_gjk,0.0,5,True,1.2912342630898533e-12,1.2912342630898533e-12,True,,,,,,
C_thin_12_full_3,full_cube_periodic,connected_same_particle,组3:PAIR:r396:r397,组3,cylinder_contact,r396,r397,396,397,,组3_full_cube_periodic_P0321,组3_full_cube_periodic_P0304,,,0.0,2.7920573375353393e-10,0.0,connected,gap<=1.8,capsule_then_flat_cylinder_gjk,0.0,6,True,2.604892696897332e-13,2.604892696897332e-13,True,,,,,,
C_thin_12_full_3,full_cube_periodic,connected_same_particle,组3:PAIR:r408:r423,组3,cylinder_contact,r408,r423,408,423,,组3_full_cube_periodic_P0329,组3_full_cube_periodic_P0335,,,0.0,2.674226114355234e-10,0.0,connected,gap<=1.8,capsule_then_flat_cylinder_gjk,0.0,4,True,2.31335954426011e-13,2.31335954426011e-13,True,,,,,,
C_thin_12_full_3,full_cube_periodic,connected_same_particle,组3:PAIR:r413:r448,组3,cylinder_contact,r413,r448,413,448,,组3_full_cube_periodic_P0331,组3_full_cube_periodic_P0343,,,0.0,2.607746526304305e-10,0.0,connected,gap<=1.8,capsule_then_flat_cylinder_gjk,0.0,4,True,4.263256414560601e-14,4.263256414560601e-14,True,,,,,,
C_thin_12_full_3,full_cube_periodic,connected_same_particle,组3:PAIR:r429:r438,组3,cylinder_contact,r429,r438,429,438,,组3_full_cube_periodic_P0337,组3_full_cube_periodic_P0340,,,0.0,3.2259412377114166e-10,0.0,connected,gap<=1.8,capsule_then_flat_cylinder_gjk,0.0,4,True,5.684341886080802e-14,5.684341886080802e-14,True,,,,,,
C_thin_12_full_3,full_cube_periodic,connected_same_particle,组3:PAIR:r430:r450,组3,cylinder_contact,r430,r450,430,450,,组3_full_cube_periodic_P0038,组3_full_cube_periodic_P0329,,,0.0,2.777935588946599e-10,0.0,connected,gap<=1.8,capsule_then_flat_cylinder_gjk,0.0,5,True,6.653351596650978e-13,6.653351596650978e-13,True,,,,,,
C_thin_12_full_3,full_cube_periodic,connected_same_particle,组3:PAIR:r431:r501,组3,cylinder_contact,r431,r501,431,501,,组3_full_cube_periodic_P0058,组3_full_cube_periodic_P0059,,,0.0,2.535977347409275e-10,0.0,connected,gap<=1.8,capsule_then_flat_cylinder_gjk,0.0,4,True,3.642262423977992e-10,3.642262423977992e-10,True,,,,,,
C_thin_12_full_3,full_cube_periodic,connected_same_particle,组3:PAIR:r439:r450,组3,cylinder_contact,r439,r450,439,450,,组3_full_cube_periodic_P0341,组3_full_cube_periodic_P0329,,,0.0,2.7832981863567434e-10,0.0,connected,gap<=1.8,capsule_then_flat_cylinder_gjk,0.0,5,True,1.1368683772161603e-13,1.1368683772161603e-13,True,,,,,,
C_thin_12_full_3,full_cube_periodic,connected_same_particle,组3:PAIR:r448:r496,组3,cylinder_contact,r448,r496,448,496,,组3_full_cube_periodic_P0343,组3_full_cube_periodic_P0356,,,0.0,2.758813483855791e-10,0.0,connected,gap<=1.8,capsule_then_flat_cylinder_gjk,0.0,5,True,1.1607754604859869e-12,1.1607754604859869e-12,True,,,,,,
C_thin_12_full_3,full_cube_periodic,connected_same_particle,组3:PAIR:r455:r489,组3,cylinder_contact,r455,r489,455,489,,组3_full_cube_periodic_P0346,组3_full_cube_periodic_P0355,,,0.0,2.5725536036779325e-10,0.0,connected,gap<=1.8,capsule_then_flat_cylinder_gjk,0.0,5,True,7.928841929790065e-13,7.928841929790065e-13,True,,,,,,
C_thin_12_full_3,full_cube_periodic,connected_same_particle,组3:PAIR:r462:r511,组3,cylinder_contact,r462,r511,462,511,,组3_full_cube_periodic_P0348,组3_full_cube_periodic_P0032,,,0.0,3.0824811524761763e-10,0.0,connected,gap<=1.8,capsule_then_flat_cylinder_gjk,0.0,5,True,9.11269327268735e-13,9.11269327268735e-13,True,,,,,,
C_thin_12_full_3,full_cube_periodic,connected_same_particle,组3:PAIR:r466:r526,组3,cylinder_contact,r466,r526,466,526,,组3_full_cube_periodic_P0027,组3_full_cube_periodic_P0011,,,0.0,3.1938065706352716e-10,0.0,connected,gap<=1.8,capsule_then_flat_cylinder_gjk,0.0,5,True,1.378672645345762e-12,1.378672645345762e-12,True,,,,,,
C_thin_12_full_3,full_cube_periodic,connected_same_particle,组3:PAIR:r474:r485,组3,cylinder_contact,r474,r485,474,485,,组3_full_cube_periodic_P0051,组3_full_cube_periodic_P0353,,,0.0,2.8241144636983253e-10,0.0,connected,gap<=1.8,capsule_then_flat_cylinder_gjk,0.0,5,True,9.392074185745005e-13,9.392074185745005e-13,True,,,,,,
C_thin_12_full_3,full_cube_periodic,connected_same_particle,组3:PAIR:r474:r489,组3,cylinder_contact,r474,r489,474,489,,组3_full_cube_periodic_P0051,组3_full_cube_periodic_P0355,,,0.0,2.5674789722667007e-10,0.0,connected,gap<=1.8,capsule_then_flat_cylinder_gjk,0.0,5,True,4.253771961400549e-13,4.253771961400549e-13,True,,,,,,
C_thin_12_full_3,full_cube_periodic,connected_same_particle,组3:PAIR:r484:r531,组3,cylinder_contact,r484,r531,484,531,,组3_full_cube_periodic_P0035,组3_full_cube_periodic_P0031,,,0.0,2.88223443696985e-10,0.0,connected,gap<=1.8,capsule_then_flat_cylinder_gjk,0.0,7,True,1.1368683772161603e-13,1.1368683772161603e-13,True,,,,,,
C_thin_12_full_3,full_cube_periodic,connected_same_particle,组3:PAIR:r485:r489,组3,cylinder_contact,r485,r489,485,489,,组3_full_cube_periodic_P0353,组3_full_cube_periodic_P0355,,,0.0,2.8370934167814443e-10,0.0,connected,gap<=1.8,capsule_then_flat_cylinder_gjk,0.0,5,True,2.2914314707516465e-13,2.2914314707516465e-13,True,,,,,,
C_thin_12_full_3,full_cube_periodic,connected_same_particle,组3:PAIR:r495:r521,组3,cylinder_contact,r495,r521,495,521,,组3_full_cube_periodic_P0351,组3_full_cube_periodic_P0076,,,0.0,3.489508915914903e-10,0.0,connected,gap<=1.8,capsule_then_flat_cylinder_gjk,0.0,5,True,3.228085657724633e-13,3.228085657724633e-13,True,,,,,,
C_thin_12_full_3,full_cube_periodic,connected_same_particle,组3:INTERNAL:full_cube_periodic:j1,组3,same_particle_periodic_junction,r4,r507,4,507,,,,组3_full_cube_periodic_P0002,unique,,,,internal_assumption,not_applicable_same_particle,unique_periodic_endpoint_mapping,,,,,,,X,1,0,0,0.0,True
C_thin_12_full_3,full_cube_periodic,connected_same_particle,组3:INTERNAL:full_cube_periodic:j2,组3,same_particle_periodic_junction,r6,r490,6,490,,,,组3_full_cube_periodic_P0004,unique,,,,internal_assumption,not_applicable_same_particle,unique_periodic_endpoint_mapping,,,,,,,X,1,0,0,0.0,True
C_thin_12_full_3,full_cube_periodic,connected_same_particle,组3:INTERNAL:full_cube_periodic:j3,组3,same_particle_periodic_junction,r7,r537,7,537,,,,组3_full_cube_periodic_P0005,unique,,,,internal_assumption,not_applicable_same_particle,unique_periodic_endpoint_mapping,,,,,,,X,1,0,0,0.0,True
C_thin_12_full_3,full_cube_periodic,connected_same_particle,组3:INTERNAL:full_cube_periodic:j4,组3,same_particle_periodic_junction,r8,r487,8,487,,,,组3_full_cube_periodic_P0006,unique,,,,internal_assumption,not_applicable_same_particle,unique_periodic_endpoint_mapping,,,,,,,X,1,0,0,0.0,True
C_thin_12_full_3,full_cube_periodic,connected_same_particle,组3:INTERNAL:full_cube_periodic:j5,组3,same_particle_periodic_junction,r9,r454,9,454,,,,组3_full_cube_periodic_P0007,unique,,,,internal_assumption,not_applicable_same_particle,unique_periodic_endpoint_mapping,,,,,,,X,1,0,0,0.0,True
C_thin_12_full_3,full_cube_periodic,connected_same_particle,组3:INTERNAL:full_cube_periodic:j6,组3,same_particle_periodic_junction,r10,r452,10,452,,,,组3_full_cube_periodic_P0008,unique,,,,internal_assumption,not_applicable_same_particle,unique_periodic_endpoint_mapping,,,,,,,X,1,0,0,0.0,True
C_thin_12_full_3,full_cube_periodic,connected_same_particle,组3:INTERNAL:full_cube_periodic:j7,组3,same_particle_periodic_junction,r11,r534,11,534,,,,组3_full_cube_periodic_P0009,unique,,,,internal_assumption,not_applicable_same_particle,unique_periodic_endpoint_mapping,,,,,,,X,1,0,0,0.0,True
C_thin_12_full_3,full_cube_periodic,connected_same_particle,组3:INTERNAL:full_cube_periodic:j8,组3,same_particle_periodic_junction,r12,r527,12,527,,,,组3_full_cube_periodic_P0010,unique,,,,internal_assumption,not_applicable_same_particle,unique_periodic_endpoint_mapping,,,,,,,X,1,0,0,0.0,True
C_thin_12_full_3,full_cube_periodic,connected_same_particle,组3:INTERNAL:full_cube_periodic:j9,组3,same_particle_periodic_junction,r13,r526,13,526,,,,组3_full_cube_periodic_P0011,unique,,,,internal_assumption,not_applicable_same_particle,unique_periodic_endpoint_mapping,,,,,,,X,1,0,0,0.0,True
C_thin_12_full_3,full_cube_periodic,connected_same_particle,组3:INTERNAL:full_cube_periodic:j10,组3,same_particle_periodic_junction,r13,r101,13,101,,,,组3_full_cube_periodic_P0011,unique,,,,internal_assumption,not_applicable_same_particle,unique_periodic_endpoint_mapping,,,,,,,Y,0,1,0,0.0,True
C_thin_12_full_3,full_cube_periodic,connected_same_particle,组3:INTERNAL:full_cube_periodic:j11,组3,same_particle_periodic_junction,r14,r472,14,472,,,,组3_full_cube_periodic_P0012,unique,,,,internal_assumption,not_applicable_same_particle,unique_periodic_endpoint_mapping,,,,,,,X,1,0,0,0.0,True
C_thin_12_full_3,full_cube_periodic,connected_same_particle,组3:INTERNAL:full_cube_periodic:j12,组3,same_particle_periodic_junction,r16,r492,16,492,,,,组3_full_cube_periodic_P0014,unique,,,,internal_assumption,not_applicable_same_particle,unique_periodic_endpoint_mapping,,,,,,,X,1,0,0,0.0,True
C_thin_12_full_3,full_cube_periodic,connected_same_particle,组3:INTERNAL:full_cube_periodic:j13,组3,same_particle_periodic_junction,r17,r395,17,395,,,,组3_full_cube_periodic_P0015,unique,,,,internal_assumption,not_applicable_same_particle,unique_periodic_endpoint_mapping,,,,,,,X,1,0,0,0.0,True
C_thin_12_full_3,full_cube_periodic,connected_same_particle,组3:INTERNAL:full_cube_periodic:j14,组3,same_particle_periodic_junction,r18,r458,18,458,,,,组3_full_cube_periodic_P0016,unique,,,,internal_assumption,not_applicable_same_particle,unique_periodic_endpoint_mapping,,,,,,,X,1,0,0,0.0,True
C_thin_12_full_3,full_cube_periodic,connected_same_particle,组3:INTERNAL:full_cube_periodic:j15,组3,same_particle_periodic_junction,r19,r400,19,400,,,,组3_full_cube_periodic_P0017,unique,,,,internal_assumption,not_applicable_same_particle,unique_periodic_endpoint_mapping,,,,,,,X,1,0,0,0.0,True
C_thin_12_full_3,full_cube_periodic,connected_same_particle,组3:INTERNAL:full_cube_periodic:j16,组3,same_particle_periodic_junction,r20,r464,20,464,,,,组3_full_cube_periodic_P0018,unique,,,,internal_assumption,not_applicable_same_particle,unique_periodic_endpoint_mapping,,,,,,,X,1,0,0,0.0,True
C_thin_12_full_3,full_cube_periodic,connected_same_particle,组3:INTERNAL:full_cube_periodic:j17,组3,same_particle_periodic_junction,r21,r488,21,488,,,,组3_full_cube_periodic_P0019,unique,,,,internal_assumption,not_applicable_same_particle,unique_periodic_endpoint_mapping,,,,,,,X,1,0,0,0.0,True
C_thin_12_full_3,full_cube_periodic,connected_same_particle,组3:INTERNAL:full_cube_periodic:j18,组3,same_particle_periodic_junction,r22,r445,22,445,,,,组3_full_cube_periodic_P0020,unique,,,,internal_assumption,not_applicable_same_particle,unique_periodic_endpoint_mapping,,,,,,,X,1,0,0,0.0,True
C_thin_12_full_3,full_cube_periodic,connected_same_particle,组3:INTERNAL:full_cube_periodic:j19,组3,same_particle_periodic_junction,r23,r479,23,479,,,,组3_full_cube_periodic_P0021,unique,,,,internal_assumption,not_applicable_same_particle,unique_periodic_endpoint_mapping,,,,,,,X,1,0,0,0.0,True
C_thin_12_full_3,full_cube_periodic,connected_same_particle,组3:INTERNAL:full_cube_periodic:j20,组3,same_particle_periodic_junction,r24,r482,24,482,,,,组3_full_cube_periodic_P0022,unique,,,,internal_assumption,not_applicable_same_particle,unique_periodic_endpoint_mapping,,,,,,,X,1,0,0,0.0,True
C_thin_12_full_3,full_cube_periodic,connected_same_particle,组3:INTERNAL:full_cube_periodic:j21,组3,same_particle_periodic_junction,r25,r522,25,522,,,,组3_full_cube_periodic_P0023,unique,,,,internal_assumption,not_applicable_same_particle,unique_periodic_endpoint_mapping,,,,,,,X,1,0,0,0.0,True
C_thin_12_full_3,full_cube_periodic,connected_same_particle,组3:INTERNAL:full_cube_periodic:j22,组3,same_particle_periodic_junction,r26,r535,26,535,,,,组3_full_cube_periodic_P0024,unique,,,,internal_assumption,not_applicable_same_particle,unique_periodic_endpoint_mapping,,,,,,,X,1,0,0,0.0,True
C_thin_12_full_3,full_cube_periodic,connected_same_particle,组3:INTERNAL:full_cube_periodic:j23,组3,same_particle_periodic_junction,r27,r523,27,523,,,,组3_full_cube_periodic_P0025,unique,,,,internal_assumption,not_applicable_same_particle,unique_periodic_endpoint_mapping,,,,,,,X,1,0,0,0.0,True
C_thin_12_full_3,full_cube_periodic,connected_same_particle,组3:INTERNAL:full_cube_periodic:j24,组3,same_particle_periodic_junction,r28,r536,28,536,,,,组3_full_cube_periodic_P0026,unique,,,,internal_assumption,not_applicable_same_particle,unique_periodic_endpoint_mapping,,,,,,,X,1,0,0,0.0,True
C_thin_12_full_3,full_cube_periodic,connected_same_particle,组3:INTERNAL:full_cube_periodic:j25,组3,same_particle_periodic_junction,r29,r466,29,466,,,,组3_full_cube_periodic_P0027,unique,,,,internal_assumption,not_applicable_same_particle,unique_periodic_endpoint_mapping,,,,,,,X,1,0,0,0.0,True
C_thin_12_full_3,full_cube_periodic,connected_same_particle,组3:INTERNAL:full_cube_periodic:j26,组3,same_particle_periodic_junction,r30,r514,30,514,,,,组3_full_cube_periodic_P0028,unique,,,,internal_assumption,not_applicable_same_particle,unique_periodic_endpoint_mapping,,,,,,,X,1,0,0,0.0,True
C_thin_12_full_3,full_cube_periodic,connected_same_particle,组3:INTERNAL:full_cube_periodic:j27,组3,same_particle_periodic_junction,r31,r506,31,506,,,,组3_full_cube_periodic_P0029,unique,,,,internal_assumption,not_applicable_same_particle,unique_periodic_endpoint_mapping,,,,,,,X,1,0,0,0.0,True
C_thin_12_full_3,full_cube_periodic,connected_same_particle,组3:INTERNAL:full_cube_periodic:j28,组3,same_particle_periodic_junction,r32,r383,32,383,,,,组3_full_cube_periodic_P0030,unique,,,,internal_assumption,not_applicable_same_particle,unique_periodic_endpoint_mapping,,,,,,,X,1,0,0,0.0,True
C_thin_12_full_3,full_cube_periodic,connected_same_particle,组3:INTERNAL:full_cube_periodic:j29,组3,same_particle_periodic_junction,r33,r531,33,531,,,,组3_full_cube_periodic_P0031,unique,,,,internal_assumption,not_applicable_same_particle,unique_periodic_endpoint_mapping,,,,,,,X,1,0,0,0.0,True
C_thin_12_full_3,full_cube_periodic,connected_same_particle,组3:INTERNAL:full_cube_periodic:j30,组3,same_particle_periodic_junction,r34,r511,34,511,,,,组3_full_cube_periodic_P0032,unique,,,,internal_assumption,not_applicable_same_particle,unique_periodic_endpoint_mapping,,,,,,,X,1,0,0,0.0,True
C_thin_12_full_3,full_cube_periodic,connected_same_particle,组3:INTERNAL:full_cube_periodic:j31,组3,same_particle_periodic_junction,r35,r493,35,493,,,,组3_full_cube_periodic_P0033,unique,,,,internal_assumption,not_applicable_same_particle,unique_periodic_endpoint_mapping,,,,,,,X,1,0,0,0.0,True
C_thin_12_full_3,full_cube_periodic,connected_same_particle,组3:INTERNAL:full_cube_periodic:j32,组3,same_particle_periodic_junction,r36,r508,36,508,,,,组3_full_cube_periodic_P0034,unique,,,,internal_assumption,not_applicable_same_particle,unique_periodic_endpoint_mapping,,,,,,,X,1,0,0,0.0,True
C_thin_12_full_3,full_cube_periodic,connected_same_particle,组3:INTERNAL:full_cube_periodic:j33,组3,same_particle_periodic_junction,r37,r484,37,484,,,,组3_full_cube_periodic_P0035,unique,,,,internal_assumption,not_applicable_same_particle,unique_periodic_endpoint_mapping,,,,,,,X,1,0,0,0.0,True
C_thin_12_full_3,full_cube_periodic,connected_same_particle,组3:INTERNAL:full_cube_periodic:j34,组3,same_particle_periodic_junction,r38,r532,38,532,,,,组3_full_cube_periodic_P0036,unique,,,,internal_assumption,not_applicable_same_particle,unique_periodic_endpoint_mapping,,,,,,,X,1,0,0,0.0,True
C_thin_12_full_3,full_cube_periodic,connected_same_particle,组3:INTERNAL:full_cube_periodic:j35,组3,same_particle_periodic_junction,r39,r473,39,473,,,,组3_full_cube_periodic_P0037,unique,,,,internal_assumption,not_applicable_same_particle,unique_periodic_endpoint_mapping,,,,,,,X,1,0,0,0.0,True
C_thin_12_full_3,full_cube_periodic,connected_same_particle,组3:INTERNAL:full_cube_periodic:j36,组3,same_particle_periodic_junction,r39,r144,39,144,,,,组3_full_cube_periodic_P0037,unique,,,,internal_assumption,not_applicable_same_particle,unique_periodic_endpoint_mapping,,,,,,,Z,0,0,-1,0.0,True
C_thin_12_full_3,full_cube_periodic,connected_same_particle,组3:INTERNAL:full_cube_periodic:j37,组3,same_particle_periodic_junction,r40,r430,40,430,,,,组3_full_cube_periodic_P0038,unique,,,,internal_assumption,not_applicable_same_particle,unique_periodic_endpoint_mapping,,,,,,,X,1,0,0,0.0,True
C_thin_12_full_3,full_cube_periodic,connected_same_particle,组3:INTERNAL:full_cube_periodic:j38,组3,same_particle_periodic_junction,r41,r530,41,530,,,,组3_full_cube_periodic_P0039,unique,,,,internal_assumption,not_applicable_same_particle,unique_periodic_endpoint_mapping,,,,,,,X,1,0,0,0.0,True
C_thin_12_full_3,full_cube_periodic,connected_same_particle,组3:INTERNAL:full_cube_periodic:j39,组3,same_particle_periodic_junction,r41,r135,41,135,,,,组3_full_cube_periodic_P0039,unique,,,,internal_assumption,not_applicable_same_particle,unique_periodic_endpoint_mapping,,,,,,,Z,0,0,-1,0.0,True
C_thin_12_full_3,full_cube_periodic,connected_same_particle,组3:INTERNAL:full_cube_periodic:j40,组3,same_particle_periodic_junction,r42,r456,42,456,,,,组3_full_cube_periodic_P0040,unique,,,,internal_assumption,not_applicable_same_particle,unique_periodic_endpoint_mapping,,,,,,,X,1,0,0,0.0,True
C_thin_12_full_3,full_cube_periodic,connected_same_particle,组3:INTERNAL:full_cube_periodic:j41,组3,same_particle_periodic_junction,r43,r518,43,518,,,,组3_full_cube_periodic_P0041,unique,,,,internal_assumption,not_applicable_same_particle,unique_periodic_endpoint_mapping,,,,,,,X,1,0,0,0.0,True
C_thin_12_full_3,full_cube_periodic,connected_same_particle,组3:INTERNAL:full_cube_periodic:j42,组3,same_particle_periodic_junction,r44,r405,44,405,,,,组3_full_cube_periodic_P0042,unique,,,,internal_assumption,not_applicable_same_particle,unique_periodic_endpoint_mapping,,,,,,,X,1,0,0,0.0,True
C_thin_12_full_3,full_cube_periodic,connected_same_particle,组3:INTERNAL:full_cube_periodic:j43,组3,same_particle_periodic_junction,r45,r421,45,421,,,,组3_full_cube_periodic_P0043,unique,,,,internal_assumption,not_applicable_same_particle,unique_periodic_endpoint_mapping,,,,,,,X,1,0,0,0.0,True
C_thin_12_full_3,full_cube_periodic,connected_same_particle,组3:INTERNAL:full_cube_periodic:j44,组3,same_particle_periodic_junction,r46,r447,46,447,,,,组3_full_cube_periodic_P0044,unique,,,,internal_assumption,not_applicable_same_particle,unique_periodic_endpoint_mapping,,,,,,,X,1,0,0,0.0,True
C_thin_12_full_3,full_cube_periodic,connected_same_particle,组3:INTERNAL:full_cube_periodic:j45,组3,same_particle_periodic_junction,r47,r468,47,468,,,,组3_full_cube_periodic_P0045,unique,,,,internal_assumption,not_applicable_same_particle,unique_periodic_endpoint_mapping,,,,,,,X,1,0,0,0.0,True
C_thin_12_full_3,full_cube_periodic,connected_same_particle,组3:INTERNAL:full_cube_periodic:j46,组3,same_particle_periodic_junction,r48,r404,48,404,,,,组3_full_cube_periodic_P0046,unique,,,,internal_assumption,not_applicable_same_particle,unique_periodic_endpoint_mapping,,,,,,,X,1,0,0,0.0,True
C_thin_12_full_3,full_cube_periodic,connected_same_particle,组3:INTERNAL:full_cube_periodic:j47,组3,same_particle_periodic_junction,r49,r418,49,418,,,,组3_full_cube_periodic_P0047,unique,,,,internal_assumption,not_applicable_same_particle,unique_periodic_endpoint_mapping,,,,,,,X,1,0,0,0.0,True
C_thin_12_full_3,full_cube_periodic,connected_same_particle,组3:INTERNAL:full_cube_periodic:j48,组3,same_particle_periodic_junction,r50,r483,50,483,,,,组3_full_cube_periodic_P0048,unique,,,,internal_assumption,not_applicable_same_particle,unique_periodic_endpoint_mapping,,,,,,,X,1,0,0,0.0,True
C_thin_12_full_3,full_cube_periodic,connected_same_particle,组3:INTERNAL:full_cube_periodic:j49,组3,same_particle_periodic_junction,r50,r171,50,171,,,,组3_full_cube_periodic_P0048,unique,,,,internal_assumption,not_applicable_same_particle,unique_periodic_endpoint_mapping,,,,,,,Z,0,0,-1,0.0,True
C_thin_12_full_3,full_cube_periodic,connected_same_particle,组3:INTERNAL:full_cube_periodic:j50,组3,same_particle_periodic_junction,r52,r500,52,500,,,,组3_full_cube_periodic_P0050,unique,,,,internal_assumption,not_applicable_same_particle,unique_periodic_endpoint_mapping,,,,,,,X,1,0,0,0.0,True
C_thin_12_full_3,full_cube_periodic,connected_same_particle,组3:INTERNAL:full_cube_periodic:j51,组3,same_particle_periodic_junction,r53,r474,53,474,,,,组3_full_cube_periodic_P0051,unique,,,,internal_assumption,not_applicable_same_particle,unique_periodic_endpoint_mapping,,,,,,,X,1,0,0,0.0,True
C_thin_12_full_3,full_cube_periodic,connected_same_particle,组3:INTERNAL:full_cube_periodic:j52,组3,same_particle_periodic_junction,r55,r502,55,502,,,,组3_full_cube_periodic_P0053,unique,,,,internal_assumption,not_applicable_same_particle,unique_periodic_endpoint_mapping,,,,,,,X,1,0,0,0.0,True
C_thin_12_full_3,full_cube_periodic,connected_same_particle,组3:INTERNAL:full_cube_periodic:j53,组3,same_particle_periodic_junction,r56,r449,56,449,,,,组3_full_cube_periodic_P0054,unique,,,,internal_assumption,not_applicable_same_particle,unique_periodic_endpoint_mapping,,,,,,,X,1,0,0,0.0,True
C_thin_12_full_3,full_cube_periodic,connected_same_particle,组3:INTERNAL:full_cube_periodic:j54,组3,same_particle_periodic_junction,r57,r481,57,481,,,,组3_full_cube_periodic_P0055,unique,,,,internal_assumption,not_applicable_same_particle,unique_periodic_endpoint_mapping,,,,,,,X,1,0,0,0.0,True
C_thin_12_full_3,full_cube_periodic,connected_same_particle,组3:INTERNAL:full_cube_periodic:j55,组3,same_particle_periodic_junction,r58,r437,58,437,,,,组3_full_cube_periodic_P0056,unique,,,,internal_assumption,not_applicable_same_particle,unique_periodic_endpoint_mapping,,,,,,,X,1,0,0,0.0,True
C_thin_12_full_3,full_cube_periodic,connected_same_particle,组3:INTERNAL:full_cube_periodic:j56,组3,same_particle_periodic_junction,r58,r112,58,112,,,,组3_full_cube_periodic_P0056,unique,,,,internal_assumption,not_applicable_same_particle,unique_periodic_endpoint_mapping,,,,,,,Z,0,0,1,0.0,True
C_thin_12_full_3,full_cube_periodic,connected_same_particle,组3:INTERNAL:full_cube_periodic:j57,组3,same_particle_periodic_junction,r59,r504,59,504,,,,组3_full_cube_periodic_P0057,unique,,,,internal_assumption,not_applicable_same_particle,unique_periodic_endpoint_mapping,,,,,,,X,1,0,0,0.0,True
C_thin_12_full_3,full_cube_periodic,connected_same_particle,组3:INTERNAL:full_cube_periodic:j58,组3,same_particle_periodic_junction,r60,r431,60,431,,,,组3_full_cube_periodic_P0058,unique,,,,internal_assumption,not_applicable_same_particle,unique_periodic_endpoint_mapping,,,,,,,X,1,0,0,0.0,True
C_thin_12_full_3,full_cube_periodic,connected_same_particle,组3:INTERNAL:full_cube_periodic:j59,组3,same_particle_periodic_junction,r61,r501,61,501,,,,组3_full_cube_periodic_P0059,unique,,,,internal_assumption,not_applicable_same_particle,unique_periodic_endpoint_mapping,,,,,,,X,1,0,0,0.0,True
C_thin_12_full_3,full_cube_periodic,connected_same_particle,组3:INTERNAL:full_cube_periodic:j60,组3,same_particle_periodic_junction,r62,r533,62,533,,,,组3_full_cube_periodic_P0060,unique,,,,internal_assumption,not_applicable_same_particle,unique_periodic_endpoint_mapping,,,,,,,X,1,0,0,0.0,True
C_thin_12_full_3,full_cube_periodic,connected_same_particle,组3:INTERNAL:full_cube_periodic:j61,组3,same_particle_periodic_junction,r63,r509,63,509,,,,组3_full_cube_periodic_P0061,unique,,,,internal_assumption,not_applicable_same_particle,unique_periodic_endpoint_mapping,,,,,,,X,1,0,0,0.0,True
C_thin_12_full_3,full_cube_periodic,connected_same_particle,组3:INTERNAL:full_cube_periodic:j62,组3,same_particle_periodic_junction,r64,r463,64,463,,,,组3_full_cube_periodic_P0062,unique,,,,internal_assumption,not_applicable_same_particle,unique_periodic_endpoint_mapping,,,,,,,X,1,0,0,0.0,True
C_thin_12_full_3,full_cube_periodic,connected_same_particle,组3:INTERNAL:full_cube_periodic:j63,组3,same_particle_periodic_junction,r67,r499,67,499,,,,组3_full_cube_periodic_P0065,unique,,,,internal_assumption,not_applicable_same_particle,unique_periodic_endpoint_mapping,,,,,,,X,1,0,0,0.0,True
C_thin_12_full_3,full_cube_periodic,connected_same_particle,组3:INTERNAL:full_cube_periodic:j64,组3,same_particle_periodic_junction,r68,r446,68,446,,,,组3_full_cube_periodic_P0066,unique,,,,internal_assumption,not_applicable_same_particle,unique_periodic_endpoint_mapping,,,,,,,X,1,0,0,0.0,True
C_thin_12_full_3,full_cube_periodic,connected_same_particle,组3:INTERNAL:full_cube_periodic:j65,组3,same_particle_periodic_junction,r70,r519,70,519,,,,组3_full_cube_periodic_P0068,unique,,,,internal_assumption,not_applicable_same_particle,unique_periodic_endpoint_mapping,,,,,,,X,1,0,0,0.0,True
C_thin_12_full_3,full_cube_periodic,connected_same_particle,组3:INTERNAL:full_cube_periodic:j66,组3,same_particle_periodic_junction,r71,r376,71,376,,,,组3_full_cube_periodic_P0069,unique,,,,internal_assumption,not_applicable_same_particle,unique_periodic_endpoint_mapping,,,,,,,X,1,0,0,0.0,True
C_thin_12_full_3,full_cube_periodic,connected_same_particle,组3:INTERNAL:full_cube_periodic:j67,组3,same_particle_periodic_junction,r72,r524,72,524,,,,组3_full_cube_periodic_P0070,unique,,,,internal_assumption,not_applicable_same_particle,unique_periodic_endpoint_mapping,,,,,,,X,1,0,0,0.0,True
C_thin_12_full_3,full_cube_periodic,connected_same_particle,组3:INTERNAL:full_cube_periodic:j68,组3,same_particle_periodic_junction,r73,r480,73,480,,,,组3_full_cube_periodic_P0071,unique,,,,internal_assumption,not_applicable_same_particle,unique_periodic_endpoint_mapping,,,,,,,X,1,0,0,0.0,True
C_thin_12_full_3,full_cube_periodic,connected_same_particle,组3:INTERNAL:full_cube_periodic:j69,组3,same_particle_periodic_junction,r74,r491,74,491,,,,组3_full_cube_periodic_P0072,unique,,,,internal_assumption,not_applicable_same_particle,unique_periodic_endpoint_mapping,,,,,,,X,1,0,0,0.0,True
C_thin_12_full_3,full_cube_periodic,connected_same_particle,组3:INTERNAL:full_cube_periodic:j70,组3,same_particle_periodic_junction,r76,r388,76,388,,,,组3_full_cube_periodic_P0074,unique,,,,internal_assumption,not_applicable_same_particle,unique_periodic_endpoint_mapping,,,,,,,X,1,0,0,0.0,True
C_thin_12_full_3,full_cube_periodic,connected_same_particle,组3:INTERNAL:full_cube_periodic:j71,组3,same_particle_periodic_junction,r77,r517,77,517,,,,组3_full_cube_periodic_P0075,unique,,,,internal_assumption,not_applicable_same_particle,unique_periodic_endpoint_mapping,,,,,,,X,1,0,0,0.0,True
C_thin_12_full_3,full_cube_periodic,connected_same_particle,组3:INTERNAL:full_cube_periodic:j72,组3,same_particle_periodic_junction,r78,r521,78,521,,,,组3_full_cube_periodic_P0076,unique,,,,internal_assumption,not_applicable_same_particle,unique_periodic_endpoint_mapping,,,,,,,X,1,0,0,0.0,True
C_thin_12_full_3,full_cube_periodic,connected_same_particle,组3:INTERNAL:full_cube_periodic:j73,组3,same_particle_periodic_junction,r78,r211,78,211,,,,组3_full_cube_periodic_P0076,unique,,,,internal_assumption,not_applicable_same_particle,unique_periodic_endpoint_mapping,,,,,,,Z,0,0,1,0.0,True
C_thin_12_full_3,full_cube_periodic,connected_same_particle,组3:INTERNAL:full_cube_periodic:j74,组3,same_particle_periodic_junction,r79,r525,79,525,,,,组3_full_cube_periodic_P0077,unique,,,,internal_assumption,not_applicable_same_particle,unique_periodic_endpoint_mapping,,,,,,,X,1,0,0,0.0,True
C_thin_12_full_3,full_cube_periodic,connected_same_particle,组3:INTERNAL:full_cube_periodic:j75,组3,same_particle_periodic_junction,r80,r390,80,390,,,,组3_full_cube_periodic_P0078,unique,,,,internal_assumption,not_applicable_same_particle,unique_periodic_endpoint_mapping,,,,,,,X,1,0,0,0.0,True
C_thin_12_full_3,full_cube_periodic,connected_same_particle,组3:INTERNAL:full_cube_periodic:j76,组3,same_particle_periodic_junction,r81,r503,81,503,,,,组3_full_cube_periodic_P0079,unique,,,,internal_assumption,not_applicable_same_particle,unique_periodic_endpoint_mapping,,,,,,,X,1,0,0,0.0,True
C_thin_12_full_3,full_cube_periodic,connected_same_particle,组3:INTERNAL:full_cube_periodic:j77,组3,same_particle_periodic_junction,r82,r443,82,443,,,,组3_full_cube_periodic_P0080,cannot_reconstruct,,,,internal_assumption,not_applicable_same_particle,unique_periodic_endpoint_mapping,,,,,,,X,1,0,0,0.0,True
C_thin_12_full_3,full_cube_periodic,connected_same_particle,组3:INTERNAL:full_cube_periodic:j78,组3,same_particle_periodic_junction,r83,r512,83,512,,,,组3_full_cube_periodic_P0081,unique,,,,internal_assumption,not_applicable_same_particle,unique_periodic_endpoint_mapping,,,,,,,X,1,0,0,0.0,True
C_thin_12_full_3,full_cube_periodic,connected_same_particle,组3:INTERNAL:full_cube_periodic:j79,组3,same_particle_periodic_junction,r83,r141,83,141,,,,组3_full_cube_periodic_P0081,unique,,,,internal_assumption,not_applicable_same_particle,unique_periodic_endpoint_mapping,,,,,,,Y,0,-1,0,0.0,True
C_thin_12_full_3,full_cube_periodic,connected_same_particle,组3:INTERNAL:full_cube_periodic:j80,组3,same_particle_periodic_junction,r84,r461,84,461,,,,组3_full_cube_periodic_P0082,unique,,,,internal_assumption,not_applicable_same_particle,unique_periodic_endpoint_mapping,,,,,,,X,1,0,0,0.0,True
C_thin_12_full_3,full_cube_periodic,connected_same_particle,组3:INTERNAL:full_cube_periodic:j81,组3,same_particle_periodic_junction,r85,r465,85,465,,,,组3_full_cube_periodic_P0083,unique,,,,internal_assumption,not_applicable_same_particle,unique_periodic_endpoint_mapping,,,,,,,X,1,0,0,0.0,True
C_thin_12_full_3,full_cube_periodic,connected_same_particle,组3:INTERNAL:full_cube_periodic:j82,组3,same_particle_periodic_junction,r86,r516,86,516,,,,组3_full_cube_periodic_P0084,unique,,,,internal_assumption,not_applicable_same_particle,unique_periodic_endpoint_mapping,,,,,,,X,1,0,0,0.0,True
C_thin_12_full_3,full_cube_periodic,connected_same_particle,组3:INTERNAL:full_cube_periodic:j83,组3,same_particle_periodic_junction,r87,r510,87,510,,,,组3_full_cube_periodic_P0085,unique,,,,internal_assumption,not_applicable_same_particle,unique_periodic_endpoint_mapping,,,,,,,X,1,0,0,0.0,True
C_thin_12_full_3,full_cube_periodic,connected_same_particle,组3:INTERNAL:full_cube_periodic:j84,组3,same_particle_periodic_junction,r87,r148,87,148,,,,组3_full_cube_periodic_P0085,unique,,,,internal_assumption,not_applicable_same_particle,unique_periodic_endpoint_mapping,,,,,,,Y,0,-1,0,0.0,True
C_thin_12_full_3,full_cube_periodic,connected_same_particle,组3:INTERNAL:full_cube_periodic:j85,组3,same_particle_periodic_junction,r88,r513,88,513,,,,组3_full_cube_periodic_P0086,cannot_reconstruct,,,,internal_assumption,not_applicable_same_particle,unique_periodic_endpoint_mapping,,,,,,,X,1,0,0,0.0,True
C_thin_12_full_3,full_cube_periodic,connected_same_particle,组3:INTERNAL:full_cube_periodic:j86,组3,same_particle_periodic_junction,r89,r529,89,529,,,,组3_full_cube_periodic_P0087,unique,,,,internal_assumption,not_applicable_same_particle,unique_periodic_endpoint_mapping,,,,,,,X,1,0,0,0.0,True
C_thin_12_full_3,full_cube_periodic,connected_same_particle,组3:INTERNAL:full_cube_periodic:j87,组3,same_particle_periodic_junction,r90,r498,90,498,,,,组3_full_cube_periodic_P0088,cannot_reconstruct,,,,internal_assumption,not_applicable_same_particle,unique_periodic_endpoint_mapping,,,,,,,X,1,0,0,0.0,True
C_thin_12_full_3,full_cube_periodic,connected_same_particle,组3:INTERNAL:full_cube_periodic:j88,组3,same_particle_periodic_junction,r90,r136,90,136,,,,组3_full_cube_periodic_P0088,cannot_reconstruct,,,,internal_assumption,not_applicable_same_particle,unique_periodic_endpoint_mapping,,,,,,,Z,0,0,1,0.0,True
C_thin_12_full_3,full_cube_periodic,connected_same_particle,组3:INTERNAL:full_cube_periodic:j89,组3,same_particle_periodic_junction,r91,r471,91,471,,,,组3_full_cube_periodic_P0089,unique,,,,internal_assumption,not_applicable_same_particle,unique_periodic_endpoint_mapping,,,,,,,X,1,0,0,0.0,True
C_thin_12_full_3,full_cube_periodic,connected_same_particle,组3:INTERNAL:full_cube_periodic:j90,组3,same_particle_periodic_junction,r92,r424,92,424,,,,组3_full_cube_periodic_P0090,unique,,,,internal_assumption,not_applicable_same_particle,unique_periodic_endpoint_mapping,,,,,,,X,1,0,0,0.0,True
C_thin_12_full_3,full_cube_periodic,connected_same_particle,组3:INTERNAL:full_cube_periodic:j91,组3,same_particle_periodic_junction,r93,r528,93,528,,,,组3_full_cube_periodic_P0091,unique,,,,internal_assumption,not_applicable_same_particle,unique_periodic_endpoint_mapping,,,,,,,X,1,0,0,0.0,True
C_thin_12_full_3,full_cube_periodic,connected_same_particle,组3:INTERNAL:full_cube_periodic:j92,组3,same_particle_periodic_junction,r93,r126,93,126,,,,组3_full_cube_periodic_P0091,unique,,,,internal_assumption,not_applicable_same_particle,unique_periodic_endpoint_mapping,,,,,,,Y,0,-1,0,0.0,True
C_thin_12_full_3,full_cube_periodic,connected_same_particle,组3:INTERNAL:full_cube_periodic:j93,组3,same_particle_periodic_junction,r94,r142,94,142,,,,组3_full_cube_periodic_P0092,unique,,,,internal_assumption,not_applicable_same_particle,unique_periodic_endpoint_mapping,,,,,,,Z,0,0,-1,0.0,True
C_thin_12_full_3,full_cube_periodic,connected_same_particle,组3:INTERNAL:full_cube_periodic:j94,组3,same_particle_periodic_junction,r98,r123,98,123,,,,组3_full_cube_periodic_P0096,unique,,,,internal_assumption,not_applicable_same_particle,unique_periodic_endpoint_mapping,,,,,,,Z,0,0,1,0.0,True
C_thin_12_full_3,full_cube_periodic,connected_same_particle,组3:INTERNAL:full_cube_periodic:j95,组3,same_particle_periodic_junction,r106,r137,106,137,,,,组3_full_cube_periodic_P0103,unique,,,,internal_assumption,not_applicable_same_particle,unique_periodic_endpoint_mapping,,,,,,,Y,0,-1,0,0.0,True
C_thin_12_full_3,full_cube_periodic,connected_same_particle,组3:INTERNAL:full_cube_periodic:j96,组3,same_particle_periodic_junction,r107,r260,107,260,,,,组3_full_cube_periodic_P0104,unique,,,,internal_assumption,not_applicable_same_particle,unique_periodic_endpoint_mapping,,,,,,,Z,0,0,1,0.0,True
C_thin_12_full_3,full_cube_periodic,connected_same_particle,组3:INTERNAL:full_cube_periodic:j97,组3,same_particle_periodic_junction,r114,r134,114,134,,,,组3_full_cube_periodic_P0110,unique,,,,internal_assumption,not_applicable_same_particle,unique_periodic_endpoint_mapping,,,,,,,Z,0,0,1,0.0,True
C_thin_12_full_3,full_cube_periodic,connected_same_particle,组3:INTERNAL:full_cube_periodic:j98,组3,same_particle_periodic_junction,r125,r131,125,131,,,,组3_full_cube_periodic_P0120,unique,,,,internal_assumption,not_applicable_same_particle,unique_periodic_endpoint_mapping,,,,,,,Y,0,1,0,0.0,True
C_thin_12_full_3,full_cube_periodic,connected_same_particle,组3:INTERNAL:full_cube_periodic:j99,组3,same_particle_periodic_junction,r129,r145,129,145,,,,组3_full_cube_periodic_P0123,unique,,,,internal_assumption,not_applicable_same_particle,unique_periodic_endpoint_mapping,,,,,,,Y,0,-1,0,0.0,True
C_thin_12_full_3,full_cube_periodic,connected_same_particle,组3:INTERNAL:full_cube_periodic:j100,组3,same_particle_periodic_junction,r131,r132,131,132,,,,组3_full_cube_periodic_P0120,unique,,,,internal_assumption,not_applicable_same_particle,unique_periodic_endpoint_mapping,,,,,,,Z,0,0,1,0.0,True
C_thin_12_full_3,full_cube_periodic,connected_same_particle,组3:INTERNAL:full_cube_periodic:j101,组3,same_particle_periodic_junction,r140,r189,140,189,,,,组3_full_cube_periodic_P0128,unique,,,,internal_assumption,not_applicable_same_particle,unique_periodic_endpoint_mapping,,,,,,,Z,0,0,1,0.0,True
C_thin_12_full_3,full_cube_periodic,connected_same_particle,组3:INTERNAL:full_cube_periodic:j102,组3,same_particle_periodic_junction,r147,r175,147,175,,,,组3_full_cube_periodic_P0131,unique,,,,internal_assumption,not_applicable_same_particle,unique_periodic_endpoint_mapping,,,,,,,Z,0,0,1,0.0,True
C_thin_12_full_3,full_cube_periodic,connected_same_particle,组3:INTERNAL:full_cube_periodic:j103,组3,same_particle_periodic_junction,r149,r351,149,351,,,,组3_full_cube_periodic_P0132,unique,,,,internal_assumption,not_applicable_same_particle,unique_periodic_endpoint_mapping,,,,,,,Z,0,0,-1,0.0,True
C_thin_12_full_3,full_cube_periodic,connected_same_particle,组3:INTERNAL:full_cube_periodic:j104,组3,same_particle_periodic_junction,r152,r229,152,229,,,,组3_full_cube_periodic_P0135,unique,,,,internal_assumption,not_applicable_same_particle,unique_periodic_endpoint_mapping,,,,,,,Y,0,-1,0,0.0,True
C_thin_12_full_3,full_cube_periodic,connected_same_particle,组3:INTERNAL:full_cube_periodic:j105,组3,same_particle_periodic_junction,r154,r191,154,191,,,,组3_full_cube_periodic_P0137,unique,,,,internal_assumption,not_applicable_same_particle,unique_periodic_endpoint_mapping,,,,,,,Y,0,-1,0,0.0,True
C_thin_12_full_3,full_cube_periodic,connected_same_particle,组3:INTERNAL:full_cube_periodic:j106,组3,same_particle_periodic_junction,r155,r164,155,164,,,,组3_full_cube_periodic_P0138,unique,,,,internal_assumption,not_applicable_same_particle,unique_periodic_endpoint_mapping,,,,,,,Y,0,-1,0,0.0,True
C_thin_12_full_3,full_cube_periodic,connected_same_particle,组3:INTERNAL:full_cube_periodic:j107,组3,same_particle_periodic_junction,r158,r292,158,292,,,,组3_full_cube_periodic_P0141,unique,,,,internal_assumption,not_applicable_same_particle,unique_periodic_endpoint_mapping,,,,,,,Z,0,0,-1,0.0,True
C_thin_12_full_3,full_cube_periodic,connected_same_particle,组3:INTERNAL:full_cube_periodic:j108,组3,same_particle_periodic_junction,r165,r274,165,274,,,,组3_full_cube_periodic_P0147,unique,,,,internal_assumption,not_applicable_same_particle,unique_periodic_endpoint_mapping,,,,,,,Y,0,1,0,0.0,True
C_thin_12_full_3,full_cube_periodic,connected_same_particle,组3:INTERNAL:full_cube_periodic:j109,组3,same_particle_periodic_junction,r167,r241,167,241,,,,组3_full_cube_periodic_P0149,unique,,,,internal_assumption,not_applicable_same_particle,unique_periodic_endpoint_mapping,,,,,,,Z,0,0,-1,0.0,True
C_thin_12_full_3,full_cube_periodic,connected_same_particle,组3:INTERNAL:full_cube_periodic:j110,组3,same_particle_periodic_junction,r168,r363,168,363,,,,组3_full_cube_periodic_P0150,unique,,,,internal_assumption,not_applicable_same_particle,unique_periodic_endpoint_mapping,,,,,,,Y,0,1,0,0.0,True
C_thin_12_full_3,full_cube_periodic,connected_same_particle,组3:INTERNAL:full_cube_periodic:j111,组3,same_particle_periodic_junction,r169,r181,169,181,,,,组3_full_cube_periodic_P0151,unique,,,,internal_assumption,not_applicable_same_particle,unique_periodic_endpoint_mapping,,,,,,,Z,0,0,-1,0.0,True
C_thin_12_full_3,full_cube_periodic,connected_same_particle,组3:INTERNAL:full_cube_periodic:j112,组3,same_particle_periodic_junction,r176,r220,176,220,,,,组3_full_cube_periodic_P0156,unique,,,,internal_assumption,not_applicable_same_particle,unique_periodic_endpoint_mapping,,,,,,,Z,0,0,-1,0.0,True
C_thin_12_full_3,full_cube_periodic,connected_same_particle,组3:INTERNAL:full_cube_periodic:j113,组3,same_particle_periodic_junction,r179,r245,179,245,,,,组3_full_cube_periodic_P0159,unique,,,,internal_assumption,not_applicable_same_particle,unique_periodic_endpoint_mapping,,,,,,,Z,0,0,-1,0.0,True
C_thin_12_full_3,full_cube_periodic,connected_same_particle,组3:INTERNAL:full_cube_periodic:j114,组3,same_particle_periodic_junction,r184,r248,184,248,,,,组3_full_cube_periodic_P0163,unique,,,,internal_assumption,not_applicable_same_particle,unique_periodic_endpoint_mapping,,,,,,,Y,0,-1,0,0.0,True
C_thin_12_full_3,full_cube_periodic,connected_same_particle,组3:INTERNAL:full_cube_periodic:j115,组3,same_particle_periodic_junction,r187,r197,187,197,,,,组3_full_cube_periodic_P0166,unique,,,,internal_assumption,not_applicable_same_particle,unique_periodic_endpoint_mapping,,,,,,,Z,0,0,1,0.0,True
C_thin_12_full_3,full_cube_periodic,connected_same_particle,组3:INTERNAL:full_cube_periodic:j116,组3,same_particle_periodic_junction,r190,r368,190,368,,,,组3_full_cube_periodic_P0168,unique,,,,internal_assumption,not_applicable_same_particle,unique_periodic_endpoint_mapping,,,,,,,Z,0,0,-1,0.0,True
C_thin_12_full_3,full_cube_periodic,connected_same_particle,组3:INTERNAL:full_cube_periodic:j117,组3,same_particle_periodic_junction,r199,r201,199,201,,,,组3_full_cube_periodic_P0175,unique,,,,internal_assumption,not_applicable_same_particle,unique_periodic_endpoint_mapping,,,,,,,Y,0,1,0,0.0,True
C_thin_12_full_3,full_cube_periodic,connected_same_particle,组3:INTERNAL:full_cube_periodic:j118,组3,same_particle_periodic_junction,r200,r358,200,358,,,,组3_full_cube_periodic_P0176,unique,,,,internal_assumption,not_applicable_same_particle,unique_periodic_endpoint_mapping,,,,,,,Y,0,1,0,0.0,True
C_thin_12_full_3,full_cube_periodic,connected_same_particle,组3:INTERNAL:full_cube_periodic:j119,组3,same_particle_periodic_junction,r201,r202,201,202,,,,组3_full_cube_periodic_P0175,unique,,,,internal_assumption,not_applicable_same_particle,unique_periodic_endpoint_mapping,,,,,,,Z,0,0,-1,0.0,True
C_thin_12_full_3,full_cube_periodic,connected_same_particle,组3:INTERNAL:full_cube_periodic:j120,组3,same_particle_periodic_junction,r203,r238,203,238,,,,组3_full_cube_periodic_P0177,unique,,,,internal_assumption,not_applicable_same_particle,unique_periodic_endpoint_mapping,,,,,,,Y,0,-1,0,0.0,True
C_thin_12_full_3,full_cube_periodic,connected_same_particle,组3:INTERNAL:full_cube_periodic:j121,组3,same_particle_periodic_junction,r206,r254,206,254,,,,组3_full_cube_periodic_P0180,unique,,,,internal_assumption,not_applicable_same_particle,unique_periodic_endpoint_mapping,,,,,,,Y,0,-1,0,0.0,True
C_thin_12_full_3,full_cube_periodic,connected_same_particle,组3:INTERNAL:full_cube_periodic:j122,组3,same_particle_periodic_junction,r210,r234,210,234,,,,组3_full_cube_periodic_P0184,unique,,,,internal_assumption,not_applicable_same_particle,unique_periodic_endpoint_mapping,,,,,,,Y,0,1,0,0.0,True
C_thin_12_full_3,full_cube_periodic,connected_same_particle,组3:INTERNAL:full_cube_periodic:j123,组3,same_particle_periodic_junction,r212,r265,212,265,,,,组3_full_cube_periodic_P0185,unique,,,,internal_assumption,not_applicable_same_particle,unique_periodic_endpoint_mapping,,,,,,,Z,0,0,-1,0.0,True
C_thin_12_full_3,full_cube_periodic,connected_same_particle,组3:INTERNAL:full_cube_periodic:j124,组3,same_particle_periodic_junction,r214,r373,214,373,,,,组3_full_cube_periodic_P0187,unique,,,,internal_assumption,not_applicable_same_particle,unique_periodic_endpoint_mapping,,,,,,,Y,0,-1,0,0.0,True
C_thin_12_full_3,full_cube_periodic,connected_same_particle,组3:INTERNAL:full_cube_periodic:j125,组3,same_particle_periodic_junction,r215,r306,215,306,,,,组3_full_cube_periodic_P0188,unique,,,,internal_assumption,not_applicable_same_particle,unique_periodic_endpoint_mapping,,,,,,,Y,0,-1,0,0.0,True
C_thin_12_full_3,full_cube_periodic,connected_same_particle,组3:INTERNAL:full_cube_periodic:j126,组3,same_particle_periodic_junction,r217,r236,217,236,,,,组3_full_cube_periodic_P0190,unique,,,,internal_assumption,not_applicable_same_particle,unique_periodic_endpoint_mapping,,,,,,,Z,0,0,1,0.0,True
C_thin_12_full_3,full_cube_periodic,connected_same_particle,组3:INTERNAL:full_cube_periodic:j127,组3,same_particle_periodic_junction,r219,r243,219,243,,,,组3_full_cube_periodic_P0192,unique,,,,internal_assumption,not_applicable_same_particle,unique_periodic_endpoint_mapping,,,,,,,Y,0,-1,0,0.0,True
C_thin_12_full_3,full_cube_periodic,connected_same_particle,组3:INTERNAL:full_cube_periodic:j128,组3,same_particle_periodic_junction,r226,r317,226,317,,,,组3_full_cube_periodic_P0198,unique,,,,internal_assumption,not_applicable_same_particle,unique_periodic_endpoint_mapping,,,,,,,Y,0,1,0,0.0,True
C_thin_12_full_3,full_cube_periodic,connected_same_particle,组3:INTERNAL:full_cube_periodic:j129,组3,same_particle_periodic_junction,r228,r246,228,246,,,,组3_full_cube_periodic_P0200,unique,,,,internal_assumption,not_applicable_same_particle,unique_periodic_endpoint_mapping,,,,,,,Y,0,1,0,0.0,True
C_thin_12_full_3,full_cube_periodic,connected_same_particle,组3:INTERNAL:full_cube_periodic:j130,组3,same_particle_periodic_junction,r232,r361,232,361,,,,组3_full_cube_periodic_P0203,unique,,,,internal_assumption,not_applicable_same_particle,unique_periodic_endpoint_mapping,,,,,,,Z,0,0,-1,0.0,True
C_thin_12_full_3,full_cube_periodic,connected_same_particle,组3:INTERNAL:full_cube_periodic:j131,组3,same_particle_periodic_junction,r233,r237,233,237,,,,组3_full_cube_periodic_P0204,unique,,,,internal_assumption,not_applicable_same_particle,unique_periodic_endpoint_mapping,,,,,,,Z,0,0,1,0.0,True
C_thin_12_full_3,full_cube_periodic,connected_same_particle,组3:INTERNAL:full_cube_periodic:j132,组3,same_particle_periodic_junction,r234,r239,234,239,,,,组3_full_cube_periodic_P0184,unique,,,,internal_assumption,not_applicable_same_particle,unique_periodic_endpoint_mapping,,,,,,,Z,0,0,1,0.0,True
C_thin_12_full_3,full_cube_periodic,connected_same_particle,组3:INTERNAL:full_cube_periodic:j133,组3,same_particle_periodic_junction,r236,r299,236,299,,,,组3_full_cube_periodic_P0190,unique,,,,internal_assumption,not_applicable_same_particle,unique_periodic_endpoint_mapping,,,,,,,Y,0,1,0,0.0,True
C_thin_12_full_3,full_cube_periodic,connected_same_particle,组3:INTERNAL:full_cube_periodic:j134,组3,same_particle_periodic_junction,r238,r285,238,285,,,,组3_full_cube_periodic_P0177,unique,,,,internal_assumption,not_applicable_same_particle,unique_periodic_endpoint_mapping,,,,,,,Z,0,0,-1,0.0,True
C_thin_12_full_3,full_cube_periodic,connected_same_particle,组3:INTERNAL:full_cube_periodic:j135,组3,same_particle_periodic_junction,r246,r258,246,258,,,,组3_full_cube_periodic_P0200,unique,,,,internal_assumption,not_applicable_same_particle,unique_periodic_endpoint_mapping,,,,,,,Z,0,0,-1,0.0,True
C_thin_12_full_3,full_cube_periodic,connected_same_particle,组3:INTERNAL:full_cube_periodic:j136,组3,same_particle_periodic_junction,r253,r435,253,435,,,,组3_full_cube_periodic_P0214,unique,,,,internal_assumption,not_applicable_same_particle,unique_periodic_endpoint_mapping,,,,,,,Z,0,0,1,0.0,True
C_thin_12_full_3,full_cube_periodic,connected_same_particle,组3:INTERNAL:full_cube_periodic:j137,组3,same_particle_periodic_junction,r256,r275,256,275,,,,组3_full_cube_periodic_P0216,unique,,,,internal_assumption,not_applicable_same_particle,unique_periodic_endpoint_mapping,,,,,,,Y,0,-1,0,0.0,True
C_thin_12_full_3,full_cube_periodic,connected_same_particle,组3:INTERNAL:full_cube_periodic:j138,组3,same_particle_periodic_junction,r273,r302,273,302,,,,组3_full_cube_periodic_P0230,unique,,,,internal_assumption,not_applicable_same_particle,unique_periodic_endpoint_mapping,,,,,,,Y,0,1,0,0.0,True
C_thin_12_full_3,full_cube_periodic,connected_same_particle,组3:INTERNAL:full_cube_periodic:j139,组3,same_particle_periodic_junction,r279,r357,279,357,,,,组3_full_cube_periodic_P0234,unique,,,,internal_assumption,not_applicable_same_particle,unique_periodic_endpoint_mapping,,,,,,,Z,0,0,-1,0.0,True
C_thin_12_full_3,full_cube_periodic,connected_same_particle,组3:INTERNAL:full_cube_periodic:j140,组3,same_particle_periodic_junction,r281,r371,281,371,,,,组3_full_cube_periodic_P0236,unique,,,,internal_assumption,not_applicable_same_particle,unique_periodic_endpoint_mapping,,,,,,,Y,0,1,0,0.0,True
C_thin_12_full_3,full_cube_periodic,connected_same_particle,组3:INTERNAL:full_cube_periodic:j141,组3,same_particle_periodic_junction,r283,r312,283,312,,,,组3_full_cube_periodic_P0238,unique,,,,internal_assumption,not_applicable_same_particle,unique_periodic_endpoint_mapping,,,,,,,Y,0,1,0,0.0,True
C_thin_12_full_3,full_cube_periodic,connected_same_particle,组3:INTERNAL:full_cube_periodic:j142,组3,same_particle_periodic_junction,r294,r310,294,310,,,,组3_full_cube_periodic_P0247,unique,,,,internal_assumption,not_applicable_same_particle,unique_periodic_endpoint_mapping,,,,,,,Z,0,0,1,0.0,True
C_thin_12_full_3,full_cube_periodic,connected_same_particle,组3:INTERNAL:full_cube_periodic:j143,组3,same_particle_periodic_junction,r303,r378,303,378,,,,组3_full_cube_periodic_P0254,unique,,,,internal_assumption,not_applicable_same_particle,unique_periodic_endpoint_mapping,,,,,,,Y,0,1,0,0.0,True
C_thin_12_full_3,full_cube_periodic,connected_same_particle,组3:INTERNAL:full_cube_periodic:j144,组3,same_particle_periodic_junction,r304,r309,304,309,,,,组3_full_cube_periodic_P0255,unique,,,,internal_assumption,not_applicable_same_particle,unique_periodic_endpoint_mapping,,,,,,,Y,0,1,0,0.0,True
C_thin_12_full_3,full_cube_periodic,connected_same_particle,组3:INTERNAL:full_cube_periodic:j145,组3,same_particle_periodic_junction,r313,r410,313,410,,,,组3_full_cube_periodic_P0260,unique,,,,internal_assumption,not_applicable_same_particle,unique_periodic_endpoint_mapping,,,,,,,Z,0,0,-1,0.0,True
C_thin_12_full_3,full_cube_periodic,connected_same_particle,组3:INTERNAL:full_cube_periodic:j146,组3,same_particle_periodic_junction,r319,r347,319,347,,,,组3_full_cube_periodic_P0265,unique,,,,internal_assumption,not_applicable_same_particle,unique_periodic_endpoint_mapping,,,,,,,Z,0,0,-1,0.0,True
C_thin_12_full_3,full_cube_periodic,connected_same_particle,组3:INTERNAL:full_cube_periodic:j147,组3,same_particle_periodic_junction,r323,r416,323,416,,,,组3_full_cube_periodic_P0269,unique,,,,internal_assumption,not_applicable_same_particle,unique_periodic_endpoint_mapping,,,,,,,Z,0,0,1,0.0,True
C_thin_12_full_3,full_cube_periodic,connected_same_particle,组3:INTERNAL:full_cube_periodic:j148,组3,same_particle_periodic_junction,r334,r337,334,337,,,,组3_full_cube_periodic_P0280,unique,,,,internal_assumption,not_applicable_same_particle,unique_periodic_endpoint_mapping,,,,,,,Z,0,0,1,0.0,True
C_thin_12_full_3,full_cube_periodic,connected_same_particle,组3:INTERNAL:full_cube_periodic:j149,组3,same_particle_periodic_junction,r336,r467,336,467,,,,组3_full_cube_periodic_P0282,unique,,,,internal_assumption,not_applicable_same_particle,unique_periodic_endpoint_mapping,,,,,,,Z,0,0,1,0.0,True
C_thin_12_full_3,full_cube_periodic,connected_same_particle,组3:INTERNAL:full_cube_periodic:j150,组3,same_particle_periodic_junction,r344,r364,344,364,,,,组3_full_cube_periodic_P0289,unique,,,,internal_assumption,not_applicable_same_particle,unique_periodic_endpoint_mapping,,,,,,,Y,0,1,0,0.0,True
C_thin_12_full_3,full_cube_periodic,connected_same_particle,组3:INTERNAL:full_cube_periodic:j151,组3,same_particle_periodic_junction,r348,r356,348,356,,,,组3_full_cube_periodic_P0292,unique,,,,internal_assumption,not_applicable_same_particle,unique_periodic_endpoint_mapping,,,,,,,Z,0,0,1,0.0,True
C_thin_12_full_3,full_cube_periodic,connected_same_particle,组3:INTERNAL:full_cube_periodic:j152,组3,same_particle_periodic_junction,r352,r393,352,393,,,,组3_full_cube_periodic_P0295,unique,,,,internal_assumption,not_applicable_same_particle,unique_periodic_endpoint_mapping,,,,,,,Y,0,-1,0,0.0,True
C_thin_12_full_3,full_cube_periodic,connected_same_particle,组3:INTERNAL:full_cube_periodic:j153,组3,same_particle_periodic_junction,r354,r420,354,420,,,,组3_full_cube_periodic_P0297,unique,,,,internal_assumption,not_applicable_same_particle,unique_periodic_endpoint_mapping,,,,,,,Y,0,-1,0,0.0,True
C_thin_12_full_3,full_cube_periodic,connected_same_particle,组3:INTERNAL:full_cube_periodic:j154,组3,same_particle_periodic_junction,r362,r370,362,370,,,,组3_full_cube_periodic_P0301,unique,,,,internal_assumption,not_applicable_same_particle,unique_periodic_endpoint_mapping,,,,,,,Y,0,-1,0,0.0,True
C_thin_12_full_3,full_cube_periodic,connected_same_particle,组3:INTERNAL:full_cube_periodic:j155,组3,same_particle_periodic_junction,r367,r397,367,397,,,,组3_full_cube_periodic_P0304,unique,,,,internal_assumption,not_applicable_same_particle,unique_periodic_endpoint_mapping,,,,,,,Z,0,0,1,0.0,True
C_thin_12_full_3,full_cube_periodic,connected_same_particle,组3:INTERNAL:full_cube_periodic:j156,组3,same_particle_periodic_junction,r377,r412,377,412,,,,组3_full_cube_periodic_P0309,cannot_reconstruct,,,,internal_assumption,not_applicable_same_particle,unique_periodic_endpoint_mapping,,,,,,,Y,0,1,0,0.0,True
C_thin_12_full_3,full_cube_periodic,connected_same_particle,组3:INTERNAL:full_cube_periodic:j157,组3,same_particle_periodic_junction,r385,r394,385,394,,,,组3_full_cube_periodic_P0315,unique,,,,internal_assumption,not_applicable_same_particle,unique_periodic_endpoint_mapping,,,,,,,Y,0,1,0,0.0,True
C_thin_12_full_3,full_cube_periodic,connected_same_particle,组3:INTERNAL:full_cube_periodic:j158,组3,same_particle_periodic_junction,r401,r436,401,436,,,,组3_full_cube_periodic_P0324,unique,,,,internal_assumption,not_applicable_same_particle,unique_periodic_endpoint_mapping,,,,,,,Z,0,0,1,0.0,True
C_thin_12_full_3,full_cube_periodic,connected_same_particle,组3:INTERNAL:full_cube_periodic:j159,组3,same_particle_periodic_junction,r402,r427,402,427,,,,组3_full_cube_periodic_P0325,unique,,,,internal_assumption,not_applicable_same_particle,unique_periodic_endpoint_mapping,,,,,,,Y,0,-1,0,0.0,True
C_thin_12_full_3,full_cube_periodic,connected_same_particle,组3:INTERNAL:full_cube_periodic:j160,组3,same_particle_periodic_junction,r403,r409,403,409,,,,组3_full_cube_periodic_P0326,unique,,,,internal_assumption,not_applicable_same_particle,unique_periodic_endpoint_mapping,,,,,,,Z,0,0,1,0.0,True
C_thin_12_full_3,full_cube_periodic,connected_same_particle,组3:INTERNAL:full_cube_periodic:j161,组3,same_particle_periodic_junction,r408,r450,408,450,,,,组3_full_cube_periodic_P0329,unique,,,,internal_assumption,not_applicable_same_particle,unique_periodic_endpoint_mapping,,,,,,,Z,0,0,1,0.0,True
C_thin_12_full_3,full_cube_periodic,connected_same_particle,组3:INTERNAL:full_cube_periodic:j162,组3,same_particle_periodic_junction,r409,r414,409,414,,,,组3_full_cube_periodic_P0326,unique,,,,internal_assumption,not_applicable_same_particle,unique_periodic_endpoint_mapping,,,,,,,Y,0,1,0,0.0,True
C_thin_12_full_3,full_cube_periodic,connected_same_particle,组3:INTERNAL:full_cube_periodic:j163,组3,same_particle_periodic_junction,r419,r441,419,441,,,,组3_full_cube_periodic_P0334,unique,,,,internal_assumption,not_applicable_same_particle,unique_periodic_endpoint_mapping,,,,,,,Y,0,1,0,0.0,True
C_thin_12_full_3,full_cube_periodic,connected_same_particle,组3:INTERNAL:full_cube_periodic:j164,组3,same_particle_periodic_junction,r422,r490,422,490,,,,组3_full_cube_periodic_P0004,unique,,,,internal_assumption,not_applicable_same_particle,unique_periodic_endpoint_mapping,,,,,,,Y,0,-1,0,0.0,True
C_thin_12_full_3,full_cube_periodic,connected_same_particle,组3:INTERNAL:full_cube_periodic:j165,组3,same_particle_periodic_junction,r425,r434,425,434,,,,组3_full_cube_periodic_P0336,unique,,,,internal_assumption,not_applicable_same_particle,unique_periodic_endpoint_mapping,,,,,,,Y,0,1,0,0.0,True
C_thin_12_full_3,full_cube_periodic,connected_same_particle,组3:INTERNAL:full_cube_periodic:j166,组3,same_particle_periodic_junction,r426,r529,426,529,,,,组3_full_cube_periodic_P0087,unique,,,,internal_assumption,not_applicable_same_particle,unique_periodic_endpoint_mapping,,,,,,,Y,0,1,0,0.0,True
C_thin_12_full_3,full_cube_periodic,connected_same_particle,组3:INTERNAL:full_cube_periodic:j167,组3,same_particle_periodic_junction,r428,r447,428,447,,,,组3_full_cube_periodic_P0044,unique,,,,internal_assumption,not_applicable_same_particle,unique_periodic_endpoint_mapping,,,,,,,Z,0,0,1,0.0,True
C_thin_12_full_3,full_cube_periodic,connected_same_particle,组3:INTERNAL:full_cube_periodic:j168,组3,same_particle_periodic_junction,r429,r460,429,460,,,,组3_full_cube_periodic_P0337,unique,,,,internal_assumption,not_applicable_same_particle,unique_periodic_endpoint_mapping,,,,,,,Z,0,0,1,0.0,True
C_thin_12_full_3,full_cube_periodic,connected_same_particle,组3:INTERNAL:full_cube_periodic:j169,组3,same_particle_periodic_junction,r433,r515,433,515,,,,组3_full_cube_periodic_P0339,unique,,,,internal_assumption,not_applicable_same_particle,unique_periodic_endpoint_mapping,,,,,,,Z,0,0,-1,0.0,True
C_thin_12_full_3,full_cube_periodic,connected_same_particle,组3:INTERNAL:full_cube_periodic:j170,组3,same_particle_periodic_junction,r440,r471,440,471,,,,组3_full_cube_periodic_P0089,unique,,,,internal_assumption,not_applicable_same_particle,unique_periodic_endpoint_mapping,,,,,,,Y,0,1,0,0.0,True
C_thin_12_full_3,full_cube_periodic,connected_same_particle,组3:INTERNAL:full_cube_periodic:j171,组3,same_particle_periodic_junction,r442,r472,442,472,,,,组3_full_cube_periodic_P0012,unique,,,,internal_assumption,not_applicable_same_particle,unique_periodic_endpoint_mapping,,,,,,,Z,0,0,1,0.0,True
C_thin_12_full_3,full_cube_periodic,connected_same_particle,组3:INTERNAL:full_cube_periodic:j172,组3,same_particle_periodic_junction,r444,r459,444,459,,,,组3_full_cube_periodic_P0342,unique,,,,internal_assumption,not_applicable_same_particle,unique_periodic_endpoint_mapping,,,,,,,Y,0,-1,0,0.0,True
C_thin_12_full_3,full_cube_periodic,connected_same_particle,组3:INTERNAL:full_cube_periodic:j173,组3,same_particle_periodic_junction,r453,r477,453,477,,,,组3_full_cube_periodic_P0345,unique,,,,internal_assumption,not_applicable_same_particle,unique_periodic_endpoint_mapping,,,,,,,Z,0,0,1,0.0,True
C_thin_12_full_3,full_cube_periodic,connected_same_particle,组3:INTERNAL:full_cube_periodic:j174,组3,same_particle_periodic_junction,r469,r497,469,497,,,,组3_full_cube_periodic_P0349,unique,,,,internal_assumption,not_applicable_same_particle,unique_periodic_endpoint_mapping,,,,,,,Y,0,1,0,0.0,True
C_thin_12_full_3,full_cube_periodic,connected_same_particle,组3:INTERNAL:full_cube_periodic:j175,组3,same_particle_periodic_junction,r475,r495,475,495,,,,组3_full_cube_periodic_P0351,unique,,,,internal_assumption,not_applicable_same_particle,unique_periodic_endpoint_mapping,,,,,,,Y,0,1,0,0.0,True
C_thin_12_full_3,full_cube_periodic,connected_same_particle,组3:INTERNAL:full_cube_periodic:j176,组3,same_particle_periodic_junction,r476,r488,476,488,,,,组3_full_cube_periodic_P0019,unique,,,,internal_assumption,not_applicable_same_particle,unique_periodic_endpoint_mapping,,,,,,,Y,0,-1,0,0.0,True
C_thin_12_full_3,full_cube_periodic,connected_same_particle,组3:INTERNAL:full_cube_periodic:j177,组3,same_particle_periodic_junction,r494,r496,494,496,,,,组3_full_cube_periodic_P0356,unique,,,,internal_assumption,not_applicable_same_particle,unique_periodic_endpoint_mapping,,,,,,,Z,0,0,-1,0.0,True
C_thin_12_full_3,full_cube_periodic,connected_same_particle,组3:INTERNAL:full_cube_periodic:j178,组3,same_particle_periodic_junction,r505,r534,505,534,,,,组3_full_cube_periodic_P0009,unique,,,,internal_assumption,not_applicable_same_particle,unique_periodic_endpoint_mapping,,,,,,,Y,0,-1,0,0.0,True
