sheet,scenario,particle_id,status,complete_5000,segment_count,sheet_rows,chain_rows,chain_orientations,total_length_nm,length_residual_nm,junction_count,cross_X,cross_Y,cross_Z,shared_junctions,periodic_junctions,unmatched_boundary_faces
组1,row_literal,组1_row_literal_P0001,cannot_reconstruct,False,1,3,3,3:+,2447.8138479470927,-2552.1861520529073,0,0,0,0,0,0,
组1,row_literal,组1_row_literal_P0002,cannot_reconstruct,False,1,4,4,4:+,2315.534369816957,-2684.465630183043,0,0,0,0,0,0,
组1,row_literal,组1_row_literal_P0003,cannot_reconstruct,False,1,5,5,5:+,1062.1411789741362,-3937.858821025864,0,0,0,0,0,0,
组1,row_literal,组1_row_literal_P0004,unique,True,1,6,6,6:+,5000.000000000005,4.547473508864641e-12,0,0,0,0,0,0,
组1,row_literal,组1_row_literal_P0005,unique,True,1,7,7,7:+,5000.000000000003,2.7284841053187847e-12,0,0,0,0,0,0,
组1,row_literal,组1_row_literal_P0006,cannot_reconstruct,False,1,8,8,8:+,1419.6467067908795,-3580.3532932091202,0,0,0,0,0,0,
组1,row_literal,组1_row_literal_P0007,cannot_reconstruct,False,1,9,9,9:+,3580.3532932091184,-1419.6467067908816,0,0,0,0,0,0,
组1,row_literal,组1_row_literal_P0008,cannot_reconstruct,False,1,10,10,10:+,4423.311529464218,-576.6884705357816,0,0,0,0,0,0,
组1,row_literal,组1_row_literal_P0009,cannot_reconstruct,False,1,11,11,11:+,3937.8588210258636,-1062.1411789741364,0,0,0,0,0,0,
组1,row_literal,组1_row_literal_P0010,cannot_reconstruct,False,1,12,12,12:+,2684.465630183044,-2315.534369816956,0,0,0,0,0,0,
组1,row_literal,组1_row_literal_P0011,cannot_reconstruct,False,1,13,13,13:+,1019.1172545934198,-3980.8827454065804,0,0,0,0,0,0,
组1,row_literal,组1_row_literal_P0012,cannot_reconstruct,False,1,14,14,14:+,1359.2513846976615,-3640.7486153023383,0,0,0,0,0,0,
组1,full_cube_periodic,组1_full_cube_periodic_P0001,cannot_reconstruct,False,2,3;14,3->14,3:-;14:-,3807.0652326447544,-1192.9347673552456,1,1,0,0,0,1,
组1,full_cube_periodic,组1_full_cube_periodic_P0002,unique,True,2,4;12,4->12,4:-;12:-,5000.000000000002,1.8189894035458565e-12,1,1,0,0,0,1,
组1,full_cube_periodic,组1_full_cube_periodic_P0003,unique,True,2,5;11,5->11,5:-;11:-,5000.0,0.0,1,1,0,0,0,1,
组1,full_cube_periodic,组1_full_cube_periodic_P0004,unique,True,1,6,6,6:+,5000.000000000005,4.547473508864641e-12,0,0,0,0,0,0,
组1,full_cube_periodic,组1_full_cube_periodic_P0005,unique,True,1,7,7,7:+,5000.000000000003,2.7284841053187847e-12,0,0,0,0,0,0,
组1,full_cube_periodic,组1_full_cube_periodic_P0006,cannot_reconstruct,False,1,8,8,8:+,1419.6467067908795,-3580.3532932091202,0,0,0,0,0,0,
组1,full_cube_periodic,组1_full_cube_periodic_P0007,cannot_reconstruct,False,1,9,9,9:+,3580.3532932091184,-1419.6467067908816,0,0,0,0,0,0,
组1,full_cube_periodic,组1_full_cube_periodic_P0008,cannot_reconstruct,False,1,10,10,10:+,4423.311529464218,-576.6884705357816,0,0,0,0,0,0,X+:1
组1,full_cube_periodic,组1_full_cube_periodic_P0009,cannot_reconstruct,False,1,13,13,13:+,1019.1172545934198,-3980.8827454065804,0,0,0,0,0,0,
组1,thin_prism_periodic,组1_thin_prism_periodic_P0001,cannot_reconstruct,False,3,3;13;14,3->14->13,3:-;14:-;13:-,4826.182487238174,-173.81751276182604,2,1,0,1,0,2,Y-:1
组1,thin_prism_periodic,组1_thin_prism_periodic_P0002,unique,True,2,4;12,4->12,4:-;12:-,5000.000000000002,1.8189894035458565e-12,1,1,0,0,0,1,
组1,thin_prism_periodic,组1_thin_prism_periodic_P0003,unique,True,2,5;11,5->11,5:-;11:-,5000.0,0.0,1,1,0,0,0,1,
组1,thin_prism_periodic,组1_thin_prism_periodic_P0004,unique,True,1,6,6,6:+,5000.000000000005,4.547473508864641e-12,0,0,0,0,0,0,
组1,thin_prism_periodic,组1_thin_prism_periodic_P0005,unique,True,1,7,7,7:+,5000.000000000003,2.7284841053187847e-12,0,0,0,0,0,0,
组1,thin_prism_periodic,组1_thin_prism_periodic_P0006,unique,True,2,8;9,8->9,8:+;9:+,4999.999999999998,-1.8189894035458565e-12,1,0,0,1,0,1,
组1,thin_prism_periodic,组1_thin_prism_periodic_P0007,cannot_reconstruct,False,1,10,10,10:+,4423.311529464218,-576.6884705357816,0,0,0,0,0,0,X+:1;Y-:1
组2,row_literal,组2_row_literal_P0001,cannot_reconstruct,False,1,3,3,3:+,1506.0941803395392,-3493.905819660461,0,0,0,0,0,0,
组2,row_literal,组2_row_literal_P0002,cannot_reconstruct,False,1,4,4,4:+,4230.185849840471,-769.8141501595292,0,0,0,0,0,0,
组2,row_literal,组2_row_literal_P0003,cannot_reconstruct,False,1,5,5,5:+,1844.6672446236553,-3155.3327553763447,0,0,0,0,0,0,
组2,row_literal,组2_row_literal_P0004,cannot_reconstruct,False,1,6,6,6:+,3080.1227520443604,-1919.8772479556396,0,0,0,0,0,0,
组2,row_literal,组2_row_literal_P0005,cannot_reconstruct,False,1,7,7,7:+,3017.1442233327843,-1982.8557766672157,0,0,0,0,0,0,
组2,row_literal,组2_row_literal_P0006,cannot_reconstruct,False,1,8,8,8:+,2677.2638185886635,-2322.7361814113365,0,0,0,0,0,0,
组2,row_literal,组2_row_literal_P0007,cannot_reconstruct,False,1,9,9,9:+,1556.4879696949872,-3443.5120303050126,0,0,0,0,0,0,
组2,row_literal,组2_row_literal_P0008,cannot_reconstruct,False,1,10,10,10:+,829.4383879007114,-4170.561612099289,0,0,0,0,0,0,
组2,row_literal,组2_row_literal_P0009,cannot_reconstruct,False,1,11,11,11:+,1944.0559972924643,-3055.9440027075357,0,0,0,0,0,0,
组2,row_literal,组2_row_literal_P0010,cannot_reconstruct,False,1,12,12,12:+,1874.6776896276024,-3125.3223103723976,0,0,0,0,0,0,
组2,row_literal,组2_row_literal_P0011,cannot_reconstruct,False,1,13,13,13:+,3053.5735753661397,-1946.4264246338603,0,0,0,0,0,0,
组2,row_literal,组2_row_literal_P0012,unique,True,1,14,14,14:+,5000.000000000003,2.7284841053187847e-12,0,0,0,0,0,0,
组2,row_literal,组2_row_literal_P0013,cannot_reconstruct,False,1,15,15,15:+,2967.3006364069115,-2032.6993635930885,0,0,0,0,0,0,
组2,row_literal,组2_row_literal_P0014,unique,True,1,16,16,16:+,4999.999999999995,-4.547473508864641e-12,0,0,0,0,0,0,
组2,row_literal,组2_row_literal_P0015,cannot_reconstruct,False,1,17,17,17:+,3716.8968047957146,-1283.1031952042854,0,0,0,0,0,0,
组2,row_literal,组2_row_literal_P0016,unique,True,1,18,18,18:+,5000.000000000005,4.547473508864641e-12,0,0,0,0,0,0,
组2,row_literal,组2_row_literal_P0017,cannot_reconstruct,False,1,19,19,19:+,1102.1814925754359,-3897.818507424564,0,0,0,0,0,0,
组2,row_literal,组2_row_literal_P0018,unique,True,1,20,20,20:+,5000.000000000002,1.8189894035458565e-12,0,0,0,0,0,0,
组2,row_literal,组2_row_literal_P0019,cannot_reconstruct,False,1,21,21,21:+,3746.525577980492,-1253.474422019508,0,0,0,0,0,0,
组2,row_literal,组2_row_literal_P0020,cannot_reconstruct,False,1,22,22,22:+,2021.025915386798,-2978.9740846132017,0,0,0,0,0,0,
组2,row_literal,组2_row_literal_P0021,unique,True,1,23,23,23:+,5000.000000000008,8.185452315956354e-12,0,0,0,0,0,0,
组2,row_literal,组2_row_literal_P0022,cannot_reconstruct,False,1,24,24,24:+,843.9378326602185,-4156.062167339782,0,0,0,0,0,0,
组2,row_literal,组2_row_literal_P0023,cannot_reconstruct,False,1,25,25,25:+,3472.012519815564,-1527.9874801844362,0,0,0,0,0,0,
组2,row_literal,组2_row_literal_P0024,unique,True,1,26,26,26:+,5000.0,0.0,0,0,0,0,0,0,
组2,row_literal,组2_row_literal_P0025,unique,True,1,27,27,27:+,5000.000000000005,4.547473508864641e-12,0,0,0,0,0,0,
组2,row_literal,组2_row_literal_P0026,unique,True,1,28,28,28:+,5000.000000000001,9.094947017729282e-13,0,0,0,0,0,0,
组2,row_literal,组2_row_literal_P0027,cannot_reconstruct,False,1,29,29,29:+,4156.062167339787,-843.9378326602127,0,0,0,0,0,0,
组2,row_literal,组2_row_literal_P0028,cannot_reconstruct,False,1,30,30,30:+,759.7249841608437,-4240.275015839156,0,0,0,0,0,0,
组2,row_literal,组2_row_literal_P0029,unique,True,1,31,31,31:+,4999.999999999995,-4.547473508864641e-12,0,0,0,0,0,0,
组2,row_literal,组2_row_literal_P0030,cannot_reconstruct,False,1,32,32,32:+,1272.9743794322424,-3727.025620567758,0,0,0,0,0,0,
组2,row_literal,组2_row_literal_P0031,unique,True,1,33,33,33:+,5000.000000000002,1.8189894035458565e-12,0,0,0,0,0,0,
组2,row_literal,组2_row_literal_P0032,cannot_reconstruct,False,1,34,34,34:+,1064.8514837356201,-3935.14851626438,0,0,0,0,0,0,
组2,row_literal,组2_row_literal_P0033,unique,True,1,35,35,35:+,5000.000000000004,3.637978807091713e-12,0,0,0,0,0,0,
组2,row_literal,组2_row_literal_P0034,cannot_reconstruct,False,1,36,36,36:+,4925.513101435421,-74.48689856457895,0,0,0,0,0,0,
组2,row_literal,组2_row_literal_P0035,cannot_reconstruct,False,1,37,37,37:+,1253.4744220195043,-3746.5255779804957,0,0,0,0,0,0,
组2,row_literal,组2_row_literal_P0036,cannot_reconstruct,False,1,38,38,38:+,3935.148516264376,-1064.8514837356238,0,0,0,0,0,0,
组2,row_literal,组2_row_literal_P0037,cannot_reconstruct,False,1,39,39,39:+,1527.9874801844335,-3472.0125198155665,0,0,0,0,0,0,
组2,row_literal,组2_row_literal_P0038,cannot_reconstruct,False,1,40,40,40:+,3443.512030305012,-1556.487969694988,0,0,0,0,0,0,
组2,row_literal,组2_row_literal_P0039,cannot_reconstruct,False,1,41,41,41:+,3125.322310372395,-1874.677689627605,0,0,0,0,0,0,
组2,row_literal,组2_row_literal_P0040,cannot_reconstruct,False,1,42,42,42:+,927.5617455518203,-4072.4382544481796,0,0,0,0,0,0,
组2,row_literal,组2_row_literal_P0041,cannot_reconstruct,False,1,43,43,43:+,1338.582052862184,-3661.417947137816,0,0,0,0,0,0,
组2,row_literal,组2_row_literal_P0042,cannot_reconstruct,False,1,44,44,44:+,2322.736181411338,-2677.263818588662,0,0,0,0,0,0,
组2,row_literal,组2_row_literal_P0043,cannot_reconstruct,False,1,45,45,45:+,2227.771009824533,-2772.228990175467,0,0,0,0,0,0,
组2,row_literal,组2_row_literal_P0044,cannot_reconstruct,False,1,46,46,46:+,1946.4264246338662,-3053.573575366134,0,0,0,0,0,0,
组2,row_literal,组2_row_literal_P0045,cannot_reconstruct,False,1,47,47,47:+,1919.8772479556317,-3080.122752044368,0,0,0,0,0,0,
组2,row_literal,组2_row_literal_P0046,cannot_reconstruct,False,1,48,48,48:+,1934.5129293238506,-3065.4870706761494,0,0,0,0,0,0,
组2,row_literal,组2_row_literal_P0047,cannot_reconstruct,False,1,49,49,49:+,1053.1422742228324,-3946.8577257771676,0,0,0,0,0,0,
组2,row_literal,组2_row_literal_P0048,cannot_reconstruct,False,1,50,50,50:+,1034.9180873207345,-3965.0819126792658,0,0,0,0,0,0,
组2,row_literal,组2_row_literal_P0049,cannot_reconstruct,False,1,51,51,51:+,577.4739501397556,-4422.526049860245,0,0,0,0,0,0,
组2,full_cube_periodic,组2_full_cube_periodic_P0001,cannot_reconstruct,False,2,3;49,3->49,3:-;49:-,2559.2364545623714,-2440.7635454376286,1,1,0,0,0,1,
组2,full_cube_periodic,组2_full_cube_periodic_P0002,cannot_reconstruct,False,2,4;51,4->51,4:-;51:-,4807.659799980226,-192.34020001977387,1,1,0,0,0,1,
组2,full_cube_periodic,组2_full_cube_periodic_P0003,cannot_reconstruct,False,2,5;45,5->45,5:-;45:-,4072.438254448188,-927.5617455518118,1,1,0,0,0,1,
组2,full_cube_periodic,组2_full_cube_periodic_P0004,unique,True,2,6;47,6->47,6:-;47:-,4999.999999999992,-8.185452315956354e-12,1,1,0,0,0,1,
组2,full_cube_periodic,组2_full_cube_periodic_P0005,cannot_reconstruct,False,2,7;48,7->48,7:-;48:-,4951.657152656635,-48.342847343365065,1,1,0,0,0,1,
组2,full_cube_periodic,组2_full_cube_periodic_P0006,unique,True,2,8;44,8->44,8:-;44:-,5000.000000000002,1.8189894035458565e-12,1,1,0,0,0,1,
组2,full_cube_periodic,组2_full_cube_periodic_P0007,unique,True,2,9;40,9->40,9:-;40:-,4999.999999999999,-9.094947017729282e-13,1,1,0,0,0,1,
组2,full_cube_periodic,组2_full_cube_periodic_P0008,cannot_reconstruct,False,1,10,10,10:+,829.4383879007114,-4170.561612099289,0,0,0,0,0,0,X-:1
组2,full_cube_periodic,组2_full_cube_periodic_P0009,cannot_reconstruct,False,2,11;50,11->50,11:-;50:-,2978.974084613199,-2021.025915386801,1,1,0,0,0,1,
组2,full_cube_periodic,组2_full_cube_periodic_P0010,unique,True,2,12;41,12->41,12:-;41:-,4999.999999999997,-2.7284841053187847e-12,1,1,0,0,0,1,
组2,full_cube_periodic,组2_full_cube_periodic_P0011,unique,True,2,13;46,13->46,13:-;46:-,5000.0000000000055,5.4569682106375694e-12,1,1,0,0,0,1,
组2,full_cube_periodic,组2_full_cube_periodic_P0012,unique,True,1,14,14,14:+,5000.000000000003,2.7284841053187847e-12,0,0,0,0,0,0,
组2,full_cube_periodic,组2_full_cube_periodic_P0013,cannot_reconstruct,False,1,15,15,15:+,2967.3006364069115,-2032.6993635930885,0,0,0,0,0,0,
组2,full_cube_periodic,组2_full_cube_periodic_P0014,unique,True,1,16,16,16:+,4999.999999999995,-4.547473508864641e-12,0,0,0,0,0,0,
组2,full_cube_periodic,组2_full_cube_periodic_P0015,cannot_reconstruct,False,1,17,17,17:+,3716.8968047957146,-1283.1031952042854,0,0,0,0,0,0,
组2,full_cube_periodic,组2_full_cube_periodic_P0016,unique,True,1,18,18,18:+,5000.000000000005,4.547473508864641e-12,0,0,0,0,0,0,
组2,full_cube_periodic,组2_full_cube_periodic_P0017,cannot_reconstruct,False,1,19,19,19:+,1102.1814925754359,-3897.818507424564,0,0,0,0,0,0,
组2,full_cube_periodic,组2_full_cube_periodic_P0018,unique,True,1,20,20,20:+,5000.000000000002,1.8189894035458565e-12,0,0,0,0,0,0,
组2,full_cube_periodic,组2_full_cube_periodic_P0019,cannot_reconstruct,False,1,21,21,21:+,3746.525577980492,-1253.474422019508,0,0,0,0,0,0,
组2,full_cube_periodic,组2_full_cube_periodic_P0020,cannot_reconstruct,False,1,22,22,22:+,2021.025915386798,-2978.9740846132017,0,0,0,0,0,0,
组2,full_cube_periodic,组2_full_cube_periodic_P0021,unique,True,1,23,23,23:+,5000.000000000008,8.185452315956354e-12,0,0,0,0,0,0,
组2,full_cube_periodic,组2_full_cube_periodic_P0022,cannot_reconstruct,False,1,24,24,24:+,843.9378326602185,-4156.062167339782,0,0,0,0,0,0,
组2,full_cube_periodic,组2_full_cube_periodic_P0023,cannot_reconstruct,False,1,25,25,25:+,3472.012519815564,-1527.9874801844362,0,0,0,0,0,0,
组2,full_cube_periodic,组2_full_cube_periodic_P0024,unique,True,1,26,26,26:+,5000.0,0.0,0,0,0,0,0,0,
组2,full_cube_periodic,组2_full_cube_periodic_P0025,unique,True,1,27,27,27:+,5000.000000000005,4.547473508864641e-12,0,0,0,0,0,0,
组2,full_cube_periodic,组2_full_cube_periodic_P0026,unique,True,1,28,28,28:+,5000.000000000001,9.094947017729282e-13,0,0,0,0,0,0,
组2,full_cube_periodic,组2_full_cube_periodic_P0027,cannot_reconstruct,False,1,29,29,29:+,4156.062167339787,-843.9378326602127,0,0,0,0,0,0,
组2,full_cube_periodic,组2_full_cube_periodic_P0028,cannot_reconstruct,False,1,30,30,30:+,759.7249841608437,-4240.275015839156,0,0,0,0,0,0,
组2,full_cube_periodic,组2_full_cube_periodic_P0029,unique,True,1,31,31,31:+,4999.999999999995,-4.547473508864641e-12,0,0,0,0,0,0,
组2,full_cube_periodic,组2_full_cube_periodic_P0030,cannot_reconstruct,False,1,32,32,32:+,1272.9743794322424,-3727.025620567758,0,0,0,0,0,0,
组2,full_cube_periodic,组2_full_cube_periodic_P0031,unique,True,1,33,33,33:+,5000.000000000002,1.8189894035458565e-12,0,0,0,0,0,0,
组2,full_cube_periodic,组2_full_cube_periodic_P0032,cannot_reconstruct,False,1,34,34,34:+,1064.8514837356201,-3935.14851626438,0,0,0,0,0,0,
组2,full_cube_periodic,组2_full_cube_periodic_P0033,unique,True,1,35,35,35:+,5000.000000000004,3.637978807091713e-12,0,0,0,0,0,0,
组2,full_cube_periodic,组2_full_cube_periodic_P0034,cannot_reconstruct,False,1,36,36,36:+,4925.513101435421,-74.48689856457895,0,0,0,0,0,0,X+:1
组2,full_cube_periodic,组2_full_cube_periodic_P0035,cannot_reconstruct,False,1,37,37,37:+,1253.4744220195043,-3746.5255779804957,0,0,0,0,0,0,
组2,full_cube_periodic,组2_full_cube_periodic_P0036,cannot_reconstruct,False,1,38,38,38:+,3935.148516264376,-1064.8514837356238,0,0,0,0,0,0,
组2,full_cube_periodic,组2_full_cube_periodic_P0037,cannot_reconstruct,False,1,39,39,39:+,1527.9874801844335,-3472.0125198155665,0,0,0,0,0,0,
组2,full_cube_periodic,组2_full_cube_periodic_P0038,cannot_reconstruct,False,1,42,42,42:+,927.5617455518203,-4072.4382544481796,0,0,0,0,0,0,
组2,full_cube_periodic,组2_full_cube_periodic_P0039,cannot_reconstruct,False,1,43,43,43:+,1338.582052862184,-3661.417947137816,0,0,0,0,0,0,
组2,thin_prism_periodic,组2_thin_prism_periodic_P0001,unique,True,4,3;19;43;49,19->3->49->43,19:-;3:-;49:-;43:-,4999.999999999991,-9.094947017729282e-12,3,1,1,1,0,3,
组2,thin_prism_periodic,组2_thin_prism_periodic_P0002,cannot_reconstruct,False,2,4;51,4->51,4:-;51:-,4807.659799980226,-192.34020001977387,1,1,0,0,0,1,Z-:1
组2,thin_prism_periodic,组2_thin_prism_periodic_P0003,unique,True,3,5;42;45,5->45->42,5:-;45:-;42:-,5000.000000000008,8.185452315956354e-12,2,1,1,0,0,2,
组2,thin_prism_periodic,组2_thin_prism_periodic_P0004,unique,True,2,6;47,6->47,6:-;47:-,4999.999999999992,-8.185452315956354e-12,1,1,0,0,0,1,
组2,thin_prism_periodic,组2_thin_prism_periodic_P0005,cannot_reconstruct,False,2,7;48,7->48,7:-;48:-,4951.657152656635,-48.342847343365065,1,1,0,0,0,1,Y-:1
组2,thin_prism_periodic,组2_thin_prism_periodic_P0006,unique,True,2,8;44,8->44,8:-;44:-,5000.000000000002,1.8189894035458565e-12,1,1,0,0,0,1,
组2,thin_prism_periodic,组2_thin_prism_periodic_P0007,unique,True,2,9;40,9->40,9:-;40:-,4999.999999999999,-9.094947017729282e-13,1,1,0,0,0,1,
组2,thin_prism_periodic,组2_thin_prism_periodic_P0008,cannot_reconstruct,False,2,10;17,10->17,10:+;17:+,4546.335192696426,-453.664807303574,1,0,0,1,0,1,X-:1
组2,thin_prism_periodic,组2_thin_prism_periodic_P0009,unique,True,3,11;22;50,22->11->50,22:-;11:-;50:-,4999.999999999996,-3.637978807091713e-12,2,1,0,1,0,2,
组2,thin_prism_periodic,组2_thin_prism_periodic_P0010,unique,True,2,12;41,12->41,12:-;41:-,4999.999999999997,-2.7284841053187847e-12,1,1,0,0,0,1,
组2,thin_prism_periodic,组2_thin_prism_periodic_P0011,unique,True,2,13;46,13->46,13:-;46:-,5000.0000000000055,5.4569682106375694e-12,1,1,0,0,0,1,
组2,thin_prism_periodic,组2_thin_prism_periodic_P0012,unique,True,1,14,14,14:+,5000.000000000003,2.7284841053187847e-12,0,0,0,0,0,0,
组2,thin_prism_periodic,组2_thin_prism_periodic_P0013,unique,True,3,15;30;32,15->30->32,15:+;30:+;32:+,4999.999999999997,-2.7284841053187847e-12,2,0,1,1,0,2,
组2,thin_prism_periodic,组2_thin_prism_periodic_P0014,unique,True,1,16,16,16:+,4999.999999999995,-4.547473508864641e-12,0,0,0,0,0,0,
组2,thin_prism_periodic,组2_thin_prism_periodic_P0015,unique,True,1,18,18,18:+,5000.000000000005,4.547473508864641e-12,0,0,0,0,0,0,
组2,thin_prism_periodic,组2_thin_prism_periodic_P0016,unique,True,1,20,20,20:+,5000.000000000002,1.8189894035458565e-12,0,0,0,0,0,0,
组2,thin_prism_periodic,组2_thin_prism_periodic_P0017,unique,True,2,21;37,21->37,21:+;37:+,4999.999999999996,-3.637978807091713e-12,1,0,1,0,0,1,
组2,thin_prism_periodic,组2_thin_prism_periodic_P0018,unique,True,1,23,23,23:+,5000.000000000008,8.185452315956354e-12,0,0,0,0,0,0,
组2,thin_prism_periodic,组2_thin_prism_periodic_P0019,unique,True,2,24;29,24->29,24:+;29:+,5000.0000000000055,5.4569682106375694e-12,1,0,0,1,0,1,
组2,thin_prism_periodic,组2_thin_prism_periodic_P0020,unique,True,2,25;39,25->39,25:+;39:+,4999.999999999997,-2.7284841053187847e-12,1,0,1,0,0,1,
组2,thin_prism_periodic,组2_thin_prism_periodic_P0021,unique,True,1,26,26,26:+,5000.0,0.0,0,0,0,0,0,0,
组2,thin_prism_periodic,组2_thin_prism_periodic_P0022,unique,True,1,27,27,27:+,5000.000000000005,4.547473508864641e-12,0,0,0,0,0,0,
组2,thin_prism_periodic,组2_thin_prism_periodic_P0023,unique,True,1,28,28,28:+,5000.000000000001,9.094947017729282e-13,0,0,0,0,0,0,
组2,thin_prism_periodic,组2_thin_prism_periodic_P0024,unique,True,1,31,31,31:+,4999.999999999995,-4.547473508864641e-12,0,0,0,0,0,0,
组2,thin_prism_periodic,组2_thin_prism_periodic_P0025,unique,True,1,33,33,33:+,5000.000000000002,1.8189894035458565e-12,0,0,0,0,0,0,
组2,thin_prism_periodic,组2_thin_prism_periodic_P0026,unique,True,2,34;38,34->38,34:+;38:+,4999.999999999996,-3.637978807091713e-12,1,0,1,0,0,1,
组2,thin_prism_periodic,组2_thin_prism_periodic_P0027,unique,True,1,35,35,35:+,5000.000000000004,3.637978807091713e-12,0,0,0,0,0,0,
组2,thin_prism_periodic,组2_thin_prism_periodic_P0028,cannot_reconstruct,False,1,36,36,36:+,4925.513101435421,-74.48689856457895,0,0,0,0,0,0,X+:1
组3,row_literal,组3_row_literal_P0001,cannot_reconstruct,False,1,3,3,3:+,4874.807153360126,-125.192846639874,0,0,0,0,0,0,
组3,row_literal,组3_row_literal_P0002,cannot_reconstruct,False,1,4,4,4:+,3536.541437143679,-1463.458562856321,0,0,0,0,0,0,
组3,row_literal,组3_row_literal_P0003,cannot_reconstruct,False,1,5,5,5:+,1779.052636984073,-3220.9473630159273,0,0,0,0,0,0,
组3,row_literal,组3_row_literal_P0004,cannot_reconstruct,False,1,6,6,6:+,1478.0691391314886,-3521.9308608685114,0,0,0,0,0,0,
组3,row_literal,组3_row_literal_P0005,cannot_reconstruct,False,1,7,7,7:+,4422.796321965136,-577.2036780348644,0,0,0,0,0,0,
组3,row_literal,组3_row_literal_P0006,cannot_reconstruct,False,1,8,8,8:+,3442.092433649416,-1557.9075663505841,0,0,0,0,0,0,
组3,row_literal,组3_row_literal_P0007,cannot_reconstruct,False,1,9,9,9:+,2497.5982763783745,-2502.4017236216255,0,0,0,0,0,0,
组3,row_literal,组3_row_literal_P0008,cannot_reconstruct,False,1,10,10,10:+,2497.1282484913363,-2502.8717515086637,0,0,0,0,0,0,
组3,row_literal,组3_row_literal_P0009,cannot_reconstruct,False,1,11,11,11:+,2904.010790879062,-2095.989209120938,0,0,0,0,0,0,
组3,row_literal,组3_row_literal_P0010,cannot_reconstruct,False,1,12,12,12:+,4342.181221878726,-657.8187781212737,0,0,0,0,0,0,
组3,row_literal,组3_row_literal_P0011,cannot_reconstruct,False,1,13,13,13:+,913.5151014276626,-4086.4848985723374,0,0,0,0,0,0,
组3,row_literal,组3_row_literal_P0012,cannot_reconstruct,False,1,14,14,14:+,2060.382740381134,-2939.617259618866,0,0,0,0,0,0,
组3,row_literal,组3_row_literal_P0013,cannot_reconstruct,False,1,15,15,15:+,4528.159142474385,-471.8408575256153,0,0,0,0,0,0,
组3,row_literal,组3_row_literal_P0014,cannot_reconstruct,False,1,16,16,16:+,3509.930579045047,-1490.0694209549529,0,0,0,0,0,0,
组3,row_literal,组3_row_literal_P0015,cannot_reconstruct,False,1,17,17,17:+,804.9025853004582,-4195.097414699541,0,0,0,0,0,0,
组3,row_literal,组3_row_literal_P0016,cannot_reconstruct,False,1,18,18,18:+,2497.840944605064,-2502.159055394936,0,0,0,0,0,0,
组3,row_literal,组3_row_literal_P0017,cannot_reconstruct,False,1,19,19,19:+,981.387976262608,-4018.612023737392,0,0,0,0,0,0,
组3,row_literal,组3_row_literal_P0018,cannot_reconstruct,False,1,20,20,20:+,1471.223154195896,-3528.7768458041037,0,0,0,0,0,0,
组3,row_literal,组3_row_literal_P0019,cannot_reconstruct,False,1,21,21,21:+,882.4164156787766,-4117.5835843212235,0,0,0,0,0,0,
组3,row_literal,组3_row_literal_P0020,cannot_reconstruct,False,1,22,22,22:+,1840.460384963259,-3159.539615036741,0,0,0,0,0,0,
组3,row_literal,组3_row_literal_P0021,cannot_reconstruct,False,1,23,23,23:+,3191.740660501443,-1808.259339498557,0,0,0,0,0,0,
组3,row_literal,组3_row_literal_P0022,cannot_reconstruct,False,1,24,24,24:+,2765.288061848407,-2234.711938151593,0,0,0,0,0,0,
组3,row_literal,组3_row_literal_P0023,cannot_reconstruct,False,1,25,25,25:+,3450.0439600567543,-1549.9560399432457,0,0,0,0,0,0,
组3,row_literal,组3_row_literal_P0024,cannot_reconstruct,False,1,26,26,26:+,3815.52228969526,-1184.47771030474,0,0,0,0,0,0,
组3,row_literal,组3_row_literal_P0025,cannot_reconstruct,False,1,27,27,27:+,3665.68426682574,-1334.31573317426,0,0,0,0,0,0,
组3,row_literal,组3_row_literal_P0026,cannot_reconstruct,False,1,28,28,28:+,4474.302617950936,-525.6973820490639,0,0,0,0,0,0,
组3,row_literal,组3_row_literal_P0027,cannot_reconstruct,False,1,29,29,29:+,2305.77420421187,-2694.22579578813,0,0,0,0,0,0,
组3,row_literal,组3_row_literal_P0028,cannot_reconstruct,False,1,30,30,30:+,4036.5366439420955,-963.4633560579045,0,0,0,0,0,0,
组3,row_literal,组3_row_literal_P0029,cannot_reconstruct,False,1,31,31,31:+,3711.5554274002566,-1288.4445725997434,0,0,0,0,0,0,
组3,row_literal,组3_row_literal_P0030,cannot_reconstruct,False,1,32,32,32:+,831.6354537618065,-4168.364546238194,0,0,0,0,0,0,
组3,row_literal,组3_row_literal_P0031,cannot_reconstruct,False,1,33,33,33:+,3277.8623350247467,-1722.1376649752533,0,0,0,0,0,0,
组3,row_literal,组3_row_literal_P0032,cannot_reconstruct,False,1,34,34,34:+,3934.469704923681,-1065.530295076319,0,0,0,0,0,0,
组3,row_literal,组3_row_literal_P0033,cannot_reconstruct,False,1,35,35,35:+,3432.2559148160726,-1567.7440851839274,0,0,0,0,0,0,
组3,row_literal,组3_row_literal_P0034,cannot_reconstruct,False,1,36,36,36:+,3965.7249804704193,-1034.2750195295807,0,0,0,0,0,0,
组3,row_literal,组3_row_literal_P0035,cannot_reconstruct,False,1,37,37,37:+,3102.4049691529685,-1897.5950308470315,0,0,0,0,0,0,
组3,row_literal,组3_row_literal_P0036,cannot_reconstruct,False,1,38,38,38:+,4168.659955305062,-831.3400446949381,0,0,0,0,0,0,
组3,row_literal,组3_row_literal_P0037,cannot_reconstruct,False,1,39,39,39:+,1075.0919356239763,-3924.9080643760235,0,0,0,0,0,0,
组3,row_literal,组3_row_literal_P0038,cannot_reconstruct,False,1,40,40,40:+,561.7183048111525,-4438.281695188847,0,0,0,0,0,0,
组3,row_literal,组3_row_literal_P0039,cannot_reconstruct,False,1,41,41,41:+,811.0214235042997,-4188.9785764957005,0,0,0,0,0,0,
组3,row_literal,组3_row_literal_P0040,cannot_reconstruct,False,1,42,42,42:+,2217.8121965483037,-2782.1878034516963,0,0,0,0,0,0,
组3,row_literal,组3_row_literal_P0041,cannot_reconstruct,False,1,43,43,43:+,4193.518468482424,-806.4815315175756,0,0,0,0,0,0,
组3,row_literal,组3_row_literal_P0042,cannot_reconstruct,False,1,44,44,44:+,1222.5803393993835,-3777.419660600616,0,0,0,0,0,0,
组3,row_literal,组3_row_literal_P0043,cannot_reconstruct,False,1,45,45,45:+,1570.7107564586443,-3429.289243541356,0,0,0,0,0,0,
组3,row_literal,组3_row_literal_P0044,cannot_reconstruct,False,1,46,46,46:+,1001.7754394470295,-3998.2245605529706,0,0,0,0,0,0,
组3,row_literal,组3_row_literal_P0045,cannot_reconstruct,False,1,47,47,47:+,2719.6039063448707,-2280.3960936551293,0,0,0,0,0,0,
组3,row_literal,组3_row_literal_P0046,cannot_reconstruct,False,1,48,48,48:+,1133.8748542010278,-3866.125145798972,0,0,0,0,0,0,
组3,row_literal,组3_row_literal_P0047,cannot_reconstruct,False,1,49,49,49:+,1521.2992147504362,-3478.7007852495635,0,0,0,0,0,0,
组3,row_literal,组3_row_literal_P0048,cannot_reconstruct,False,1,50,50,50:+,1869.0236159136484,-3130.9763840863516,0,0,0,0,0,0,
组3,row_literal,组3_row_literal_P0049,cannot_reconstruct,False,1,51,51,51:+,4990.28278053823,-9.717219461769673,0,0,0,0,0,0,
组3,row_literal,组3_row_literal_P0050,cannot_reconstruct,False,1,52,52,52:+,3790.511763514181,-1209.488236485819,0,0,0,0,0,0,
组3,row_literal,组3_row_literal_P0051,cannot_reconstruct,False,1,53,53,53:+,1166.4689946717895,-3833.5310053282105,0,0,0,0,0,0,
组3,row_literal,组3_row_literal_P0052,cannot_reconstruct,False,1,54,54,54:+,4658.088761177963,-341.9112388220374,0,0,0,0,0,0,
组3,row_literal,组3_row_literal_P0053,cannot_reconstruct,False,1,55,55,55:+,3360.0465203772746,-1639.9534796227254,0,0,0,0,0,0,
组3,row_literal,组3_row_literal_P0054,cannot_reconstruct,False,1,56,56,56:+,2350.5690666134938,-2649.4309333865062,0,0,0,0,0,0,
组3,row_literal,组3_row_literal_P0055,cannot_reconstruct,False,1,57,57,57:+,3112.9454020522185,-1887.0545979477815,0,0,0,0,0,0,
组3,row_literal,组3_row_literal_P0056,cannot_reconstruct,False,1,58,58,58:+,527.6768003198009,-4472.323199680199,0,0,0,0,0,0,
组3,row_literal,组3_row_literal_P0057,cannot_reconstruct,False,1,59,59,59:+,3858.5340030565994,-1141.4659969434006,0,0,0,0,0,0,
组3,row_literal,组3_row_literal_P0058,cannot_reconstruct,False,1,60,60,60:+,1835.0289031984546,-3164.971096801545,0,0,0,0,0,0,
组3,row_literal,组3_row_literal_P0059,cannot_reconstruct,False,1,61,61,61:+,3851.4126671684735,-1148.5873328315265,0,0,0,0,0,0,
组3,row_literal,组3_row_literal_P0060,cannot_reconstruct,False,1,62,62,62:+,3412.7178876246353,-1587.2821123753647,0,0,0,0,0,0,
组3,row_literal,组3_row_literal_P0061,cannot_reconstruct,False,1,63,63,63:+,3968.893669832232,-1031.1063301677682,0,0,0,0,0,0,
组3,row_literal,组3_row_literal_P0062,cannot_reconstruct,False,1,64,64,64:+,2685.6760287580933,-2314.3239712419067,0,0,0,0,0,0,
组3,row_literal,组3_row_literal_P0063,cannot_reconstruct,False,1,65,65,65:+,4993.537514137639,-6.4624858623610635,0,0,0,0,0,0,
组3,row_literal,组3_row_literal_P0064,cannot_reconstruct,False,1,66,66,66:+,4041.1373501089392,-958.8626498910608,0,0,0,0,0,0,
组3,row_literal,组3_row_literal_P0065,cannot_reconstruct,False,1,67,67,67:+,3350.0600666507207,-1649.9399333492793,0,0,0,0,0,0,
组3,row_literal,组3_row_literal_P0066,cannot_reconstruct,False,1,68,68,68:+,1051.9335501859841,-3948.066449814016,0,0,0,0,0,0,
组3,row_literal,组3_row_literal_P0067,cannot_reconstruct,False,1,69,69,69:+,4794.642353041769,-205.35764695823127,0,0,0,0,0,0,
组3,row_literal,组3_row_literal_P0068,cannot_reconstruct,False,1,70,70,70:+,4092.4903058783066,-907.5096941216934,0,0,0,0,0,0,
组3,row_literal,组3_row_literal_P0069,cannot_reconstruct,False,1,71,71,71:+,703.6578416292421,-4296.342158370758,0,0,0,0,0,0,
组3,row_literal,组3_row_literal_P0070,cannot_reconstruct,False,1,72,72,72:+,3863.6457713094705,-1136.3542286905295,0,0,0,0,0,0,
组3,row_literal,组3_row_literal_P0071,cannot_reconstruct,False,1,73,73,73:+,2881.413688093943,-2118.586311906057,0,0,0,0,0,0,
组3,row_literal,组3_row_literal_P0072,cannot_reconstruct,False,1,74,74,74:+,3326.053025150123,-1673.9469748498768,0,0,0,0,0,0,
组3,row_literal,组3_row_literal_P0073,cannot_reconstruct,False,1,75,75,75:+,4593.515484953657,-406.4845150463434,0,0,0,0,0,0,
组3,row_literal,组3_row_literal_P0074,cannot_reconstruct,False,1,76,76,76:+,690.7110208664845,-4309.288979133516,0,0,0,0,0,0,
组3,row_literal,组3_row_literal_P0075,cannot_reconstruct,False,1,77,77,77:+,3725.7910866581533,-1274.2089133418467,0,0,0,0,0,0,
组3,row_literal,组3_row_literal_P0076,cannot_reconstruct,False,1,78,78,78:+,2952.028245508109,-2047.9717544918908,0,0,0,0,0,0,
组3,row_literal,组3_row_literal_P0077,cannot_reconstruct,False,1,79,79,79:+,4320.664865233921,-679.3351347660791,0,0,0,0,0,0,
组3,row_literal,组3_row_literal_P0078,cannot_reconstruct,False,1,80,80,80:+,919.4071165032985,-4080.5928834967017,0,0,0,0,0,0,
组3,row_literal,组3_row_literal_P0079,cannot_reconstruct,False,1,81,81,81:+,3399.8577180403504,-1600.1422819596496,0,0,0,0,0,0,
组3,row_literal,组3_row_literal_P0080,cannot_reconstruct,False,1,82,82,82:+,771.300909264929,-4228.699090735071,0,0,0,0,0,0,
组3,row_literal,组3_row_literal_P0081,cannot_reconstruct,False,1,83,83,83:+,1870.0005292357725,-3129.999470764227,0,0,0,0,0,0,
组3,row_literal,组3_row_literal_P0082,cannot_reconstruct,False,1,84,84,84:+,811.9672405650101,-4188.03275943499,0,0,0,0,0,0,
组3,row_literal,组3_row_literal_P0083,cannot_reconstruct,False,1,85,85,85:+,2575.775295958822,-2424.224704041178,0,0,0,0,0,0,
组3,row_literal,组3_row_literal_P0084,cannot_reconstruct,False,1,86,86,86:+,4088.707983910174,-911.2920160898261,0,0,0,0,0,0,
组3,row_literal,组3_row_literal_P0085,cannot_reconstruct,False,1,87,87,87:+,1668.3304045978007,-3331.6695954021993,0,0,0,0,0,0,
组3,row_literal,组3_row_literal_P0086,cannot_reconstruct,False,1,88,88,88:+,3595.476948190313,-1404.5230518096869,0,0,0,0,0,0,
组3,row_literal,组3_row_literal_P0087,cannot_reconstruct,False,1,89,89,89:+,700.4031634580434,-4299.596836541957,0,0,0,0,0,0,
组3,row_literal,组3_row_literal_P0088,cannot_reconstruct,False,1,90,90,90:+,827.2490177645481,-4172.750982235452,0,0,0,0,0,0,
组3,row_literal,组3_row_literal_P0089,cannot_reconstruct,False,1,91,91,91:+,2066.891848974567,-2933.108151025433,0,0,0,0,0,0,
组3,row_literal,组3_row_literal_P0090,cannot_reconstruct,False,1,92,92,92:+,1594.678851040646,-3405.321148959354,0,0,0,0,0,0,
组3,row_literal,组3_row_literal_P0091,cannot_reconstruct,False,1,93,93,93:+,661.2562181169345,-4338.743781883066,0,0,0,0,0,0,
组3,row_literal,组3_row_literal_P0092,cannot_reconstruct,False,1,94,94,94:+,3800.2541601701055,-1199.7458398298945,0,0,0,0,0,0,
组3,row_literal,组3_row_literal_P0093,unique,True,1,95,95,95:+,4999.999999999997,-2.7284841053187847e-12,0,0,0,0,0,0,
组3,row_literal,组3_row_literal_P0094,unique,True,1,96,96,96:+,4999.999999999997,-2.7284841053187847e-12,0,0,0,0,0,0,
组3,row_literal,组3_row_literal_P0095,unique,True,1,97,97,97:+,4999.999999999999,-9.094947017729282e-13,0,0,0,0,0,0,
组3,row_literal,组3_row_literal_P0096,cannot_reconstruct,False,1,98,98,98:+,1531.4431755272144,-3468.5568244727856,0,0,0,0,0,0,
组3,row_literal,组3_row_literal_P0097,unique,True,1,99,99,99:+,4999.999999999999,-9.094947017729282e-13,0,0,0,0,0,0,
组3,row_literal,组3_row_literal_P0098,unique,True,1,100,100,100:+,5000.000000000005,4.547473508864641e-12,0,0,0,0,0,0,
组3,row_literal,组3_row_literal_P0099,cannot_reconstruct,False,1,101,101,101:+,1302.2097711223462,-3697.790228877654,0,0,0,0,0,0,
组3,row_literal,组3_row_literal_P0100,unique,True,1,102,102,102:+,4999.9999999999945,-5.4569682106375694e-12,0,0,0,0,0,0,
组3,row_literal,组3_row_literal_P0101,unique,True,1,103,103,103:+,4999.999999999998,-1.8189894035458565e-12,0,0,0,0,0,0,
组3,row_literal,组3_row_literal_P0102,cannot_reconstruct,False,1,104,104,104:+,1190.150215079024,-3809.849784920976,0,0,0,0,0,0,
组3,row_literal,组3_row_literal_P0103,unique,True,1,105,105,105:+,5000.0,0.0,0,0,0,0,0,0,
组3,row_literal,组3_row_literal_P0104,cannot_reconstruct,False,1,106,106,106:+,3905.228272487582,-1094.7717275124178,0,0,0,0,0,0,
组3,row_literal,组3_row_literal_P0105,cannot_reconstruct,False,1,107,107,107:+,2910.8088956880915,-2089.1911043119085,0,0,0,0,0,0,
组3,row_literal,组3_row_literal_P0106,unique,True,1,108,108,108:+,4999.999999999997,-2.7284841053187847e-12,0,0,0,0,0,0,
组3,row_literal,组3_row_literal_P0107,unique,True,1,109,109,109:+,5000.000000000001,9.094947017729282e-13,0,0,0,0,0,0,
组3,row_literal,组3_row_literal_P0108,unique,True,1,110,110,110:+,4999.999999999996,-3.637978807091713e-12,0,0,0,0,0,0,
组3,row_literal,组3_row_literal_P0109,cannot_reconstruct,False,1,111,111,111:+,4814.484257451858,-185.51574254814204,0,0,0,0,0,0,
组3,row_literal,组3_row_literal_P0110,cannot_reconstruct,False,1,112,112,112:+,1080.1204359450621,-3919.879564054938,0,0,0,0,0,0,
组3,row_literal,组3_row_literal_P0111,unique,True,1,113,113,113:+,5000.000000000002,1.8189894035458565e-12,0,0,0,0,0,0,
组3,row_literal,组3_row_literal_P0112,cannot_reconstruct,False,1,114,114,114:+,705.212623967009,-4294.787376032991,0,0,0,0,0,0,
组3,row_literal,组3_row_literal_P0113,unique,True,1,115,115,115:+,5000.000000000004,3.637978807091713e-12,0,0,0,0,0,0,
组3,row_literal,组3_row_literal_P0114,unique,True,1,116,116,116:+,5000.000000000008,8.185452315956354e-12,0,0,0,0,0,0,
组3,row_literal,组3_row_literal_P0115,unique,True,1,117,117,117:+,5000.000000000005,4.547473508864641e-12,0,0,0,0,0,0,
组3,row_literal,组3_row_literal_P0116,unique,True,1,118,118,118:+,4999.999999999996,-3.637978807091713e-12,0,0,0,0,0,0,
组3,row_literal,组3_row_literal_P0117,unique,True,1,119,119,119:+,5000.000000000002,1.8189894035458565e-12,0,0,0,0,0,0,
组3,row_literal,组3_row_literal_P0118,cannot_reconstruct,False,1,120,120,120:+,4833.786768637805,-166.21323136219507,0,0,0,0,0,0,
组3,row_literal,组3_row_literal_P0119,unique,True,1,121,121,121:+,5000.0000000000055,5.4569682106375694e-12,0,0,0,0,0,0,
组3,row_literal,组3_row_literal_P0120,unique,True,1,122,122,122:+,4999.999999999995,-4.547473508864641e-12,0,0,0,0,0,0,
组3,row_literal,组3_row_literal_P0121,cannot_reconstruct,False,1,123,123,123:+,3468.5568244727824,-1531.4431755272176,0,0,0,0,0,0,
组3,row_literal,组3_row_literal_P0122,unique,True,1,124,124,124:+,5000.000000000002,1.8189894035458565e-12,0,0,0,0,0,0,
组3,row_literal,组3_row_literal_P0123,cannot_reconstruct,False,1,125,125,125:+,2099.3712794734183,-2900.6287205265817,0,0,0,0,0,0,
组3,row_literal,组3_row_literal_P0124,cannot_reconstruct,False,1,126,126,126:+,3722.627382779332,-1277.372617220668,0,0,0,0,0,0,
组3,row_literal,组3_row_literal_P0125,unique,True,1,127,127,127:+,5000.000000000003,2.7284841053187847e-12,0,0,0,0,0,0,
组3,row_literal,组3_row_literal_P0126,unique,True,1,128,128,128:+,5000.000000000005,4.547473508864641e-12,0,0,0,0,0,0,
组3,row_literal,组3_row_literal_P0127,cannot_reconstruct,False,1,129,129,129:+,2212.2905692253134,-2787.7094307746866,0,0,0,0,0,0,
组3,row_literal,组3_row_literal_P0128,unique,True,1,130,130,130:+,5000.0,0.0,0,0,0,0,0,0,
组3,row_literal,组3_row_literal_P0129,cannot_reconstruct,False,1,131,131,131:+,712.4738633037288,-4287.526136696271,0,0,0,0,0,0,
组3,row_literal,组3_row_literal_P0130,cannot_reconstruct,False,1,132,132,132:+,2188.154857222853,-2811.845142777147,0,0,0,0,0,0,
组3,row_literal,组3_row_literal_P0131,unique,True,1,133,133,133:+,5000.000000000002,1.8189894035458565e-12,0,0,0,0,0,0,
组3,row_literal,组3_row_literal_P0132,cannot_reconstruct,False,1,134,134,134:+,4294.78737603298,-705.2126239670197,0,0,0,0,0,0,
组3,row_literal,组3_row_literal_P0133,cannot_reconstruct,False,1,135,135,135:+,3580.1942724405753,-1419.8057275594247,0,0,0,0,0,0,
组3,row_literal,组3_row_literal_P0134,cannot_reconstruct,False,1,136,136,136:+,2651.7178861461794,-2348.2821138538206,0,0,0,0,0,0,
组3,row_literal,组3_row_literal_P0135,cannot_reconstruct,False,1,137,137,137:+,1094.7717275124148,-3905.228272487585,0,0,0,0,0,0,
组3,row_literal,组3_row_literal_P0136,unique,True,1,138,138,138:+,5000.000000000005,4.547473508864641e-12,0,0,0,0,0,0,
组3,row_literal,组3_row_literal_P0137,unique,True,1,139,139,139:+,5000.000000000003,2.7284841053187847e-12,0,0,0,0,0,0,
组3,row_literal,组3_row_literal_P0138,cannot_reconstruct,False,1,140,140,140:+,4297.119914088368,-702.8800859116318,0,0,0,0,0,0,
组3,row_literal,组3_row_literal_P0139,cannot_reconstruct,False,1,141,141,141:+,1038.933210065073,-3961.0667899349273,0,0,0,0,0,0,
组3,row_literal,组3_row_literal_P0140,cannot_reconstruct,False,1,142,142,142:+,1199.7458398298909,-3800.254160170109,0,0,0,0,0,0,
组3,row_literal,组3_row_literal_P0141,unique,True,1,143,143,143:+,5000.000000000004,3.637978807091713e-12,0,0,0,0,0,0,
组3,row_literal,组3_row_literal_P0142,cannot_reconstruct,False,1,144,144,144:+,1487.553701874218,-3512.446298125782,0,0,0,0,0,0,
组3,row_literal,组3_row_literal_P0143,cannot_reconstruct,False,1,145,145,145:+,2787.7094307746806,-2212.2905692253194,0,0,0,0,0,0,
组3,row_literal,组3_row_literal_P0144,unique,True,1,146,146,146:+,5000.0,0.0,0,0,0,0,0,0,
组3,row_literal,组3_row_literal_P0145,cannot_reconstruct,False,1,147,147,147:+,1225.268414665543,-3774.731585334457,0,0,0,0,0,0,
组3,row_literal,组3_row_literal_P0146,cannot_reconstruct,False,1,148,148,148:+,1759.841927862615,-3240.158072137385,0,0,0,0,0,0,
组3,row_literal,组3_row_literal_P0147,cannot_reconstruct,False,1,149,149,149:+,4332.511493953082,-667.4885060469178,0,0,0,0,0,0,
组3,row_literal,组3_row_literal_P0148,cannot_reconstruct,False,1,150,150,150:+,4804.005421698286,-195.99457830171377,0,0,0,0,0,0,
组3,row_literal,组3_row_literal_P0149,unique,True,1,151,151,151:+,4999.999999999995,-4.547473508864641e-12,0,0,0,0,0,0,
组3,row_literal,组3_row_literal_P0150,cannot_reconstruct,False,1,152,152,152:+,2116.564234815714,-2883.435765184286,0,0,0,0,0,0,
组3,row_literal,组3_row_literal_P0151,unique,True,1,153,153,153:+,4999.999999999998,-1.8189894035458565e-12,0,0,0,0,0,0,
组3,row_literal,组3_row_literal_P0152,cannot_reconstruct,False,1,154,154,154:+,4015.66027169416,-984.3397283058398,0,0,0,0,0,0,
组3,row_literal,组3_row_literal_P0153,cannot_reconstruct,False,1,155,155,155:+,1820.9628639113146,-3179.0371360886857,0,0,0,0,0,0,
组3,row_literal,组3_row_literal_P0154,unique,True,1,156,156,156:+,5000.000000000003,2.7284841053187847e-12,0,0,0,0,0,0,
组3,row_literal,组3_row_literal_P0155,unique,True,1,157,157,157:+,5000.000000000004,3.637978807091713e-12,0,0,0,0,0,0,
组3,row_literal,组3_row_literal_P0156,cannot_reconstruct,False,1,158,158,158:+,3936.0620296923225,-1063.9379703076775,0,0,0,0,0,0,
组3,row_literal,组3_row_literal_P0157,unique,True,1,159,159,159:+,5000.000000000003,2.7284841053187847e-12,0,0,0,0,0,0,
组3,row_literal,组3_row_literal_P0158,cannot_reconstruct,False,1,160,160,160:+,4634.686465168995,-365.3135348310052,0,0,0,0,0,0,
组3,row_literal,组3_row_literal_P0159,cannot_reconstruct,False,1,161,161,161:+,4564.221186967349,-435.77881303265076,0,0,0,0,0,0,
组3,row_literal,组3_row_literal_P0160,unique,True,1,162,162,162:+,5000.000000000002,1.8189894035458565e-12,0,0,0,0,0,0,
组3,row_literal,组3_row_literal_P0161,cannot_reconstruct,False,1,163,163,163:+,4997.38931275427,-2.6106872457303325,0,0,0,0,0,0,
组3,row_literal,组3_row_literal_P0162,cannot_reconstruct,False,1,164,164,164:+,3179.03713608869,-1820.9628639113098,0,0,0,0,0,0,
组3,row_literal,组3_row_literal_P0163,cannot_reconstruct,False,1,165,165,165:+,2193.4348902227284,-2806.5651097772716,0,0,0,0,0,0,
组3,row_literal,组3_row_literal_P0164,unique,True,1,166,166,166:+,4999.999999999996,-3.637978807091713e-12,0,0,0,0,0,0,
组3,row_literal,组3_row_literal_P0165,cannot_reconstruct,False,1,167,167,167:+,1714.283084210331,-3285.7169157896687,0,0,0,0,0,0,
组3,row_literal,组3_row_literal_P0166,cannot_reconstruct,False,1,168,168,168:+,3983.3918629955597,-1016.6081370044403,0,0,0,0,0,0,
组3,row_literal,组3_row_literal_P0167,cannot_reconstruct,False,1,169,169,169:+,559.223064247723,-4440.7769357522775,0,0,0,0,0,0,
组3,row_literal,组3_row_literal_P0168,cannot_reconstruct,False,1,170,170,170:+,4532.156821229,-467.84317877099966,0,0,0,0,0,0,
组3,row_literal,组3_row_literal_P0169,cannot_reconstruct,False,1,171,171,171:+,1207.7638410721072,-3792.2361589278926,0,0,0,0,0,0,
组3,row_literal,组3_row_literal_P0170,unique,True,1,172,172,172:+,4999.999999999992,-8.185452315956354e-12,0,0,0,0,0,0,
组3,row_literal,组3_row_literal_P0171,unique,True,1,173,173,173:+,4999.999999999993,-7.275957614183426e-12,0,0,0,0,0,0,
组3,row_literal,组3_row_literal_P0172,unique,True,1,174,174,174:+,4999.999999999999,-9.094947017729282e-13,0,0,0,0,0,0,
组3,row_literal,组3_row_literal_P0173,cannot_reconstruct,False,1,175,175,175:+,3774.7315853344585,-1225.2684146655415,0,0,0,0,0,0,
组3,row_literal,组3_row_literal_P0174,cannot_reconstruct,False,1,176,176,176:+,2292.6491828148223,-2707.3508171851777,0,0,0,0,0,0,
组3,row_literal,组3_row_literal_P0175,unique,True,1,177,177,177:+,5000.000000000002,1.8189894035458565e-12,0,0,0,0,0,0,
组3,row_literal,组3_row_literal_P0176,unique,True,1,178,178,178:+,5000.000000000001,9.094947017729282e-13,0,0,0,0,0,0,
组3,row_literal,组3_row_literal_P0177,cannot_reconstruct,False,1,179,179,179:+,4323.194452081308,-676.8055479186924,0,0,0,0,0,0,
组3,row_literal,组3_row_literal_P0178,cannot_reconstruct,False,1,180,180,180:+,2584.5631027991594,-2415.4368972008406,0,0,0,0,0,0,
组3,row_literal,组3_row_literal_P0179,cannot_reconstruct,False,1,181,181,181:+,4440.776935752283,-559.223064247717,0,0,0,0,0,0,
组3,row_literal,组3_row_literal_P0180,unique,True,1,182,182,182:+,5000.000000000002,1.8189894035458565e-12,0,0,0,0,0,0,
组3,row_literal,组3_row_literal_P0181,unique,True,1,183,183,183:+,4999.999999999998,-1.8189894035458565e-12,0,0,0,0,0,0,
组3,row_literal,组3_row_literal_P0182,cannot_reconstruct,False,1,184,184,184:+,2301.1650233282444,-2698.8349766717556,0,0,0,0,0,0,
组3,row_literal,组3_row_literal_P0183,unique,True,1,185,185,185:+,5000.000000000005,4.547473508864641e-12,0,0,0,0,0,0,
组3,row_literal,组3_row_literal_P0184,unique,True,1,186,186,186:+,4999.9999999999945,-5.4569682106375694e-12,0,0,0,0,0,0,
组3,row_literal,组3_row_literal_P0185,cannot_reconstruct,False,1,187,187,187:+,1507.0880569306512,-3492.911943069349,0,0,0,0,0,0,
组3,row_literal,组3_row_literal_P0186,unique,True,1,188,188,188:+,5000.000000000001,9.094947017729282e-13,0,0,0,0,0,0,
组3,row_literal,组3_row_literal_P0187,cannot_reconstruct,False,1,189,189,189:+,702.8800859116345,-4297.1199140883655,0,0,0,0,0,0,
组3,row_literal,组3_row_literal_P0188,cannot_reconstruct,False,1,190,190,190:+,4466.338711969051,-533.6612880309494,0,0,0,0,0,0,
组3,row_literal,组3_row_literal_P0189,cannot_reconstruct,False,1,191,191,191:+,984.3397283058457,-4015.6602716941543,0,0,0,0,0,0,
组3,row_literal,组3_row_literal_P0190,unique,True,1,192,192,192:+,5000.000000000001,9.094947017729282e-13,0,0,0,0,0,0,
组3,row_literal,组3_row_literal_P0191,unique,True,1,193,193,193:+,4999.999999999998,-1.8189894035458565e-12,0,0,0,0,0,0,
组3,row_literal,组3_row_literal_P0192,cannot_reconstruct,False,1,194,194,194:+,4728.587593139968,-271.4124068600322,0,0,0,0,0,0,
组3,row_literal,组3_row_literal_P0193,unique,True,1,195,195,195:+,4999.999999999996,-3.637978807091713e-12,0,0,0,0,0,0,
组3,row_literal,组3_row_literal_P0194,unique,True,1,196,196,196:+,4999.999999999997,-2.7284841053187847e-12,0,0,0,0,0,0,
组3,row_literal,组3_row_literal_P0195,cannot_reconstruct,False,1,197,197,197:+,3492.911943069346,-1507.0880569306541,0,0,0,0,0,0,
组3,row_literal,组3_row_literal_P0196,cannot_reconstruct,False,1,198,198,198:+,4540.804961643996,-459.19503835600426,0,0,0,0,0,0,
组3,row_literal,组3_row_literal_P0197,cannot_reconstruct,False,1,199,199,199:+,2794.3226931075365,-2205.6773068924635,0,0,0,0,0,0,
组3,row_literal,组3_row_literal_P0198,cannot_reconstruct,False,1,200,200,200:+,3707.3706554601663,-1292.6293445398337,0,0,0,0,0,0,
组3,row_literal,组3_row_literal_P0199,cannot_reconstruct,False,1,201,201,201:+,715.9899665328975,-4284.010033467102,0,0,0,0,0,0,
组3,row_literal,组3_row_literal_P0200,cannot_reconstruct,False,1,202,202,202:+,1489.6873403595605,-3510.3126596404395,0,0,0,0,0,0,
组3,row_literal,组3_row_literal_P0201,cannot_reconstruct,False,1,203,203,203:+,1662.7992908866556,-3337.2007091133446,0,0,0,0,0,0,
组3,row_literal,组3_row_literal_P0202,unique,True,1,204,204,204:+,5000.000000000003,2.7284841053187847e-12,0,0,0,0,0,0,
组3,row_literal,组3_row_literal_P0203,unique,True,1,205,205,205:+,5000.000000000002,1.8189894035458565e-12,0,0,0,0,0,0,
组3,row_literal,组3_row_literal_P0204,cannot_reconstruct,False,1,206,206,206:+,4384.083156408662,-615.916843591338,0,0,0,0,0,0,
组3,row_literal,组3_row_literal_P0205,unique,True,1,207,207,207:+,4999.999999999999,-9.094947017729282e-13,0,0,0,0,0,0,
组3,row_literal,组3_row_literal_P0206,unique,True,1,208,208,208:+,5000.000000000006,6.366462912410498e-12,0,0,0,0,0,0,
组3,row_literal,组3_row_literal_P0207,cannot_reconstruct,False,1,209,209,209:+,4620.624601345126,-379.3753986548736,0,0,0,0,0,0,
组3,row_literal,组3_row_literal_P0208,cannot_reconstruct,False,1,210,210,210:+,2917.968028483469,-2082.031971516531,0,0,0,0,0,0,
组3,row_literal,组3_row_literal_P0209,cannot_reconstruct,False,1,211,211,211:+,1136.001957219342,-3863.9980427806577,0,0,0,0,0,0,
组3,row_literal,组3_row_literal_P0210,cannot_reconstruct,False,1,212,212,212:+,2939.894017409379,-2060.105982590621,0,0,0,0,0,0,
组3,row_literal,组3_row_literal_P0211,unique,True,1,213,213,213:+,4999.999999999998,-1.8189894035458565e-12,0,0,0,0,0,0,
组3,row_literal,组3_row_literal_P0212,cannot_reconstruct,False,1,214,214,214:+,3696.909631751418,-1303.0903682485819,0,0,0,0,0,0,
组3,row_literal,组3_row_literal_P0213,cannot_reconstruct,False,1,215,215,215:+,2801.99766413508,-2198.00233586492,0,0,0,0,0,0,
组3,row_literal,组3_row_literal_P0214,unique,True,1,216,216,216:+,5000.000000000004,3.637978807091713e-12,0,0,0,0,0,0,
组3,row_literal,组3_row_literal_P0215,cannot_reconstruct,False,1,217,217,217:+,622.589126458353,-4377.410873541647,0,0,0,0,0,0,
组3,row_literal,组3_row_literal_P0216,unique,True,1,218,218,218:+,4999.999999999999,-9.094947017729282e-13,0,0,0,0,0,0,
组3,row_literal,组3_row_literal_P0217,cannot_reconstruct,False,1,219,219,219:+,4123.5000402593705,-876.4999597406295,0,0,0,0,0,0,
组3,row_literal,组3_row_literal_P0218,cannot_reconstruct,False,1,220,220,220:+,2707.3508171851854,-2292.6491828148146,0,0,0,0,0,0,
组3,row_literal,组3_row_literal_P0219,cannot_reconstruct,False,1,221,221,221:+,4587.076340597699,-412.9236594023014,0,0,0,0,0,0,
组3,row_literal,组3_row_literal_P0220,unique,True,1,222,222,222:+,5000.000000000003,2.7284841053187847e-12,0,0,0,0,0,0,
组3,row_literal,组3_row_literal_P0221,unique,True,1,223,223,223:+,4999.999999999999,-9.094947017729282e-13,0,0,0,0,0,0,
组3,row_literal,组3_row_literal_P0222,unique,True,1,224,224,224:+,4999.999999999997,-2.7284841053187847e-12,0,0,0,0,0,0,
组3,row_literal,组3_row_literal_P0223,unique,True,1,225,225,225:+,5000.0000000000055,5.4569682106375694e-12,0,0,0,0,0,0,
组3,row_literal,组3_row_literal_P0224,cannot_reconstruct,False,1,226,226,226:+,3042.8166314100226,-1957.1833685899774,0,0,0,0,0,0,
组3,row_literal,组3_row_literal_P0225,unique,True,1,227,227,227:+,5000.000000000006,6.366462912410498e-12,0,0,0,0,0,0,
组3,row_literal,组3_row_literal_P0226,cannot_reconstruct,False,1,228,228,228:+,2347.122112646914,-2652.877887353086,0,0,0,0,0,0,
组3,row_literal,组3_row_literal_P0227,cannot_reconstruct,False,1,229,229,229:+,2883.435765184285,-2116.564234815715,0,0,0,0,0,0,
组3,row_literal,组3_row_literal_P0228,unique,True,1,230,230,230:+,5000.000000000003,2.7284841053187847e-12,0,0,0,0,0,0,
组3,row_literal,组3_row_literal_P0229,unique,True,1,231,231,231:+,4999.999999999993,-7.275957614183426e-12,0,0,0,0,0,0,
组3,row_literal,组3_row_literal_P0230,cannot_reconstruct,False,1,232,232,232:+,3830.291456970348,-1169.708543029652,0,0,0,0,0,0,
组3,row_literal,组3_row_literal_P0231,cannot_reconstruct,False,1,233,233,233:+,1778.7016910824266,-3221.298308917573,0,0,0,0,0,0,
组3,row_literal,组3_row_literal_P0232,cannot_reconstruct,False,1,234,234,234:+,531.6424120437645,-4468.357587956236,0,0,0,0,0,0,
组3,row_literal,组3_row_literal_P0233,unique,True,1,235,235,235:+,5000.0000000000055,5.4569682106375694e-12,0,0,0,0,0,0,
组3,row_literal,组3_row_literal_P0234,cannot_reconstruct,False,1,236,236,236:+,2410.9795098860995,-2589.0204901139005,0,0,0,0,0,0,
组3,row_literal,组3_row_literal_P0235,cannot_reconstruct,False,1,237,237,237:+,3221.298308917568,-1778.7016910824318,0,0,0,0,0,0,
组3,row_literal,组3_row_literal_P0236,cannot_reconstruct,False,1,238,238,238:+,2257.258409610645,-2742.741590389355,0,0,0,0,0,0,
组3,row_literal,组3_row_literal_P0237,cannot_reconstruct,False,1,239,239,239:+,1550.3895594727708,-3449.610440527229,0,0,0,0,0,0,
组3,row_literal,组3_row_literal_P0238,unique,True,1,240,240,240:+,4999.999999999998,-1.8189894035458565e-12,0,0,0,0,0,0,
组3,row_literal,组3_row_literal_P0239,cannot_reconstruct,False,1,241,241,241:+,3285.716915789675,-1714.283084210325,0,0,0,0,0,0,
组3,row_literal,组3_row_literal_P0240,unique,True,1,242,242,242:+,5000.000000000007,7.275957614183426e-12,0,0,0,0,0,0,
组3,row_literal,组3_row_literal_P0241,cannot_reconstruct,False,1,243,243,243:+,876.4999597406292,-4123.5000402593705,0,0,0,0,0,0,
组3,row_literal,组3_row_literal_P0242,unique,True,1,244,244,244:+,5000.000000000004,3.637978807091713e-12,0,0,0,0,0,0,
组3,row_literal,组3_row_literal_P0243,cannot_reconstruct,False,1,245,245,245:+,676.8055479186902,-4323.1944520813095,0,0,0,0,0,0,
组3,row_literal,组3_row_literal_P0244,cannot_reconstruct,False,1,246,246,246:+,1072.0621502569836,-3927.937849743016,0,0,0,0,0,0,
组3,row_literal,组3_row_literal_P0245,unique,True,1,247,247,247:+,5000.0,0.0,0,0,0,0,0,0,
组3,row_literal,组3_row_literal_P0246,cannot_reconstruct,False,1,248,248,248:+,2698.8349766717542,-2301.1650233282458,0,0,0,0,0,0,
组3,row_literal,组3_row_literal_P0247,unique,True,1,249,249,249:+,4999.999999999999,-9.094947017729282e-13,0,0,0,0,0,0,
组3,row_literal,组3_row_literal_P0248,unique,True,1,250,250,250:+,5000.000000000005,4.547473508864641e-12,0,0,0,0,0,0,
组3,row_literal,组3_row_literal_P0249,cannot_reconstruct,False,1,251,251,251:+,4941.149862160361,-58.85013783963859,0,0,0,0,0,0,
组3,row_literal,组3_row_literal_P0250,unique,True,1,252,252,252:+,5000.000000000008,8.185452315956354e-12,0,0,0,0,0,0,
组3,row_literal,组3_row_literal_P0251,cannot_reconstruct,False,1,253,253,253:+,3981.9000012432466,-1018.0999987567534,0,0,0,0,0,0,
组3,row_literal,组3_row_literal_P0252,cannot_reconstruct,False,1,254,254,254:+,615.9168435913396,-4384.08315640866,0,0,0,0,0,0,
组3,row_literal,组3_row_literal_P0253,unique,True,1,255,255,255:+,5000.000000000004,3.637978807091713e-12,0,0,0,0,0,0,
组3,row_literal,组3_row_literal_P0254,cannot_reconstruct,False,1,256,256,256:+,787.4885533585616,-4212.511446641438,0,0,0,0,0,0,
组3,row_literal,组3_row_literal_P0255,unique,True,1,257,257,257:+,5000.000000000005,4.547473508864641e-12,0,0,0,0,0,0,
组3,row_literal,组3_row_literal_P0256,cannot_reconstruct,False,1,258,258,258:+,1580.815737096103,-3419.184262903897,0,0,0,0,0,0,
组3,row_literal,组3_row_literal_P0257,unique,True,1,259,259,259:+,5000.000000000001,9.094947017729282e-13,0,0,0,0,0,0,
组3,row_literal,组3_row_literal_P0258,cannot_reconstruct,False,1,260,260,260:+,2089.1911043119117,-2910.8088956880883,0,0,0,0,0,0,
组3,row_literal,组3_row_literal_P0259,unique,True,1,261,261,261:+,4999.999999999999,-9.094947017729282e-13,0,0,0,0,0,0,
组3,row_literal,组3_row_literal_P0260,unique,True,1,262,262,262:+,5000.0,0.0,0,0,0,0,0,0,
组3,row_literal,组3_row_literal_P0261,unique,True,1,263,263,263:+,4999.999999999999,-9.094947017729282e-13,0,0,0,0,0,0,
组3,row_literal,组3_row_literal_P0262,unique,True,1,264,264,264:+,5000.000000000004,3.637978807091713e-12,0,0,0,0,0,0,
组3,row_literal,组3_row_literal_P0263,cannot_reconstruct,False,1,265,265,265:+,2060.1059825906227,-2939.8940174093773,0,0,0,0,0,0,
组3,row_literal,组3_row_literal_P0264,unique,True,1,266,266,266:+,5000.000000000004,3.637978807091713e-12,0,0,0,0,0,0,
组3,row_literal,组3_row_literal_P0265,unique,True,1,267,267,267:+,4999.999999999996,-3.637978807091713e-12,0,0,0,0,0,0,
组3,row_literal,组3_row_literal_P0266,unique,True,1,268,268,268:+,4999.999999999993,-7.275957614183426e-12,0,0,0,0,0,0,
组3,row_literal,组3_row_literal_P0267,cannot_reconstruct,False,1,269,269,269:+,4957.339290670892,-42.6607093291077,0,0,0,0,0,0,
组3,row_literal,组3_row_literal_P0268,cannot_reconstruct,False,1,270,270,270:+,4844.168446432411,-155.83155356758925,0,0,0,0,0,0,
组3,row_literal,组3_row_literal_P0269,cannot_reconstruct,False,1,271,271,271:+,4267.811196491784,-732.1888035082156,0,0,0,0,0,0,
组3,row_literal,组3_row_literal_P0270,unique,True,1,272,272,272:+,5000.000000000002,1.8189894035458565e-12,0,0,0,0,0,0,
组3,row_literal,组3_row_literal_P0271,cannot_reconstruct,False,1,273,273,273:+,3930.0211394368885,-1069.9788605631115,0,0,0,0,0,0,
组3,row_literal,组3_row_literal_P0272,cannot_reconstruct,False,1,274,274,274:+,2806.5651097772698,-2193.4348902227302,0,0,0,0,0,0,
组3,row_literal,组3_row_literal_P0273,cannot_reconstruct,False,1,275,275,275:+,4212.511446641436,-787.4885533585639,0,0,0,0,0,0,
组3,row_literal,组3_row_literal_P0274,unique,True,1,276,276,276:+,5000.000000000005,4.547473508864641e-12,0,0,0,0,0,0,
组3,row_literal,组3_row_literal_P0275,unique,True,1,277,277,277:+,5000.000000000006,6.366462912410498e-12,0,0,0,0,0,0,
组3,row_literal,组3_row_literal_P0276,unique,True,1,278,278,278:+,5000.000000000004,3.637978807091713e-12,0,0,0,0,0,0,
组3,row_literal,组3_row_literal_P0277,cannot_reconstruct,False,1,279,279,279:+,2874.3498682938366,-2125.6501317061634,0,0,0,0,0,0,
组3,row_literal,组3_row_literal_P0278,unique,True,1,280,280,280:+,4999.999999999997,-2.7284841053187847e-12,0,0,0,0,0,0,
组3,row_literal,组3_row_literal_P0279,cannot_reconstruct,False,1,281,281,281:+,4118.737274316904,-881.2627256830956,0,0,0,0,0,0,
组3,row_literal,组3_row_literal_P0280,unique,True,1,282,282,282:+,4999.999999999997,-2.7284841053187847e-12,0,0,0,0,0,0,
组3,row_literal,组3_row_literal_P0281,cannot_reconstruct,False,1,283,283,283:+,3260.3548601224456,-1739.6451398775544,0,0,0,0,0,0,
组3,row_literal,组3_row_literal_P0282,unique,True,1,284,284,284:+,5000.0,0.0,0,0,0,0,0,0,
组3,row_literal,组3_row_literal_P0283,cannot_reconstruct,False,1,285,285,285:+,1079.9422995026966,-3920.0577004973034,0,0,0,0,0,0,
组3,row_literal,组3_row_literal_P0284,unique,True,1,286,286,286:+,4999.9999999999945,-5.4569682106375694e-12,0,0,0,0,0,0,
组3,row_literal,组3_row_literal_P0285,unique,True,1,287,287,287:+,4999.999999999998,-1.8189894035458565e-12,0,0,0,0,0,0,
组3,row_literal,组3_row_literal_P0286,unique,True,1,288,288,288:+,5000.000000000002,1.8189894035458565e-12,0,0,0,0,0,0,
组3,row_literal,组3_row_literal_P0287,unique,True,1,289,289,289:+,5000.000000000004,3.637978807091713e-12,0,0,0,0,0,0,
组3,row_literal,组3_row_literal_P0288,unique,True,1,290,290,290:+,5000.000000000002,1.8189894035458565e-12,0,0,0,0,0,0,
组3,row_literal,组3_row_literal_P0289,unique,True,1,291,291,291:+,4999.999999999991,-9.094947017729282e-12,0,0,0,0,0,0,
组3,row_literal,组3_row_literal_P0290,cannot_reconstruct,False,1,292,292,292:+,1063.9379703076743,-3936.0620296923257,0,0,0,0,0,0,
组3,row_literal,组3_row_literal_P0291,unique,True,1,293,293,293:+,5000.000000000002,1.8189894035458565e-12,0,0,0,0,0,0,
组3,row_literal,组3_row_literal_P0292,cannot_reconstruct,False,1,294,294,294:+,664.5718042876342,-4335.428195712366,0,0,0,0,0,0,
组3,row_literal,组3_row_literal_P0293,unique,True,1,295,295,295:+,5000.0,0.0,0,0,0,0,0,0,
组3,row_literal,组3_row_literal_P0294,unique,True,1,296,296,296:+,5000.0,0.0,0,0,0,0,0,0,
组3,row_literal,组3_row_literal_P0295,cannot_reconstruct,False,1,297,297,297:+,4847.929565126354,-152.07043487364626,0,0,0,0,0,0,
组3,row_literal,组3_row_literal_P0296,unique,True,1,298,298,298:+,5000.000000000004,3.637978807091713e-12,0,0,0,0,0,0,
组3,row_literal,组3_row_literal_P0297,cannot_reconstruct,False,1,299,299,299:+,1966.4313636555473,-3033.568636344453,0,0,0,0,0,0,
组3,row_literal,组3_row_literal_P0298,unique,True,1,300,300,300:+,5000.000000000003,2.7284841053187847e-12,0,0,0,0,0,0,
组3,row_literal,组3_row_literal_P0299,unique,True,1,301,301,301:+,5000.000000000002,1.8189894035458565e-12,0,0,0,0,0,0,
组3,row_literal,组3_row_literal_P0300,cannot_reconstruct,False,1,302,302,302:+,1069.9788605631147,-3930.0211394368853,0,0,0,0,0,0,
组3,row_literal,组3_row_literal_P0301,cannot_reconstruct,False,1,303,303,303:+,3658.631432998597,-1341.3685670014029,0,0,0,0,0,0,
组3,row_literal,组3_row_literal_P0302,cannot_reconstruct,False,1,304,304,304:+,1454.100964905545,-3545.899035094455,0,0,0,0,0,0,
组3,row_literal,组3_row_literal_P0303,unique,True,1,305,305,305:+,5000.000000000001,9.094947017729282e-13,0,0,0,0,0,0,
组3,row_literal,组3_row_literal_P0304,cannot_reconstruct,False,1,306,306,306:+,2198.0023358649228,-2801.9976641350772,0,0,0,0,0,0,
组3,row_literal,组3_row_literal_P0305,unique,True,1,307,307,307:+,4999.999999999996,-3.637978807091713e-12,0,0,0,0,0,0,
组3,row_literal,组3_row_literal_P0306,unique,True,1,308,308,308:+,5000.000000000003,2.7284841053187847e-12,0,0,0,0,0,0,
组3,row_literal,组3_row_literal_P0307,cannot_reconstruct,False,1,309,309,309:+,3545.8990350944555,-1454.1009649055445,0,0,0,0,0,0,
组3,row_literal,组3_row_literal_P0308,cannot_reconstruct,False,1,310,310,310:+,4335.42819571237,-664.5718042876297,0,0,0,0,0,0,
组3,row_literal,组3_row_literal_P0309,unique,True,1,311,311,311:+,4999.999999999997,-2.7284841053187847e-12,0,0,0,0,0,0,
组3,row_literal,组3_row_literal_P0310,cannot_reconstruct,False,1,312,312,312:+,1739.645139877562,-3260.354860122438,0,0,0,0,0,0,
组3,row_literal,组3_row_literal_P0311,cannot_reconstruct,False,1,313,313,313:+,3273.023100731304,-1726.976899268696,0,0,0,0,0,0,
组3,row_literal,组3_row_literal_P0312,unique,True,1,314,314,314:+,4999.999999999999,-9.094947017729282e-13,0,0,0,0,0,0,
组3,row_literal,组3_row_literal_P0313,unique,True,1,315,315,315:+,5000.0,0.0,0,0,0,0,0,0,
组3,row_literal,组3_row_literal_P0314,cannot_reconstruct,False,1,316,316,316:+,4793.504179879683,-206.49582012031715,0,0,0,0,0,0,
组3,row_literal,组3_row_literal_P0315,cannot_reconstruct,False,1,317,317,317:+,1957.183368589971,-3042.816631410029,0,0,0,0,0,0,
组3,row_literal,组3_row_literal_P0316,unique,True,1,318,318,318:+,5000.0,0.0,0,0,0,0,0,0,
组3,row_literal,组3_row_literal_P0317,cannot_reconstruct,False,1,319,319,319:+,2629.6179447387485,-2370.3820552612515,0,0,0,0,0,0,
组3,row_literal,组3_row_literal_P0318,unique,True,1,320,320,320:+,5000.000000000004,3.637978807091713e-12,0,0,0,0,0,0,
组3,row_literal,组3_row_literal_P0319,unique,True,1,321,321,321:+,4999.999999999999,-9.094947017729282e-13,0,0,0,0,0,0,
组3,row_literal,组3_row_literal_P0320,unique,True,1,322,322,322:+,5000.000000000002,1.8189894035458565e-12,0,0,0,0,0,0,
组3,row_literal,组3_row_literal_P0321,cannot_reconstruct,False,1,323,323,323:+,3979.1830896616257,-1020.8169103383743,0,0,0,0,0,0,
组3,row_literal,组3_row_literal_P0322,unique,True,1,324,324,324:+,4999.999999999995,-4.547473508864641e-12,0,0,0,0,0,0,
组3,row_literal,组3_row_literal_P0323,unique,True,1,325,325,325:+,5000.000000000004,3.637978807091713e-12,0,0,0,0,0,0,
组3,row_literal,组3_row_literal_P0324,unique,True,1,326,326,326:+,5000.000000000006,6.366462912410498e-12,0,0,0,0,0,0,
组3,row_literal,组3_row_literal_P0325,cannot_reconstruct,False,1,327,327,327:+,4998.981194218999,-1.0188057810009923,0,0,0,0,0,0,
组3,row_literal,组3_row_literal_P0326,unique,True,1,328,328,328:+,5000.000000000003,2.7284841053187847e-12,0,0,0,0,0,0,
组3,row_literal,组3_row_literal_P0327,unique,True,1,329,329,329:+,4999.999999999997,-2.7284841053187847e-12,0,0,0,0,0,0,
组3,row_literal,组3_row_literal_P0328,unique,True,1,330,330,330:+,4999.999999999998,-1.8189894035458565e-12,0,0,0,0,0,0,
组3,row_literal,组3_row_literal_P0329,unique,True,1,331,331,331:+,5000.000000000005,4.547473508864641e-12,0,0,0,0,0,0,
组3,row_literal,组3_row_literal_P0330,cannot_reconstruct,False,1,332,332,332:+,4581.838530702641,-418.16146929735896,0,0,0,0,0,0,
组3,row_literal,组3_row_literal_P0331,unique,True,1,333,333,333:+,5000.0,0.0,0,0,0,0,0,0,
组3,row_literal,组3_row_literal_P0332,cannot_reconstruct,False,1,334,334,334:+,1391.5287687710995,-3608.4712312289003,0,0,0,0,0,0,
组3,row_literal,组3_row_literal_P0333,unique,True,1,335,335,335:+,5000.000000000004,3.637978807091713e-12,0,0,0,0,0,0,
组3,row_literal,组3_row_literal_P0334,cannot_reconstruct,False,1,336,336,336:+,3521.799763126826,-1478.2002368731742,0,0,0,0,0,0,
组3,row_literal,组3_row_literal_P0335,cannot_reconstruct,False,1,337,337,337:+,3608.4712312288925,-1391.5287687711075,0,0,0,0,0,0,
组3,row_literal,组3_row_literal_P0336,unique,True,1,338,338,338:+,4999.999999999995,-4.547473508864641e-12,0,0,0,0,0,0,
组3,row_literal,组3_row_literal_P0337,unique,True,1,339,339,339:+,5000.0,0.0,0,0,0,0,0,0,
组3,row_literal,组3_row_literal_P0338,unique,True,1,340,340,340:+,5000.000000000005,4.547473508864641e-12,0,0,0,0,0,0,
组3,row_literal,组3_row_literal_P0339,unique,True,1,341,341,341:+,5000.000000000004,3.637978807091713e-12,0,0,0,0,0,0,
组3,row_literal,组3_row_literal_P0340,unique,True,1,342,342,342:+,5000.000000000005,4.547473508864641e-12,0,0,0,0,0,0,
组3,row_literal,组3_row_literal_P0341,unique,True,1,343,343,343:+,4999.9999999999945,-5.4569682106375694e-12,0,0,0,0,0,0,
组3,row_literal,组3_row_literal_P0342,cannot_reconstruct,False,1,344,344,344:+,1427.4386735452795,-3572.5613264547205,0,0,0,0,0,0,
组3,row_literal,组3_row_literal_P0343,unique,True,1,345,345,345:+,5000.0,0.0,0,0,0,0,0,0,
组3,row_literal,组3_row_literal_P0344,unique,True,1,346,346,346:+,4999.999999999998,-1.8189894035458565e-12,0,0,0,0,0,0,
组3,row_literal,组3_row_literal_P0345,cannot_reconstruct,False,1,347,347,347:+,2370.3820552612437,-2629.6179447387563,0,0,0,0,0,0,
组3,row_literal,组3_row_literal_P0346,cannot_reconstruct,False,1,348,348,348:+,827.2133444986782,-4172.786655501322,0,0,0,0,0,0,
组3,row_literal,组3_row_literal_P0347,unique,True,1,349,349,349:+,5000.000000000002,1.8189894035458565e-12,0,0,0,0,0,0,
组3,row_literal,组3_row_literal_P0348,unique,True,1,350,350,350:+,5000.0,0.0,0,0,0,0,0,0,
组3,row_literal,组3_row_literal_P0349,cannot_reconstruct,False,1,351,351,351:+,667.4885060469209,-4332.5114939530795,0,0,0,0,0,0,
组3,row_literal,组3_row_literal_P0350,cannot_reconstruct,False,1,352,352,352:+,1156.5028968025476,-3843.4971031974524,0,0,0,0,0,0,
组3,row_literal,组3_row_literal_P0351,cannot_reconstruct,False,1,353,353,353:+,4937.905654264531,-62.09434573546878,0,0,0,0,0,0,
组3,row_literal,组3_row_literal_P0352,cannot_reconstruct,False,1,354,354,354:+,1995.4609913414442,-3004.5390086585558,0,0,0,0,0,0,
组3,row_literal,组3_row_literal_P0353,unique,True,1,355,355,355:+,4999.999999999997,-2.7284841053187847e-12,0,0,0,0,0,0,
组3,row_literal,组3_row_literal_P0354,cannot_reconstruct,False,1,356,356,356:+,4172.7866555013225,-827.2133444986775,0,0,0,0,0,0,
组3,row_literal,组3_row_literal_P0355,cannot_reconstruct,False,1,357,357,357:+,2125.6501317061625,-2874.3498682938375,0,0,0,0,0,0,
组3,row_literal,组3_row_literal_P0356,cannot_reconstruct,False,1,358,358,358:+,1292.6293445398408,-3707.3706554601595,0,0,0,0,0,0,
组3,row_literal,组3_row_literal_P0357,unique,True,1,359,359,359:+,4999.999999999997,-2.7284841053187847e-12,0,0,0,0,0,0,
组3,row_literal,组3_row_literal_P0358,unique,True,1,360,360,360:+,5000.0,0.0,0,0,0,0,0,0,
组3,row_literal,组3_row_literal_P0359,cannot_reconstruct,False,1,361,361,361:+,1169.7085430296593,-3830.2914569703407,0,0,0,0,0,0,
组3,row_literal,组3_row_literal_P0360,cannot_reconstruct,False,1,362,362,362:+,894.2633130528699,-4105.73668694713,0,0,0,0,0,0,
组3,row_literal,组3_row_literal_P0361,cannot_reconstruct,False,1,363,363,363:+,1016.608137004445,-3983.391862995555,0,0,0,0,0,0,
组3,row_literal,组3_row_literal_P0362,cannot_reconstruct,False,1,364,364,364:+,3572.5613264547146,-1427.4386735452854,0,0,0,0,0,0,
组3,row_literal,组3_row_literal_P0363,cannot_reconstruct,False,1,365,365,365:+,4508.644739111684,-491.35526088831557,0,0,0,0,0,0,
组3,row_literal,组3_row_literal_P0364,unique,True,1,366,366,366:+,5000.000000000004,3.637978807091713e-12,0,0,0,0,0,0,
组3,row_literal,组3_row_literal_P0365,cannot_reconstruct,False,1,367,367,367:+,1067.930043431112,-3932.0699565688883,0,0,0,0,0,0,
组3,row_literal,组3_row_literal_P0366,cannot_reconstruct,False,1,368,368,368:+,533.6612880309499,-4466.338711969051,0,0,0,0,0,0,
组3,row_literal,组3_row_literal_P0367,cannot_reconstruct,False,1,369,369,369:+,4503.327541668587,-496.6724583314126,0,0,0,0,0,0,
组3,row_literal,组3_row_literal_P0368,cannot_reconstruct,False,1,370,370,370:+,4105.736686947127,-894.263313052873,0,0,0,0,0,0,
组3,row_literal,组3_row_literal_P0369,cannot_reconstruct,False,1,371,371,371:+,881.2627256830907,-4118.737274316909,0,0,0,0,0,0,
组3,row_literal,组3_row_literal_P0370,unique,True,1,372,372,372:+,5000.000000000002,1.8189894035458565e-12,0,0,0,0,0,0,
组3,row_literal,组3_row_literal_P0371,cannot_reconstruct,False,1,373,373,373:+,1303.0903682485884,-3696.9096317514113,0,0,0,0,0,0,
组3,row_literal,组3_row_literal_P0372,unique,True,1,374,374,374:+,4999.999999999997,-2.7284841053187847e-12,0,0,0,0,0,0,
组3,row_literal,组3_row_literal_P0373,unique,True,1,375,375,375:+,5000.000000000005,4.547473508864641e-12,0,0,0,0,0,0,
组3,row_literal,组3_row_literal_P0374,cannot_reconstruct,False,1,376,376,376:+,4296.342158370756,-703.6578416292441,0,0,0,0,0,0,
组3,row_literal,组3_row_literal_P0375,cannot_reconstruct,False,1,377,377,377:+,911.4946631343956,-4088.5053368656045,0,0,0,0,0,0,
组3,row_literal,组3_row_literal_P0376,cannot_reconstruct,False,1,378,378,378:+,1341.368567001403,-3658.631432998597,0,0,0,0,0,0,
组3,row_literal,组3_row_literal_P0377,unique,True,1,379,379,379:+,4999.999999999999,-9.094947017729282e-13,0,0,0,0,0,0,
组3,row_literal,组3_row_literal_P0378,cannot_reconstruct,False,1,380,380,380:+,4541.624877680269,-458.3751223197314,0,0,0,0,0,0,
组3,row_literal,组3_row_literal_P0379,unique,True,1,381,381,381:+,4999.999999999999,-9.094947017729282e-13,0,0,0,0,0,0,
组3,row_literal,组3_row_literal_P0380,unique,True,1,382,382,382:+,5000.000000000007,7.275957614183426e-12,0,0,0,0,0,0,
组3,row_literal,组3_row_literal_P0381,cannot_reconstruct,False,1,383,383,383:+,4168.364546238192,-831.6354537618081,0,0,0,0,0,0,
组3,row_literal,组3_row_literal_P0382,cannot_reconstruct,False,1,384,384,384:+,4977.96547913873,-22.03452086126981,0,0,0,0,0,0,
组3,row_literal,组3_row_literal_P0383,cannot_reconstruct,False,1,385,385,385:+,1514.1331029984733,-3485.866897001527,0,0,0,0,0,0,
组3,row_literal,组3_row_literal_P0384,unique,True,1,386,386,386:+,5000.000000000001,9.094947017729282e-13,0,0,0,0,0,0,
组3,row_literal,组3_row_literal_P0385,unique,True,1,387,387,387:+,5000.0,0.0,0,0,0,0,0,0,
组3,row_literal,组3_row_literal_P0386,cannot_reconstruct,False,1,388,388,388:+,4309.288979133511,-690.711020866489,0,0,0,0,0,0,
组3,row_literal,组3_row_literal_P0387,unique,True,1,389,389,389:+,5000.0,0.0,0,0,0,0,0,0,
组3,row_literal,组3_row_literal_P0388,cannot_reconstruct,False,1,390,390,390:+,4080.5928834967062,-919.4071165032938,0,0,0,0,0,0,
组3,row_literal,组3_row_literal_P0389,cannot_reconstruct,False,1,391,391,391:+,4904.301073365586,-95.69892663441442,0,0,0,0,0,0,
组3,row_literal,组3_row_literal_P0390,cannot_reconstruct,False,1,392,392,392:+,4911.870166711714,-88.12983328828614,0,0,0,0,0,0,
组3,row_literal,组3_row_literal_P0391,cannot_reconstruct,False,1,393,393,393:+,3843.4971031974574,-1156.5028968025426,0,0,0,0,0,0,
组3,row_literal,组3_row_literal_P0392,cannot_reconstruct,False,1,394,394,394:+,3485.866897001525,-1514.133102998475,0,0,0,0,0,0,
组3,row_literal,组3_row_literal_P0393,cannot_reconstruct,False,1,395,395,395:+,4195.097414699544,-804.9025853004559,0,0,0,0,0,0,
组3,row_literal,组3_row_literal_P0394,unique,True,1,396,396,396:+,5000.000000000001,9.094947017729282e-13,0,0,0,0,0,0,
组3,row_literal,组3_row_literal_P0395,cannot_reconstruct,False,1,397,397,397:+,3932.069956568883,-1067.9300434311172,0,0,0,0,0,0,
组3,row_literal,组3_row_literal_P0396,cannot_reconstruct,False,1,398,398,398:+,4695.541121125372,-304.45887887462777,0,0,0,0,0,0,
组3,row_literal,组3_row_literal_P0397,unique,True,1,399,399,399:+,5000.0,0.0,0,0,0,0,0,0,
组3,row_literal,组3_row_literal_P0398,cannot_reconstruct,False,1,400,400,400:+,4018.6120237373934,-981.3879762626066,0,0,0,0,0,0,
组3,row_literal,组3_row_literal_P0399,cannot_reconstruct,False,1,401,401,401:+,912.704745364744,-4087.2952546352562,0,0,0,0,0,0,
组3,row_literal,组3_row_literal_P0400,cannot_reconstruct,False,1,402,402,402:+,605.0681798527836,-4394.931820147216,0,0,0,0,0,0,
组3,row_literal,组3_row_literal_P0401,cannot_reconstruct,False,1,403,403,403:+,1339.5226363770219,-3660.4773636229784,0,0,0,0,0,0,
组3,row_literal,组3_row_literal_P0402,cannot_reconstruct,False,1,404,404,404:+,3866.125145798971,-1133.874854201029,0,0,0,0,0,0,
组3,row_literal,组3_row_literal_P0403,cannot_reconstruct,False,1,405,405,405:+,3777.4196606006167,-1222.5803393993833,0,0,0,0,0,0,
组3,row_literal,组3_row_literal_P0404,unique,True,1,406,406,406:+,5000.0,0.0,0,0,0,0,0,0,
组3,row_literal,组3_row_literal_P0405,unique,True,1,407,407,407:+,4999.999999999993,-7.275957614183426e-12,0,0,0,0,0,0,
组3,row_literal,组3_row_literal_P0406,cannot_reconstruct,False,1,408,408,408:+,2058.3878031456775,-2941.6121968543225,0,0,0,0,0,0,
组3,row_literal,组3_row_literal_P0407,cannot_reconstruct,False,1,409,409,409:+,1370.5238648761085,-3629.4761351238913,0,0,0,0,0,0,
组3,row_literal,组3_row_literal_P0408,cannot_reconstruct,False,1,410,410,410:+,1726.9768992686998,-3273.0231007313005,0,0,0,0,0,0,
组3,row_literal,组3_row_literal_P0409,unique,True,1,411,411,411:+,5000.000000000003,2.7284841053187847e-12,0,0,0,0,0,0,
组3,row_literal,组3_row_literal_P0410,cannot_reconstruct,False,1,412,412,412:+,4002.997837300324,-997.0021626996759,0,0,0,0,0,0,
组3,row_literal,组3_row_literal_P0411,cannot_reconstruct,False,1,413,413,413:+,4555.103902983572,-444.89609701642803,0,0,0,0,0,0,
组3,row_literal,组3_row_literal_P0412,cannot_reconstruct,False,1,414,414,414:+,2289.953498746874,-2710.046501253126,0,0,0,0,0,0,
组3,row_literal,组3_row_literal_P0413,cannot_reconstruct,False,1,415,415,415:+,4639.9414997900885,-360.0585002099115,0,0,0,0,0,0,
组3,row_literal,组3_row_literal_P0414,cannot_reconstruct,False,1,416,416,416:+,1020.8169103383756,-3979.1830896616243,0,0,0,0,0,0,
组3,row_literal,组3_row_literal_P0415,cannot_reconstruct,False,1,417,417,417:+,4517.042999101789,-482.95700089821094,0,0,0,0,0,0,
组3,row_literal,组3_row_literal_P0416,cannot_reconstruct,False,1,418,418,418:+,3478.7007852495617,-1521.2992147504383,0,0,0,0,0,0,
组3,row_literal,组3_row_literal_P0417,cannot_reconstruct,False,1,419,419,419:+,1268.2949505511795,-3731.7050494488203,0,0,0,0,0,0,
组3,row_literal,组3_row_literal_P0418,cannot_reconstruct,False,1,420,420,420:+,3004.5390086585526,-1995.4609913414474,0,0,0,0,0,0,
组3,row_literal,组3_row_literal_P0419,cannot_reconstruct,False,1,421,421,421:+,3429.289243541356,-1570.710756458644,0,0,0,0,0,0,
组3,row_literal,组3_row_literal_P0420,cannot_reconstruct,False,1,422,422,422:+,1926.2883456729444,-3073.711654327056,0,0,0,0,0,0,
组3,row_literal,组3_row_literal_P0421,cannot_reconstruct,False,1,423,423,423:+,4634.873617481081,-365.12638251891894,0,0,0,0,0,0,
组3,row_literal,组3_row_literal_P0422,cannot_reconstruct,False,1,424,424,424:+,3405.3211489593505,-1594.6788510406495,0,0,0,0,0,0,
组3,row_literal,组3_row_literal_P0423,cannot_reconstruct,False,1,425,425,425:+,565.0545878458421,-4434.945412154158,0,0,0,0,0,0,
组3,row_literal,组3_row_literal_P0424,cannot_reconstruct,False,1,426,426,426:+,3550.2585214109627,-1449.7414785890373,0,0,0,0,0,0,
组3,row_literal,组3_row_literal_P0425,cannot_reconstruct,False,1,427,427,427:+,4394.93182014721,-605.0681798527903,0,0,0,0,0,0,
组3,row_literal,组3_row_literal_P0426,cannot_reconstruct,False,1,428,428,428:+,674.319202673029,-4325.680797326971,0,0,0,0,0,0,
组3,row_literal,组3_row_literal_P0427,cannot_reconstruct,False,1,429,429,429:+,2670.3402218321976,-2329.6597781678024,0,0,0,0,0,0,
组3,row_literal,组3_row_literal_P0428,cannot_reconstruct,False,1,430,430,430:+,4438.281695188839,-561.718304811161,0,0,0,0,0,0,
组3,row_literal,组3_row_literal_P0429,cannot_reconstruct,False,1,431,431,431:+,3164.971096801552,-1835.028903198448,0,0,0,0,0,0,
组3,row_literal,组3_row_literal_P0430,unique,True,1,432,432,432:+,4999.999999999999,-9.094947017729282e-13,0,0,0,0,0,0,
组3,row_literal,组3_row_literal_P0431,cannot_reconstruct,False,1,433,433,433:+,3738.1177334967947,-1261.8822665032053,0,0,0,0,0,0,
组3,row_literal,组3_row_literal_P0432,cannot_reconstruct,False,1,434,434,434:+,4434.94541215416,-565.0545878458397,0,0,0,0,0,0,
组3,row_literal,组3_row_literal_P0433,cannot_reconstruct,False,1,435,435,435:+,1018.0999987567512,-3981.900001243249,0,0,0,0,0,0,
组3,row_literal,组3_row_literal_P0434,cannot_reconstruct,False,1,436,436,436:+,4087.2952546352626,-912.7047453647374,0,0,0,0,0,0,
组3,row_literal,组3_row_literal_P0435,cannot_reconstruct,False,1,437,437,437:+,3392.2027637351393,-1607.7972362648607,0,0,0,0,0,0,
组3,row_literal,组3_row_literal_P0436,cannot_reconstruct,False,1,438,438,438:+,4694.603601164031,-305.3963988359692,0,0,0,0,0,0,
组3,row_literal,组3_row_literal_P0437,unique,True,1,439,439,439:+,4999.999999999999,-9.094947017729282e-13,0,0,0,0,0,0,
组3,row_literal,组3_row_literal_P0438,cannot_reconstruct,False,1,440,440,440:+,644.708591127967,-4355.291408872033,0,0,0,0,0,0,
组3,row_literal,组3_row_literal_P0439,cannot_reconstruct,False,1,441,441,441:+,3731.7050494488185,-1268.2949505511815,0,0,0,0,0,0,
组3,row_literal,组3_row_literal_P0440,cannot_reconstruct,False,1,442,442,442:+,656.6128801494955,-4343.387119850505,0,0,0,0,0,0,
组3,row_literal,组3_row_literal_P0441,cannot_reconstruct,False,1,443,443,443:+,4085.296709899423,-914.7032901005769,0,0,0,0,0,0,
组3,row_literal,组3_row_literal_P0442,cannot_reconstruct,False,1,444,444,444:+,1140.0273176619794,-3859.9726823380206,0,0,0,0,0,0,
组3,row_literal,组3_row_literal_P0443,cannot_reconstruct,False,1,445,445,445:+,3159.53961503674,-1840.46038496326,0,0,0,0,0,0,
组3,row_literal,组3_row_literal_P0444,cannot_reconstruct,False,1,446,446,446:+,3948.0664498140163,-1051.9335501859837,0,0,0,0,0,0,
组3,row_literal,组3_row_literal_P0445,cannot_reconstruct,False,1,447,447,447:+,3323.9053578799403,-1676.0946421200597,0,0,0,0,0,0,
组3,row_literal,组3_row_literal_P0446,unique,True,1,448,448,448:+,4999.999999999999,-9.094947017729282e-13,0,0,0,0,0,0,
组3,row_literal,组3_row_literal_P0447,cannot_reconstruct,False,1,449,449,449:+,2649.4309333865003,-2350.5690666134997,0,0,0,0,0,0,
组3,row_literal,组3_row_literal_P0448,cannot_reconstruct,False,1,450,450,450:+,2941.6121968543225,-2058.3878031456775,0,0,0,0,0,0,
组3,row_literal,组3_row_literal_P0449,cannot_reconstruct,False,1,451,451,451:+,4129.572616251495,-870.4273837485052,0,0,0,0,0,0,
组3,row_literal,组3_row_literal_P0450,cannot_reconstruct,False,1,452,452,452:+,2502.8717515086646,-2497.1282484913354,0,0,0,0,0,0,
组3,row_literal,组3_row_literal_P0451,cannot_reconstruct,False,1,453,453,453:+,4102.121975584744,-897.8780244152558,0,0,0,0,0,0,
组3,row_literal,组3_row_literal_P0452,cannot_reconstruct,False,1,454,454,454:+,2502.401723621623,-2497.598276378377,0,0,0,0,0,0,
组3,row_literal,组3_row_literal_P0453,unique,True,1,455,455,455:+,4999.999999999995,-4.547473508864641e-12,0,0,0,0,0,0,
组3,row_literal,组3_row_literal_P0454,cannot_reconstruct,False,1,456,456,456:+,2782.1878034516976,-2217.8121965483024,0,0,0,0,0,0,
组3,row_literal,组3_row_literal_P0455,cannot_reconstruct,False,1,457,457,457:+,3440.247662985558,-1559.7523370144422,0,0,0,0,0,0,
组3,row_literal,组3_row_literal_P0456,cannot_reconstruct,False,1,458,458,458:+,2502.159055394932,-2497.840944605068,0,0,0,0,0,0,
组3,row_literal,组3_row_literal_P0457,cannot_reconstruct,False,1,459,459,459:+,3859.9726823380142,-1140.0273176619858,0,0,0,0,0,0,
组3,row_literal,组3_row_literal_P0458,cannot_reconstruct,False,1,460,460,460:+,2329.6597781678,-2670.3402218322,0,0,0,0,0,0,
组3,row_literal,组3_row_literal_P0459,cannot_reconstruct,False,1,461,461,461:+,4188.032759434987,-811.9672405650126,0,0,0,0,0,0,
组3,row_literal,组3_row_literal_P0460,unique,True,1,462,462,462:+,4999.999999999997,-2.7284841053187847e-12,0,0,0,0,0,0,
组3,row_literal,组3_row_literal_P0461,cannot_reconstruct,False,1,463,463,463:+,2314.323971241903,-2685.676028758097,0,0,0,0,0,0,
组3,row_literal,组3_row_literal_P0462,cannot_reconstruct,False,1,464,464,464:+,3528.776845804104,-1471.2231541958959,0,0,0,0,0,0,
组3,row_literal,组3_row_literal_P0463,cannot_reconstruct,False,1,465,465,465:+,2424.224704041175,-2575.775295958825,0,0,0,0,0,0,
组3,row_literal,组3_row_literal_P0464,cannot_reconstruct,False,1,466,466,466:+,2694.2257957881316,-2305.7742042118684,0,0,0,0,0,0,
组3,row_literal,组3_row_literal_P0465,cannot_reconstruct,False,1,467,467,467:+,1478.200236873179,-3521.799763126821,0,0,0,0,0,0,
组3,row_literal,组3_row_literal_P0466,cannot_reconstruct,False,1,468,468,468:+,2280.396093655127,-2719.603906344873,0,0,0,0,0,0,
组3,row_literal,组3_row_literal_P0467,cannot_reconstruct,False,1,469,469,469:+,4353.8720748126725,-646.1279251873275,0,0,0,0,0,0,
组3,row_literal,组3_row_literal_P0468,unique,True,1,470,470,470:+,5000.000000000002,1.8189894035458565e-12,0,0,0,0,0,0,
组3,row_literal,组3_row_literal_P0469,cannot_reconstruct,False,1,471,471,471:+,2288.399559897471,-2711.600440102529,0,0,0,0,0,0,
组3,row_literal,组3_row_literal_P0470,cannot_reconstruct,False,1,472,472,472:+,2283.004379469374,-2716.995620530626,0,0,0,0,0,0,
组3,row_literal,组3_row_literal_P0471,cannot_reconstruct,False,1,473,473,473:+,2437.3543625018033,-2562.6456374981967,0,0,0,0,0,0,
组3,row_literal,组3_row_literal_P0472,cannot_reconstruct,False,1,474,474,474:+,3833.5310053282133,-1166.4689946717867,0,0,0,0,0,0,
组3,row_literal,组3_row_literal_P0473,cannot_reconstruct,False,1,475,475,475:+,1894.7135346389393,-3105.2864653610604,0,0,0,0,0,0,
组3,row_literal,组3_row_literal_P0474,cannot_reconstruct,False,1,476,476,476:+,939.722531126788,-4060.277468873212,0,0,0,0,0,0,
组3,row_literal,组3_row_literal_P0475,cannot_reconstruct,False,1,477,477,477:+,897.8780244152508,-4102.121975584749,0,0,0,0,0,0,
组3,row_literal,组3_row_literal_P0476,cannot_reconstruct,False,1,478,478,478:+,4632.089965435156,-367.91003456484395,0,0,0,0,0,0,
组3,row_literal,组3_row_literal_P0477,cannot_reconstruct,False,1,479,479,479:+,1808.2593394985577,-3191.740660501442,0,0,0,0,0,0,
组3,row_literal,组3_row_literal_P0478,cannot_reconstruct,False,1,480,480,480:+,2118.5863119060564,-2881.4136880939436,0,0,0,0,0,0,
组3,row_literal,组3_row_literal_P0479,cannot_reconstruct,False,1,481,481,481:+,1887.0545979477754,-3112.9454020522244,0,0,0,0,0,0,
组3,row_literal,组3_row_literal_P0480,cannot_reconstruct,False,1,482,482,482:+,2234.711938151593,-2765.288061848407,0,0,0,0,0,0,
组3,row_literal,组3_row_literal_P0481,cannot_reconstruct,False,1,483,483,483:+,1923.2125430142432,-3076.7874569857568,0,0,0,0,0,0,
组3,row_literal,组3_row_literal_P0482,cannot_reconstruct,False,1,484,484,484:+,1897.5950308470324,-3102.4049691529676,0,0,0,0,0,0,
组3,row_literal,组3_row_literal_P0483,cannot_reconstruct,False,1,485,485,485:+,4630.178246958217,-369.82175304178327,0,0,0,0,0,0,
组3,row_literal,组3_row_literal_P0484,unique,True,1,486,486,486:+,4999.999999999999,-9.094947017729282e-13,0,0,0,0,0,0,
组3,row_literal,组3_row_literal_P0485,cannot_reconstruct,False,1,487,487,487:+,1557.9075663505832,-3442.0924336494168,0,0,0,0,0,0,
组3,row_literal,组3_row_literal_P0486,cannot_reconstruct,False,1,488,488,488:+,3177.8610531944323,-1822.1389468055677,0,0,0,0,0,0,
组3,row_literal,组3_row_literal_P0487,unique,True,1,489,489,489:+,5000.000000000002,1.8189894035458565e-12,0,0,0,0,0,0,
组3,row_literal,组3_row_literal_P0488,cannot_reconstruct,False,1,490,490,490:+,1595.64251519556,-3404.35748480444,0,0,0,0,0,0,
组3,row_literal,组3_row_literal_P0489,cannot_reconstruct,False,1,491,491,491:+,1673.946974849876,-3326.053025150124,0,0,0,0,0,0,
组3,row_literal,组3_row_literal_P0490,cannot_reconstruct,False,1,492,492,492:+,1490.0694209549522,-3509.930579045048,0,0,0,0,0,0,
组3,row_literal,组3_row_literal_P0491,cannot_reconstruct,False,1,493,493,493:+,1567.7440851839324,-3432.2559148160676,0,0,0,0,0,0,
组3,row_literal,组3_row_literal_P0492,cannot_reconstruct,False,1,494,494,494:+,1086.3789717185152,-3913.6210282814845,0,0,0,0,0,0,
组3,row_literal,组3_row_literal_P0493,cannot_reconstruct,False,1,495,495,495:+,3105.286465361068,-1894.7135346389318,0,0,0,0,0,0,
组3,row_literal,组3_row_literal_P0494,cannot_reconstruct,False,1,496,496,496:+,3913.6210282814877,-1086.3789717185123,0,0,0,0,0,0,
组3,row_literal,组3_row_literal_P0495,cannot_reconstruct,False,1,497,497,497:+,646.127925187326,-4353.872074812674,0,0,0,0,0,0,
组3,row_literal,组3_row_literal_P0496,cannot_reconstruct,False,1,498,498,498:+,1512.8927458772378,-3487.1072541227622,0,0,0,0,0,0,
组3,row_literal,组3_row_literal_P0497,cannot_reconstruct,False,1,499,499,499:+,1649.9399333492845,-3350.0600666507153,0,0,0,0,0,0,
组3,row_literal,组3_row_literal_P0498,cannot_reconstruct,False,1,500,500,500:+,1209.4882364858133,-3790.511763514187,0,0,0,0,0,0,
组3,row_literal,组3_row_literal_P0499,cannot_reconstruct,False,1,501,501,501:+,1148.587332831526,-3851.412667168474,0,0,0,0,0,0,
组3,row_literal,组3_row_literal_P0500,cannot_reconstruct,False,1,502,502,502:+,1639.9534796227301,-3360.04652037727,0,0,0,0,0,0,
组3,row_literal,组3_row_literal_P0501,cannot_reconstruct,False,1,503,503,503:+,1600.1422819596492,-3399.857718040351,0,0,0,0,0,0,
组3,row_literal,组3_row_literal_P0502,cannot_reconstruct,False,1,504,504,504:+,1141.4659969434003,-3858.5340030565994,0,0,0,0,0,0,
组3,row_literal,组3_row_literal_P0503,cannot_reconstruct,False,1,505,505,505:+,1181.6163366639175,-3818.3836633360825,0,0,0,0,0,0,
组3,row_literal,组3_row_literal_P0504,cannot_reconstruct,False,1,506,506,506:+,1288.4445725997384,-3711.5554274002616,0,0,0,0,0,0,
组3,row_literal,组3_row_literal_P0505,cannot_reconstruct,False,1,507,507,507:+,1463.4585628563148,-3536.5414371436855,0,0,0,0,0,0,
组3,row_literal,组3_row_literal_P0506,cannot_reconstruct,False,1,508,508,508:+,1034.2750195295885,-3965.7249804704115,0,0,0,0,0,0,
组3,row_literal,组3_row_literal_P0507,cannot_reconstruct,False,1,509,509,509:+,1031.106330167762,-3968.8936698322377,0,0,0,0,0,0,
组3,row_literal,组3_row_literal_P0508,cannot_reconstruct,False,1,510,510,510:+,1571.8276675395848,-3428.1723324604154,0,0,0,0,0,0,
组3,row_literal,组3_row_literal_P0509,cannot_reconstruct,False,1,511,511,511:+,1065.530295076317,-3934.469704923683,0,0,0,0,0,0,
组3,row_literal,组3_row_literal_P0510,cannot_reconstruct,False,1,512,512,512:+,2091.0662606991473,-2908.9337393008527,0,0,0,0,0,0,
组3,row_literal,组3_row_literal_P0511,cannot_reconstruct,False,1,513,513,513:+,1308.6446412901114,-3691.3553587098886,0,0,0,0,0,0,
组3,row_literal,组3_row_literal_P0512,cannot_reconstruct,False,1,514,514,514:+,963.4633560578999,-4036.5366439421,0,0,0,0,0,0,
组3,row_literal,组3_row_literal_P0513,cannot_reconstruct,False,1,515,515,515:+,1261.8822665031953,-3738.1177334968047,0,0,0,0,0,0,
组3,row_literal,组3_row_literal_P0514,cannot_reconstruct,False,1,516,516,516:+,911.2920160898221,-4088.707983910178,0,0,0,0,0,0,
组3,row_literal,组3_row_literal_P0515,cannot_reconstruct,False,1,517,517,517:+,1274.208913341847,-3725.7910866581533,0,0,0,0,0,0,
组3,row_literal,组3_row_literal_P0516,cannot_reconstruct,False,1,518,518,518:+,806.4815315175736,-4193.518468482426,0,0,0,0,0,0,
组3,row_literal,组3_row_literal_P0517,cannot_reconstruct,False,1,519,519,519:+,907.5096941216952,-4092.4903058783048,0,0,0,0,0,0,
组3,row_literal,组3_row_literal_P0518,cannot_reconstruct,False,1,520,520,520:+,584.9863271552862,-4415.013672844714,0,0,0,0,0,0,
组3,row_literal,组3_row_literal_P0519,cannot_reconstruct,False,1,521,521,521:+,911.9697972725472,-4088.030202727453,0,0,0,0,0,0,
组3,row_literal,组3_row_literal_P0520,cannot_reconstruct,False,1,522,522,522:+,1549.9560399432416,-3450.0439600567584,0,0,0,0,0,0,
组3,row_literal,组3_row_literal_P0521,cannot_reconstruct,False,1,523,523,523:+,1334.3157331742616,-3665.6842668257386,0,0,0,0,0,0,
组3,row_literal,组3_row_literal_P0522,cannot_reconstruct,False,1,524,524,524:+,1136.354228690524,-3863.645771309476,0,0,0,0,0,0,
组3,row_literal,组3_row_literal_P0523,cannot_reconstruct,False,1,525,525,525:+,679.3351347660835,-4320.664865233916,0,0,0,0,0,0,
组3,row_literal,组3_row_literal_P0524,cannot_reconstruct,False,1,526,526,526:+,2784.275127449994,-2215.724872550006,0,0,0,0,0,0,
组3,row_literal,组3_row_literal_P0525,cannot_reconstruct,False,1,527,527,527:+,657.818778121276,-4342.181221878724,0,0,0,0,0,0,
组3,row_literal,组3_row_literal_P0526,cannot_reconstruct,False,1,528,528,528:+,616.1163991037306,-4383.88360089627,0,0,0,0,0,0,
组3,row_literal,组3_row_literal_P0527,cannot_reconstruct,False,1,529,529,529:+,749.3383151309848,-4250.6616848690155,0,0,0,0,0,0,
组3,row_literal,组3_row_literal_P0528,cannot_reconstruct,False,1,530,530,530:+,608.784304055118,-4391.215695944882,0,0,0,0,0,0,
组3,row_literal,组3_row_literal_P0529,cannot_reconstruct,False,1,531,531,531:+,1722.1376649752563,-3277.8623350247435,0,0,0,0,0,0,
组3,row_literal,组3_row_literal_P0530,cannot_reconstruct,False,1,532,532,532:+,831.3400446949393,-4168.659955305061,0,0,0,0,0,0,
组3,row_literal,组3_row_literal_P0531,cannot_reconstruct,False,1,533,533,533:+,1587.2821123753622,-3412.717887624638,0,0,0,0,0,0,
组3,row_literal,组3_row_literal_P0532,cannot_reconstruct,False,1,534,534,534:+,914.3728724570187,-4085.6271275429813,0,0,0,0,0,0,
组3,row_literal,组3_row_literal_P0533,cannot_reconstruct,False,1,535,535,535:+,1184.477710304743,-3815.5222896952573,0,0,0,0,0,0,
组3,row_literal,组3_row_literal_P0534,cannot_reconstruct,False,1,536,536,536:+,525.6973820490682,-4474.302617950932,0,0,0,0,0,0,
组3,row_literal,组3_row_literal_P0535,cannot_reconstruct,False,1,537,537,537:+,577.2036780348648,-4422.796321965136,0,0,0,0,0,0,
组3,full_cube_periodic,组3_full_cube_periodic_P0001,cannot_reconstruct,False,1,3,3,3:+,4874.807153360126,-125.192846639874,0,0,0,0,0,0,X-:1
组3,full_cube_periodic,组3_full_cube_periodic_P0002,unique,True,2,4;507,4->507,4:-;507:-,4999.999999999994,-6.366462912410498e-12,1,1,0,0,0,1,
组3,full_cube_periodic,组3_full_cube_periodic_P0003,cannot_reconstruct,False,1,5,5,5:+,1779.052636984073,-3220.9473630159273,0,0,0,0,0,0,X-:1;Y-:1
组3,full_cube_periodic,组3_full_cube_periodic_P0004,unique,True,3,6;422;490,6->490->422,6:-;490:-;422:-,4999.999999999993,-7.275957614183426e-12,2,1,1,0,0,2,
组3,full_cube_periodic,组3_full_cube_periodic_P0005,unique,True,2,7;537,7->537,7:-;537:-,5000.0,0.0,1,1,0,0,0,1,
组3,full_cube_periodic,组3_full_cube_periodic_P0006,unique,True,2,8;487,8->487,8:-;487:-,4999.999999999999,-9.094947017729282e-13,1,1,0,0,0,1,
组3,full_cube_periodic,组3_full_cube_periodic_P0007,unique,True,2,9;454,9->454,9:-;454:-,4999.999999999998,-1.8189894035458565e-12,1,1,0,0,0,1,
组3,full_cube_periodic,组3_full_cube_periodic_P0008,unique,True,2,10;452,10->452,10:-;452:-,5000.000000000001,9.094947017729282e-13,1,1,0,0,0,1,
组3,full_cube_periodic,组3_full_cube_periodic_P0009,unique,True,3,11;505;534,11->534->505,11:-;534:-;505:-,4999.999999999998,-1.8189894035458565e-12,2,1,1,0,0,2,
组3,full_cube_periodic,组3_full_cube_periodic_P0010,unique,True,2,12;527,12->527,12:-;527:-,5000.000000000002,1.8189894035458565e-12,1,1,0,0,0,1,
组3,full_cube_periodic,组3_full_cube_periodic_P0011,unique,True,3,13;101;526,101->13->526,101:-;13:-;526:-,5000.000000000003,2.7284841053187847e-12,2,1,1,0,0,2,
组3,full_cube_periodic,组3_full_cube_periodic_P0012,unique,True,3,14;442;472,14->472->442,14:-;472:-;442:-,5000.000000000004,3.637978807091713e-12,2,1,0,1,0,2,
组3,full_cube_periodic,组3_full_cube_periodic_P0013,cannot_reconstruct,False,1,15,15,15:+,4528.159142474385,-471.8408575256153,0,0,0,0,0,0,X-:1
组3,full_cube_periodic,组3_full_cube_periodic_P0014,unique,True,2,16;492,16->492,16:-;492:-,4999.999999999999,-9.094947017729282e-13,1,1,0,0,0,1,
组3,full_cube_periodic,组3_full_cube_periodic_P0015,unique,True,2,17;395,17->395,17:-;395:-,5000.000000000002,1.8189894035458565e-12,1,1,0,0,0,1,
组3,full_cube_periodic,组3_full_cube_periodic_P0016,unique,True,2,18;458,18->458,18:-;458:-,4999.999999999996,-3.637978807091713e-12,1,1,0,0,0,1,
组3,full_cube_periodic,组3_full_cube_periodic_P0017,unique,True,2,19;400,19->400,19:-;400:-,5000.000000000002,1.8189894035458565e-12,1,1,0,0,0,1,
组3,full_cube_periodic,组3_full_cube_periodic_P0018,unique,True,2,20;464,20->464,20:-;464:-,5000.0,0.0,1,1,0,0,0,1,
组3,full_cube_periodic,组3_full_cube_periodic_P0019,unique,True,3,21;476;488,21->488->476,21:-;488:-;476:-,4999.999999999997,-2.7284841053187847e-12,2,1,1,0,0,2,
组3,full_cube_periodic,组3_full_cube_periodic_P0020,unique,True,2,22;445,22->445,22:-;445:-,4999.999999999999,-9.094947017729282e-13,1,1,0,0,0,1,
组3,full_cube_periodic,组3_full_cube_periodic_P0021,unique,True,2,23;479,23->479,23:-;479:-,5000.000000000001,9.094947017729282e-13,1,1,0,0,0,1,
组3,full_cube_periodic,组3_full_cube_periodic_P0022,unique,True,2,24;482,24->482,24:-;482:-,5000.0,0.0,1,1,0,0,0,1,
组3,full_cube_periodic,组3_full_cube_periodic_P0023,unique,True,2,25;522,25->522,25:-;522:-,4999.999999999996,-3.637978807091713e-12,1,1,0,0,0,1,
组3,full_cube_periodic,组3_full_cube_periodic_P0024,unique,True,2,26;535,26->535,26:-;535:-,5000.000000000003,2.7284841053187847e-12,1,1,0,0,0,1,
组3,full_cube_periodic,组3_full_cube_periodic_P0025,unique,True,2,27;523,27->523,27:-;523:-,5000.000000000002,1.8189894035458565e-12,1,1,0,0,0,1,
组3,full_cube_periodic,组3_full_cube_periodic_P0026,unique,True,2,28;536,28->536,28:-;536:-,5000.000000000005,4.547473508864641e-12,1,1,0,0,0,1,
组3,full_cube_periodic,组3_full_cube_periodic_P0027,unique,True,2,29;466,29->466,29:-;466:-,5000.000000000002,1.8189894035458565e-12,1,1,0,0,0,1,
组3,full_cube_periodic,组3_full_cube_periodic_P0028,unique,True,2,30;514,30->514,30:-;514:-,4999.999999999995,-4.547473508864641e-12,1,1,0,0,0,1,
组3,full_cube_periodic,组3_full_cube_periodic_P0029,unique,True,2,31;506,31->506,31:-;506:-,4999.9999999999945,-5.4569682106375694e-12,1,1,0,0,0,1,
组3,full_cube_periodic,组3_full_cube_periodic_P0030,unique,True,2,32;383,32->383,32:-;383:-,4999.999999999998,-1.8189894035458565e-12,1,1,0,0,0,1,
组3,full_cube_periodic,组3_full_cube_periodic_P0031,unique,True,2,33;531,33->531,33:-;531:-,5000.000000000003,2.7284841053187847e-12,1,1,0,0,0,1,
组3,full_cube_periodic,组3_full_cube_periodic_P0032,unique,True,2,34;511,34->511,34:-;511:-,4999.999999999998,-1.8189894035458565e-12,1,1,0,0,0,1,
组3,full_cube_periodic,组3_full_cube_periodic_P0033,unique,True,2,35;493,35->493,35:-;493:-,5000.0000000000055,5.4569682106375694e-12,1,1,0,0,0,1,
组3,full_cube_periodic,组3_full_cube_periodic_P0034,unique,True,2,36;508,36->508,36:-;508:-,5000.000000000007,7.275957614183426e-12,1,1,0,0,0,1,
组3,full_cube_periodic,组3_full_cube_periodic_P0035,unique,True,2,37;484,37->484,37:-;484:-,5000.000000000001,9.094947017729282e-13,1,1,0,0,0,1,
组3,full_cube_periodic,组3_full_cube_periodic_P0036,unique,True,2,38;532,38->532,38:-;532:-,5000.000000000001,9.094947017729282e-13,1,1,0,0,0,1,
组3,full_cube_periodic,组3_full_cube_periodic_P0037,unique,True,3,39;144;473,144->39->473,144:-;39:-;473:-,4999.999999999997,-2.7284841053187847e-12,2,1,0,1,0,2,
组3,full_cube_periodic,组3_full_cube_periodic_P0038,unique,True,2,40;430,40->430,40:-;430:-,4999.999999999992,-8.185452315956354e-12,1,1,0,0,0,1,
组3,full_cube_periodic,组3_full_cube_periodic_P0039,unique,True,3,41;135;530,135->41->530,135:-;41:-;530:-,4999.999999999993,-7.275957614183426e-12,2,1,0,1,0,2,
组3,full_cube_periodic,组3_full_cube_periodic_P0040,unique,True,2,42;456,42->456,42:-;456:-,5000.000000000002,1.8189894035458565e-12,1,1,0,0,0,1,
组3,full_cube_periodic,组3_full_cube_periodic_P0041,unique,True,2,43;518,43->518,43:-;518:-,4999.999999999998,-1.8189894035458565e-12,1,1,0,0,0,1,
组3,full_cube_periodic,组3_full_cube_periodic_P0042,unique,True,2,44;405,44->405,44:-;405:-,5000.0,0.0,1,1,0,0,0,1,
组3,full_cube_periodic,组3_full_cube_periodic_P0043,unique,True,2,45;421,45->421,45:-;421:-,5000.0,0.0,1,1,0,0,0,1,
组3,full_cube_periodic,组3_full_cube_periodic_P0044,unique,True,3,46;428;447,46->447->428,46:-;447:-;428:-,4999.999999999999,-9.094947017729282e-13,2,1,0,1,0,2,
组3,full_cube_periodic,组3_full_cube_periodic_P0045,unique,True,2,47;468,47->468,47:-;468:-,4999.999999999998,-1.8189894035458565e-12,1,1,0,0,0,1,
组3,full_cube_periodic,组3_full_cube_periodic_P0046,unique,True,2,48;404,48->404,48:-;404:-,4999.999999999999,-9.094947017729282e-13,1,1,0,0,0,1,
组3,full_cube_periodic,组3_full_cube_periodic_P0047,unique,True,2,49;418,49->418,49:-;418:-,4999.999999999998,-1.8189894035458565e-12,1,1,0,0,0,1,
组3,full_cube_periodic,组3_full_cube_periodic_P0048,unique,True,3,50;171;483,171->50->483,171:-;50:-;483:-,4999.999999999999,-9.094947017729282e-13,2,1,0,1,0,2,
组3,full_cube_periodic,组3_full_cube_periodic_P0049,cannot_reconstruct,False,1,51,51,51:+,4990.28278053823,-9.717219461769673,0,0,0,0,0,0,X-:1
组3,full_cube_periodic,组3_full_cube_periodic_P0050,unique,True,2,52;500,52->500,52:-;500:-,4999.9999999999945,-5.4569682106375694e-12,1,1,0,0,0,1,
组3,full_cube_periodic,组3_full_cube_periodic_P0051,unique,True,2,53;474,53->474,53:-;474:-,5000.000000000003,2.7284841053187847e-12,1,1,0,0,0,1,
组3,full_cube_periodic,组3_full_cube_periodic_P0052,cannot_reconstruct,False,1,54,54,54:+,4658.088761177963,-341.9112388220374,0,0,0,0,0,0,X-:1
组3,full_cube_periodic,组3_full_cube_periodic_P0053,unique,True,2,55;502,55->502,55:-;502:-,5000.000000000005,4.547473508864641e-12,1,1,0,0,0,1,
组3,full_cube_periodic,组3_full_cube_periodic_P0054,unique,True,2,56;449,56->449,56:-;449:-,4999.9999999999945,-5.4569682106375694e-12,1,1,0,0,0,1,
组3,full_cube_periodic,组3_full_cube_periodic_P0055,unique,True,2,57;481,57->481,57:-;481:-,4999.999999999994,-6.366462912410498e-12,1,1,0,0,0,1,
组3,full_cube_periodic,组3_full_cube_periodic_P0056,unique,True,3,58;112;437,112->58->437,112:-;58:-;437:-,5000.000000000003,2.7284841053187847e-12,2,1,0,1,0,2,
组3,full_cube_periodic,组3_full_cube_periodic_P0057,unique,True,2,59;504,59->504,59:-;504:-,5000.0,0.0,1,1,0,0,0,1,
组3,full_cube_periodic,组3_full_cube_periodic_P0058,unique,True,2,60;431,60->431,60:-;431:-,5000.000000000006,6.366462912410498e-12,1,1,0,0,0,1,
组3,full_cube_periodic,组3_full_cube_periodic_P0059,unique,True,2,61;501,61->501,61:-;501:-,5000.0,0.0,1,1,0,0,0,1,
组3,full_cube_periodic,组3_full_cube_periodic_P0060,unique,True,2,62;533,62->533,62:-;533:-,4999.999999999997,-2.7284841053187847e-12,1,1,0,0,0,1,
组3,full_cube_periodic,组3_full_cube_periodic_P0061,unique,True,2,63;509,63->509,63:-;509:-,4999.999999999994,-6.366462912410498e-12,1,1,0,0,0,1,
组3,full_cube_periodic,组3_full_cube_periodic_P0062,unique,True,2,64;463,64->463,64:-;463:-,4999.999999999996,-3.637978807091713e-12,1,1,0,0,0,1,
组3,full_cube_periodic,组3_full_cube_periodic_P0063,cannot_reconstruct,False,1,65,65,65:+,4993.537514137639,-6.4624858623610635,0,0,0,0,0,0,X-:1
组3,full_cube_periodic,组3_full_cube_periodic_P0064,cannot_reconstruct,False,1,66,66,66:+,4041.1373501089392,-958.8626498910608,0,0,0,0,0,0,X-:1
组3,full_cube_periodic,组3_full_cube_periodic_P0065,unique,True,2,67;499,67->499,67:-;499:-,5000.0000000000055,5.4569682106375694e-12,1,1,0,0,0,1,
组3,full_cube_periodic,组3_full_cube_periodic_P0066,unique,True,2,68;446,68->446,68:-;446:-,5000.0,0.0,1,1,0,0,0,1,
组3,full_cube_periodic,组3_full_cube_periodic_P0067,cannot_reconstruct,False,1,69,69,69:+,4794.642353041769,-205.35764695823127,0,0,0,0,0,0,X-:1
组3,full_cube_periodic,组3_full_cube_periodic_P0068,unique,True,2,70;519,70->519,70:-;519:-,5000.000000000002,1.8189894035458565e-12,1,1,0,0,0,1,
组3,full_cube_periodic,组3_full_cube_periodic_P0069,unique,True,2,71;376,71->376,71:-;376:-,4999.999999999998,-1.8189894035458565e-12,1,1,0,0,0,1,
组3,full_cube_periodic,组3_full_cube_periodic_P0070,unique,True,2,72;524,72->524,72:-;524:-,4999.9999999999945,-5.4569682106375694e-12,1,1,0,0,0,1,
组3,full_cube_periodic,组3_full_cube_periodic_P0071,unique,True,2,73;480,73->480,73:-;480:-,5000.0,0.0,1,1,0,0,0,1,
组3,full_cube_periodic,组3_full_cube_periodic_P0072,unique,True,2,74;491,74->491,74:-;491:-,4999.999999999999,-9.094947017729282e-13,1,1,0,0,0,1,
组3,full_cube_periodic,组3_full_cube_periodic_P0073,cannot_reconstruct,False,1,75,75,75:+,4593.515484953657,-406.4845150463434,0,0,0,0,0,0,X-:1;Z+:1
组3,full_cube_periodic,组3_full_cube_periodic_P0074,unique,True,2,76;388,76->388,76:-;388:-,4999.999999999995,-4.547473508864641e-12,1,1,0,0,0,1,
组3,full_cube_periodic,组3_full_cube_periodic_P0075,unique,True,2,77;517,77->517,77:-;517:-,5000.0,0.0,1,1,0,0,0,1,
组3,full_cube_periodic,组3_full_cube_periodic_P0076,unique,True,3,78;211;521,211->78->521,211:-;78:-;521:-,4999.999999999998,-1.8189894035458565e-12,2,1,0,1,0,2,
组3,full_cube_periodic,组3_full_cube_periodic_P0077,unique,True,2,79;525,79->525,79:-;525:-,5000.000000000005,4.547473508864641e-12,1,1,0,0,0,1,
组3,full_cube_periodic,组3_full_cube_periodic_P0078,unique,True,2,80;390,80->390,80:-;390:-,5000.000000000005,4.547473508864641e-12,1,1,0,0,0,1,
组3,full_cube_periodic,组3_full_cube_periodic_P0079,unique,True,2,81;503,81->503,81:-;503:-,5000.0,0.0,1,1,0,0,0,1,
组3,full_cube_periodic,组3_full_cube_periodic_P0080,cannot_reconstruct,False,2,82;443,82->443,82:-;443:-,4856.597619164352,-143.40238083564782,1,1,0,0,0,1,Z+:1
组3,full_cube_periodic,组3_full_cube_periodic_P0081,unique,True,3,83;141;512,141->83->512,141:-;83:-;512:-,4999.999999999993,-7.275957614183426e-12,2,1,1,0,0,2,
组3,full_cube_periodic,组3_full_cube_periodic_P0082,unique,True,2,84;461,84->461,84:-;461:-,4999.999999999997,-2.7284841053187847e-12,1,1,0,0,0,1,
组3,full_cube_periodic,组3_full_cube_periodic_P0083,unique,True,2,85;465,85->465,85:-;465:-,4999.999999999996,-3.637978807091713e-12,1,1,0,0,0,1,
组3,full_cube_periodic,组3_full_cube_periodic_P0084,unique,True,2,86;516,86->516,86:-;516:-,4999.999999999996,-3.637978807091713e-12,1,1,0,0,0,1,
组3,full_cube_periodic,组3_full_cube_periodic_P0085,unique,True,3,87;148;510,148->87->510,148:-;87:-;510:-,5000.0,0.0,2,1,1,0,0,2,
组3,full_cube_periodic,组3_full_cube_periodic_P0086,cannot_reconstruct,False,2,88;513,88->513,88:-;513:-,4904.1215894804245,-95.87841051957548,1,1,0,0,0,1,Y+:1
组3,full_cube_periodic,组3_full_cube_periodic_P0087,unique,True,3,89;426;529,89->529->426,89:-;529:-;426:-,4999.999999999991,-9.094947017729282e-12,2,1,1,0,0,2,
组3,full_cube_periodic,组3_full_cube_periodic_P0088,cannot_reconstruct,False,3,90;136;498,136->90->498,136:-;90:-;498:-,4991.859649787965,-8.140350212034718,2,1,0,1,0,2,Y+:1
组3,full_cube_periodic,组3_full_cube_periodic_P0089,unique,True,3,91;440;471,91->471->440,91:-;471:-;440:-,5000.0000000000055,5.4569682106375694e-12,2,1,1,0,0,2,
组3,full_cube_periodic,组3_full_cube_periodic_P0090,unique,True,2,92;424,92->424,92:-;424:-,4999.999999999996,-3.637978807091713e-12,1,1,0,0,0,1,
组3,full_cube_periodic,组3_full_cube_periodic_P0091,unique,True,3,93;126;528,126->93->528,126:-;93:-;528:-,4999.999999999997,-2.7284841053187847e-12,2,1,1,0,0,2,
组3,full_cube_periodic,组3_full_cube_periodic_P0092,unique,True,2,94;142,94->142,94:+;142:+,4999.999999999996,-3.637978807091713e-12,1,0,0,1,0,1,
组3,full_cube_periodic,组3_full_cube_periodic_P0093,unique,True,1,95,95,95:+,4999.999999999997,-2.7284841053187847e-12,0,0,0,0,0,0,
组3,full_cube_periodic,组3_full_cube_periodic_P0094,unique,True,1,96,96,96:+,4999.999999999997,-2.7284841053187847e-12,0,0,0,0,0,0,
组3,full_cube_periodic,组3_full_cube_periodic_P0095,unique,True,1,97,97,97:+,4999.999999999999,-9.094947017729282e-13,0,0,0,0,0,0,
组3,full_cube_periodic,组3_full_cube_periodic_P0096,unique,True,2,98;123,98->123,98:+;123:+,4999.999999999996,-3.637978807091713e-12,1,0,0,1,0,1,
组3,full_cube_periodic,组3_full_cube_periodic_P0097,unique,True,1,99,99,99:+,4999.999999999999,-9.094947017729282e-13,0,0,0,0,0,0,
组3,full_cube_periodic,组3_full_cube_periodic_P0098,unique,True,1,100,100,100:+,5000.000000000005,4.547473508864641e-12,0,0,0,0,0,0,
组3,full_cube_periodic,组3_full_cube_periodic_P0099,unique,True,1,102,102,102:+,4999.9999999999945,-5.4569682106375694e-12,0,0,0,0,0,0,
组3,full_cube_periodic,组3_full_cube_periodic_P0100,unique,True,1,103,103,103:+,4999.999999999998,-1.8189894035458565e-12,0,0,0,0,0,0,
组3,full_cube_periodic,组3_full_cube_periodic_P0101,cannot_reconstruct,False,1,104,104,104:+,1190.150215079024,-3809.849784920976,0,0,0,0,0,0,Y-:1
组3,full_cube_periodic,组3_full_cube_periodic_P0102,unique,True,1,105,105,105:+,5000.0,0.0,0,0,0,0,0,0,
组3,full_cube_periodic,组3_full_cube_periodic_P0103,unique,True,2,106;137,106->137,106:+;137:+,4999.999999999997,-2.7284841053187847e-12,1,0,1,0,0,1,
组3,full_cube_periodic,组3_full_cube_periodic_P0104,unique,True,2,107;260,107->260,107:+;260:+,5000.000000000004,3.637978807091713e-12,1,0,0,1,0,1,
组3,full_cube_periodic,组3_full_cube_periodic_P0105,unique,True,1,108,108,108:+,4999.999999999997,-2.7284841053187847e-12,0,0,0,0,0,0,
组3,full_cube_periodic,组3_full_cube_periodic_P0106,unique,True,1,109,109,109:+,5000.000000000001,9.094947017729282e-13,0,0,0,0,0,0,
组3,full_cube_periodic,组3_full_cube_periodic_P0107,unique,True,1,110,110,110:+,4999.999999999996,-3.637978807091713e-12,0,0,0,0,0,0,
组3,full_cube_periodic,组3_full_cube_periodic_P0108,cannot_reconstruct,False,1,111,111,111:+,4814.484257451858,-185.51574254814204,0,0,0,0,0,0,Y+:1
组3,full_cube_periodic,组3_full_cube_periodic_P0109,unique,True,1,113,113,113:+,5000.000000000002,1.8189894035458565e-12,0,0,0,0,0,0,
组3,full_cube_periodic,组3_full_cube_periodic_P0110,unique,True,2,114;134,114->134,114:+;134:+,4999.999999999989,-1.0913936421275139e-11,1,0,0,1,0,1,
组3,full_cube_periodic,组3_full_cube_periodic_P0111,unique,True,1,115,115,115:+,5000.000000000004,3.637978807091713e-12,0,0,0,0,0,0,
组3,full_cube_periodic,组3_full_cube_periodic_P0112,unique,True,1,116,116,116:+,5000.000000000008,8.185452315956354e-12,0,0,0,0,0,0,
组3,full_cube_periodic,组3_full_cube_periodic_P0113,unique,True,1,117,117,117:+,5000.000000000005,4.547473508864641e-12,0,0,0,0,0,0,
组3,full_cube_periodic,组3_full_cube_periodic_P0114,unique,True,1,118,118,118:+,4999.999999999996,-3.637978807091713e-12,0,0,0,0,0,0,
组3,full_cube_periodic,组3_full_cube_periodic_P0115,unique,True,1,119,119,119:+,5000.000000000002,1.8189894035458565e-12,0,0,0,0,0,0,
组3,full_cube_periodic,组3_full_cube_periodic_P0116,cannot_reconstruct,False,1,120,120,120:+,4833.786768637805,-166.21323136219507,0,0,0,0,0,0,Z-:1
组3,full_cube_periodic,组3_full_cube_periodic_P0117,unique,True,1,121,121,121:+,5000.0000000000055,5.4569682106375694e-12,0,0,0,0,0,0,
组3,full_cube_periodic,组3_full_cube_periodic_P0118,unique,True,1,122,122,122:+,4999.999999999995,-4.547473508864641e-12,0,0,0,0,0,0,
组3,full_cube_periodic,组3_full_cube_periodic_P0119,unique,True,1,124,124,124:+,5000.000000000002,1.8189894035458565e-12,0,0,0,0,0,0,
组3,full_cube_periodic,组3_full_cube_periodic_P0120,unique,True,3,125;131;132,125->131->132,125:+;131:+;132:+,5000.0,0.0,2,0,1,1,0,2,
组3,full_cube_periodic,组3_full_cube_periodic_P0121,unique,True,1,127,127,127:+,5000.000000000003,2.7284841053187847e-12,0,0,0,0,0,0,
组3,full_cube_periodic,组3_full_cube_periodic_P0122,unique,True,1,128,128,128:+,5000.000000000005,4.547473508864641e-12,0,0,0,0,0,0,
组3,full_cube_periodic,组3_full_cube_periodic_P0123,unique,True,2,129;145,129->145,129:+;145:+,4999.9999999999945,-5.4569682106375694e-12,1,0,1,0,0,1,
组3,full_cube_periodic,组3_full_cube_periodic_P0124,unique,True,1,130,130,130:+,5000.0,0.0,0,0,0,0,0,0,
组3,full_cube_periodic,组3_full_cube_periodic_P0125,unique,True,1,133,133,133:+,5000.000000000002,1.8189894035458565e-12,0,0,0,0,0,0,
组3,full_cube_periodic,组3_full_cube_periodic_P0126,unique,True,1,138,138,138:+,5000.000000000005,4.547473508864641e-12,0,0,0,0,0,0,
组3,full_cube_periodic,组3_full_cube_periodic_P0127,unique,True,1,139,139,139:+,5000.000000000003,2.7284841053187847e-12,0,0,0,0,0,0,
组3,full_cube_periodic,组3_full_cube_periodic_P0128,unique,True,2,140;189,140->189,140:+;189:+,5000.000000000003,2.7284841053187847e-12,1,0,0,1,0,1,
组3,full_cube_periodic,组3_full_cube_periodic_P0129,unique,True,1,143,143,143:+,5000.000000000004,3.637978807091713e-12,0,0,0,0,0,0,
组3,full_cube_periodic,组3_full_cube_periodic_P0130,unique,True,1,146,146,146:+,5000.0,0.0,0,0,0,0,0,0,
组3,full_cube_periodic,组3_full_cube_periodic_P0131,unique,True,2,147;175,147->175,147:+;175:+,5000.000000000002,1.8189894035458565e-12,1,0,0,1,0,1,
组3,full_cube_periodic,组3_full_cube_periodic_P0132,unique,True,2,149;351,149->351,149:+;351:+,5000.000000000003,2.7284841053187847e-12,1,0,0,1,0,1,
组3,full_cube_periodic,组3_full_cube_periodic_P0133,cannot_reconstruct,False,1,150,150,150:+,4804.005421698286,-195.99457830171377,0,0,0,0,0,0,Z+:1
组3,full_cube_periodic,组3_full_cube_periodic_P0134,unique,True,1,151,151,151:+,4999.999999999995,-4.547473508864641e-12,0,0,0,0,0,0,
组3,full_cube_periodic,组3_full_cube_periodic_P0135,unique,True,2,152;229,152->229,152:+;229:+,4999.999999999999,-9.094947017729282e-13,1,0,1,0,0,1,
组3,full_cube_periodic,组3_full_cube_periodic_P0136,unique,True,1,153,153,153:+,4999.999999999998,-1.8189894035458565e-12,0,0,0,0,0,0,
组3,full_cube_periodic,组3_full_cube_periodic_P0137,unique,True,2,154;191,154->191,154:+;191:+,5000.0000000000055,5.4569682106375694e-12,1,0,1,0,0,1,
组3,full_cube_periodic,组3_full_cube_periodic_P0138,unique,True,2,155;164,155->164,155:+;164:+,5000.000000000005,4.547473508864641e-12,1,0,1,0,0,1,
组3,full_cube_periodic,组3_full_cube_periodic_P0139,unique,True,1,156,156,156:+,5000.000000000003,2.7284841053187847e-12,0,0,0,0,0,0,
组3,full_cube_periodic,组3_full_cube_periodic_P0140,unique,True,1,157,157,157:+,5000.000000000004,3.637978807091713e-12,0,0,0,0,0,0,
组3,full_cube_periodic,组3_full_cube_periodic_P0141,unique,True,2,158;292,158->292,158:+;292:+,4999.999999999996,-3.637978807091713e-12,1,0,0,1,0,1,
组3,full_cube_periodic,组3_full_cube_periodic_P0142,unique,True,1,159,159,159:+,5000.000000000003,2.7284841053187847e-12,0,0,0,0,0,0,
组3,full_cube_periodic,组3_full_cube_periodic_P0143,cannot_reconstruct,False,1,160,160,160:+,4634.686465168995,-365.3135348310052,0,0,0,0,0,0,Z+:1
组3,full_cube_periodic,组3_full_cube_periodic_P0144,cannot_reconstruct,False,1,161,161,161:+,4564.221186967349,-435.77881303265076,0,0,0,0,0,0,Y+:1
组3,full_cube_periodic,组3_full_cube_periodic_P0145,unique,True,1,162,162,162:+,5000.000000000002,1.8189894035458565e-12,0,0,0,0,0,0,
组3,full_cube_periodic,组3_full_cube_periodic_P0146,cannot_reconstruct,False,1,163,163,163:+,4997.38931275427,-2.6106872457303325,0,0,0,0,0,0,Y-:1
组3,full_cube_periodic,组3_full_cube_periodic_P0147,unique,True,2,165;274,165->274,165:+;274:+,4999.999999999998,-1.8189894035458565e-12,1,0,1,0,0,1,
组3,full_cube_periodic,组3_full_cube_periodic_P0148,unique,True,1,166,166,166:+,4999.999999999996,-3.637978807091713e-12,0,0,0,0,0,0,
组3,full_cube_periodic,组3_full_cube_periodic_P0149,unique,True,2,167;241,167->241,167:+;241:+,5000.000000000006,6.366462912410498e-12,1,0,0,1,0,1,
组3,full_cube_periodic,组3_full_cube_periodic_P0150,unique,True,2,168;363,168->363,168:+;363:+,5000.000000000005,4.547473508864641e-12,1,0,1,0,0,1,
组3,full_cube_periodic,组3_full_cube_periodic_P0151,unique,True,2,169;181,169->181,169:+;181:+,5000.0000000000055,5.4569682106375694e-12,1,0,0,1,0,1,
组3,full_cube_periodic,组3_full_cube_periodic_P0152,cannot_reconstruct,False,1,170,170,170:+,4532.156821229,-467.84317877099966,0,0,0,0,0,0,Y+:1
组3,full_cube_periodic,组3_full_cube_periodic_P0153,unique,True,1,172,172,172:+,4999.999999999992,-8.185452315956354e-12,0,0,0,0,0,0,
组3,full_cube_periodic,组3_full_cube_periodic_P0154,unique,True,1,173,173,173:+,4999.999999999993,-7.275957614183426e-12,0,0,0,0,0,0,
组3,full_cube_periodic,组3_full_cube_periodic_P0155,unique,True,1,174,174,174:+,4999.999999999999,-9.094947017729282e-13,0,0,0,0,0,0,
组3,full_cube_periodic,组3_full_cube_periodic_P0156,unique,True,2,176;220,176->220,176:+;220:+,5000.000000000007,7.275957614183426e-12,1,0,0,1,0,1,
组3,full_cube_periodic,组3_full_cube_periodic_P0157,unique,True,1,177,177,177:+,5000.000000000002,1.8189894035458565e-12,0,0,0,0,0,0,
组3,full_cube_periodic,组3_full_cube_periodic_P0158,unique,True,1,178,178,178:+,5000.000000000001,9.094947017729282e-13,0,0,0,0,0,0,
组3,full_cube_periodic,组3_full_cube_periodic_P0159,unique,True,2,179;245,179->245,179:+;245:+,4999.999999999998,-1.8189894035458565e-12,1,0,0,1,0,1,
组3,full_cube_periodic,组3_full_cube_periodic_P0160,cannot_reconstruct,False,1,180,180,180:+,2584.5631027991594,-2415.4368972008406,0,0,0,0,0,0,Z+:1
组3,full_cube_periodic,组3_full_cube_periodic_P0161,unique,True,1,182,182,182:+,5000.000000000002,1.8189894035458565e-12,0,0,0,0,0,0,
组3,full_cube_periodic,组3_full_cube_periodic_P0162,unique,True,1,183,183,183:+,4999.999999999998,-1.8189894035458565e-12,0,0,0,0,0,0,
组3,full_cube_periodic,组3_full_cube_periodic_P0163,unique,True,2,184;248,184->248,184:+;248:+,4999.999999999998,-1.8189894035458565e-12,1,0,1,0,0,1,
组3,full_cube_periodic,组3_full_cube_periodic_P0164,unique,True,1,185,185,185:+,5000.000000000005,4.547473508864641e-12,0,0,0,0,0,0,
组3,full_cube_periodic,组3_full_cube_periodic_P0165,unique,True,1,186,186,186:+,4999.9999999999945,-5.4569682106375694e-12,0,0,0,0,0,0,
组3,full_cube_periodic,组3_full_cube_periodic_P0166,unique,True,2,187;197,187->197,187:+;197:+,4999.999999999997,-2.7284841053187847e-12,1,0,0,1,0,1,
组3,full_cube_periodic,组3_full_cube_periodic_P0167,unique,True,1,188,188,188:+,5000.000000000001,9.094947017729282e-13,0,0,0,0,0,0,
组3,full_cube_periodic,组3_full_cube_periodic_P0168,unique,True,2,190;368,190->368,190:+;368:+,5000.0,0.0,1,0,0,1,0,1,
组3,full_cube_periodic,组3_full_cube_periodic_P0169,unique,True,1,192,192,192:+,5000.000000000001,9.094947017729282e-13,0,0,0,0,0,0,
组3,full_cube_periodic,组3_full_cube_periodic_P0170,unique,True,1,193,193,193:+,4999.999999999998,-1.8189894035458565e-12,0,0,0,0,0,0,
组3,full_cube_periodic,组3_full_cube_periodic_P0171,cannot_reconstruct,False,1,194,194,194:+,4728.587593139968,-271.4124068600322,0,0,0,0,0,0,Z+:1
组3,full_cube_periodic,组3_full_cube_periodic_P0172,unique,True,1,195,195,195:+,4999.999999999996,-3.637978807091713e-12,0,0,0,0,0,0,
组3,full_cube_periodic,组3_full_cube_periodic_P0173,unique,True,1,196,196,196:+,4999.999999999997,-2.7284841053187847e-12,0,0,0,0,0,0,
组3,full_cube_periodic,组3_full_cube_periodic_P0174,cannot_reconstruct,False,1,198,198,198:+,4540.804961643996,-459.19503835600426,0,0,0,0,0,0,Y-:1
组3,full_cube_periodic,组3_full_cube_periodic_P0175,unique,True,3,199;201;202,199->201->202,199:+;201:+;202:+,4999.9999999999945,-5.4569682106375694e-12,2,0,1,1,0,2,
组3,full_cube_periodic,组3_full_cube_periodic_P0176,unique,True,2,200;358,200->358,200:+;358:+,5000.000000000007,7.275957614183426e-12,1,0,1,0,0,1,
组3,full_cube_periodic,组3_full_cube_periodic_P0177,unique,True,3,203;238;285,203->238->285,203:+;238:+;285:+,4999.999999999997,-2.7284841053187847e-12,2,0,1,1,0,2,
组3,full_cube_periodic,组3_full_cube_periodic_P0178,unique,True,1,204,204,204:+,5000.000000000003,2.7284841053187847e-12,0,0,0,0,0,0,
组3,full_cube_periodic,组3_full_cube_periodic_P0179,unique,True,1,205,205,205:+,5000.000000000002,1.8189894035458565e-12,0,0,0,0,0,0,
组3,full_cube_periodic,组3_full_cube_periodic_P0180,unique,True,2,206;254,206->254,206:+;254:+,5000.000000000002,1.8189894035458565e-12,1,0,1,0,0,1,
组3,full_cube_periodic,组3_full_cube_periodic_P0181,unique,True,1,207,207,207:+,4999.999999999999,-9.094947017729282e-13,0,0,0,0,0,0,
组3,full_cube_periodic,组3_full_cube_periodic_P0182,unique,True,1,208,208,208:+,5000.000000000006,6.366462912410498e-12,0,0,0,0,0,0,
组3,full_cube_periodic,组3_full_cube_periodic_P0183,cannot_reconstruct,False,1,209,209,209:+,4620.624601345126,-379.3753986548736,0,0,0,0,0,0,Z+:1
组3,full_cube_periodic,组3_full_cube_periodic_P0184,unique,True,3,210;234;239,210->234->239,210:+;234:+;239:+,5000.000000000005,4.547473508864641e-12,2,0,1,1,0,2,
组3,full_cube_periodic,组3_full_cube_periodic_P0185,unique,True,2,212;265,212->265,212:+;265:+,5000.000000000002,1.8189894035458565e-12,1,0,0,1,0,1,
组3,full_cube_periodic,组3_full_cube_periodic_P0186,unique,True,1,213,213,213:+,4999.999999999998,-1.8189894035458565e-12,0,0,0,0,0,0,
组3,full_cube_periodic,组3_full_cube_periodic_P0187,unique,True,2,214;373,214->373,214:+;373:+,5000.000000000006,6.366462912410498e-12,1,0,1,0,0,1,
组3,full_cube_periodic,组3_full_cube_periodic_P0188,unique,True,2,215;306,215->306,215:+;306:+,5000.000000000003,2.7284841053187847e-12,1,0,1,0,0,1,
组3,full_cube_periodic,组3_full_cube_periodic_P0189,unique,True,1,216,216,216:+,5000.000000000004,3.637978807091713e-12,0,0,0,0,0,0,
组3,full_cube_periodic,组3_full_cube_periodic_P0190,unique,True,3,217;236;299,217->236->299,217:+;236:+;299:+,5000.0,0.0,2,0,1,1,0,2,
组3,full_cube_periodic,组3_full_cube_periodic_P0191,unique,True,1,218,218,218:+,4999.999999999999,-9.094947017729282e-13,0,0,0,0,0,0,
组3,full_cube_periodic,组3_full_cube_periodic_P0192,unique,True,2,219;243,219->243,219:+;243:+,5000.0,0.0,1,0,1,0,0,1,
组3,full_cube_periodic,组3_full_cube_periodic_P0193,cannot_reconstruct,False,1,221,221,221:+,4587.076340597699,-412.9236594023014,0,0,0,0,0,0,Z+:1
组3,full_cube_periodic,组3_full_cube_periodic_P0194,unique,True,1,222,222,222:+,5000.000000000003,2.7284841053187847e-12,0,0,0,0,0,0,
组3,full_cube_periodic,组3_full_cube_periodic_P0195,unique,True,1,223,223,223:+,4999.999999999999,-9.094947017729282e-13,0,0,0,0,0,0,
组3,full_cube_periodic,组3_full_cube_periodic_P0196,unique,True,1,224,224,224:+,4999.999999999997,-2.7284841053187847e-12,0,0,0,0,0,0,
组3,full_cube_periodic,组3_full_cube_periodic_P0197,unique,True,1,225,225,225:+,5000.0000000000055,5.4569682106375694e-12,0,0,0,0,0,0,
组3,full_cube_periodic,组3_full_cube_periodic_P0198,unique,True,2,226;317,226->317,226:+;317:+,4999.999999999994,-6.366462912410498e-12,1,0,1,0,0,1,
组3,full_cube_periodic,组3_full_cube_periodic_P0199,unique,True,1,227,227,227:+,5000.000000000006,6.366462912410498e-12,0,0,0,0,0,0,
组3,full_cube_periodic,组3_full_cube_periodic_P0200,unique,True,3,228;246;258,228->246->258,228:+;246:+;258:+,5000.000000000001,9.094947017729282e-13,2,0,1,1,0,2,
组3,full_cube_periodic,组3_full_cube_periodic_P0201,unique,True,1,230,230,230:+,5000.000000000003,2.7284841053187847e-12,0,0,0,0,0,0,
组3,full_cube_periodic,组3_full_cube_periodic_P0202,unique,True,1,231,231,231:+,4999.999999999993,-7.275957614183426e-12,0,0,0,0,0,0,
组3,full_cube_periodic,组3_full_cube_periodic_P0203,unique,True,2,232;361,232->361,232:+;361:+,5000.000000000007,7.275957614183426e-12,1,0,0,1,0,1,
组3,full_cube_periodic,组3_full_cube_periodic_P0204,unique,True,2,233;237,233->237,233:+;237:+,4999.9999999999945,-5.4569682106375694e-12,1,0,0,1,0,1,
组3,full_cube_periodic,组3_full_cube_periodic_P0205,unique,True,1,235,235,235:+,5000.0000000000055,5.4569682106375694e-12,0,0,0,0,0,0,
组3,full_cube_periodic,组3_full_cube_periodic_P0206,unique,True,1,240,240,240:+,4999.999999999998,-1.8189894035458565e-12,0,0,0,0,0,0,
组3,full_cube_periodic,组3_full_cube_periodic_P0207,unique,True,1,242,242,242:+,5000.000000000007,7.275957614183426e-12,0,0,0,0,0,0,
组3,full_cube_periodic,组3_full_cube_periodic_P0208,unique,True,1,244,244,244:+,5000.000000000004,3.637978807091713e-12,0,0,0,0,0,0,
组3,full_cube_periodic,组3_full_cube_periodic_P0209,unique,True,1,247,247,247:+,5000.0,0.0,0,0,0,0,0,0,
组3,full_cube_periodic,组3_full_cube_periodic_P0210,unique,True,1,249,249,249:+,4999.999999999999,-9.094947017729282e-13,0,0,0,0,0,0,
组3,full_cube_periodic,组3_full_cube_periodic_P0211,unique,True,1,250,250,250:+,5000.000000000005,4.547473508864641e-12,0,0,0,0,0,0,
组3,full_cube_periodic,组3_full_cube_periodic_P0212,cannot_reconstruct,False,1,251,251,251:+,4941.149862160361,-58.85013783963859,0,0,0,0,0,0,Y+:1
组3,full_cube_periodic,组3_full_cube_periodic_P0213,unique,True,1,252,252,252:+,5000.000000000008,8.185452315956354e-12,0,0,0,0,0,0,
组3,full_cube_periodic,组3_full_cube_periodic_P0214,unique,True,2,253;435,253->435,253:+;435:+,4999.999999999998,-1.8189894035458565e-12,1,0,0,1,0,1,
组3,full_cube_periodic,组3_full_cube_periodic_P0215,unique,True,1,255,255,255:+,5000.000000000004,3.637978807091713e-12,0,0,0,0,0,0,
组3,full_cube_periodic,组3_full_cube_periodic_P0216,unique,True,2,256;275,256->275,256:+;275:+,4999.999999999998,-1.8189894035458565e-12,1,0,1,0,0,1,
组3,full_cube_periodic,组3_full_cube_periodic_P0217,unique,True,1,257,257,257:+,5000.000000000005,4.547473508864641e-12,0,0,0,0,0,0,
组3,full_cube_periodic,组3_full_cube_periodic_P0218,unique,True,1,259,259,259:+,5000.000000000001,9.094947017729282e-13,0,0,0,0,0,0,
组3,full_cube_periodic,组3_full_cube_periodic_P0219,unique,True,1,261,261,261:+,4999.999999999999,-9.094947017729282e-13,0,0,0,0,0,0,
组3,full_cube_periodic,组3_full_cube_periodic_P0220,unique,True,1,262,262,262:+,5000.0,0.0,0,0,0,0,0,0,
组3,full_cube_periodic,组3_full_cube_periodic_P0221,unique,True,1,263,263,263:+,4999.999999999999,-9.094947017729282e-13,0,0,0,0,0,0,
组3,full_cube_periodic,组3_full_cube_periodic_P0222,unique,True,1,264,264,264:+,5000.000000000004,3.637978807091713e-12,0,0,0,0,0,0,
组3,full_cube_periodic,组3_full_cube_periodic_P0223,unique,True,1,266,266,266:+,5000.000000000004,3.637978807091713e-12,0,0,0,0,0,0,
组3,full_cube_periodic,组3_full_cube_periodic_P0224,unique,True,1,267,267,267:+,4999.999999999996,-3.637978807091713e-12,0,0,0,0,0,0,
组3,full_cube_periodic,组3_full_cube_periodic_P0225,unique,True,1,268,268,268:+,4999.999999999993,-7.275957614183426e-12,0,0,0,0,0,0,
组3,full_cube_periodic,组3_full_cube_periodic_P0226,cannot_reconstruct,False,1,269,269,269:+,4957.339290670892,-42.6607093291077,0,0,0,0,0,0,Y+:1
组3,full_cube_periodic,组3_full_cube_periodic_P0227,cannot_reconstruct,False,1,270,270,270:+,4844.168446432411,-155.83155356758925,0,0,0,0,0,0,Y-:1
组3,full_cube_periodic,组3_full_cube_periodic_P0228,cannot_reconstruct,False,1,271,271,271:+,4267.811196491784,-732.1888035082156,0,0,0,0,0,0,Z+:1
组3,full_cube_periodic,组3_full_cube_periodic_P0229,unique,True,1,272,272,272:+,5000.000000000002,1.8189894035458565e-12,0,0,0,0,0,0,
组3,full_cube_periodic,组3_full_cube_periodic_P0230,unique,True,2,273;302,273->302,273:+;302:+,5000.000000000004,3.637978807091713e-12,1,0,1,0,0,1,
组3,full_cube_periodic,组3_full_cube_periodic_P0231,unique,True,1,276,276,276:+,5000.000000000005,4.547473508864641e-12,0,0,0,0,0,0,
组3,full_cube_periodic,组3_full_cube_periodic_P0232,unique,True,1,277,277,277:+,5000.000000000006,6.366462912410498e-12,0,0,0,0,0,0,
组3,full_cube_periodic,组3_full_cube_periodic_P0233,unique,True,1,278,278,278:+,5000.000000000004,3.637978807091713e-12,0,0,0,0,0,0,
组3,full_cube_periodic,组3_full_cube_periodic_P0234,unique,True,2,279;357,279->357,279:+;357:+,4999.999999999999,-9.094947017729282e-13,1,0,0,1,0,1,
组3,full_cube_periodic,组3_full_cube_periodic_P0235,unique,True,1,280,280,280:+,4999.999999999997,-2.7284841053187847e-12,0,0,0,0,0,0,
组3,full_cube_periodic,组3_full_cube_periodic_P0236,unique,True,2,281;371,281->371,281:+;371:+,4999.999999999995,-4.547473508864641e-12,1,0,1,0,0,1,
组3,full_cube_periodic,组3_full_cube_periodic_P0237,unique,True,1,282,282,282:+,4999.999999999997,-2.7284841053187847e-12,0,0,0,0,0,0,
组3,full_cube_periodic,组3_full_cube_periodic_P0238,unique,True,2,283;312,283->312,283:+;312:+,5000.000000000007,7.275957614183426e-12,1,0,1,0,0,1,
组3,full_cube_periodic,组3_full_cube_periodic_P0239,unique,True,1,284,284,284:+,5000.0,0.0,0,0,0,0,0,0,
组3,full_cube_periodic,组3_full_cube_periodic_P0240,unique,True,1,286,286,286:+,4999.9999999999945,-5.4569682106375694e-12,0,0,0,0,0,0,
组3,full_cube_periodic,组3_full_cube_periodic_P0241,unique,True,1,287,287,287:+,4999.999999999998,-1.8189894035458565e-12,0,0,0,0,0,0,
组3,full_cube_periodic,组3_full_cube_periodic_P0242,unique,True,1,288,288,288:+,5000.000000000002,1.8189894035458565e-12,0,0,0,0,0,0,
组3,full_cube_periodic,组3_full_cube_periodic_P0243,unique,True,1,289,289,289:+,5000.000000000004,3.637978807091713e-12,0,0,0,0,0,0,
组3,full_cube_periodic,组3_full_cube_periodic_P0244,unique,True,1,290,290,290:+,5000.000000000002,1.8189894035458565e-12,0,0,0,0,0,0,
组3,full_cube_periodic,组3_full_cube_periodic_P0245,unique,True,1,291,291,291:+,4999.999999999991,-9.094947017729282e-12,0,0,0,0,0,0,
组3,full_cube_periodic,组3_full_cube_periodic_P0246,unique,True,1,293,293,293:+,5000.000000000002,1.8189894035458565e-12,0,0,0,0,0,0,
组3,full_cube_periodic,组3_full_cube_periodic_P0247,unique,True,2,294;310,294->310,294:+;310:+,5000.000000000005,4.547473508864641e-12,1,0,0,1,0,1,
组3,full_cube_periodic,组3_full_cube_periodic_P0248,unique,True,1,295,295,295:+,5000.0,0.0,0,0,0,0,0,0,
组3,full_cube_periodic,组3_full_cube_periodic_P0249,unique,True,1,296,296,296:+,5000.0,0.0,0,0,0,0,0,0,
组3,full_cube_periodic,组3_full_cube_periodic_P0250,cannot_reconstruct,False,1,297,297,297:+,4847.929565126354,-152.07043487364626,0,0,0,0,0,0,Y-:1
组3,full_cube_periodic,组3_full_cube_periodic_P0251,unique,True,1,298,298,298:+,5000.000000000004,3.637978807091713e-12,0,0,0,0,0,0,
组3,full_cube_periodic,组3_full_cube_periodic_P0252,unique,True,1,300,300,300:+,5000.000000000003,2.7284841053187847e-12,0,0,0,0,0,0,
组3,full_cube_periodic,组3_full_cube_periodic_P0253,unique,True,1,301,301,301:+,5000.000000000002,1.8189894035458565e-12,0,0,0,0,0,0,
组3,full_cube_periodic,组3_full_cube_periodic_P0254,unique,True,2,303;378,303->378,303:+;378:+,5000.0,0.0,1,0,1,0,0,1,
组3,full_cube_periodic,组3_full_cube_periodic_P0255,unique,True,2,304;309,304->309,304:+;309:+,5000.0,0.0,1,0,1,0,0,1,
组3,full_cube_periodic,组3_full_cube_periodic_P0256,unique,True,1,305,305,305:+,5000.000000000001,9.094947017729282e-13,0,0,0,0,0,0,
组3,full_cube_periodic,组3_full_cube_periodic_P0257,unique,True,1,307,307,307:+,4999.999999999996,-3.637978807091713e-12,0,0,0,0,0,0,
组3,full_cube_periodic,组3_full_cube_periodic_P0258,unique,True,1,308,308,308:+,5000.000000000003,2.7284841053187847e-12,0,0,0,0,0,0,
组3,full_cube_periodic,组3_full_cube_periodic_P0259,unique,True,1,311,311,311:+,4999.999999999997,-2.7284841053187847e-12,0,0,0,0,0,0,
组3,full_cube_periodic,组3_full_cube_periodic_P0260,unique,True,2,313;410,313->410,313:+;410:+,5000.000000000004,3.637978807091713e-12,1,0,0,1,0,1,
组3,full_cube_periodic,组3_full_cube_periodic_P0261,unique,True,1,314,314,314:+,4999.999999999999,-9.094947017729282e-13,0,0,0,0,0,0,
组3,full_cube_periodic,组3_full_cube_periodic_P0262,unique,True,1,315,315,315:+,5000.0,0.0,0,0,0,0,0,0,
组3,full_cube_periodic,组3_full_cube_periodic_P0263,cannot_reconstruct,False,1,316,316,316:+,4793.504179879683,-206.49582012031715,0,0,0,0,0,0,Y-:1
组3,full_cube_periodic,组3_full_cube_periodic_P0264,unique,True,1,318,318,318:+,5000.0,0.0,0,0,0,0,0,0,
组3,full_cube_periodic,组3_full_cube_periodic_P0265,unique,True,2,319;347,319->347,319:+;347:+,4999.999999999993,-7.275957614183426e-12,1,0,0,1,0,1,
组3,full_cube_periodic,组3_full_cube_periodic_P0266,unique,True,1,320,320,320:+,5000.000000000004,3.637978807091713e-12,0,0,0,0,0,0,
组3,full_cube_periodic,组3_full_cube_periodic_P0267,unique,True,1,321,321,321:+,4999.999999999999,-9.094947017729282e-13,0,0,0,0,0,0,
组3,full_cube_periodic,组3_full_cube_periodic_P0268,unique,True,1,322,322,322:+,5000.000000000002,1.8189894035458565e-12,0,0,0,0,0,0,
组3,full_cube_periodic,组3_full_cube_periodic_P0269,unique,True,2,323;416,323->416,323:+;416:+,5000.000000000001,9.094947017729282e-13,1,0,0,1,0,1,
组3,full_cube_periodic,组3_full_cube_periodic_P0270,unique,True,1,324,324,324:+,4999.999999999995,-4.547473508864641e-12,0,0,0,0,0,0,
组3,full_cube_periodic,组3_full_cube_periodic_P0271,unique,True,1,325,325,325:+,5000.000000000004,3.637978807091713e-12,0,0,0,0,0,0,
组3,full_cube_periodic,组3_full_cube_periodic_P0272,unique,True,1,326,326,326:+,5000.000000000006,6.366462912410498e-12,0,0,0,0,0,0,
组3,full_cube_periodic,组3_full_cube_periodic_P0273,cannot_reconstruct,False,1,327,327,327:+,4998.981194218999,-1.0188057810009923,0,0,0,0,0,0,Y-:1
组3,full_cube_periodic,组3_full_cube_periodic_P0274,unique,True,1,328,328,328:+,5000.000000000003,2.7284841053187847e-12,0,0,0,0,0,0,
组3,full_cube_periodic,组3_full_cube_periodic_P0275,unique,True,1,329,329,329:+,4999.999999999997,-2.7284841053187847e-12,0,0,0,0,0,0,
组3,full_cube_periodic,组3_full_cube_periodic_P0276,unique,True,1,330,330,330:+,4999.999999999998,-1.8189894035458565e-12,0,0,0,0,0,0,
组3,full_cube_periodic,组3_full_cube_periodic_P0277,unique,True,1,331,331,331:+,5000.000000000005,4.547473508864641e-12,0,0,0,0,0,0,
组3,full_cube_periodic,组3_full_cube_periodic_P0278,cannot_reconstruct,False,1,332,332,332:+,4581.838530702641,-418.16146929735896,0,0,0,0,0,0,Y-:1
组3,full_cube_periodic,组3_full_cube_periodic_P0279,unique,True,1,333,333,333:+,5000.0,0.0,0,0,0,0,0,0,
组3,full_cube_periodic,组3_full_cube_periodic_P0280,unique,True,2,334;337,334->337,334:+;337:+,4999.999999999992,-8.185452315956354e-12,1,0,0,1,0,1,
组3,full_cube_periodic,组3_full_cube_periodic_P0281,unique,True,1,335,335,335:+,5000.000000000004,3.637978807091713e-12,0,0,0,0,0,0,
组3,full_cube_periodic,组3_full_cube_periodic_P0282,unique,True,2,336;467,336->467,336:+;467:+,5000.000000000005,4.547473508864641e-12,1,0,0,1,0,1,
组3,full_cube_periodic,组3_full_cube_periodic_P0283,unique,True,1,338,338,338:+,4999.999999999995,-4.547473508864641e-12,0,0,0,0,0,0,
组3,full_cube_periodic,组3_full_cube_periodic_P0284,unique,True,1,339,339,339:+,5000.0,0.0,0,0,0,0,0,0,
组3,full_cube_periodic,组3_full_cube_periodic_P0285,unique,True,1,340,340,340:+,5000.000000000005,4.547473508864641e-12,0,0,0,0,0,0,
组3,full_cube_periodic,组3_full_cube_periodic_P0286,unique,True,1,341,341,341:+,5000.000000000004,3.637978807091713e-12,0,0,0,0,0,0,
组3,full_cube_periodic,组3_full_cube_periodic_P0287,unique,True,1,342,342,342:+,5000.000000000005,4.547473508864641e-12,0,0,0,0,0,0,
组3,full_cube_periodic,组3_full_cube_periodic_P0288,unique,True,1,343,343,343:+,4999.9999999999945,-5.4569682106375694e-12,0,0,0,0,0,0,
组3,full_cube_periodic,组3_full_cube_periodic_P0289,unique,True,2,344;364,344->364,344:+;364:+,4999.9999999999945,-5.4569682106375694e-12,1,0,1,0,0,1,
组3,full_cube_periodic,组3_full_cube_periodic_P0290,unique,True,1,345,345,345:+,5000.0,0.0,0,0,0,0,0,0,
组3,full_cube_periodic,组3_full_cube_periodic_P0291,unique,True,1,346,346,346:+,4999.999999999998,-1.8189894035458565e-12,0,0,0,0,0,0,
组3,full_cube_periodic,组3_full_cube_periodic_P0292,unique,True,2,348;356,348->356,348:+;356:+,5000.000000000001,9.094947017729282e-13,1,0,0,1,0,1,
组3,full_cube_periodic,组3_full_cube_periodic_P0293,unique,True,1,349,349,349:+,5000.000000000002,1.8189894035458565e-12,0,0,0,0,0,0,
组3,full_cube_periodic,组3_full_cube_periodic_P0294,unique,True,1,350,350,350:+,5000.0,0.0,0,0,0,0,0,0,
组3,full_cube_periodic,组3_full_cube_periodic_P0295,unique,True,2,352;393,352->393,352:+;393:+,5000.0000000000055,5.4569682106375694e-12,1,0,1,0,0,1,
组3,full_cube_periodic,组3_full_cube_periodic_P0296,cannot_reconstruct,False,1,353,353,353:+,4937.905654264531,-62.09434573546878,0,0,0,0,0,0,X+:1
组3,full_cube_periodic,组3_full_cube_periodic_P0297,unique,True,2,354;420,354->420,354:+;420:+,4999.999999999996,-3.637978807091713e-12,1,0,1,0,0,1,
组3,full_cube_periodic,组3_full_cube_periodic_P0298,unique,True,1,355,355,355:+,4999.999999999997,-2.7284841053187847e-12,0,0,0,0,0,0,
组3,full_cube_periodic,组3_full_cube_periodic_P0299,unique,True,1,359,359,359:+,4999.999999999997,-2.7284841053187847e-12,0,0,0,0,0,0,
组3,full_cube_periodic,组3_full_cube_periodic_P0300,unique,True,1,360,360,360:+,5000.0,0.0,0,0,0,0,0,0,
组3,full_cube_periodic,组3_full_cube_periodic_P0301,unique,True,2,362;370,362->370,362:+;370:+,4999.999999999997,-2.7284841053187847e-12,1,0,1,0,0,1,
组3,full_cube_periodic,组3_full_cube_periodic_P0302,cannot_reconstruct,False,1,365,365,365:+,4508.644739111684,-491.35526088831557,0,0,0,0,0,0,X+:1
组3,full_cube_periodic,组3_full_cube_periodic_P0303,unique,True,1,366,366,366:+,5000.000000000004,3.637978807091713e-12,0,0,0,0,0,0,
组3,full_cube_periodic,组3_full_cube_periodic_P0304,unique,True,2,367;397,367->397,367:+;397:+,4999.9999999999945,-5.4569682106375694e-12,1,0,0,1,0,1,
组3,full_cube_periodic,组3_full_cube_periodic_P0305,cannot_reconstruct,False,1,369,369,369:+,4503.327541668587,-496.6724583314126,0,0,0,0,0,0,X+:1
组3,full_cube_periodic,组3_full_cube_periodic_P0306,unique,True,1,372,372,372:+,5000.000000000002,1.8189894035458565e-12,0,0,0,0,0,0,
组3,full_cube_periodic,组3_full_cube_periodic_P0307,unique,True,1,374,374,374:+,4999.999999999997,-2.7284841053187847e-12,0,0,0,0,0,0,
组3,full_cube_periodic,组3_full_cube_periodic_P0308,unique,True,1,375,375,375:+,5000.000000000005,4.547473508864641e-12,0,0,0,0,0,0,
组3,full_cube_periodic,组3_full_cube_periodic_P0309,cannot_reconstruct,False,2,377;412,377->412,377:+;412:+,4914.49250043472,-85.50749956528034,1,0,1,0,0,1,X+:1
组3,full_cube_periodic,组3_full_cube_periodic_P0310,unique,True,1,379,379,379:+,4999.999999999999,-9.094947017729282e-13,0,0,0,0,0,0,
组3,full_cube_periodic,组3_full_cube_periodic_P0311,cannot_reconstruct,False,1,380,380,380:+,4541.624877680269,-458.3751223197314,0,0,0,0,0,0,Y+:1
组3,full_cube_periodic,组3_full_cube_periodic_P0312,unique,True,1,381,381,381:+,4999.999999999999,-9.094947017729282e-13,0,0,0,0,0,0,
组3,full_cube_periodic,组3_full_cube_periodic_P0313,unique,True,1,382,382,382:+,5000.000000000007,7.275957614183426e-12,0,0,0,0,0,0,
组3,full_cube_periodic,组3_full_cube_periodic_P0314,cannot_reconstruct,False,1,384,384,384:+,4977.96547913873,-22.03452086126981,0,0,0,0,0,0,Y-:1
组3,full_cube_periodic,组3_full_cube_periodic_P0315,unique,True,2,385;394,385->394,385:+;394:+,4999.999999999998,-1.8189894035458565e-12,1,0,1,0,0,1,
组3,full_cube_periodic,组3_full_cube_periodic_P0316,unique,True,1,386,386,386:+,5000.000000000001,9.094947017729282e-13,0,0,0,0,0,0,
组3,full_cube_periodic,组3_full_cube_periodic_P0317,unique,True,1,387,387,387:+,5000.0,0.0,0,0,0,0,0,0,
组3,full_cube_periodic,组3_full_cube_periodic_P0318,unique,True,1,389,389,389:+,5000.0,0.0,0,0,0,0,0,0,
组3,full_cube_periodic,组3_full_cube_periodic_P0319,cannot_reconstruct,False,1,391,391,391:+,4904.301073365586,-95.69892663441442,0,0,0,0,0,0,X+:1
组3,full_cube_periodic,组3_full_cube_periodic_P0320,cannot_reconstruct,False,1,392,392,392:+,4911.870166711714,-88.12983328828614,0,0,0,0,0,0,Y-:1
组3,full_cube_periodic,组3_full_cube_periodic_P0321,unique,True,1,396,396,396:+,5000.000000000001,9.094947017729282e-13,0,0,0,0,0,0,
组3,full_cube_periodic,组3_full_cube_periodic_P0322,cannot_reconstruct,False,1,398,398,398:+,4695.541121125372,-304.45887887462777,0,0,0,0,0,0,Z+:1
组3,full_cube_periodic,组3_full_cube_periodic_P0323,unique,True,1,399,399,399:+,5000.0,0.0,0,0,0,0,0,0,
组3,full_cube_periodic,组3_full_cube_periodic_P0324,unique,True,2,401;436,401->436,401:+;436:+,5000.000000000006,6.366462912410498e-12,1,0,0,1,0,1,
组3,full_cube_periodic,组3_full_cube_periodic_P0325,unique,True,2,402;427,402->427,402:+;427:+,4999.999999999994,-6.366462912410498e-12,1,0,1,0,0,1,
组3,full_cube_periodic,组3_full_cube_periodic_P0326,unique,True,3,403;409;414,403->409->414,403:+;409:+;414:+,5000.000000000005,4.547473508864641e-12,2,0,1,1,0,2,
组3,full_cube_periodic,组3_full_cube_periodic_P0327,unique,True,1,406,406,406:+,5000.0,0.0,0,0,0,0,0,0,
组3,full_cube_periodic,组3_full_cube_periodic_P0328,unique,True,1,407,407,407:+,4999.999999999993,-7.275957614183426e-12,0,0,0,0,0,0,
组3,full_cube_periodic,组3_full_cube_periodic_P0329,unique,True,2,408;450,408->450,408:+;450:+,5000.0,0.0,1,0,0,1,0,1,
组3,full_cube_periodic,组3_full_cube_periodic_P0330,unique,True,1,411,411,411:+,5000.000000000003,2.7284841053187847e-12,0,0,0,0,0,0,
组3,full_cube_periodic,组3_full_cube_periodic_P0331,cannot_reconstruct,False,1,413,413,413:+,4555.103902983572,-444.89609701642803,0,0,0,0,0,0,X+:1
组3,full_cube_periodic,组3_full_cube_periodic_P0332,cannot_reconstruct,False,1,415,415,415:+,4639.9414997900885,-360.0585002099115,0,0,0,0,0,0,X+:1
组3,full_cube_periodic,组3_full_cube_periodic_P0333,cannot_reconstruct,False,1,417,417,417:+,4517.042999101789,-482.95700089821094,0,0,0,0,0,0,Z-:1
组3,full_cube_periodic,组3_full_cube_periodic_P0334,unique,True,2,419;441,419->441,419:+;441:+,4999.999999999998,-1.8189894035458565e-12,1,0,1,0,0,1,
组3,full_cube_periodic,组3_full_cube_periodic_P0335,cannot_reconstruct,False,1,423,423,423:+,4634.873617481081,-365.12638251891894,0,0,0,0,0,0,Z-:1
组3,full_cube_periodic,组3_full_cube_periodic_P0336,unique,True,2,425;434,425->434,425:+;434:+,5000.000000000003,2.7284841053187847e-12,1,0,1,0,0,1,
组3,full_cube_periodic,组3_full_cube_periodic_P0337,unique,True,2,429;460,429->460,429:+;460:+,4999.999999999998,-1.8189894035458565e-12,1,0,0,1,0,1,
组3,full_cube_periodic,组3_full_cube_periodic_P0338,unique,True,1,432,432,432:+,4999.999999999999,-9.094947017729282e-13,0,0,0,0,0,0,
组3,full_cube_periodic,组3_full_cube_periodic_P0339,unique,True,2,433;515,433->515,433:+;515:+,4999.99999999999,-1.000444171950221e-11,1,0,0,1,0,1,
组3,full_cube_periodic,组3_full_cube_periodic_P0340,cannot_reconstruct,False,1,438,438,438:+,4694.603601164031,-305.3963988359692,0,0,0,0,0,0,Y-:1
组3,full_cube_periodic,组3_full_cube_periodic_P0341,unique,True,1,439,439,439:+,4999.999999999999,-9.094947017729282e-13,0,0,0,0,0,0,
组3,full_cube_periodic,组3_full_cube_periodic_P0342,unique,True,2,444;459,444->459,444:+;459:+,4999.999999999994,-6.366462912410498e-12,1,0,1,0,0,1,
组3,full_cube_periodic,组3_full_cube_periodic_P0343,unique,True,1,448,448,448:+,4999.999999999999,-9.094947017729282e-13,0,0,0,0,0,0,
组3,full_cube_periodic,组3_full_cube_periodic_P0344,cannot_reconstruct,False,1,451,451,451:+,4129.572616251495,-870.4273837485052,0,0,0,0,0,0,Y-:1
组3,full_cube_periodic,组3_full_cube_periodic_P0345,unique,True,2,453;477,453->477,453:+;477:+,4999.9999999999945,-5.4569682106375694e-12,1,0,0,1,0,1,
组3,full_cube_periodic,组3_full_cube_periodic_P0346,unique,True,1,455,455,455:+,4999.999999999995,-4.547473508864641e-12,0,0,0,0,0,0,
组3,full_cube_periodic,组3_full_cube_periodic_P0347,cannot_reconstruct,False,1,457,457,457:+,3440.247662985558,-1559.7523370144422,0,0,0,0,0,0,X+:1
组3,full_cube_periodic,组3_full_cube_periodic_P0348,unique,True,1,462,462,462:+,4999.999999999997,-2.7284841053187847e-12,0,0,0,0,0,0,
组3,full_cube_periodic,组3_full_cube_periodic_P0349,unique,True,2,469;497,469->497,469:+;497:+,4999.999999999998,-1.8189894035458565e-12,1,0,1,0,0,1,
组3,full_cube_periodic,组3_full_cube_periodic_P0350,unique,True,1,470,470,470:+,5000.000000000002,1.8189894035458565e-12,0,0,0,0,0,0,
组3,full_cube_periodic,组3_full_cube_periodic_P0351,unique,True,2,475;495,475->495,475:+;495:+,5000.000000000007,7.275957614183426e-12,1,0,1,0,0,1,
组3,full_cube_periodic,组3_full_cube_periodic_P0352,cannot_reconstruct,False,1,478,478,478:+,4632.089965435156,-367.91003456484395,0,0,0,0,0,0,Y+:1
组3,full_cube_periodic,组3_full_cube_periodic_P0353,cannot_reconstruct,False,1,485,485,485:+,4630.178246958217,-369.82175304178327,0,0,0,0,0,0,Z+:1
组3,full_cube_periodic,组3_full_cube_periodic_P0354,unique,True,1,486,486,486:+,4999.999999999999,-9.094947017729282e-13,0,0,0,0,0,0,
组3,full_cube_periodic,组3_full_cube_periodic_P0355,unique,True,1,489,489,489:+,5000.000000000002,1.8189894035458565e-12,0,0,0,0,0,0,
组3,full_cube_periodic,组3_full_cube_periodic_P0356,unique,True,2,494;496,494->496,494:+;496:+,5000.000000000003,2.7284841053187847e-12,1,0,0,1,0,1,
组3,full_cube_periodic,组3_full_cube_periodic_P0357,cannot_reconstruct,False,1,520,520,520:+,584.9863271552862,-4415.013672844714,0,0,0,0,0,0,Z+:1
