sheet,scenario,sheet_row,particle_id,component_status,chain_order,orientation_reversed,segment_length_nm,component_total_length_nm,component_residual_nm
组1,row_literal,3,组1_row_literal_P0001,cannot_reconstruct,1,False,2447.8138479470927,2447.8138479470927,-2552.1861520529073
组1,row_literal,4,组1_row_literal_P0002,cannot_reconstruct,1,False,2315.534369816957,2315.534369816957,-2684.465630183043
组1,row_literal,5,组1_row_literal_P0003,cannot_reconstruct,1,False,1062.1411789741362,1062.1411789741362,-3937.858821025864
组1,row_literal,6,组1_row_literal_P0004,unique,1,False,5000.000000000005,5000.000000000005,4.547473508864641e-12
组1,row_literal,7,组1_row_literal_P0005,unique,1,False,5000.000000000003,5000.000000000003,2.7284841053187847e-12
组1,row_literal,8,组1_row_literal_P0006,cannot_reconstruct,1,False,1419.6467067908795,1419.6467067908795,-3580.3532932091202
组1,row_literal,9,组1_row_literal_P0007,cannot_reconstruct,1,False,3580.3532932091184,3580.3532932091184,-1419.6467067908816
组1,row_literal,10,组1_row_literal_P0008,cannot_reconstruct,1,False,4423.311529464218,4423.311529464218,-576.6884705357816
组1,row_literal,11,组1_row_literal_P0009,cannot_reconstruct,1,False,3937.8588210258636,3937.8588210258636,-1062.1411789741364
组1,row_literal,12,组1_row_literal_P0010,cannot_reconstruct,1,False,2684.465630183044,2684.465630183044,-2315.534369816956
组1,row_literal,13,组1_row_literal_P0011,cannot_reconstruct,1,False,1019.1172545934198,1019.1172545934198,-3980.8827454065804
组1,row_literal,14,组1_row_literal_P0012,cannot_reconstruct,1,False,1359.2513846976615,1359.2513846976615,-3640.7486153023383
组1,full_cube_periodic,3,组1_full_cube_periodic_P0001,cannot_reconstruct,1,True,2447.8138479470927,3807.0652326447544,-1192.9347673552456
组1,full_cube_periodic,14,组1_full_cube_periodic_P0001,cannot_reconstruct,2,True,1359.2513846976615,3807.0652326447544,-1192.9347673552456
组1,full_cube_periodic,4,组1_full_cube_periodic_P0002,unique,1,True,2315.534369816957,5000.000000000002,1.8189894035458565e-12
组1,full_cube_periodic,12,组1_full_cube_periodic_P0002,unique,2,True,2684.465630183044,5000.000000000002,1.8189894035458565e-12
组1,full_cube_periodic,5,组1_full_cube_periodic_P0003,unique,1,True,1062.1411789741362,5000.0,0.0
组1,full_cube_periodic,11,组1_full_cube_periodic_P0003,unique,2,True,3937.8588210258636,5000.0,0.0
组1,full_cube_periodic,6,组1_full_cube_periodic_P0004,unique,1,False,5000.000000000005,5000.000000000005,4.547473508864641e-12
组1,full_cube_periodic,7,组1_full_cube_periodic_P0005,unique,1,False,5000.000000000003,5000.000000000003,2.7284841053187847e-12
组1,full_cube_periodic,8,组1_full_cube_periodic_P0006,cannot_reconstruct,1,False,1419.6467067908795,1419.6467067908795,-3580.3532932091202
组1,full_cube_periodic,9,组1_full_cube_periodic_P0007,cannot_reconstruct,1,False,3580.3532932091184,3580.3532932091184,-1419.6467067908816
组1,full_cube_periodic,10,组1_full_cube_periodic_P0008,cannot_reconstruct,1,False,4423.311529464218,4423.311529464218,-576.6884705357816
组1,full_cube_periodic,13,组1_full_cube_periodic_P0009,cannot_reconstruct,1,False,1019.1172545934198,1019.1172545934198,-3980.8827454065804
组1,thin_prism_periodic,3,组1_thin_prism_periodic_P0001,cannot_reconstruct,1,True,2447.8138479470927,4826.182487238174,-173.81751276182604
组1,thin_prism_periodic,13,组1_thin_prism_periodic_P0001,cannot_reconstruct,3,True,1019.1172545934198,4826.182487238174,-173.81751276182604
组1,thin_prism_periodic,14,组1_thin_prism_periodic_P0001,cannot_reconstruct,2,True,1359.2513846976615,4826.182487238174,-173.81751276182604
组1,thin_prism_periodic,4,组1_thin_prism_periodic_P0002,unique,1,True,2315.534369816957,5000.000000000002,1.8189894035458565e-12
组1,thin_prism_periodic,12,组1_thin_prism_periodic_P0002,unique,2,True,2684.465630183044,5000.000000000002,1.8189894035458565e-12
组1,thin_prism_periodic,5,组1_thin_prism_periodic_P0003,unique,1,True,1062.1411789741362,5000.0,0.0
组1,thin_prism_periodic,11,组1_thin_prism_periodic_P0003,unique,2,True,3937.8588210258636,5000.0,0.0
组1,thin_prism_periodic,6,组1_thin_prism_periodic_P0004,unique,1,False,5000.000000000005,5000.000000000005,4.547473508864641e-12
组1,thin_prism_periodic,7,组1_thin_prism_periodic_P0005,unique,1,False,5000.000000000003,5000.000000000003,2.7284841053187847e-12
组1,thin_prism_periodic,8,组1_thin_prism_periodic_P0006,unique,1,False,1419.6467067908795,4999.999999999998,-1.8189894035458565e-12
组1,thin_prism_periodic,9,组1_thin_prism_periodic_P0006,unique,2,False,3580.3532932091184,4999.999999999998,-1.8189894035458565e-12
组1,thin_prism_periodic,10,组1_thin_prism_periodic_P0007,cannot_reconstruct,1,False,4423.311529464218,4423.311529464218,-576.6884705357816
组2,row_literal,3,组2_row_literal_P0001,cannot_reconstruct,1,False,1506.0941803395392,1506.0941803395392,-3493.905819660461
组2,row_literal,4,组2_row_literal_P0002,cannot_reconstruct,1,False,4230.185849840471,4230.185849840471,-769.8141501595292
组2,row_literal,5,组2_row_literal_P0003,cannot_reconstruct,1,False,1844.6672446236553,1844.6672446236553,-3155.3327553763447
组2,row_literal,6,组2_row_literal_P0004,cannot_reconstruct,1,False,3080.1227520443604,3080.1227520443604,-1919.8772479556396
组2,row_literal,7,组2_row_literal_P0005,cannot_reconstruct,1,False,3017.1442233327843,3017.1442233327843,-1982.8557766672157
组2,row_literal,8,组2_row_literal_P0006,cannot_reconstruct,1,False,2677.2638185886635,2677.2638185886635,-2322.7361814113365
组2,row_literal,9,组2_row_literal_P0007,cannot_reconstruct,1,False,1556.4879696949872,1556.4879696949872,-3443.5120303050126
组2,row_literal,10,组2_row_literal_P0008,cannot_reconstruct,1,False,829.4383879007114,829.4383879007114,-4170.561612099289
组2,row_literal,11,组2_row_literal_P0009,cannot_reconstruct,1,False,1944.0559972924643,1944.0559972924643,-3055.9440027075357
组2,row_literal,12,组2_row_literal_P0010,cannot_reconstruct,1,False,1874.6776896276024,1874.6776896276024,-3125.3223103723976
组2,row_literal,13,组2_row_literal_P0011,cannot_reconstruct,1,False,3053.5735753661397,3053.5735753661397,-1946.4264246338603
组2,row_literal,14,组2_row_literal_P0012,unique,1,False,5000.000000000003,5000.000000000003,2.7284841053187847e-12
组2,row_literal,15,组2_row_literal_P0013,cannot_reconstruct,1,False,2967.3006364069115,2967.3006364069115,-2032.6993635930885
组2,row_literal,16,组2_row_literal_P0014,unique,1,False,4999.999999999995,4999.999999999995,-4.547473508864641e-12
组2,row_literal,17,组2_row_literal_P0015,cannot_reconstruct,1,False,3716.8968047957146,3716.8968047957146,-1283.1031952042854
组2,row_literal,18,组2_row_literal_P0016,unique,1,False,5000.000000000005,5000.000000000005,4.547473508864641e-12
组2,row_literal,19,组2_row_literal_P0017,cannot_reconstruct,1,False,1102.1814925754359,1102.1814925754359,-3897.818507424564
组2,row_literal,20,组2_row_literal_P0018,unique,1,False,5000.000000000002,5000.000000000002,1.8189894035458565e-12
组2,row_literal,21,组2_row_literal_P0019,cannot_reconstruct,1,False,3746.525577980492,3746.525577980492,-1253.474422019508
组2,row_literal,22,组2_row_literal_P0020,cannot_reconstruct,1,False,2021.025915386798,2021.025915386798,-2978.9740846132017
组2,row_literal,23,组2_row_literal_P0021,unique,1,False,5000.000000000008,5000.000000000008,8.185452315956354e-12
组2,row_literal,24,组2_row_literal_P0022,cannot_reconstruct,1,False,843.9378326602185,843.9378326602185,-4156.062167339782
组2,row_literal,25,组2_row_literal_P0023,cannot_reconstruct,1,False,3472.012519815564,3472.012519815564,-1527.9874801844362
组2,row_literal,26,组2_row_literal_P0024,unique,1,False,5000.0,5000.0,0.0
组2,row_literal,27,组2_row_literal_P0025,unique,1,False,5000.000000000005,5000.000000000005,4.547473508864641e-12
组2,row_literal,28,组2_row_literal_P0026,unique,1,False,5000.000000000001,5000.000000000001,9.094947017729282e-13
组2,row_literal,29,组2_row_literal_P0027,cannot_reconstruct,1,False,4156.062167339787,4156.062167339787,-843.9378326602127
组2,row_literal,30,组2_row_literal_P0028,cannot_reconstruct,1,False,759.7249841608437,759.7249841608437,-4240.275015839156
组2,row_literal,31,组2_row_literal_P0029,unique,1,False,4999.999999999995,4999.999999999995,-4.547473508864641e-12
组2,row_literal,32,组2_row_literal_P0030,cannot_reconstruct,1,False,1272.9743794322424,1272.9743794322424,-3727.025620567758
组2,row_literal,33,组2_row_literal_P0031,unique,1,False,5000.000000000002,5000.000000000002,1.8189894035458565e-12
组2,row_literal,34,组2_row_literal_P0032,cannot_reconstruct,1,False,1064.8514837356201,1064.8514837356201,-3935.14851626438
组2,row_literal,35,组2_row_literal_P0033,unique,1,False,5000.000000000004,5000.000000000004,3.637978807091713e-12
组2,row_literal,36,组2_row_literal_P0034,cannot_reconstruct,1,False,4925.513101435421,4925.513101435421,-74.48689856457895
组2,row_literal,37,组2_row_literal_P0035,cannot_reconstruct,1,False,1253.4744220195043,1253.4744220195043,-3746.5255779804957
组2,row_literal,38,组2_row_literal_P0036,cannot_reconstruct,1,False,3935.148516264376,3935.148516264376,-1064.8514837356238
组2,row_literal,39,组2_row_literal_P0037,cannot_reconstruct,1,False,1527.9874801844335,1527.9874801844335,-3472.0125198155665
组2,row_literal,40,组2_row_literal_P0038,cannot_reconstruct,1,False,3443.512030305012,3443.512030305012,-1556.487969694988
组2,row_literal,41,组2_row_literal_P0039,cannot_reconstruct,1,False,3125.322310372395,3125.322310372395,-1874.677689627605
组2,row_literal,42,组2_row_literal_P0040,cannot_reconstruct,1,False,927.5617455518203,927.5617455518203,-4072.4382544481796
组2,row_literal,43,组2_row_literal_P0041,cannot_reconstruct,1,False,1338.582052862184,1338.582052862184,-3661.417947137816
组2,row_literal,44,组2_row_literal_P0042,cannot_reconstruct,1,False,2322.736181411338,2322.736181411338,-2677.263818588662
组2,row_literal,45,组2_row_literal_P0043,cannot_reconstruct,1,False,2227.771009824533,2227.771009824533,-2772.228990175467
组2,row_literal,46,组2_row_literal_P0044,cannot_reconstruct,1,False,1946.4264246338662,1946.4264246338662,-3053.573575366134
组2,row_literal,47,组2_row_literal_P0045,cannot_reconstruct,1,False,1919.8772479556317,1919.8772479556317,-3080.122752044368
组2,row_literal,48,组2_row_literal_P0046,cannot_reconstruct,1,False,1934.5129293238506,1934.5129293238506,-3065.4870706761494
组2,row_literal,49,组2_row_literal_P0047,cannot_reconstruct,1,False,1053.1422742228324,1053.1422742228324,-3946.8577257771676
组2,row_literal,50,组2_row_literal_P0048,cannot_reconstruct,1,False,1034.9180873207345,1034.9180873207345,-3965.0819126792658
组2,row_literal,51,组2_row_literal_P0049,cannot_reconstruct,1,False,577.4739501397556,577.4739501397556,-4422.526049860245
组2,full_cube_periodic,3,组2_full_cube_periodic_P0001,cannot_reconstruct,1,True,1506.0941803395392,2559.2364545623714,-2440.7635454376286
组2,full_cube_periodic,49,组2_full_cube_periodic_P0001,cannot_reconstruct,2,True,1053.1422742228324,2559.2364545623714,-2440.7635454376286
组2,full_cube_periodic,4,组2_full_cube_periodic_P0002,cannot_reconstruct,1,True,4230.185849840471,4807.659799980226,-192.34020001977387
组2,full_cube_periodic,51,组2_full_cube_periodic_P0002,cannot_reconstruct,2,True,577.4739501397556,4807.659799980226,-192.34020001977387
组2,full_cube_periodic,5,组2_full_cube_periodic_P0003,cannot_reconstruct,1,True,1844.6672446236553,4072.438254448188,-927.5617455518118
组2,full_cube_periodic,45,组2_full_cube_periodic_P0003,cannot_reconstruct,2,True,2227.771009824533,4072.438254448188,-927.5617455518118
组2,full_cube_periodic,6,组2_full_cube_periodic_P0004,unique,1,True,3080.1227520443604,4999.999999999992,-8.185452315956354e-12
组2,full_cube_periodic,47,组2_full_cube_periodic_P0004,unique,2,True,1919.8772479556317,4999.999999999992,-8.185452315956354e-12
组2,full_cube_periodic,7,组2_full_cube_periodic_P0005,cannot_reconstruct,1,True,3017.1442233327843,4951.657152656635,-48.342847343365065
组2,full_cube_periodic,48,组2_full_cube_periodic_P0005,cannot_reconstruct,2,True,1934.5129293238506,4951.657152656635,-48.342847343365065
组2,full_cube_periodic,8,组2_full_cube_periodic_P0006,unique,1,True,2677.2638185886635,5000.000000000002,1.8189894035458565e-12
组2,full_cube_periodic,44,组2_full_cube_periodic_P0006,unique,2,True,2322.736181411338,5000.000000000002,1.8189894035458565e-12
组2,full_cube_periodic,9,组2_full_cube_periodic_P0007,unique,1,True,1556.4879696949872,4999.999999999999,-9.094947017729282e-13
组2,full_cube_periodic,40,组2_full_cube_periodic_P0007,unique,2,True,3443.512030305012,4999.999999999999,-9.094947017729282e-13
组2,full_cube_periodic,10,组2_full_cube_periodic_P0008,cannot_reconstruct,1,False,829.4383879007114,829.4383879007114,-4170.561612099289
组2,full_cube_periodic,11,组2_full_cube_periodic_P0009,cannot_reconstruct,1,True,1944.0559972924643,2978.974084613199,-2021.025915386801
组2,full_cube_periodic,50,组2_full_cube_periodic_P0009,cannot_reconstruct,2,True,1034.9180873207345,2978.974084613199,-2021.025915386801
组2,full_cube_periodic,12,组2_full_cube_periodic_P0010,unique,1,True,1874.6776896276024,4999.999999999997,-2.7284841053187847e-12
组2,full_cube_periodic,41,组2_full_cube_periodic_P0010,unique,2,True,3125.322310372395,4999.999999999997,-2.7284841053187847e-12
组2,full_cube_periodic,13,组2_full_cube_periodic_P0011,unique,1,True,3053.5735753661397,5000.0000000000055,5.4569682106375694e-12
组2,full_cube_periodic,46,组2_full_cube_periodic_P0011,unique,2,True,1946.4264246338662,5000.0000000000055,5.4569682106375694e-12
组2,full_cube_periodic,14,组2_full_cube_periodic_P0012,unique,1,False,5000.000000000003,5000.000000000003,2.7284841053187847e-12
组2,full_cube_periodic,15,组2_full_cube_periodic_P0013,cannot_reconstruct,1,False,2967.3006364069115,2967.3006364069115,-2032.6993635930885
组2,full_cube_periodic,16,组2_full_cube_periodic_P0014,unique,1,False,4999.999999999995,4999.999999999995,-4.547473508864641e-12
组2,full_cube_periodic,17,组2_full_cube_periodic_P0015,cannot_reconstruct,1,False,3716.8968047957146,3716.8968047957146,-1283.1031952042854
组2,full_cube_periodic,18,组2_full_cube_periodic_P0016,unique,1,False,5000.000000000005,5000.000000000005,4.547473508864641e-12
组2,full_cube_periodic,19,组2_full_cube_periodic_P0017,cannot_reconstruct,1,False,1102.1814925754359,1102.1814925754359,-3897.818507424564
组2,full_cube_periodic,20,组2_full_cube_periodic_P0018,unique,1,False,5000.000000000002,5000.000000000002,1.8189894035458565e-12
组2,full_cube_periodic,21,组2_full_cube_periodic_P0019,cannot_reconstruct,1,False,3746.525577980492,3746.525577980492,-1253.474422019508
组2,full_cube_periodic,22,组2_full_cube_periodic_P0020,cannot_reconstruct,1,False,2021.025915386798,2021.025915386798,-2978.9740846132017
组2,full_cube_periodic,23,组2_full_cube_periodic_P0021,unique,1,False,5000.000000000008,5000.000000000008,8.185452315956354e-12
组2,full_cube_periodic,24,组2_full_cube_periodic_P0022,cannot_reconstruct,1,False,843.9378326602185,843.9378326602185,-4156.062167339782
组2,full_cube_periodic,25,组2_full_cube_periodic_P0023,cannot_reconstruct,1,False,3472.012519815564,3472.012519815564,-1527.9874801844362
组2,full_cube_periodic,26,组2_full_cube_periodic_P0024,unique,1,False,5000.0,5000.0,0.0
组2,full_cube_periodic,27,组2_full_cube_periodic_P0025,unique,1,False,5000.000000000005,5000.000000000005,4.547473508864641e-12
组2,full_cube_periodic,28,组2_full_cube_periodic_P0026,unique,1,False,5000.000000000001,5000.000000000001,9.094947017729282e-13
组2,full_cube_periodic,29,组2_full_cube_periodic_P0027,cannot_reconstruct,1,False,4156.062167339787,4156.062167339787,-843.9378326602127
组2,full_cube_periodic,30,组2_full_cube_periodic_P0028,cannot_reconstruct,1,False,759.7249841608437,759.7249841608437,-4240.275015839156
组2,full_cube_periodic,31,组2_full_cube_periodic_P0029,unique,1,False,4999.999999999995,4999.999999999995,-4.547473508864641e-12
组2,full_cube_periodic,32,组2_full_cube_periodic_P0030,cannot_reconstruct,1,False,1272.9743794322424,1272.9743794322424,-3727.025620567758
组2,full_cube_periodic,33,组2_full_cube_periodic_P0031,unique,1,False,5000.000000000002,5000.000000000002,1.8189894035458565e-12
组2,full_cube_periodic,34,组2_full_cube_periodic_P0032,cannot_reconstruct,1,False,1064.8514837356201,1064.8514837356201,-3935.14851626438
组2,full_cube_periodic,35,组2_full_cube_periodic_P0033,unique,1,False,5000.000000000004,5000.000000000004,3.637978807091713e-12
组2,full_cube_periodic,36,组2_full_cube_periodic_P0034,cannot_reconstruct,1,False,4925.513101435421,4925.513101435421,-74.48689856457895
组2,full_cube_periodic,37,组2_full_cube_periodic_P0035,cannot_reconstruct,1,False,1253.4744220195043,1253.4744220195043,-3746.5255779804957
组2,full_cube_periodic,38,组2_full_cube_periodic_P0036,cannot_reconstruct,1,False,3935.148516264376,3935.148516264376,-1064.8514837356238
组2,full_cube_periodic,39,组2_full_cube_periodic_P0037,cannot_reconstruct,1,False,1527.9874801844335,1527.9874801844335,-3472.0125198155665
组2,full_cube_periodic,42,组2_full_cube_periodic_P0038,cannot_reconstruct,1,False,927.5617455518203,927.5617455518203,-4072.4382544481796
组2,full_cube_periodic,43,组2_full_cube_periodic_P0039,cannot_reconstruct,1,False,1338.582052862184,1338.582052862184,-3661.417947137816
组2,thin_prism_periodic,3,组2_thin_prism_periodic_P0001,unique,2,True,1506.0941803395392,4999.999999999991,-9.094947017729282e-12
组2,thin_prism_periodic,19,组2_thin_prism_periodic_P0001,unique,1,True,1102.1814925754359,4999.999999999991,-9.094947017729282e-12
组2,thin_prism_periodic,43,组2_thin_prism_periodic_P0001,unique,4,True,1338.582052862184,4999.999999999991,-9.094947017729282e-12
组2,thin_prism_periodic,49,组2_thin_prism_periodic_P0001,unique,3,True,1053.1422742228324,4999.999999999991,-9.094947017729282e-12
组2,thin_prism_periodic,4,组2_thin_prism_periodic_P0002,cannot_reconstruct,1,True,4230.185849840471,4807.659799980226,-192.34020001977387
组2,thin_prism_periodic,51,组2_thin_prism_periodic_P0002,cannot_reconstruct,2,True,577.4739501397556,4807.659799980226,-192.34020001977387
组2,thin_prism_periodic,5,组2_thin_prism_periodic_P0003,unique,1,True,1844.6672446236553,5000.000000000008,8.185452315956354e-12
组2,thin_prism_periodic,42,组2_thin_prism_periodic_P0003,unique,3,True,927.5617455518203,5000.000000000008,8.185452315956354e-12
组2,thin_prism_periodic,45,组2_thin_prism_periodic_P0003,unique,2,True,2227.771009824533,5000.000000000008,8.185452315956354e-12
组2,thin_prism_periodic,6,组2_thin_prism_periodic_P0004,unique,1,True,3080.1227520443604,4999.999999999992,-8.185452315956354e-12
组2,thin_prism_periodic,47,组2_thin_prism_periodic_P0004,unique,2,True,1919.8772479556317,4999.999999999992,-8.185452315956354e-12
组2,thin_prism_periodic,7,组2_thin_prism_periodic_P0005,cannot_reconstruct,1,True,3017.1442233327843,4951.657152656635,-48.342847343365065
组2,thin_prism_periodic,48,组2_thin_prism_periodic_P0005,cannot_reconstruct,2,True,1934.5129293238506,4951.657152656635,-48.342847343365065
组2,thin_prism_periodic,8,组2_thin_prism_periodic_P0006,unique,1,True,2677.2638185886635,5000.000000000002,1.8189894035458565e-12
组2,thin_prism_periodic,44,组2_thin_prism_periodic_P0006,unique,2,True,2322.736181411338,5000.000000000002,1.8189894035458565e-12
组2,thin_prism_periodic,9,组2_thin_prism_periodic_P0007,unique,1,True,1556.4879696949872,4999.999999999999,-9.094947017729282e-13
组2,thin_prism_periodic,40,组2_thin_prism_periodic_P0007,unique,2,True,3443.512030305012,4999.999999999999,-9.094947017729282e-13
组2,thin_prism_periodic,10,组2_thin_prism_periodic_P0008,cannot_reconstruct,1,False,829.4383879007114,4546.335192696426,-453.664807303574
组2,thin_prism_periodic,17,组2_thin_prism_periodic_P0008,cannot_reconstruct,2,False,3716.8968047957146,4546.335192696426,-453.664807303574
组2,thin_prism_periodic,11,组2_thin_prism_periodic_P0009,unique,2,True,1944.0559972924643,4999.999999999996,-3.637978807091713e-12
组2,thin_prism_periodic,22,组2_thin_prism_periodic_P0009,unique,1,True,2021.025915386798,4999.999999999996,-3.637978807091713e-12
组2,thin_prism_periodic,50,组2_thin_prism_periodic_P0009,unique,3,True,1034.9180873207345,4999.999999999996,-3.637978807091713e-12
组2,thin_prism_periodic,12,组2_thin_prism_periodic_P0010,unique,1,True,1874.6776896276024,4999.999999999997,-2.7284841053187847e-12
组2,thin_prism_periodic,41,组2_thin_prism_periodic_P0010,unique,2,True,3125.322310372395,4999.999999999997,-2.7284841053187847e-12
组2,thin_prism_periodic,13,组2_thin_prism_periodic_P0011,unique,1,True,3053.5735753661397,5000.0000000000055,5.4569682106375694e-12
组2,thin_prism_periodic,46,组2_thin_prism_periodic_P0011,unique,2,True,1946.4264246338662,5000.0000000000055,5.4569682106375694e-12
组2,thin_prism_periodic,14,组2_thin_prism_periodic_P0012,unique,1,False,5000.000000000003,5000.000000000003,2.7284841053187847e-12
组2,thin_prism_periodic,15,组2_thin_prism_periodic_P0013,unique,1,False,2967.3006364069115,4999.999999999997,-2.7284841053187847e-12
组2,thin_prism_periodic,30,组2_thin_prism_periodic_P0013,unique,2,False,759.7249841608437,4999.999999999997,-2.7284841053187847e-12
组2,thin_prism_periodic,32,组2_thin_prism_periodic_P0013,unique,3,False,1272.9743794322424,4999.999999999997,-2.7284841053187847e-12
组2,thin_prism_periodic,16,组2_thin_prism_periodic_P0014,unique,1,False,4999.999999999995,4999.999999999995,-4.547473508864641e-12
组2,thin_prism_periodic,18,组2_thin_prism_periodic_P0015,unique,1,False,5000.000000000005,5000.000000000005,4.547473508864641e-12
组2,thin_prism_periodic,20,组2_thin_prism_periodic_P0016,unique,1,False,5000.000000000002,5000.000000000002,1.8189894035458565e-12
组2,thin_prism_periodic,21,组2_thin_prism_periodic_P0017,unique,1,False,3746.525577980492,4999.999999999996,-3.637978807091713e-12
组2,thin_prism_periodic,37,组2_thin_prism_periodic_P0017,unique,2,False,1253.4744220195043,4999.999999999996,-3.637978807091713e-12
组2,thin_prism_periodic,23,组2_thin_prism_periodic_P0018,unique,1,False,5000.000000000008,5000.000000000008,8.185452315956354e-12
组2,thin_prism_periodic,24,组2_thin_prism_periodic_P0019,unique,1,False,843.9378326602185,5000.0000000000055,5.4569682106375694e-12
组2,thin_prism_periodic,29,组2_thin_prism_periodic_P0019,unique,2,False,4156.062167339787,5000.0000000000055,5.4569682106375694e-12
组2,thin_prism_periodic,25,组2_thin_prism_periodic_P0020,unique,1,False,3472.012519815564,4999.999999999997,-2.7284841053187847e-12
组2,thin_prism_periodic,39,组2_thin_prism_periodic_P0020,unique,2,False,1527.9874801844335,4999.999999999997,-2.7284841053187847e-12
组2,thin_prism_periodic,26,组2_thin_prism_periodic_P0021,unique,1,False,5000.0,5000.0,0.0
组2,thin_prism_periodic,27,组2_thin_prism_periodic_P0022,unique,1,False,5000.000000000005,5000.000000000005,4.547473508864641e-12
组2,thin_prism_periodic,28,组2_thin_prism_periodic_P0023,unique,1,False,5000.000000000001,5000.000000000001,9.094947017729282e-13
组2,thin_prism_periodic,31,组2_thin_prism_periodic_P0024,unique,1,False,4999.999999999995,4999.999999999995,-4.547473508864641e-12
组2,thin_prism_periodic,33,组2_thin_prism_periodic_P0025,unique,1,False,5000.000000000002,5000.000000000002,1.8189894035458565e-12
组2,thin_prism_periodic,34,组2_thin_prism_periodic_P0026,unique,1,False,1064.8514837356201,4999.999999999996,-3.637978807091713e-12
组2,thin_prism_periodic,38,组2_thin_prism_periodic_P0026,unique,2,False,3935.148516264376,4999.999999999996,-3.637978807091713e-12
组2,thin_prism_periodic,35,组2_thin_prism_periodic_P0027,unique,1,False,5000.000000000004,5000.000000000004,3.637978807091713e-12
组2,thin_prism_periodic,36,组2_thin_prism_periodic_P0028,cannot_reconstruct,1,False,4925.513101435421,4925.513101435421,-74.48689856457895
组3,row_literal,3,组3_row_literal_P0001,cannot_reconstruct,1,False,4874.807153360126,4874.807153360126,-125.192846639874
组3,row_literal,4,组3_row_literal_P0002,cannot_reconstruct,1,False,3536.541437143679,3536.541437143679,-1463.458562856321
组3,row_literal,5,组3_row_literal_P0003,cannot_reconstruct,1,False,1779.052636984073,1779.052636984073,-3220.9473630159273
组3,row_literal,6,组3_row_literal_P0004,cannot_reconstruct,1,False,1478.0691391314886,1478.0691391314886,-3521.9308608685114
组3,row_literal,7,组3_row_literal_P0005,cannot_reconstruct,1,False,4422.796321965136,4422.796321965136,-577.2036780348644
组3,row_literal,8,组3_row_literal_P0006,cannot_reconstruct,1,False,3442.092433649416,3442.092433649416,-1557.9075663505841
组3,row_literal,9,组3_row_literal_P0007,cannot_reconstruct,1,False,2497.5982763783745,2497.5982763783745,-2502.4017236216255
组3,row_literal,10,组3_row_literal_P0008,cannot_reconstruct,1,False,2497.1282484913363,2497.1282484913363,-2502.8717515086637
组3,row_literal,11,组3_row_literal_P0009,cannot_reconstruct,1,False,2904.010790879062,2904.010790879062,-2095.989209120938
组3,row_literal,12,组3_row_literal_P0010,cannot_reconstruct,1,False,4342.181221878726,4342.181221878726,-657.8187781212737
组3,row_literal,13,组3_row_literal_P0011,cannot_reconstruct,1,False,913.5151014276626,913.5151014276626,-4086.4848985723374
组3,row_literal,14,组3_row_literal_P0012,cannot_reconstruct,1,False,2060.382740381134,2060.382740381134,-2939.617259618866
组3,row_literal,15,组3_row_literal_P0013,cannot_reconstruct,1,False,4528.159142474385,4528.159142474385,-471.8408575256153
组3,row_literal,16,组3_row_literal_P0014,cannot_reconstruct,1,False,3509.930579045047,3509.930579045047,-1490.0694209549529
组3,row_literal,17,组3_row_literal_P0015,cannot_reconstruct,1,False,804.9025853004582,804.9025853004582,-4195.097414699541
组3,row_literal,18,组3_row_literal_P0016,cannot_reconstruct,1,False,2497.840944605064,2497.840944605064,-2502.159055394936
组3,row_literal,19,组3_row_literal_P0017,cannot_reconstruct,1,False,981.387976262608,981.387976262608,-4018.612023737392
组3,row_literal,20,组3_row_literal_P0018,cannot_reconstruct,1,False,1471.223154195896,1471.223154195896,-3528.7768458041037
组3,row_literal,21,组3_row_literal_P0019,cannot_reconstruct,1,False,882.4164156787766,882.4164156787766,-4117.5835843212235
组3,row_literal,22,组3_row_literal_P0020,cannot_reconstruct,1,False,1840.460384963259,1840.460384963259,-3159.539615036741
组3,row_literal,23,组3_row_literal_P0021,cannot_reconstruct,1,False,3191.740660501443,3191.740660501443,-1808.259339498557
组3,row_literal,24,组3_row_literal_P0022,cannot_reconstruct,1,False,2765.288061848407,2765.288061848407,-2234.711938151593
组3,row_literal,25,组3_row_literal_P0023,cannot_reconstruct,1,False,3450.0439600567543,3450.0439600567543,-1549.9560399432457
组3,row_literal,26,组3_row_literal_P0024,cannot_reconstruct,1,False,3815.52228969526,3815.52228969526,-1184.47771030474
组3,row_literal,27,组3_row_literal_P0025,cannot_reconstruct,1,False,3665.68426682574,3665.68426682574,-1334.31573317426
组3,row_literal,28,组3_row_literal_P0026,cannot_reconstruct,1,False,4474.302617950936,4474.302617950936,-525.6973820490639
组3,row_literal,29,组3_row_literal_P0027,cannot_reconstruct,1,False,2305.77420421187,2305.77420421187,-2694.22579578813
组3,row_literal,30,组3_row_literal_P0028,cannot_reconstruct,1,False,4036.5366439420955,4036.5366439420955,-963.4633560579045
组3,row_literal,31,组3_row_literal_P0029,cannot_reconstruct,1,False,3711.5554274002566,3711.5554274002566,-1288.4445725997434
组3,row_literal,32,组3_row_literal_P0030,cannot_reconstruct,1,False,831.6354537618065,831.6354537618065,-4168.364546238194
组3,row_literal,33,组3_row_literal_P0031,cannot_reconstruct,1,False,3277.8623350247467,3277.8623350247467,-1722.1376649752533
组3,row_literal,34,组3_row_literal_P0032,cannot_reconstruct,1,False,3934.469704923681,3934.469704923681,-1065.530295076319
组3,row_literal,35,组3_row_literal_P0033,cannot_reconstruct,1,False,3432.2559148160726,3432.2559148160726,-1567.7440851839274
组3,row_literal,36,组3_row_literal_P0034,cannot_reconstruct,1,False,3965.7249804704193,3965.7249804704193,-1034.2750195295807
组3,row_literal,37,组3_row_literal_P0035,cannot_reconstruct,1,False,3102.4049691529685,3102.4049691529685,-1897.5950308470315
组3,row_literal,38,组3_row_literal_P0036,cannot_reconstruct,1,False,4168.659955305062,4168.659955305062,-831.3400446949381
组3,row_literal,39,组3_row_literal_P0037,cannot_reconstruct,1,False,1075.0919356239763,1075.0919356239763,-3924.9080643760235
组3,row_literal,40,组3_row_literal_P0038,cannot_reconstruct,1,False,561.7183048111525,561.7183048111525,-4438.281695188847
组3,row_literal,41,组3_row_literal_P0039,cannot_reconstruct,1,False,811.0214235042997,811.0214235042997,-4188.9785764957005
组3,row_literal,42,组3_row_literal_P0040,cannot_reconstruct,1,False,2217.8121965483037,2217.8121965483037,-2782.1878034516963
组3,row_literal,43,组3_row_literal_P0041,cannot_reconstruct,1,False,4193.518468482424,4193.518468482424,-806.4815315175756
组3,row_literal,44,组3_row_literal_P0042,cannot_reconstruct,1,False,1222.5803393993835,1222.5803393993835,-3777.419660600616
组3,row_literal,45,组3_row_literal_P0043,cannot_reconstruct,1,False,1570.7107564586443,1570.7107564586443,-3429.289243541356
组3,row_literal,46,组3_row_literal_P0044,cannot_reconstruct,1,False,1001.7754394470295,1001.7754394470295,-3998.2245605529706
组3,row_literal,47,组3_row_literal_P0045,cannot_reconstruct,1,False,2719.6039063448707,2719.6039063448707,-2280.3960936551293
组3,row_literal,48,组3_row_literal_P0046,cannot_reconstruct,1,False,1133.8748542010278,1133.8748542010278,-3866.125145798972
组3,row_literal,49,组3_row_literal_P0047,cannot_reconstruct,1,False,1521.2992147504362,1521.2992147504362,-3478.7007852495635
组3,row_literal,50,组3_row_literal_P0048,cannot_reconstruct,1,False,1869.0236159136484,1869.0236159136484,-3130.9763840863516
组3,row_literal,51,组3_row_literal_P0049,cannot_reconstruct,1,False,4990.28278053823,4990.28278053823,-9.717219461769673
组3,row_literal,52,组3_row_literal_P0050,cannot_reconstruct,1,False,3790.511763514181,3790.511763514181,-1209.488236485819
组3,row_literal,53,组3_row_literal_P0051,cannot_reconstruct,1,False,1166.4689946717895,1166.4689946717895,-3833.5310053282105
组3,row_literal,54,组3_row_literal_P0052,cannot_reconstruct,1,False,4658.088761177963,4658.088761177963,-341.9112388220374
组3,row_literal,55,组3_row_literal_P0053,cannot_reconstruct,1,False,3360.0465203772746,3360.0465203772746,-1639.9534796227254
组3,row_literal,56,组3_row_literal_P0054,cannot_reconstruct,1,False,2350.5690666134938,2350.5690666134938,-2649.4309333865062
组3,row_literal,57,组3_row_literal_P0055,cannot_reconstruct,1,False,3112.9454020522185,3112.9454020522185,-1887.0545979477815
组3,row_literal,58,组3_row_literal_P0056,cannot_reconstruct,1,False,527.6768003198009,527.6768003198009,-4472.323199680199
组3,row_literal,59,组3_row_literal_P0057,cannot_reconstruct,1,False,3858.5340030565994,3858.5340030565994,-1141.4659969434006
组3,row_literal,60,组3_row_literal_P0058,cannot_reconstruct,1,False,1835.0289031984546,1835.0289031984546,-3164.971096801545
组3,row_literal,61,组3_row_literal_P0059,cannot_reconstruct,1,False,3851.4126671684735,3851.4126671684735,-1148.5873328315265
组3,row_literal,62,组3_row_literal_P0060,cannot_reconstruct,1,False,3412.7178876246353,3412.7178876246353,-1587.2821123753647
组3,row_literal,63,组3_row_literal_P0061,cannot_reconstruct,1,False,3968.893669832232,3968.893669832232,-1031.1063301677682
组3,row_literal,64,组3_row_literal_P0062,cannot_reconstruct,1,False,2685.6760287580933,2685.6760287580933,-2314.3239712419067
组3,row_literal,65,组3_row_literal_P0063,cannot_reconstruct,1,False,4993.537514137639,4993.537514137639,-6.4624858623610635
组3,row_literal,66,组3_row_literal_P0064,cannot_reconstruct,1,False,4041.1373501089392,4041.1373501089392,-958.8626498910608
组3,row_literal,67,组3_row_literal_P0065,cannot_reconstruct,1,False,3350.0600666507207,3350.0600666507207,-1649.9399333492793
组3,row_literal,68,组3_row_literal_P0066,cannot_reconstruct,1,False,1051.9335501859841,1051.9335501859841,-3948.066449814016
组3,row_literal,69,组3_row_literal_P0067,cannot_reconstruct,1,False,4794.642353041769,4794.642353041769,-205.35764695823127
组3,row_literal,70,组3_row_literal_P0068,cannot_reconstruct,1,False,4092.4903058783066,4092.4903058783066,-907.5096941216934
组3,row_literal,71,组3_row_literal_P0069,cannot_reconstruct,1,False,703.6578416292421,703.6578416292421,-4296.342158370758
组3,row_literal,72,组3_row_literal_P0070,cannot_reconstruct,1,False,3863.6457713094705,3863.6457713094705,-1136.3542286905295
组3,row_literal,73,组3_row_literal_P0071,cannot_reconstruct,1,False,2881.413688093943,2881.413688093943,-2118.586311906057
组3,row_literal,74,组3_row_literal_P0072,cannot_reconstruct,1,False,3326.053025150123,3326.053025150123,-1673.9469748498768
组3,row_literal,75,组3_row_literal_P0073,cannot_reconstruct,1,False,4593.515484953657,4593.515484953657,-406.4845150463434
组3,row_literal,76,组3_row_literal_P0074,cannot_reconstruct,1,False,690.7110208664845,690.7110208664845,-4309.288979133516
组3,row_literal,77,组3_row_literal_P0075,cannot_reconstruct,1,False,3725.7910866581533,3725.7910866581533,-1274.2089133418467
组3,row_literal,78,组3_row_literal_P0076,cannot_reconstruct,1,False,2952.028245508109,2952.028245508109,-2047.9717544918908
组3,row_literal,79,组3_row_literal_P0077,cannot_reconstruct,1,False,4320.664865233921,4320.664865233921,-679.3351347660791
组3,row_literal,80,组3_row_literal_P0078,cannot_reconstruct,1,False,919.4071165032985,919.4071165032985,-4080.5928834967017
组3,row_literal,81,组3_row_literal_P0079,cannot_reconstruct,1,False,3399.8577180403504,3399.8577180403504,-1600.1422819596496
组3,row_literal,82,组3_row_literal_P0080,cannot_reconstruct,1,False,771.300909264929,771.300909264929,-4228.699090735071
组3,row_literal,83,组3_row_literal_P0081,cannot_reconstruct,1,False,1870.0005292357725,1870.0005292357725,-3129.999470764227
组3,row_literal,84,组3_row_literal_P0082,cannot_reconstruct,1,False,811.9672405650101,811.9672405650101,-4188.03275943499
组3,row_literal,85,组3_row_literal_P0083,cannot_reconstruct,1,False,2575.775295958822,2575.775295958822,-2424.224704041178
组3,row_literal,86,组3_row_literal_P0084,cannot_reconstruct,1,False,4088.707983910174,4088.707983910174,-911.2920160898261
组3,row_literal,87,组3_row_literal_P0085,cannot_reconstruct,1,False,1668.3304045978007,1668.3304045978007,-3331.6695954021993
组3,row_literal,88,组3_row_literal_P0086,cannot_reconstruct,1,False,3595.476948190313,3595.476948190313,-1404.5230518096869
组3,row_literal,89,组3_row_literal_P0087,cannot_reconstruct,1,False,700.4031634580434,700.4031634580434,-4299.596836541957
组3,row_literal,90,组3_row_literal_P0088,cannot_reconstruct,1,False,827.2490177645481,827.2490177645481,-4172.750982235452
组3,row_literal,91,组3_row_literal_P0089,cannot_reconstruct,1,False,2066.891848974567,2066.891848974567,-2933.108151025433
组3,row_literal,92,组3_row_literal_P0090,cannot_reconstruct,1,False,1594.678851040646,1594.678851040646,-3405.321148959354
组3,row_literal,93,组3_row_literal_P0091,cannot_reconstruct,1,False,661.2562181169345,661.2562181169345,-4338.743781883066
组3,row_literal,94,组3_row_literal_P0092,cannot_reconstruct,1,False,3800.2541601701055,3800.2541601701055,-1199.7458398298945
组3,row_literal,95,组3_row_literal_P0093,unique,1,False,4999.999999999997,4999.999999999997,-2.7284841053187847e-12
组3,row_literal,96,组3_row_literal_P0094,unique,1,False,4999.999999999997,4999.999999999997,-2.7284841053187847e-12
组3,row_literal,97,组3_row_literal_P0095,unique,1,False,4999.999999999999,4999.999999999999,-9.094947017729282e-13
组3,row_literal,98,组3_row_literal_P0096,cannot_reconstruct,1,False,1531.4431755272144,1531.4431755272144,-3468.5568244727856
组3,row_literal,99,组3_row_literal_P0097,unique,1,False,4999.999999999999,4999.999999999999,-9.094947017729282e-13
组3,row_literal,100,组3_row_literal_P0098,unique,1,False,5000.000000000005,5000.000000000005,4.547473508864641e-12
组3,row_literal,101,组3_row_literal_P0099,cannot_reconstruct,1,False,1302.2097711223462,1302.2097711223462,-3697.790228877654
组3,row_literal,102,组3_row_literal_P0100,unique,1,False,4999.9999999999945,4999.9999999999945,-5.4569682106375694e-12
组3,row_literal,103,组3_row_literal_P0101,unique,1,False,4999.999999999998,4999.999999999998,-1.8189894035458565e-12
组3,row_literal,104,组3_row_literal_P0102,cannot_reconstruct,1,False,1190.150215079024,1190.150215079024,-3809.849784920976
组3,row_literal,105,组3_row_literal_P0103,unique,1,False,5000.0,5000.0,0.0
组3,row_literal,106,组3_row_literal_P0104,cannot_reconstruct,1,False,3905.228272487582,3905.228272487582,-1094.7717275124178
组3,row_literal,107,组3_row_literal_P0105,cannot_reconstruct,1,False,2910.8088956880915,2910.8088956880915,-2089.1911043119085
组3,row_literal,108,组3_row_literal_P0106,unique,1,False,4999.999999999997,4999.999999999997,-2.7284841053187847e-12
组3,row_literal,109,组3_row_literal_P0107,unique,1,False,5000.000000000001,5000.000000000001,9.094947017729282e-13
组3,row_literal,110,组3_row_literal_P0108,unique,1,False,4999.999999999996,4999.999999999996,-3.637978807091713e-12
组3,row_literal,111,组3_row_literal_P0109,cannot_reconstruct,1,False,4814.484257451858,4814.484257451858,-185.51574254814204
组3,row_literal,112,组3_row_literal_P0110,cannot_reconstruct,1,False,1080.1204359450621,1080.1204359450621,-3919.879564054938
组3,row_literal,113,组3_row_literal_P0111,unique,1,False,5000.000000000002,5000.000000000002,1.8189894035458565e-12
组3,row_literal,114,组3_row_literal_P0112,cannot_reconstruct,1,False,705.212623967009,705.212623967009,-4294.787376032991
组3,row_literal,115,组3_row_literal_P0113,unique,1,False,5000.000000000004,5000.000000000004,3.637978807091713e-12
组3,row_literal,116,组3_row_literal_P0114,unique,1,False,5000.000000000008,5000.000000000008,8.185452315956354e-12
组3,row_literal,117,组3_row_literal_P0115,unique,1,False,5000.000000000005,5000.000000000005,4.547473508864641e-12
组3,row_literal,118,组3_row_literal_P0116,unique,1,False,4999.999999999996,4999.999999999996,-3.637978807091713e-12
组3,row_literal,119,组3_row_literal_P0117,unique,1,False,5000.000000000002,5000.000000000002,1.8189894035458565e-12
组3,row_literal,120,组3_row_literal_P0118,cannot_reconstruct,1,False,4833.786768637805,4833.786768637805,-166.21323136219507
组3,row_literal,121,组3_row_literal_P0119,unique,1,False,5000.0000000000055,5000.0000000000055,5.4569682106375694e-12
组3,row_literal,122,组3_row_literal_P0120,unique,1,False,4999.999999999995,4999.999999999995,-4.547473508864641e-12
组3,row_literal,123,组3_row_literal_P0121,cannot_reconstruct,1,False,3468.5568244727824,3468.5568244727824,-1531.4431755272176
组3,row_literal,124,组3_row_literal_P0122,unique,1,False,5000.000000000002,5000.000000000002,1.8189894035458565e-12
组3,row_literal,125,组3_row_literal_P0123,cannot_reconstruct,1,False,2099.3712794734183,2099.3712794734183,-2900.6287205265817
组3,row_literal,126,组3_row_literal_P0124,cannot_reconstruct,1,False,3722.627382779332,3722.627382779332,-1277.372617220668
组3,row_literal,127,组3_row_literal_P0125,unique,1,False,5000.000000000003,5000.000000000003,2.7284841053187847e-12
组3,row_literal,128,组3_row_literal_P0126,unique,1,False,5000.000000000005,5000.000000000005,4.547473508864641e-12
组3,row_literal,129,组3_row_literal_P0127,cannot_reconstruct,1,False,2212.2905692253134,2212.2905692253134,-2787.7094307746866
组3,row_literal,130,组3_row_literal_P0128,unique,1,False,5000.0,5000.0,0.0
组3,row_literal,131,组3_row_literal_P0129,cannot_reconstruct,1,False,712.4738633037288,712.4738633037288,-4287.526136696271
组3,row_literal,132,组3_row_literal_P0130,cannot_reconstruct,1,False,2188.154857222853,2188.154857222853,-2811.845142777147
组3,row_literal,133,组3_row_literal_P0131,unique,1,False,5000.000000000002,5000.000000000002,1.8189894035458565e-12
组3,row_literal,134,组3_row_literal_P0132,cannot_reconstruct,1,False,4294.78737603298,4294.78737603298,-705.2126239670197
组3,row_literal,135,组3_row_literal_P0133,cannot_reconstruct,1,False,3580.1942724405753,3580.1942724405753,-1419.8057275594247
组3,row_literal,136,组3_row_literal_P0134,cannot_reconstruct,1,False,2651.7178861461794,2651.7178861461794,-2348.2821138538206
组3,row_literal,137,组3_row_literal_P0135,cannot_reconstruct,1,False,1094.7717275124148,1094.7717275124148,-3905.228272487585
组3,row_literal,138,组3_row_literal_P0136,unique,1,False,5000.000000000005,5000.000000000005,4.547473508864641e-12
组3,row_literal,139,组3_row_literal_P0137,unique,1,False,5000.000000000003,5000.000000000003,2.7284841053187847e-12
组3,row_literal,140,组3_row_literal_P0138,cannot_reconstruct,1,False,4297.119914088368,4297.119914088368,-702.8800859116318
组3,row_literal,141,组3_row_literal_P0139,cannot_reconstruct,1,False,1038.933210065073,1038.933210065073,-3961.0667899349273
组3,row_literal,142,组3_row_literal_P0140,cannot_reconstruct,1,False,1199.7458398298909,1199.7458398298909,-3800.254160170109
组3,row_literal,143,组3_row_literal_P0141,unique,1,False,5000.000000000004,5000.000000000004,3.637978807091713e-12
组3,row_literal,144,组3_row_literal_P0142,cannot_reconstruct,1,False,1487.553701874218,1487.553701874218,-3512.446298125782
组3,row_literal,145,组3_row_literal_P0143,cannot_reconstruct,1,False,2787.7094307746806,2787.7094307746806,-2212.2905692253194
组3,row_literal,146,组3_row_literal_P0144,unique,1,False,5000.0,5000.0,0.0
组3,row_literal,147,组3_row_literal_P0145,cannot_reconstruct,1,False,1225.268414665543,1225.268414665543,-3774.731585334457
组3,row_literal,148,组3_row_literal_P0146,cannot_reconstruct,1,False,1759.841927862615,1759.841927862615,-3240.158072137385
组3,row_literal,149,组3_row_literal_P0147,cannot_reconstruct,1,False,4332.511493953082,4332.511493953082,-667.4885060469178
组3,row_literal,150,组3_row_literal_P0148,cannot_reconstruct,1,False,4804.005421698286,4804.005421698286,-195.99457830171377
组3,row_literal,151,组3_row_literal_P0149,unique,1,False,4999.999999999995,4999.999999999995,-4.547473508864641e-12
组3,row_literal,152,组3_row_literal_P0150,cannot_reconstruct,1,False,2116.564234815714,2116.564234815714,-2883.435765184286
组3,row_literal,153,组3_row_literal_P0151,unique,1,False,4999.999999999998,4999.999999999998,-1.8189894035458565e-12
组3,row_literal,154,组3_row_literal_P0152,cannot_reconstruct,1,False,4015.66027169416,4015.66027169416,-984.3397283058398
组3,row_literal,155,组3_row_literal_P0153,cannot_reconstruct,1,False,1820.9628639113146,1820.9628639113146,-3179.0371360886857
组3,row_literal,156,组3_row_literal_P0154,unique,1,False,5000.000000000003,5000.000000000003,2.7284841053187847e-12
组3,row_literal,157,组3_row_literal_P0155,unique,1,False,5000.000000000004,5000.000000000004,3.637978807091713e-12
组3,row_literal,158,组3_row_literal_P0156,cannot_reconstruct,1,False,3936.0620296923225,3936.0620296923225,-1063.9379703076775
组3,row_literal,159,组3_row_literal_P0157,unique,1,False,5000.000000000003,5000.000000000003,2.7284841053187847e-12
组3,row_literal,160,组3_row_literal_P0158,cannot_reconstruct,1,False,4634.686465168995,4634.686465168995,-365.3135348310052
组3,row_literal,161,组3_row_literal_P0159,cannot_reconstruct,1,False,4564.221186967349,4564.221186967349,-435.77881303265076
组3,row_literal,162,组3_row_literal_P0160,unique,1,False,5000.000000000002,5000.000000000002,1.8189894035458565e-12
组3,row_literal,163,组3_row_literal_P0161,cannot_reconstruct,1,False,4997.38931275427,4997.38931275427,-2.6106872457303325
组3,row_literal,164,组3_row_literal_P0162,cannot_reconstruct,1,False,3179.03713608869,3179.03713608869,-1820.9628639113098
组3,row_literal,165,组3_row_literal_P0163,cannot_reconstruct,1,False,2193.4348902227284,2193.4348902227284,-2806.5651097772716
组3,row_literal,166,组3_row_literal_P0164,unique,1,False,4999.999999999996,4999.999999999996,-3.637978807091713e-12
组3,row_literal,167,组3_row_literal_P0165,cannot_reconstruct,1,False,1714.283084210331,1714.283084210331,-3285.7169157896687
组3,row_literal,168,组3_row_literal_P0166,cannot_reconstruct,1,False,3983.3918629955597,3983.3918629955597,-1016.6081370044403
组3,row_literal,169,组3_row_literal_P0167,cannot_reconstruct,1,False,559.223064247723,559.223064247723,-4440.7769357522775
组3,row_literal,170,组3_row_literal_P0168,cannot_reconstruct,1,False,4532.156821229,4532.156821229,-467.84317877099966
组3,row_literal,171,组3_row_literal_P0169,cannot_reconstruct,1,False,1207.7638410721072,1207.7638410721072,-3792.2361589278926
组3,row_literal,172,组3_row_literal_P0170,unique,1,False,4999.999999999992,4999.999999999992,-8.185452315956354e-12
组3,row_literal,173,组3_row_literal_P0171,unique,1,False,4999.999999999993,4999.999999999993,-7.275957614183426e-12
组3,row_literal,174,组3_row_literal_P0172,unique,1,False,4999.999999999999,4999.999999999999,-9.094947017729282e-13
组3,row_literal,175,组3_row_literal_P0173,cannot_reconstruct,1,False,3774.7315853344585,3774.7315853344585,-1225.2684146655415
组3,row_literal,176,组3_row_literal_P0174,cannot_reconstruct,1,False,2292.6491828148223,2292.6491828148223,-2707.3508171851777
组3,row_literal,177,组3_row_literal_P0175,unique,1,False,5000.000000000002,5000.000000000002,1.8189894035458565e-12
组3,row_literal,178,组3_row_literal_P0176,unique,1,False,5000.000000000001,5000.000000000001,9.094947017729282e-13
组3,row_literal,179,组3_row_literal_P0177,cannot_reconstruct,1,False,4323.194452081308,4323.194452081308,-676.8055479186924
组3,row_literal,180,组3_row_literal_P0178,cannot_reconstruct,1,False,2584.5631027991594,2584.5631027991594,-2415.4368972008406
组3,row_literal,181,组3_row_literal_P0179,cannot_reconstruct,1,False,4440.776935752283,4440.776935752283,-559.223064247717
组3,row_literal,182,组3_row_literal_P0180,unique,1,False,5000.000000000002,5000.000000000002,1.8189894035458565e-12
组3,row_literal,183,组3_row_literal_P0181,unique,1,False,4999.999999999998,4999.999999999998,-1.8189894035458565e-12
组3,row_literal,184,组3_row_literal_P0182,cannot_reconstruct,1,False,2301.1650233282444,2301.1650233282444,-2698.8349766717556
组3,row_literal,185,组3_row_literal_P0183,unique,1,False,5000.000000000005,5000.000000000005,4.547473508864641e-12
组3,row_literal,186,组3_row_literal_P0184,unique,1,False,4999.9999999999945,4999.9999999999945,-5.4569682106375694e-12
组3,row_literal,187,组3_row_literal_P0185,cannot_reconstruct,1,False,1507.0880569306512,1507.0880569306512,-3492.911943069349
组3,row_literal,188,组3_row_literal_P0186,unique,1,False,5000.000000000001,5000.000000000001,9.094947017729282e-13
组3,row_literal,189,组3_row_literal_P0187,cannot_reconstruct,1,False,702.8800859116345,702.8800859116345,-4297.1199140883655
组3,row_literal,190,组3_row_literal_P0188,cannot_reconstruct,1,False,4466.338711969051,4466.338711969051,-533.6612880309494
组3,row_literal,191,组3_row_literal_P0189,cannot_reconstruct,1,False,984.3397283058457,984.3397283058457,-4015.6602716941543
组3,row_literal,192,组3_row_literal_P0190,unique,1,False,5000.000000000001,5000.000000000001,9.094947017729282e-13
组3,row_literal,193,组3_row_literal_P0191,unique,1,False,4999.999999999998,4999.999999999998,-1.8189894035458565e-12
组3,row_literal,194,组3_row_literal_P0192,cannot_reconstruct,1,False,4728.587593139968,4728.587593139968,-271.4124068600322
组3,row_literal,195,组3_row_literal_P0193,unique,1,False,4999.999999999996,4999.999999999996,-3.637978807091713e-12
组3,row_literal,196,组3_row_literal_P0194,unique,1,False,4999.999999999997,4999.999999999997,-2.7284841053187847e-12
组3,row_literal,197,组3_row_literal_P0195,cannot_reconstruct,1,False,3492.911943069346,3492.911943069346,-1507.0880569306541
组3,row_literal,198,组3_row_literal_P0196,cannot_reconstruct,1,False,4540.804961643996,4540.804961643996,-459.19503835600426
组3,row_literal,199,组3_row_literal_P0197,cannot_reconstruct,1,False,2794.3226931075365,2794.3226931075365,-2205.6773068924635
组3,row_literal,200,组3_row_literal_P0198,cannot_reconstruct,1,False,3707.3706554601663,3707.3706554601663,-1292.6293445398337
组3,row_literal,201,组3_row_literal_P0199,cannot_reconstruct,1,False,715.9899665328975,715.9899665328975,-4284.010033467102
组3,row_literal,202,组3_row_literal_P0200,cannot_reconstruct,1,False,1489.6873403595605,1489.6873403595605,-3510.3126596404395
组3,row_literal,203,组3_row_literal_P0201,cannot_reconstruct,1,False,1662.7992908866556,1662.7992908866556,-3337.2007091133446
组3,row_literal,204,组3_row_literal_P0202,unique,1,False,5000.000000000003,5000.000000000003,2.7284841053187847e-12
组3,row_literal,205,组3_row_literal_P0203,unique,1,False,5000.000000000002,5000.000000000002,1.8189894035458565e-12
组3,row_literal,206,组3_row_literal_P0204,cannot_reconstruct,1,False,4384.083156408662,4384.083156408662,-615.916843591338
组3,row_literal,207,组3_row_literal_P0205,unique,1,False,4999.999999999999,4999.999999999999,-9.094947017729282e-13
组3,row_literal,208,组3_row_literal_P0206,unique,1,False,5000.000000000006,5000.000000000006,6.366462912410498e-12
组3,row_literal,209,组3_row_literal_P0207,cannot_reconstruct,1,False,4620.624601345126,4620.624601345126,-379.3753986548736
组3,row_literal,210,组3_row_literal_P0208,cannot_reconstruct,1,False,2917.968028483469,2917.968028483469,-2082.031971516531
组3,row_literal,211,组3_row_literal_P0209,cannot_reconstruct,1,False,1136.001957219342,1136.001957219342,-3863.9980427806577
组3,row_literal,212,组3_row_literal_P0210,cannot_reconstruct,1,False,2939.894017409379,2939.894017409379,-2060.105982590621
组3,row_literal,213,组3_row_literal_P0211,unique,1,False,4999.999999999998,4999.999999999998,-1.8189894035458565e-12
组3,row_literal,214,组3_row_literal_P0212,cannot_reconstruct,1,False,3696.909631751418,3696.909631751418,-1303.0903682485819
组3,row_literal,215,组3_row_literal_P0213,cannot_reconstruct,1,False,2801.99766413508,2801.99766413508,-2198.00233586492
组3,row_literal,216,组3_row_literal_P0214,unique,1,False,5000.000000000004,5000.000000000004,3.637978807091713e-12
组3,row_literal,217,组3_row_literal_P0215,cannot_reconstruct,1,False,622.589126458353,622.589126458353,-4377.410873541647
组3,row_literal,218,组3_row_literal_P0216,unique,1,False,4999.999999999999,4999.999999999999,-9.094947017729282e-13
组3,row_literal,219,组3_row_literal_P0217,cannot_reconstruct,1,False,4123.5000402593705,4123.5000402593705,-876.4999597406295
组3,row_literal,220,组3_row_literal_P0218,cannot_reconstruct,1,False,2707.3508171851854,2707.3508171851854,-2292.6491828148146
组3,row_literal,221,组3_row_literal_P0219,cannot_reconstruct,1,False,4587.076340597699,4587.076340597699,-412.9236594023014
组3,row_literal,222,组3_row_literal_P0220,unique,1,False,5000.000000000003,5000.000000000003,2.7284841053187847e-12
组3,row_literal,223,组3_row_literal_P0221,unique,1,False,4999.999999999999,4999.999999999999,-9.094947017729282e-13
组3,row_literal,224,组3_row_literal_P0222,unique,1,False,4999.999999999997,4999.999999999997,-2.7284841053187847e-12
组3,row_literal,225,组3_row_literal_P0223,unique,1,False,5000.0000000000055,5000.0000000000055,5.4569682106375694e-12
组3,row_literal,226,组3_row_literal_P0224,cannot_reconstruct,1,False,3042.8166314100226,3042.8166314100226,-1957.1833685899774
组3,row_literal,227,组3_row_literal_P0225,unique,1,False,5000.000000000006,5000.000000000006,6.366462912410498e-12
组3,row_literal,228,组3_row_literal_P0226,cannot_reconstruct,1,False,2347.122112646914,2347.122112646914,-2652.877887353086
组3,row_literal,229,组3_row_literal_P0227,cannot_reconstruct,1,False,2883.435765184285,2883.435765184285,-2116.564234815715
组3,row_literal,230,组3_row_literal_P0228,unique,1,False,5000.000000000003,5000.000000000003,2.7284841053187847e-12
组3,row_literal,231,组3_row_literal_P0229,unique,1,False,4999.999999999993,4999.999999999993,-7.275957614183426e-12
组3,row_literal,232,组3_row_literal_P0230,cannot_reconstruct,1,False,3830.291456970348,3830.291456970348,-1169.708543029652
组3,row_literal,233,组3_row_literal_P0231,cannot_reconstruct,1,False,1778.7016910824266,1778.7016910824266,-3221.298308917573
组3,row_literal,234,组3_row_literal_P0232,cannot_reconstruct,1,False,531.6424120437645,531.6424120437645,-4468.357587956236
组3,row_literal,235,组3_row_literal_P0233,unique,1,False,5000.0000000000055,5000.0000000000055,5.4569682106375694e-12
组3,row_literal,236,组3_row_literal_P0234,cannot_reconstruct,1,False,2410.9795098860995,2410.9795098860995,-2589.0204901139005
组3,row_literal,237,组3_row_literal_P0235,cannot_reconstruct,1,False,3221.298308917568,3221.298308917568,-1778.7016910824318
组3,row_literal,238,组3_row_literal_P0236,cannot_reconstruct,1,False,2257.258409610645,2257.258409610645,-2742.741590389355
组3,row_literal,239,组3_row_literal_P0237,cannot_reconstruct,1,False,1550.3895594727708,1550.3895594727708,-3449.610440527229
组3,row_literal,240,组3_row_literal_P0238,unique,1,False,4999.999999999998,4999.999999999998,-1.8189894035458565e-12
组3,row_literal,241,组3_row_literal_P0239,cannot_reconstruct,1,False,3285.716915789675,3285.716915789675,-1714.283084210325
组3,row_literal,242,组3_row_literal_P0240,unique,1,False,5000.000000000007,5000.000000000007,7.275957614183426e-12
组3,row_literal,243,组3_row_literal_P0241,cannot_reconstruct,1,False,876.4999597406292,876.4999597406292,-4123.5000402593705
组3,row_literal,244,组3_row_literal_P0242,unique,1,False,5000.000000000004,5000.000000000004,3.637978807091713e-12
组3,row_literal,245,组3_row_literal_P0243,cannot_reconstruct,1,False,676.8055479186902,676.8055479186902,-4323.1944520813095
组3,row_literal,246,组3_row_literal_P0244,cannot_reconstruct,1,False,1072.0621502569836,1072.0621502569836,-3927.937849743016
组3,row_literal,247,组3_row_literal_P0245,unique,1,False,5000.0,5000.0,0.0
组3,row_literal,248,组3_row_literal_P0246,cannot_reconstruct,1,False,2698.8349766717542,2698.8349766717542,-2301.1650233282458
组3,row_literal,249,组3_row_literal_P0247,unique,1,False,4999.999999999999,4999.999999999999,-9.094947017729282e-13
组3,row_literal,250,组3_row_literal_P0248,unique,1,False,5000.000000000005,5000.000000000005,4.547473508864641e-12
组3,row_literal,251,组3_row_literal_P0249,cannot_reconstruct,1,False,4941.149862160361,4941.149862160361,-58.85013783963859
组3,row_literal,252,组3_row_literal_P0250,unique,1,False,5000.000000000008,5000.000000000008,8.185452315956354e-12
组3,row_literal,253,组3_row_literal_P0251,cannot_reconstruct,1,False,3981.9000012432466,3981.9000012432466,-1018.0999987567534
组3,row_literal,254,组3_row_literal_P0252,cannot_reconstruct,1,False,615.9168435913396,615.9168435913396,-4384.08315640866
组3,row_literal,255,组3_row_literal_P0253,unique,1,False,5000.000000000004,5000.000000000004,3.637978807091713e-12
组3,row_literal,256,组3_row_literal_P0254,cannot_reconstruct,1,False,787.4885533585616,787.4885533585616,-4212.511446641438
组3,row_literal,257,组3_row_literal_P0255,unique,1,False,5000.000000000005,5000.000000000005,4.547473508864641e-12
组3,row_literal,258,组3_row_literal_P0256,cannot_reconstruct,1,False,1580.815737096103,1580.815737096103,-3419.184262903897
组3,row_literal,259,组3_row_literal_P0257,unique,1,False,5000.000000000001,5000.000000000001,9.094947017729282e-13
组3,row_literal,260,组3_row_literal_P0258,cannot_reconstruct,1,False,2089.1911043119117,2089.1911043119117,-2910.8088956880883
组3,row_literal,261,组3_row_literal_P0259,unique,1,False,4999.999999999999,4999.999999999999,-9.094947017729282e-13
组3,row_literal,262,组3_row_literal_P0260,unique,1,False,5000.0,5000.0,0.0
组3,row_literal,263,组3_row_literal_P0261,unique,1,False,4999.999999999999,4999.999999999999,-9.094947017729282e-13
组3,row_literal,264,组3_row_literal_P0262,unique,1,False,5000.000000000004,5000.000000000004,3.637978807091713e-12
组3,row_literal,265,组3_row_literal_P0263,cannot_reconstruct,1,False,2060.1059825906227,2060.1059825906227,-2939.8940174093773
组3,row_literal,266,组3_row_literal_P0264,unique,1,False,5000.000000000004,5000.000000000004,3.637978807091713e-12
组3,row_literal,267,组3_row_literal_P0265,unique,1,False,4999.999999999996,4999.999999999996,-3.637978807091713e-12
组3,row_literal,268,组3_row_literal_P0266,unique,1,False,4999.999999999993,4999.999999999993,-7.275957614183426e-12
组3,row_literal,269,组3_row_literal_P0267,cannot_reconstruct,1,False,4957.339290670892,4957.339290670892,-42.6607093291077
组3,row_literal,270,组3_row_literal_P0268,cannot_reconstruct,1,False,4844.168446432411,4844.168446432411,-155.83155356758925
组3,row_literal,271,组3_row_literal_P0269,cannot_reconstruct,1,False,4267.811196491784,4267.811196491784,-732.1888035082156
组3,row_literal,272,组3_row_literal_P0270,unique,1,False,5000.000000000002,5000.000000000002,1.8189894035458565e-12
组3,row_literal,273,组3_row_literal_P0271,cannot_reconstruct,1,False,3930.0211394368885,3930.0211394368885,-1069.9788605631115
组3,row_literal,274,组3_row_literal_P0272,cannot_reconstruct,1,False,2806.5651097772698,2806.5651097772698,-2193.4348902227302
组3,row_literal,275,组3_row_literal_P0273,cannot_reconstruct,1,False,4212.511446641436,4212.511446641436,-787.4885533585639
组3,row_literal,276,组3_row_literal_P0274,unique,1,False,5000.000000000005,5000.000000000005,4.547473508864641e-12
组3,row_literal,277,组3_row_literal_P0275,unique,1,False,5000.000000000006,5000.000000000006,6.366462912410498e-12
组3,row_literal,278,组3_row_literal_P0276,unique,1,False,5000.000000000004,5000.000000000004,3.637978807091713e-12
组3,row_literal,279,组3_row_literal_P0277,cannot_reconstruct,1,False,2874.3498682938366,2874.3498682938366,-2125.6501317061634
组3,row_literal,280,组3_row_literal_P0278,unique,1,False,4999.999999999997,4999.999999999997,-2.7284841053187847e-12
组3,row_literal,281,组3_row_literal_P0279,cannot_reconstruct,1,False,4118.737274316904,4118.737274316904,-881.2627256830956
组3,row_literal,282,组3_row_literal_P0280,unique,1,False,4999.999999999997,4999.999999999997,-2.7284841053187847e-12
组3,row_literal,283,组3_row_literal_P0281,cannot_reconstruct,1,False,3260.3548601224456,3260.3548601224456,-1739.6451398775544
组3,row_literal,284,组3_row_literal_P0282,unique,1,False,5000.0,5000.0,0.0
组3,row_literal,285,组3_row_literal_P0283,cannot_reconstruct,1,False,1079.9422995026966,1079.9422995026966,-3920.0577004973034
组3,row_literal,286,组3_row_literal_P0284,unique,1,False,4999.9999999999945,4999.9999999999945,-5.4569682106375694e-12
组3,row_literal,287,组3_row_literal_P0285,unique,1,False,4999.999999999998,4999.999999999998,-1.8189894035458565e-12
组3,row_literal,288,组3_row_literal_P0286,unique,1,False,5000.000000000002,5000.000000000002,1.8189894035458565e-12
组3,row_literal,289,组3_row_literal_P0287,unique,1,False,5000.000000000004,5000.000000000004,3.637978807091713e-12
组3,row_literal,290,组3_row_literal_P0288,unique,1,False,5000.000000000002,5000.000000000002,1.8189894035458565e-12
组3,row_literal,291,组3_row_literal_P0289,unique,1,False,4999.999999999991,4999.999999999991,-9.094947017729282e-12
组3,row_literal,292,组3_row_literal_P0290,cannot_reconstruct,1,False,1063.9379703076743,1063.9379703076743,-3936.0620296923257
组3,row_literal,293,组3_row_literal_P0291,unique,1,False,5000.000000000002,5000.000000000002,1.8189894035458565e-12
组3,row_literal,294,组3_row_literal_P0292,cannot_reconstruct,1,False,664.5718042876342,664.5718042876342,-4335.428195712366
组3,row_literal,295,组3_row_literal_P0293,unique,1,False,5000.0,5000.0,0.0
组3,row_literal,296,组3_row_literal_P0294,unique,1,False,5000.0,5000.0,0.0
组3,row_literal,297,组3_row_literal_P0295,cannot_reconstruct,1,False,4847.929565126354,4847.929565126354,-152.07043487364626
组3,row_literal,298,组3_row_literal_P0296,unique,1,False,5000.000000000004,5000.000000000004,3.637978807091713e-12
组3,row_literal,299,组3_row_literal_P0297,cannot_reconstruct,1,False,1966.4313636555473,1966.4313636555473,-3033.568636344453
组3,row_literal,300,组3_row_literal_P0298,unique,1,False,5000.000000000003,5000.000000000003,2.7284841053187847e-12
组3,row_literal,301,组3_row_literal_P0299,unique,1,False,5000.000000000002,5000.000000000002,1.8189894035458565e-12
组3,row_literal,302,组3_row_literal_P0300,cannot_reconstruct,1,False,1069.9788605631147,1069.9788605631147,-3930.0211394368853
组3,row_literal,303,组3_row_literal_P0301,cannot_reconstruct,1,False,3658.631432998597,3658.631432998597,-1341.3685670014029
组3,row_literal,304,组3_row_literal_P0302,cannot_reconstruct,1,False,1454.100964905545,1454.100964905545,-3545.899035094455
组3,row_literal,305,组3_row_literal_P0303,unique,1,False,5000.000000000001,5000.000000000001,9.094947017729282e-13
组3,row_literal,306,组3_row_literal_P0304,cannot_reconstruct,1,False,2198.0023358649228,2198.0023358649228,-2801.9976641350772
组3,row_literal,307,组3_row_literal_P0305,unique,1,False,4999.999999999996,4999.999999999996,-3.637978807091713e-12
组3,row_literal,308,组3_row_literal_P0306,unique,1,False,5000.000000000003,5000.000000000003,2.7284841053187847e-12
组3,row_literal,309,组3_row_literal_P0307,cannot_reconstruct,1,False,3545.8990350944555,3545.8990350944555,-1454.1009649055445
组3,row_literal,310,组3_row_literal_P0308,cannot_reconstruct,1,False,4335.42819571237,4335.42819571237,-664.5718042876297
组3,row_literal,311,组3_row_literal_P0309,unique,1,False,4999.999999999997,4999.999999999997,-2.7284841053187847e-12
组3,row_literal,312,组3_row_literal_P0310,cannot_reconstruct,1,False,1739.645139877562,1739.645139877562,-3260.354860122438
组3,row_literal,313,组3_row_literal_P0311,cannot_reconstruct,1,False,3273.023100731304,3273.023100731304,-1726.976899268696
组3,row_literal,314,组3_row_literal_P0312,unique,1,False,4999.999999999999,4999.999999999999,-9.094947017729282e-13
组3,row_literal,315,组3_row_literal_P0313,unique,1,False,5000.0,5000.0,0.0
组3,row_literal,316,组3_row_literal_P0314,cannot_reconstruct,1,False,4793.504179879683,4793.504179879683,-206.49582012031715
组3,row_literal,317,组3_row_literal_P0315,cannot_reconstruct,1,False,1957.183368589971,1957.183368589971,-3042.816631410029
组3,row_literal,318,组3_row_literal_P0316,unique,1,False,5000.0,5000.0,0.0
组3,row_literal,319,组3_row_literal_P0317,cannot_reconstruct,1,False,2629.6179447387485,2629.6179447387485,-2370.3820552612515
组3,row_literal,320,组3_row_literal_P0318,unique,1,False,5000.000000000004,5000.000000000004,3.637978807091713e-12
组3,row_literal,321,组3_row_literal_P0319,unique,1,False,4999.999999999999,4999.999999999999,-9.094947017729282e-13
组3,row_literal,322,组3_row_literal_P0320,unique,1,False,5000.000000000002,5000.000000000002,1.8189894035458565e-12
组3,row_literal,323,组3_row_literal_P0321,cannot_reconstruct,1,False,3979.1830896616257,3979.1830896616257,-1020.8169103383743
组3,row_literal,324,组3_row_literal_P0322,unique,1,False,4999.999999999995,4999.999999999995,-4.547473508864641e-12
组3,row_literal,325,组3_row_literal_P0323,unique,1,False,5000.000000000004,5000.000000000004,3.637978807091713e-12
组3,row_literal,326,组3_row_literal_P0324,unique,1,False,5000.000000000006,5000.000000000006,6.366462912410498e-12
组3,row_literal,327,组3_row_literal_P0325,cannot_reconstruct,1,False,4998.981194218999,4998.981194218999,-1.0188057810009923
组3,row_literal,328,组3_row_literal_P0326,unique,1,False,5000.000000000003,5000.000000000003,2.7284841053187847e-12
组3,row_literal,329,组3_row_literal_P0327,unique,1,False,4999.999999999997,4999.999999999997,-2.7284841053187847e-12
组3,row_literal,330,组3_row_literal_P0328,unique,1,False,4999.999999999998,4999.999999999998,-1.8189894035458565e-12
组3,row_literal,331,组3_row_literal_P0329,unique,1,False,5000.000000000005,5000.000000000005,4.547473508864641e-12
组3,row_literal,332,组3_row_literal_P0330,cannot_reconstruct,1,False,4581.838530702641,4581.838530702641,-418.16146929735896
组3,row_literal,333,组3_row_literal_P0331,unique,1,False,5000.0,5000.0,0.0
组3,row_literal,334,组3_row_literal_P0332,cannot_reconstruct,1,False,1391.5287687710995,1391.5287687710995,-3608.4712312289003
组3,row_literal,335,组3_row_literal_P0333,unique,1,False,5000.000000000004,5000.000000000004,3.637978807091713e-12
组3,row_literal,336,组3_row_literal_P0334,cannot_reconstruct,1,False,3521.799763126826,3521.799763126826,-1478.2002368731742
组3,row_literal,337,组3_row_literal_P0335,cannot_reconstruct,1,False,3608.4712312288925,3608.4712312288925,-1391.5287687711075
组3,row_literal,338,组3_row_literal_P0336,unique,1,False,4999.999999999995,4999.999999999995,-4.547473508864641e-12
组3,row_literal,339,组3_row_literal_P0337,unique,1,False,5000.0,5000.0,0.0
组3,row_literal,340,组3_row_literal_P0338,unique,1,False,5000.000000000005,5000.000000000005,4.547473508864641e-12
组3,row_literal,341,组3_row_literal_P0339,unique,1,False,5000.000000000004,5000.000000000004,3.637978807091713e-12
组3,row_literal,342,组3_row_literal_P0340,unique,1,False,5000.000000000005,5000.000000000005,4.547473508864641e-12
组3,row_literal,343,组3_row_literal_P0341,unique,1,False,4999.9999999999945,4999.9999999999945,-5.4569682106375694e-12
组3,row_literal,344,组3_row_literal_P0342,cannot_reconstruct,1,False,1427.4386735452795,1427.4386735452795,-3572.5613264547205
组3,row_literal,345,组3_row_literal_P0343,unique,1,False,5000.0,5000.0,0.0
组3,row_literal,346,组3_row_literal_P0344,unique,1,False,4999.999999999998,4999.999999999998,-1.8189894035458565e-12
组3,row_literal,347,组3_row_literal_P0345,cannot_reconstruct,1,False,2370.3820552612437,2370.3820552612437,-2629.6179447387563
组3,row_literal,348,组3_row_literal_P0346,cannot_reconstruct,1,False,827.2133444986782,827.2133444986782,-4172.786655501322
组3,row_literal,349,组3_row_literal_P0347,unique,1,False,5000.000000000002,5000.000000000002,1.8189894035458565e-12
组3,row_literal,350,组3_row_literal_P0348,unique,1,False,5000.0,5000.0,0.0
组3,row_literal,351,组3_row_literal_P0349,cannot_reconstruct,1,False,667.4885060469209,667.4885060469209,-4332.5114939530795
组3,row_literal,352,组3_row_literal_P0350,cannot_reconstruct,1,False,1156.5028968025476,1156.5028968025476,-3843.4971031974524
组3,row_literal,353,组3_row_literal_P0351,cannot_reconstruct,1,False,4937.905654264531,4937.905654264531,-62.09434573546878
组3,row_literal,354,组3_row_literal_P0352,cannot_reconstruct,1,False,1995.4609913414442,1995.4609913414442,-3004.5390086585558
组3,row_literal,355,组3_row_literal_P0353,unique,1,False,4999.999999999997,4999.999999999997,-2.7284841053187847e-12
组3,row_literal,356,组3_row_literal_P0354,cannot_reconstruct,1,False,4172.7866555013225,4172.7866555013225,-827.2133444986775
组3,row_literal,357,组3_row_literal_P0355,cannot_reconstruct,1,False,2125.6501317061625,2125.6501317061625,-2874.3498682938375
组3,row_literal,358,组3_row_literal_P0356,cannot_reconstruct,1,False,1292.6293445398408,1292.6293445398408,-3707.3706554601595
组3,row_literal,359,组3_row_literal_P0357,unique,1,False,4999.999999999997,4999.999999999997,-2.7284841053187847e-12
组3,row_literal,360,组3_row_literal_P0358,unique,1,False,5000.0,5000.0,0.0
组3,row_literal,361,组3_row_literal_P0359,cannot_reconstruct,1,False,1169.7085430296593,1169.7085430296593,-3830.2914569703407
组3,row_literal,362,组3_row_literal_P0360,cannot_reconstruct,1,False,894.2633130528699,894.2633130528699,-4105.73668694713
组3,row_literal,363,组3_row_literal_P0361,cannot_reconstruct,1,False,1016.608137004445,1016.608137004445,-3983.391862995555
组3,row_literal,364,组3_row_literal_P0362,cannot_reconstruct,1,False,3572.5613264547146,3572.5613264547146,-1427.4386735452854
组3,row_literal,365,组3_row_literal_P0363,cannot_reconstruct,1,False,4508.644739111684,4508.644739111684,-491.35526088831557
组3,row_literal,366,组3_row_literal_P0364,unique,1,False,5000.000000000004,5000.000000000004,3.637978807091713e-12
组3,row_literal,367,组3_row_literal_P0365,cannot_reconstruct,1,False,1067.930043431112,1067.930043431112,-3932.0699565688883
组3,row_literal,368,组3_row_literal_P0366,cannot_reconstruct,1,False,533.6612880309499,533.6612880309499,-4466.338711969051
组3,row_literal,369,组3_row_literal_P0367,cannot_reconstruct,1,False,4503.327541668587,4503.327541668587,-496.6724583314126
组3,row_literal,370,组3_row_literal_P0368,cannot_reconstruct,1,False,4105.736686947127,4105.736686947127,-894.263313052873
组3,row_literal,371,组3_row_literal_P0369,cannot_reconstruct,1,False,881.2627256830907,881.2627256830907,-4118.737274316909
组3,row_literal,372,组3_row_literal_P0370,unique,1,False,5000.000000000002,5000.000000000002,1.8189894035458565e-12
组3,row_literal,373,组3_row_literal_P0371,cannot_reconstruct,1,False,1303.0903682485884,1303.0903682485884,-3696.9096317514113
组3,row_literal,374,组3_row_literal_P0372,unique,1,False,4999.999999999997,4999.999999999997,-2.7284841053187847e-12
组3,row_literal,375,组3_row_literal_P0373,unique,1,False,5000.000000000005,5000.000000000005,4.547473508864641e-12
组3,row_literal,376,组3_row_literal_P0374,cannot_reconstruct,1,False,4296.342158370756,4296.342158370756,-703.6578416292441
组3,row_literal,377,组3_row_literal_P0375,cannot_reconstruct,1,False,911.4946631343956,911.4946631343956,-4088.5053368656045
组3,row_literal,378,组3_row_literal_P0376,cannot_reconstruct,1,False,1341.368567001403,1341.368567001403,-3658.631432998597
组3,row_literal,379,组3_row_literal_P0377,unique,1,False,4999.999999999999,4999.999999999999,-9.094947017729282e-13
组3,row_literal,380,组3_row_literal_P0378,cannot_reconstruct,1,False,4541.624877680269,4541.624877680269,-458.3751223197314
组3,row_literal,381,组3_row_literal_P0379,unique,1,False,4999.999999999999,4999.999999999999,-9.094947017729282e-13
组3,row_literal,382,组3_row_literal_P0380,unique,1,False,5000.000000000007,5000.000000000007,7.275957614183426e-12
组3,row_literal,383,组3_row_literal_P0381,cannot_reconstruct,1,False,4168.364546238192,4168.364546238192,-831.6354537618081
组3,row_literal,384,组3_row_literal_P0382,cannot_reconstruct,1,False,4977.96547913873,4977.96547913873,-22.03452086126981
组3,row_literal,385,组3_row_literal_P0383,cannot_reconstruct,1,False,1514.1331029984733,1514.1331029984733,-3485.866897001527
组3,row_literal,386,组3_row_literal_P0384,unique,1,False,5000.000000000001,5000.000000000001,9.094947017729282e-13
组3,row_literal,387,组3_row_literal_P0385,unique,1,False,5000.0,5000.0,0.0
组3,row_literal,388,组3_row_literal_P0386,cannot_reconstruct,1,False,4309.288979133511,4309.288979133511,-690.711020866489
组3,row_literal,389,组3_row_literal_P0387,unique,1,False,5000.0,5000.0,0.0
组3,row_literal,390,组3_row_literal_P0388,cannot_reconstruct,1,False,4080.5928834967062,4080.5928834967062,-919.4071165032938
组3,row_literal,391,组3_row_literal_P0389,cannot_reconstruct,1,False,4904.301073365586,4904.301073365586,-95.69892663441442
组3,row_literal,392,组3_row_literal_P0390,cannot_reconstruct,1,False,4911.870166711714,4911.870166711714,-88.12983328828614
组3,row_literal,393,组3_row_literal_P0391,cannot_reconstruct,1,False,3843.4971031974574,3843.4971031974574,-1156.5028968025426
组3,row_literal,394,组3_row_literal_P0392,cannot_reconstruct,1,False,3485.866897001525,3485.866897001525,-1514.133102998475
组3,row_literal,395,组3_row_literal_P0393,cannot_reconstruct,1,False,4195.097414699544,4195.097414699544,-804.9025853004559
组3,row_literal,396,组3_row_literal_P0394,unique,1,False,5000.000000000001,5000.000000000001,9.094947017729282e-13
组3,row_literal,397,组3_row_literal_P0395,cannot_reconstruct,1,False,3932.069956568883,3932.069956568883,-1067.9300434311172
组3,row_literal,398,组3_row_literal_P0396,cannot_reconstruct,1,False,4695.541121125372,4695.541121125372,-304.45887887462777
组3,row_literal,399,组3_row_literal_P0397,unique,1,False,5000.0,5000.0,0.0
组3,row_literal,400,组3_row_literal_P0398,cannot_reconstruct,1,False,4018.6120237373934,4018.6120237373934,-981.3879762626066
组3,row_literal,401,组3_row_literal_P0399,cannot_reconstruct,1,False,912.704745364744,912.704745364744,-4087.2952546352562
组3,row_literal,402,组3_row_literal_P0400,cannot_reconstruct,1,False,605.0681798527836,605.0681798527836,-4394.931820147216
组3,row_literal,403,组3_row_literal_P0401,cannot_reconstruct,1,False,1339.5226363770219,1339.5226363770219,-3660.4773636229784
组3,row_literal,404,组3_row_literal_P0402,cannot_reconstruct,1,False,3866.125145798971,3866.125145798971,-1133.874854201029
组3,row_literal,405,组3_row_literal_P0403,cannot_reconstruct,1,False,3777.4196606006167,3777.4196606006167,-1222.5803393993833
组3,row_literal,406,组3_row_literal_P0404,unique,1,False,5000.0,5000.0,0.0
组3,row_literal,407,组3_row_literal_P0405,unique,1,False,4999.999999999993,4999.999999999993,-7.275957614183426e-12
组3,row_literal,408,组3_row_literal_P0406,cannot_reconstruct,1,False,2058.3878031456775,2058.3878031456775,-2941.6121968543225
组3,row_literal,409,组3_row_literal_P0407,cannot_reconstruct,1,False,1370.5238648761085,1370.5238648761085,-3629.4761351238913
组3,row_literal,410,组3_row_literal_P0408,cannot_reconstruct,1,False,1726.9768992686998,1726.9768992686998,-3273.0231007313005
组3,row_literal,411,组3_row_literal_P0409,unique,1,False,5000.000000000003,5000.000000000003,2.7284841053187847e-12
组3,row_literal,412,组3_row_literal_P0410,cannot_reconstruct,1,False,4002.997837300324,4002.997837300324,-997.0021626996759
组3,row_literal,413,组3_row_literal_P0411,cannot_reconstruct,1,False,4555.103902983572,4555.103902983572,-444.89609701642803
组3,row_literal,414,组3_row_literal_P0412,cannot_reconstruct,1,False,2289.953498746874,2289.953498746874,-2710.046501253126
组3,row_literal,415,组3_row_literal_P0413,cannot_reconstruct,1,False,4639.9414997900885,4639.9414997900885,-360.0585002099115
组3,row_literal,416,组3_row_literal_P0414,cannot_reconstruct,1,False,1020.8169103383756,1020.8169103383756,-3979.1830896616243
组3,row_literal,417,组3_row_literal_P0415,cannot_reconstruct,1,False,4517.042999101789,4517.042999101789,-482.95700089821094
组3,row_literal,418,组3_row_literal_P0416,cannot_reconstruct,1,False,3478.7007852495617,3478.7007852495617,-1521.2992147504383
组3,row_literal,419,组3_row_literal_P0417,cannot_reconstruct,1,False,1268.2949505511795,1268.2949505511795,-3731.7050494488203
组3,row_literal,420,组3_row_literal_P0418,cannot_reconstruct,1,False,3004.5390086585526,3004.5390086585526,-1995.4609913414474
组3,row_literal,421,组3_row_literal_P0419,cannot_reconstruct,1,False,3429.289243541356,3429.289243541356,-1570.710756458644
组3,row_literal,422,组3_row_literal_P0420,cannot_reconstruct,1,False,1926.2883456729444,1926.2883456729444,-3073.711654327056
组3,row_literal,423,组3_row_literal_P0421,cannot_reconstruct,1,False,4634.873617481081,4634.873617481081,-365.12638251891894
组3,row_literal,424,组3_row_literal_P0422,cannot_reconstruct,1,False,3405.3211489593505,3405.3211489593505,-1594.6788510406495
组3,row_literal,425,组3_row_literal_P0423,cannot_reconstruct,1,False,565.0545878458421,565.0545878458421,-4434.945412154158
组3,row_literal,426,组3_row_literal_P0424,cannot_reconstruct,1,False,3550.2585214109627,3550.2585214109627,-1449.7414785890373
组3,row_literal,427,组3_row_literal_P0425,cannot_reconstruct,1,False,4394.93182014721,4394.93182014721,-605.0681798527903
组3,row_literal,428,组3_row_literal_P0426,cannot_reconstruct,1,False,674.319202673029,674.319202673029,-4325.680797326971
组3,row_literal,429,组3_row_literal_P0427,cannot_reconstruct,1,False,2670.3402218321976,2670.3402218321976,-2329.6597781678024
组3,row_literal,430,组3_row_literal_P0428,cannot_reconstruct,1,False,4438.281695188839,4438.281695188839,-561.718304811161
组3,row_literal,431,组3_row_literal_P0429,cannot_reconstruct,1,False,3164.971096801552,3164.971096801552,-1835.028903198448
组3,row_literal,432,组3_row_literal_P0430,unique,1,False,4999.999999999999,4999.999999999999,-9.094947017729282e-13
组3,row_literal,433,组3_row_literal_P0431,cannot_reconstruct,1,False,3738.1177334967947,3738.1177334967947,-1261.8822665032053
组3,row_literal,434,组3_row_literal_P0432,cannot_reconstruct,1,False,4434.94541215416,4434.94541215416,-565.0545878458397
组3,row_literal,435,组3_row_literal_P0433,cannot_reconstruct,1,False,1018.0999987567512,1018.0999987567512,-3981.900001243249
组3,row_literal,436,组3_row_literal_P0434,cannot_reconstruct,1,False,4087.2952546352626,4087.2952546352626,-912.7047453647374
组3,row_literal,437,组3_row_literal_P0435,cannot_reconstruct,1,False,3392.2027637351393,3392.2027637351393,-1607.7972362648607
组3,row_literal,438,组3_row_literal_P0436,cannot_reconstruct,1,False,4694.603601164031,4694.603601164031,-305.3963988359692
组3,row_literal,439,组3_row_literal_P0437,unique,1,False,4999.999999999999,4999.999999999999,-9.094947017729282e-13
组3,row_literal,440,组3_row_literal_P0438,cannot_reconstruct,1,False,644.708591127967,644.708591127967,-4355.291408872033
组3,row_literal,441,组3_row_literal_P0439,cannot_reconstruct,1,False,3731.7050494488185,3731.7050494488185,-1268.2949505511815
组3,row_literal,442,组3_row_literal_P0440,cannot_reconstruct,1,False,656.6128801494955,656.6128801494955,-4343.387119850505
组3,row_literal,443,组3_row_literal_P0441,cannot_reconstruct,1,False,4085.296709899423,4085.296709899423,-914.7032901005769
组3,row_literal,444,组3_row_literal_P0442,cannot_reconstruct,1,False,1140.0273176619794,1140.0273176619794,-3859.9726823380206
组3,row_literal,445,组3_row_literal_P0443,cannot_reconstruct,1,False,3159.53961503674,3159.53961503674,-1840.46038496326
组3,row_literal,446,组3_row_literal_P0444,cannot_reconstruct,1,False,3948.0664498140163,3948.0664498140163,-1051.9335501859837
组3,row_literal,447,组3_row_literal_P0445,cannot_reconstruct,1,False,3323.9053578799403,3323.9053578799403,-1676.0946421200597
组3,row_literal,448,组3_row_literal_P0446,unique,1,False,4999.999999999999,4999.999999999999,-9.094947017729282e-13
组3,row_literal,449,组3_row_literal_P0447,cannot_reconstruct,1,False,2649.4309333865003,2649.4309333865003,-2350.5690666134997
组3,row_literal,450,组3_row_literal_P0448,cannot_reconstruct,1,False,2941.6121968543225,2941.6121968543225,-2058.3878031456775
组3,row_literal,451,组3_row_literal_P0449,cannot_reconstruct,1,False,4129.572616251495,4129.572616251495,-870.4273837485052
组3,row_literal,452,组3_row_literal_P0450,cannot_reconstruct,1,False,2502.8717515086646,2502.8717515086646,-2497.1282484913354
组3,row_literal,453,组3_row_literal_P0451,cannot_reconstruct,1,False,4102.121975584744,4102.121975584744,-897.8780244152558
组3,row_literal,454,组3_row_literal_P0452,cannot_reconstruct,1,False,2502.401723621623,2502.401723621623,-2497.598276378377
组3,row_literal,455,组3_row_literal_P0453,unique,1,False,4999.999999999995,4999.999999999995,-4.547473508864641e-12
组3,row_literal,456,组3_row_literal_P0454,cannot_reconstruct,1,False,2782.1878034516976,2782.1878034516976,-2217.8121965483024
组3,row_literal,457,组3_row_literal_P0455,cannot_reconstruct,1,False,3440.247662985558,3440.247662985558,-1559.7523370144422
组3,row_literal,458,组3_row_literal_P0456,cannot_reconstruct,1,False,2502.159055394932,2502.159055394932,-2497.840944605068
组3,row_literal,459,组3_row_literal_P0457,cannot_reconstruct,1,False,3859.9726823380142,3859.9726823380142,-1140.0273176619858
组3,row_literal,460,组3_row_literal_P0458,cannot_reconstruct,1,False,2329.6597781678,2329.6597781678,-2670.3402218322
组3,row_literal,461,组3_row_literal_P0459,cannot_reconstruct,1,False,4188.032759434987,4188.032759434987,-811.9672405650126
组3,row_literal,462,组3_row_literal_P0460,unique,1,False,4999.999999999997,4999.999999999997,-2.7284841053187847e-12
组3,row_literal,463,组3_row_literal_P0461,cannot_reconstruct,1,False,2314.323971241903,2314.323971241903,-2685.676028758097
组3,row_literal,464,组3_row_literal_P0462,cannot_reconstruct,1,False,3528.776845804104,3528.776845804104,-1471.2231541958959
组3,row_literal,465,组3_row_literal_P0463,cannot_reconstruct,1,False,2424.224704041175,2424.224704041175,-2575.775295958825
组3,row_literal,466,组3_row_literal_P0464,cannot_reconstruct,1,False,2694.2257957881316,2694.2257957881316,-2305.7742042118684
组3,row_literal,467,组3_row_literal_P0465,cannot_reconstruct,1,False,1478.200236873179,1478.200236873179,-3521.799763126821
组3,row_literal,468,组3_row_literal_P0466,cannot_reconstruct,1,False,2280.396093655127,2280.396093655127,-2719.603906344873
组3,row_literal,469,组3_row_literal_P0467,cannot_reconstruct,1,False,4353.8720748126725,4353.8720748126725,-646.1279251873275
组3,row_literal,470,组3_row_literal_P0468,unique,1,False,5000.000000000002,5000.000000000002,1.8189894035458565e-12
组3,row_literal,471,组3_row_literal_P0469,cannot_reconstruct,1,False,2288.399559897471,2288.399559897471,-2711.600440102529
组3,row_literal,472,组3_row_literal_P0470,cannot_reconstruct,1,False,2283.004379469374,2283.004379469374,-2716.995620530626
组3,row_literal,473,组3_row_literal_P0471,cannot_reconstruct,1,False,2437.3543625018033,2437.3543625018033,-2562.6456374981967
组3,row_literal,474,组3_row_literal_P0472,cannot_reconstruct,1,False,3833.5310053282133,3833.5310053282133,-1166.4689946717867
组3,row_literal,475,组3_row_literal_P0473,cannot_reconstruct,1,False,1894.7135346389393,1894.7135346389393,-3105.2864653610604
组3,row_literal,476,组3_row_literal_P0474,cannot_reconstruct,1,False,939.722531126788,939.722531126788,-4060.277468873212
组3,row_literal,477,组3_row_literal_P0475,cannot_reconstruct,1,False,897.8780244152508,897.8780244152508,-4102.121975584749
组3,row_literal,478,组3_row_literal_P0476,cannot_reconstruct,1,False,4632.089965435156,4632.089965435156,-367.91003456484395
组3,row_literal,479,组3_row_literal_P0477,cannot_reconstruct,1,False,1808.2593394985577,1808.2593394985577,-3191.740660501442
组3,row_literal,480,组3_row_literal_P0478,cannot_reconstruct,1,False,2118.5863119060564,2118.5863119060564,-2881.4136880939436
组3,row_literal,481,组3_row_literal_P0479,cannot_reconstruct,1,False,1887.0545979477754,1887.0545979477754,-3112.9454020522244
组3,row_literal,482,组3_row_literal_P0480,cannot_reconstruct,1,False,2234.711938151593,2234.711938151593,-2765.288061848407
组3,row_literal,483,组3_row_literal_P0481,cannot_reconstruct,1,False,1923.2125430142432,1923.2125430142432,-3076.7874569857568
组3,row_literal,484,组3_row_literal_P0482,cannot_reconstruct,1,False,1897.5950308470324,1897.5950308470324,-3102.4049691529676
组3,row_literal,485,组3_row_literal_P0483,cannot_reconstruct,1,False,4630.178246958217,4630.178246958217,-369.82175304178327
组3,row_literal,486,组3_row_literal_P0484,unique,1,False,4999.999999999999,4999.999999999999,-9.094947017729282e-13
组3,row_literal,487,组3_row_literal_P0485,cannot_reconstruct,1,False,1557.9075663505832,1557.9075663505832,-3442.0924336494168
组3,row_literal,488,组3_row_literal_P0486,cannot_reconstruct,1,False,3177.8610531944323,3177.8610531944323,-1822.1389468055677
组3,row_literal,489,组3_row_literal_P0487,unique,1,False,5000.000000000002,5000.000000000002,1.8189894035458565e-12
组3,row_literal,490,组3_row_literal_P0488,cannot_reconstruct,1,False,1595.64251519556,1595.64251519556,-3404.35748480444
组3,row_literal,491,组3_row_literal_P0489,cannot_reconstruct,1,False,1673.946974849876,1673.946974849876,-3326.053025150124
组3,row_literal,492,组3_row_literal_P0490,cannot_reconstruct,1,False,1490.0694209549522,1490.0694209549522,-3509.930579045048
组3,row_literal,493,组3_row_literal_P0491,cannot_reconstruct,1,False,1567.7440851839324,1567.7440851839324,-3432.2559148160676
组3,row_literal,494,组3_row_literal_P0492,cannot_reconstruct,1,False,1086.3789717185152,1086.3789717185152,-3913.6210282814845
组3,row_literal,495,组3_row_literal_P0493,cannot_reconstruct,1,False,3105.286465361068,3105.286465361068,-1894.7135346389318
组3,row_literal,496,组3_row_literal_P0494,cannot_reconstruct,1,False,3913.6210282814877,3913.6210282814877,-1086.3789717185123
组3,row_literal,497,组3_row_literal_P0495,cannot_reconstruct,1,False,646.127925187326,646.127925187326,-4353.872074812674
组3,row_literal,498,组3_row_literal_P0496,cannot_reconstruct,1,False,1512.8927458772378,1512.8927458772378,-3487.1072541227622
组3,row_literal,499,组3_row_literal_P0497,cannot_reconstruct,1,False,1649.9399333492845,1649.9399333492845,-3350.0600666507153
组3,row_literal,500,组3_row_literal_P0498,cannot_reconstruct,1,False,1209.4882364858133,1209.4882364858133,-3790.511763514187
组3,row_literal,501,组3_row_literal_P0499,cannot_reconstruct,1,False,1148.587332831526,1148.587332831526,-3851.412667168474
组3,row_literal,502,组3_row_literal_P0500,cannot_reconstruct,1,False,1639.9534796227301,1639.9534796227301,-3360.04652037727
组3,row_literal,503,组3_row_literal_P0501,cannot_reconstruct,1,False,1600.1422819596492,1600.1422819596492,-3399.857718040351
组3,row_literal,504,组3_row_literal_P0502,cannot_reconstruct,1,False,1141.4659969434003,1141.4659969434003,-3858.5340030565994
组3,row_literal,505,组3_row_literal_P0503,cannot_reconstruct,1,False,1181.6163366639175,1181.6163366639175,-3818.3836633360825
组3,row_literal,506,组3_row_literal_P0504,cannot_reconstruct,1,False,1288.4445725997384,1288.4445725997384,-3711.5554274002616
组3,row_literal,507,组3_row_literal_P0505,cannot_reconstruct,1,False,1463.4585628563148,1463.4585628563148,-3536.5414371436855
组3,row_literal,508,组3_row_literal_P0506,cannot_reconstruct,1,False,1034.2750195295885,1034.2750195295885,-3965.7249804704115
组3,row_literal,509,组3_row_literal_P0507,cannot_reconstruct,1,False,1031.106330167762,1031.106330167762,-3968.8936698322377
组3,row_literal,510,组3_row_literal_P0508,cannot_reconstruct,1,False,1571.8276675395848,1571.8276675395848,-3428.1723324604154
组3,row_literal,511,组3_row_literal_P0509,cannot_reconstruct,1,False,1065.530295076317,1065.530295076317,-3934.469704923683
组3,row_literal,512,组3_row_literal_P0510,cannot_reconstruct,1,False,2091.0662606991473,2091.0662606991473,-2908.9337393008527
组3,row_literal,513,组3_row_literal_P0511,cannot_reconstruct,1,False,1308.6446412901114,1308.6446412901114,-3691.3553587098886
组3,row_literal,514,组3_row_literal_P0512,cannot_reconstruct,1,False,963.4633560578999,963.4633560578999,-4036.5366439421
组3,row_literal,515,组3_row_literal_P0513,cannot_reconstruct,1,False,1261.8822665031953,1261.8822665031953,-3738.1177334968047
组3,row_literal,516,组3_row_literal_P0514,cannot_reconstruct,1,False,911.2920160898221,911.2920160898221,-4088.707983910178
组3,row_literal,517,组3_row_literal_P0515,cannot_reconstruct,1,False,1274.208913341847,1274.208913341847,-3725.7910866581533
组3,row_literal,518,组3_row_literal_P0516,cannot_reconstruct,1,False,806.4815315175736,806.4815315175736,-4193.518468482426
组3,row_literal,519,组3_row_literal_P0517,cannot_reconstruct,1,False,907.5096941216952,907.5096941216952,-4092.4903058783048
组3,row_literal,520,组3_row_literal_P0518,cannot_reconstruct,1,False,584.9863271552862,584.9863271552862,-4415.013672844714
组3,row_literal,521,组3_row_literal_P0519,cannot_reconstruct,1,False,911.9697972725472,911.9697972725472,-4088.030202727453
组3,row_literal,522,组3_row_literal_P0520,cannot_reconstruct,1,False,1549.9560399432416,1549.9560399432416,-3450.0439600567584
组3,row_literal,523,组3_row_literal_P0521,cannot_reconstruct,1,False,1334.3157331742616,1334.3157331742616,-3665.6842668257386
组3,row_literal,524,组3_row_literal_P0522,cannot_reconstruct,1,False,1136.354228690524,1136.354228690524,-3863.645771309476
组3,row_literal,525,组3_row_literal_P0523,cannot_reconstruct,1,False,679.3351347660835,679.3351347660835,-4320.664865233916
组3,row_literal,526,组3_row_literal_P0524,cannot_reconstruct,1,False,2784.275127449994,2784.275127449994,-2215.724872550006
组3,row_literal,527,组3_row_literal_P0525,cannot_reconstruct,1,False,657.818778121276,657.818778121276,-4342.181221878724
组3,row_literal,528,组3_row_literal_P0526,cannot_reconstruct,1,False,616.1163991037306,616.1163991037306,-4383.88360089627
组3,row_literal,529,组3_row_literal_P0527,cannot_reconstruct,1,False,749.3383151309848,749.3383151309848,-4250.6616848690155
组3,row_literal,530,组3_row_literal_P0528,cannot_reconstruct,1,False,608.784304055118,608.784304055118,-4391.215695944882
组3,row_literal,531,组3_row_literal_P0529,cannot_reconstruct,1,False,1722.1376649752563,1722.1376649752563,-3277.8623350247435
组3,row_literal,532,组3_row_literal_P0530,cannot_reconstruct,1,False,831.3400446949393,831.3400446949393,-4168.659955305061
组3,row_literal,533,组3_row_literal_P0531,cannot_reconstruct,1,False,1587.2821123753622,1587.2821123753622,-3412.717887624638
组3,row_literal,534,组3_row_literal_P0532,cannot_reconstruct,1,False,914.3728724570187,914.3728724570187,-4085.6271275429813
组3,row_literal,535,组3_row_literal_P0533,cannot_reconstruct,1,False,1184.477710304743,1184.477710304743,-3815.5222896952573
组3,row_literal,536,组3_row_literal_P0534,cannot_reconstruct,1,False,525.6973820490682,525.6973820490682,-4474.302617950932
组3,row_literal,537,组3_row_literal_P0535,cannot_reconstruct,1,False,577.2036780348648,577.2036780348648,-4422.796321965136
组3,full_cube_periodic,3,组3_full_cube_periodic_P0001,cannot_reconstruct,1,False,4874.807153360126,4874.807153360126,-125.192846639874
组3,full_cube_periodic,4,组3_full_cube_periodic_P0002,unique,1,True,3536.541437143679,4999.999999999994,-6.366462912410498e-12
组3,full_cube_periodic,507,组3_full_cube_periodic_P0002,unique,2,True,1463.4585628563148,4999.999999999994,-6.366462912410498e-12
组3,full_cube_periodic,5,组3_full_cube_periodic_P0003,cannot_reconstruct,1,False,1779.052636984073,1779.052636984073,-3220.9473630159273
组3,full_cube_periodic,6,组3_full_cube_periodic_P0004,unique,1,True,1478.0691391314886,4999.999999999993,-7.275957614183426e-12
组3,full_cube_periodic,422,组3_full_cube_periodic_P0004,unique,3,True,1926.2883456729444,4999.999999999993,-7.275957614183426e-12
组3,full_cube_periodic,490,组3_full_cube_periodic_P0004,unique,2,True,1595.64251519556,4999.999999999993,-7.275957614183426e-12
组3,full_cube_periodic,7,组3_full_cube_periodic_P0005,unique,1,True,4422.796321965136,5000.0,0.0
组3,full_cube_periodic,537,组3_full_cube_periodic_P0005,unique,2,True,577.2036780348648,5000.0,0.0
组3,full_cube_periodic,8,组3_full_cube_periodic_P0006,unique,1,True,3442.092433649416,4999.999999999999,-9.094947017729282e-13
组3,full_cube_periodic,487,组3_full_cube_periodic_P0006,unique,2,True,1557.9075663505832,4999.999999999999,-9.094947017729282e-13
组3,full_cube_periodic,9,组3_full_cube_periodic_P0007,unique,1,True,2497.5982763783745,4999.999999999998,-1.8189894035458565e-12
组3,full_cube_periodic,454,组3_full_cube_periodic_P0007,unique,2,True,2502.401723621623,4999.999999999998,-1.8189894035458565e-12
组3,full_cube_periodic,10,组3_full_cube_periodic_P0008,unique,1,True,2497.1282484913363,5000.000000000001,9.094947017729282e-13
组3,full_cube_periodic,452,组3_full_cube_periodic_P0008,unique,2,True,2502.8717515086646,5000.000000000001,9.094947017729282e-13
组3,full_cube_periodic,11,组3_full_cube_periodic_P0009,unique,1,True,2904.010790879062,4999.999999999998,-1.8189894035458565e-12
组3,full_cube_periodic,505,组3_full_cube_periodic_P0009,unique,3,True,1181.6163366639175,4999.999999999998,-1.8189894035458565e-12
组3,full_cube_periodic,534,组3_full_cube_periodic_P0009,unique,2,True,914.3728724570187,4999.999999999998,-1.8189894035458565e-12
组3,full_cube_periodic,12,组3_full_cube_periodic_P0010,unique,1,True,4342.181221878726,5000.000000000002,1.8189894035458565e-12
组3,full_cube_periodic,527,组3_full_cube_periodic_P0010,unique,2,True,657.818778121276,5000.000000000002,1.8189894035458565e-12
组3,full_cube_periodic,13,组3_full_cube_periodic_P0011,unique,2,True,913.5151014276626,5000.000000000003,2.7284841053187847e-12
组3,full_cube_periodic,101,组3_full_cube_periodic_P0011,unique,1,True,1302.2097711223462,5000.000000000003,2.7284841053187847e-12
组3,full_cube_periodic,526,组3_full_cube_periodic_P0011,unique,3,True,2784.275127449994,5000.000000000003,2.7284841053187847e-12
组3,full_cube_periodic,14,组3_full_cube_periodic_P0012,unique,1,True,2060.382740381134,5000.000000000004,3.637978807091713e-12
组3,full_cube_periodic,442,组3_full_cube_periodic_P0012,unique,3,True,656.6128801494955,5000.000000000004,3.637978807091713e-12
组3,full_cube_periodic,472,组3_full_cube_periodic_P0012,unique,2,True,2283.004379469374,5000.000000000004,3.637978807091713e-12
组3,full_cube_periodic,15,组3_full_cube_periodic_P0013,cannot_reconstruct,1,False,4528.159142474385,4528.159142474385,-471.8408575256153
组3,full_cube_periodic,16,组3_full_cube_periodic_P0014,unique,1,True,3509.930579045047,4999.999999999999,-9.094947017729282e-13
组3,full_cube_periodic,492,组3_full_cube_periodic_P0014,unique,2,True,1490.0694209549522,4999.999999999999,-9.094947017729282e-13
组3,full_cube_periodic,17,组3_full_cube_periodic_P0015,unique,1,True,804.9025853004582,5000.000000000002,1.8189894035458565e-12
组3,full_cube_periodic,395,组3_full_cube_periodic_P0015,unique,2,True,4195.097414699544,5000.000000000002,1.8189894035458565e-12
组3,full_cube_periodic,18,组3_full_cube_periodic_P0016,unique,1,True,2497.840944605064,4999.999999999996,-3.637978807091713e-12
组3,full_cube_periodic,458,组3_full_cube_periodic_P0016,unique,2,True,2502.159055394932,4999.999999999996,-3.637978807091713e-12
组3,full_cube_periodic,19,组3_full_cube_periodic_P0017,unique,1,True,981.387976262608,5000.000000000002,1.8189894035458565e-12
组3,full_cube_periodic,400,组3_full_cube_periodic_P0017,unique,2,True,4018.6120237373934,5000.000000000002,1.8189894035458565e-12
组3,full_cube_periodic,20,组3_full_cube_periodic_P0018,unique,1,True,1471.223154195896,5000.0,0.0
组3,full_cube_periodic,464,组3_full_cube_periodic_P0018,unique,2,True,3528.776845804104,5000.0,0.0
组3,full_cube_periodic,21,组3_full_cube_periodic_P0019,unique,1,True,882.4164156787766,4999.999999999997,-2.7284841053187847e-12
组3,full_cube_periodic,476,组3_full_cube_periodic_P0019,unique,3,True,939.722531126788,4999.999999999997,-2.7284841053187847e-12
组3,full_cube_periodic,488,组3_full_cube_periodic_P0019,unique,2,True,3177.8610531944323,4999.999999999997,-2.7284841053187847e-12
组3,full_cube_periodic,22,组3_full_cube_periodic_P0020,unique,1,True,1840.460384963259,4999.999999999999,-9.094947017729282e-13
组3,full_cube_periodic,445,组3_full_cube_periodic_P0020,unique,2,True,3159.53961503674,4999.999999999999,-9.094947017729282e-13
组3,full_cube_periodic,23,组3_full_cube_periodic_P0021,unique,1,True,3191.740660501443,5000.000000000001,9.094947017729282e-13
组3,full_cube_periodic,479,组3_full_cube_periodic_P0021,unique,2,True,1808.2593394985577,5000.000000000001,9.094947017729282e-13
组3,full_cube_periodic,24,组3_full_cube_periodic_P0022,unique,1,True,2765.288061848407,5000.0,0.0
组3,full_cube_periodic,482,组3_full_cube_periodic_P0022,unique,2,True,2234.711938151593,5000.0,0.0
组3,full_cube_periodic,25,组3_full_cube_periodic_P0023,unique,1,True,3450.0439600567543,4999.999999999996,-3.637978807091713e-12
组3,full_cube_periodic,522,组3_full_cube_periodic_P0023,unique,2,True,1549.9560399432416,4999.999999999996,-3.637978807091713e-12
组3,full_cube_periodic,26,组3_full_cube_periodic_P0024,unique,1,True,3815.52228969526,5000.000000000003,2.7284841053187847e-12
组3,full_cube_periodic,535,组3_full_cube_periodic_P0024,unique,2,True,1184.477710304743,5000.000000000003,2.7284841053187847e-12
组3,full_cube_periodic,27,组3_full_cube_periodic_P0025,unique,1,True,3665.68426682574,5000.000000000002,1.8189894035458565e-12
组3,full_cube_periodic,523,组3_full_cube_periodic_P0025,unique,2,True,1334.3157331742616,5000.000000000002,1.8189894035458565e-12
组3,full_cube_periodic,28,组3_full_cube_periodic_P0026,unique,1,True,4474.302617950936,5000.000000000005,4.547473508864641e-12
组3,full_cube_periodic,536,组3_full_cube_periodic_P0026,unique,2,True,525.6973820490682,5000.000000000005,4.547473508864641e-12
组3,full_cube_periodic,29,组3_full_cube_periodic_P0027,unique,1,True,2305.77420421187,5000.000000000002,1.8189894035458565e-12
组3,full_cube_periodic,466,组3_full_cube_periodic_P0027,unique,2,True,2694.2257957881316,5000.000000000002,1.8189894035458565e-12
组3,full_cube_periodic,30,组3_full_cube_periodic_P0028,unique,1,True,4036.5366439420955,4999.999999999995,-4.547473508864641e-12
组3,full_cube_periodic,514,组3_full_cube_periodic_P0028,unique,2,True,963.4633560578999,4999.999999999995,-4.547473508864641e-12
组3,full_cube_periodic,31,组3_full_cube_periodic_P0029,unique,1,True,3711.5554274002566,4999.9999999999945,-5.4569682106375694e-12
组3,full_cube_periodic,506,组3_full_cube_periodic_P0029,unique,2,True,1288.4445725997384,4999.9999999999945,-5.4569682106375694e-12
组3,full_cube_periodic,32,组3_full_cube_periodic_P0030,unique,1,True,831.6354537618065,4999.999999999998,-1.8189894035458565e-12
组3,full_cube_periodic,383,组3_full_cube_periodic_P0030,unique,2,True,4168.364546238192,4999.999999999998,-1.8189894035458565e-12
组3,full_cube_periodic,33,组3_full_cube_periodic_P0031,unique,1,True,3277.8623350247467,5000.000000000003,2.7284841053187847e-12
组3,full_cube_periodic,531,组3_full_cube_periodic_P0031,unique,2,True,1722.1376649752563,5000.000000000003,2.7284841053187847e-12
组3,full_cube_periodic,34,组3_full_cube_periodic_P0032,unique,1,True,3934.469704923681,4999.999999999998,-1.8189894035458565e-12
组3,full_cube_periodic,511,组3_full_cube_periodic_P0032,unique,2,True,1065.530295076317,4999.999999999998,-1.8189894035458565e-12
组3,full_cube_periodic,35,组3_full_cube_periodic_P0033,unique,1,True,3432.2559148160726,5000.0000000000055,5.4569682106375694e-12
组3,full_cube_periodic,493,组3_full_cube_periodic_P0033,unique,2,True,1567.7440851839324,5000.0000000000055,5.4569682106375694e-12
组3,full_cube_periodic,36,组3_full_cube_periodic_P0034,unique,1,True,3965.7249804704193,5000.000000000007,7.275957614183426e-12
组3,full_cube_periodic,508,组3_full_cube_periodic_P0034,unique,2,True,1034.2750195295885,5000.000000000007,7.275957614183426e-12
组3,full_cube_periodic,37,组3_full_cube_periodic_P0035,unique,1,True,3102.4049691529685,5000.000000000001,9.094947017729282e-13
组3,full_cube_periodic,484,组3_full_cube_periodic_P0035,unique,2,True,1897.5950308470324,5000.000000000001,9.094947017729282e-13
组3,full_cube_periodic,38,组3_full_cube_periodic_P0036,unique,1,True,4168.659955305062,5000.000000000001,9.094947017729282e-13
组3,full_cube_periodic,532,组3_full_cube_periodic_P0036,unique,2,True,831.3400446949393,5000.000000000001,9.094947017729282e-13
组3,full_cube_periodic,39,组3_full_cube_periodic_P0037,unique,2,True,1075.0919356239763,4999.999999999997,-2.7284841053187847e-12
组3,full_cube_periodic,144,组3_full_cube_periodic_P0037,unique,1,True,1487.553701874218,4999.999999999997,-2.7284841053187847e-12
组3,full_cube_periodic,473,组3_full_cube_periodic_P0037,unique,3,True,2437.3543625018033,4999.999999999997,-2.7284841053187847e-12
组3,full_cube_periodic,40,组3_full_cube_periodic_P0038,unique,1,True,561.7183048111525,4999.999999999992,-8.185452315956354e-12
组3,full_cube_periodic,430,组3_full_cube_periodic_P0038,unique,2,True,4438.281695188839,4999.999999999992,-8.185452315956354e-12
组3,full_cube_periodic,41,组3_full_cube_periodic_P0039,unique,2,True,811.0214235042997,4999.999999999993,-7.275957614183426e-12
组3,full_cube_periodic,135,组3_full_cube_periodic_P0039,unique,1,True,3580.1942724405753,4999.999999999993,-7.275957614183426e-12
组3,full_cube_periodic,530,组3_full_cube_periodic_P0039,unique,3,True,608.784304055118,4999.999999999993,-7.275957614183426e-12
组3,full_cube_periodic,42,组3_full_cube_periodic_P0040,unique,1,True,2217.8121965483037,5000.000000000002,1.8189894035458565e-12
组3,full_cube_periodic,456,组3_full_cube_periodic_P0040,unique,2,True,2782.1878034516976,5000.000000000002,1.8189894035458565e-12
组3,full_cube_periodic,43,组3_full_cube_periodic_P0041,unique,1,True,4193.518468482424,4999.999999999998,-1.8189894035458565e-12
组3,full_cube_periodic,518,组3_full_cube_periodic_P0041,unique,2,True,806.4815315175736,4999.999999999998,-1.8189894035458565e-12
组3,full_cube_periodic,44,组3_full_cube_periodic_P0042,unique,1,True,1222.5803393993835,5000.0,0.0
组3,full_cube_periodic,405,组3_full_cube_periodic_P0042,unique,2,True,3777.4196606006167,5000.0,0.0
组3,full_cube_periodic,45,组3_full_cube_periodic_P0043,unique,1,True,1570.7107564586443,5000.0,0.0
组3,full_cube_periodic,421,组3_full_cube_periodic_P0043,unique,2,True,3429.289243541356,5000.0,0.0
组3,full_cube_periodic,46,组3_full_cube_periodic_P0044,unique,1,True,1001.7754394470295,4999.999999999999,-9.094947017729282e-13
组3,full_cube_periodic,428,组3_full_cube_periodic_P0044,unique,3,True,674.319202673029,4999.999999999999,-9.094947017729282e-13
组3,full_cube_periodic,447,组3_full_cube_periodic_P0044,unique,2,True,3323.9053578799403,4999.999999999999,-9.094947017729282e-13
组3,full_cube_periodic,47,组3_full_cube_periodic_P0045,unique,1,True,2719.6039063448707,4999.999999999998,-1.8189894035458565e-12
组3,full_cube_periodic,468,组3_full_cube_periodic_P0045,unique,2,True,2280.396093655127,4999.999999999998,-1.8189894035458565e-12
组3,full_cube_periodic,48,组3_full_cube_periodic_P0046,unique,1,True,1133.8748542010278,4999.999999999999,-9.094947017729282e-13
组3,full_cube_periodic,404,组3_full_cube_periodic_P0046,unique,2,True,3866.125145798971,4999.999999999999,-9.094947017729282e-13
组3,full_cube_periodic,49,组3_full_cube_periodic_P0047,unique,1,True,1521.2992147504362,4999.999999999998,-1.8189894035458565e-12
组3,full_cube_periodic,418,组3_full_cube_periodic_P0047,unique,2,True,3478.7007852495617,4999.999999999998,-1.8189894035458565e-12
组3,full_cube_periodic,50,组3_full_cube_periodic_P0048,unique,2,True,1869.0236159136484,4999.999999999999,-9.094947017729282e-13
组3,full_cube_periodic,171,组3_full_cube_periodic_P0048,unique,1,True,1207.7638410721072,4999.999999999999,-9.094947017729282e-13
组3,full_cube_periodic,483,组3_full_cube_periodic_P0048,unique,3,True,1923.2125430142432,4999.999999999999,-9.094947017729282e-13
组3,full_cube_periodic,51,组3_full_cube_periodic_P0049,cannot_reconstruct,1,False,4990.28278053823,4990.28278053823,-9.717219461769673
组3,full_cube_periodic,52,组3_full_cube_periodic_P0050,unique,1,True,3790.511763514181,4999.9999999999945,-5.4569682106375694e-12
组3,full_cube_periodic,500,组3_full_cube_periodic_P0050,unique,2,True,1209.4882364858133,4999.9999999999945,-5.4569682106375694e-12
组3,full_cube_periodic,53,组3_full_cube_periodic_P0051,unique,1,True,1166.4689946717895,5000.000000000003,2.7284841053187847e-12
组3,full_cube_periodic,474,组3_full_cube_periodic_P0051,unique,2,True,3833.5310053282133,5000.000000000003,2.7284841053187847e-12
组3,full_cube_periodic,54,组3_full_cube_periodic_P0052,cannot_reconstruct,1,False,4658.088761177963,4658.088761177963,-341.9112388220374
组3,full_cube_periodic,55,组3_full_cube_periodic_P0053,unique,1,True,3360.0465203772746,5000.000000000005,4.547473508864641e-12
组3,full_cube_periodic,502,组3_full_cube_periodic_P0053,unique,2,True,1639.9534796227301,5000.000000000005,4.547473508864641e-12
组3,full_cube_periodic,56,组3_full_cube_periodic_P0054,unique,1,True,2350.5690666134938,4999.9999999999945,-5.4569682106375694e-12
组3,full_cube_periodic,449,组3_full_cube_periodic_P0054,unique,2,True,2649.4309333865003,4999.9999999999945,-5.4569682106375694e-12
组3,full_cube_periodic,57,组3_full_cube_periodic_P0055,unique,1,True,3112.9454020522185,4999.999999999994,-6.366462912410498e-12
组3,full_cube_periodic,481,组3_full_cube_periodic_P0055,unique,2,True,1887.0545979477754,4999.999999999994,-6.366462912410498e-12
组3,full_cube_periodic,58,组3_full_cube_periodic_P0056,unique,2,True,527.6768003198009,5000.000000000003,2.7284841053187847e-12
组3,full_cube_periodic,112,组3_full_cube_periodic_P0056,unique,1,True,1080.1204359450621,5000.000000000003,2.7284841053187847e-12
组3,full_cube_periodic,437,组3_full_cube_periodic_P0056,unique,3,True,3392.2027637351393,5000.000000000003,2.7284841053187847e-12
组3,full_cube_periodic,59,组3_full_cube_periodic_P0057,unique,1,True,3858.5340030565994,5000.0,0.0
组3,full_cube_periodic,504,组3_full_cube_periodic_P0057,unique,2,True,1141.4659969434003,5000.0,0.0
组3,full_cube_periodic,60,组3_full_cube_periodic_P0058,unique,1,True,1835.0289031984546,5000.000000000006,6.366462912410498e-12
组3,full_cube_periodic,431,组3_full_cube_periodic_P0058,unique,2,True,3164.971096801552,5000.000000000006,6.366462912410498e-12
组3,full_cube_periodic,61,组3_full_cube_periodic_P0059,unique,1,True,3851.4126671684735,5000.0,0.0
组3,full_cube_periodic,501,组3_full_cube_periodic_P0059,unique,2,True,1148.587332831526,5000.0,0.0
组3,full_cube_periodic,62,组3_full_cube_periodic_P0060,unique,1,True,3412.7178876246353,4999.999999999997,-2.7284841053187847e-12
组3,full_cube_periodic,533,组3_full_cube_periodic_P0060,unique,2,True,1587.2821123753622,4999.999999999997,-2.7284841053187847e-12
组3,full_cube_periodic,63,组3_full_cube_periodic_P0061,unique,1,True,3968.893669832232,4999.999999999994,-6.366462912410498e-12
组3,full_cube_periodic,509,组3_full_cube_periodic_P0061,unique,2,True,1031.106330167762,4999.999999999994,-6.366462912410498e-12
组3,full_cube_periodic,64,组3_full_cube_periodic_P0062,unique,1,True,2685.6760287580933,4999.999999999996,-3.637978807091713e-12
组3,full_cube_periodic,463,组3_full_cube_periodic_P0062,unique,2,True,2314.323971241903,4999.999999999996,-3.637978807091713e-12
组3,full_cube_periodic,65,组3_full_cube_periodic_P0063,cannot_reconstruct,1,False,4993.537514137639,4993.537514137639,-6.4624858623610635
组3,full_cube_periodic,66,组3_full_cube_periodic_P0064,cannot_reconstruct,1,False,4041.1373501089392,4041.1373501089392,-958.8626498910608
组3,full_cube_periodic,67,组3_full_cube_periodic_P0065,unique,1,True,3350.0600666507207,5000.0000000000055,5.4569682106375694e-12
组3,full_cube_periodic,499,组3_full_cube_periodic_P0065,unique,2,True,1649.9399333492845,5000.0000000000055,5.4569682106375694e-12
组3,full_cube_periodic,68,组3_full_cube_periodic_P0066,unique,1,True,1051.9335501859841,5000.0,0.0
组3,full_cube_periodic,446,组3_full_cube_periodic_P0066,unique,2,True,3948.0664498140163,5000.0,0.0
组3,full_cube_periodic,69,组3_full_cube_periodic_P0067,cannot_reconstruct,1,False,4794.642353041769,4794.642353041769,-205.35764695823127
组3,full_cube_periodic,70,组3_full_cube_periodic_P0068,unique,1,True,4092.4903058783066,5000.000000000002,1.8189894035458565e-12
组3,full_cube_periodic,519,组3_full_cube_periodic_P0068,unique,2,True,907.5096941216952,5000.000000000002,1.8189894035458565e-12
组3,full_cube_periodic,71,组3_full_cube_periodic_P0069,unique,1,True,703.6578416292421,4999.999999999998,-1.8189894035458565e-12
组3,full_cube_periodic,376,组3_full_cube_periodic_P0069,unique,2,True,4296.342158370756,4999.999999999998,-1.8189894035458565e-12
组3,full_cube_periodic,72,组3_full_cube_periodic_P0070,unique,1,True,3863.6457713094705,4999.9999999999945,-5.4569682106375694e-12
组3,full_cube_periodic,524,组3_full_cube_periodic_P0070,unique,2,True,1136.354228690524,4999.9999999999945,-5.4569682106375694e-12
组3,full_cube_periodic,73,组3_full_cube_periodic_P0071,unique,1,True,2881.413688093943,5000.0,0.0
组3,full_cube_periodic,480,组3_full_cube_periodic_P0071,unique,2,True,2118.5863119060564,5000.0,0.0
组3,full_cube_periodic,74,组3_full_cube_periodic_P0072,unique,1,True,3326.053025150123,4999.999999999999,-9.094947017729282e-13
组3,full_cube_periodic,491,组3_full_cube_periodic_P0072,unique,2,True,1673.946974849876,4999.999999999999,-9.094947017729282e-13
组3,full_cube_periodic,75,组3_full_cube_periodic_P0073,cannot_reconstruct,1,False,4593.515484953657,4593.515484953657,-406.4845150463434
组3,full_cube_periodic,76,组3_full_cube_periodic_P0074,unique,1,True,690.7110208664845,4999.999999999995,-4.547473508864641e-12
组3,full_cube_periodic,388,组3_full_cube_periodic_P0074,unique,2,True,4309.288979133511,4999.999999999995,-4.547473508864641e-12
组3,full_cube_periodic,77,组3_full_cube_periodic_P0075,unique,1,True,3725.7910866581533,5000.0,0.0
组3,full_cube_periodic,517,组3_full_cube_periodic_P0075,unique,2,True,1274.208913341847,5000.0,0.0
组3,full_cube_periodic,78,组3_full_cube_periodic_P0076,unique,2,True,2952.028245508109,4999.999999999998,-1.8189894035458565e-12
组3,full_cube_periodic,211,组3_full_cube_periodic_P0076,unique,1,True,1136.001957219342,4999.999999999998,-1.8189894035458565e-12
组3,full_cube_periodic,521,组3_full_cube_periodic_P0076,unique,3,True,911.9697972725472,4999.999999999998,-1.8189894035458565e-12
组3,full_cube_periodic,79,组3_full_cube_periodic_P0077,unique,1,True,4320.664865233921,5000.000000000005,4.547473508864641e-12
组3,full_cube_periodic,525,组3_full_cube_periodic_P0077,unique,2,True,679.3351347660835,5000.000000000005,4.547473508864641e-12
组3,full_cube_periodic,80,组3_full_cube_periodic_P0078,unique,1,True,919.4071165032985,5000.000000000005,4.547473508864641e-12
组3,full_cube_periodic,390,组3_full_cube_periodic_P0078,unique,2,True,4080.5928834967062,5000.000000000005,4.547473508864641e-12
组3,full_cube_periodic,81,组3_full_cube_periodic_P0079,unique,1,True,3399.8577180403504,5000.0,0.0
组3,full_cube_periodic,503,组3_full_cube_periodic_P0079,unique,2,True,1600.1422819596492,5000.0,0.0
组3,full_cube_periodic,82,组3_full_cube_periodic_P0080,cannot_reconstruct,1,True,771.300909264929,4856.597619164352,-143.40238083564782
组3,full_cube_periodic,443,组3_full_cube_periodic_P0080,cannot_reconstruct,2,True,4085.296709899423,4856.597619164352,-143.40238083564782
组3,full_cube_periodic,83,组3_full_cube_periodic_P0081,unique,2,True,1870.0005292357725,4999.999999999993,-7.275957614183426e-12
组3,full_cube_periodic,141,组3_full_cube_periodic_P0081,unique,1,True,1038.933210065073,4999.999999999993,-7.275957614183426e-12
组3,full_cube_periodic,512,组3_full_cube_periodic_P0081,unique,3,True,2091.0662606991473,4999.999999999993,-7.275957614183426e-12
组3,full_cube_periodic,84,组3_full_cube_periodic_P0082,unique,1,True,811.9672405650101,4999.999999999997,-2.7284841053187847e-12
组3,full_cube_periodic,461,组3_full_cube_periodic_P0082,unique,2,True,4188.032759434987,4999.999999999997,-2.7284841053187847e-12
组3,full_cube_periodic,85,组3_full_cube_periodic_P0083,unique,1,True,2575.775295958822,4999.999999999996,-3.637978807091713e-12
组3,full_cube_periodic,465,组3_full_cube_periodic_P0083,unique,2,True,2424.224704041175,4999.999999999996,-3.637978807091713e-12
组3,full_cube_periodic,86,组3_full_cube_periodic_P0084,unique,1,True,4088.707983910174,4999.999999999996,-3.637978807091713e-12
组3,full_cube_periodic,516,组3_full_cube_periodic_P0084,unique,2,True,911.2920160898221,4999.999999999996,-3.637978807091713e-12
组3,full_cube_periodic,87,组3_full_cube_periodic_P0085,unique,2,True,1668.3304045978007,5000.0,0.0
组3,full_cube_periodic,148,组3_full_cube_periodic_P0085,unique,1,True,1759.841927862615,5000.0,0.0
组3,full_cube_periodic,510,组3_full_cube_periodic_P0085,unique,3,True,1571.8276675395848,5000.0,0.0
组3,full_cube_periodic,88,组3_full_cube_periodic_P0086,cannot_reconstruct,1,True,3595.476948190313,4904.1215894804245,-95.87841051957548
组3,full_cube_periodic,513,组3_full_cube_periodic_P0086,cannot_reconstruct,2,True,1308.6446412901114,4904.1215894804245,-95.87841051957548
组3,full_cube_periodic,89,组3_full_cube_periodic_P0087,unique,1,True,700.4031634580434,4999.999999999991,-9.094947017729282e-12
组3,full_cube_periodic,426,组3_full_cube_periodic_P0087,unique,3,True,3550.2585214109627,4999.999999999991,-9.094947017729282e-12
组3,full_cube_periodic,529,组3_full_cube_periodic_P0087,unique,2,True,749.3383151309848,4999.999999999991,-9.094947017729282e-12
组3,full_cube_periodic,90,组3_full_cube_periodic_P0088,cannot_reconstruct,2,True,827.2490177645481,4991.859649787965,-8.140350212034718
组3,full_cube_periodic,136,组3_full_cube_periodic_P0088,cannot_reconstruct,1,True,2651.7178861461794,4991.859649787965,-8.140350212034718
组3,full_cube_periodic,498,组3_full_cube_periodic_P0088,cannot_reconstruct,3,True,1512.8927458772378,4991.859649787965,-8.140350212034718
组3,full_cube_periodic,91,组3_full_cube_periodic_P0089,unique,1,True,2066.891848974567,5000.0000000000055,5.4569682106375694e-12
组3,full_cube_periodic,440,组3_full_cube_periodic_P0089,unique,3,True,644.708591127967,5000.0000000000055,5.4569682106375694e-12
组3,full_cube_periodic,471,组3_full_cube_periodic_P0089,unique,2,True,2288.399559897471,5000.0000000000055,5.4569682106375694e-12
组3,full_cube_periodic,92,组3_full_cube_periodic_P0090,unique,1,True,1594.678851040646,4999.999999999996,-3.637978807091713e-12
组3,full_cube_periodic,424,组3_full_cube_periodic_P0090,unique,2,True,3405.3211489593505,4999.999999999996,-3.637978807091713e-12
组3,full_cube_periodic,93,组3_full_cube_periodic_P0091,unique,2,True,661.2562181169345,4999.999999999997,-2.7284841053187847e-12
组3,full_cube_periodic,126,组3_full_cube_periodic_P0091,unique,1,True,3722.627382779332,4999.999999999997,-2.7284841053187847e-12
组3,full_cube_periodic,528,组3_full_cube_periodic_P0091,unique,3,True,616.1163991037306,4999.999999999997,-2.7284841053187847e-12
组3,full_cube_periodic,94,组3_full_cube_periodic_P0092,unique,1,False,3800.2541601701055,4999.999999999996,-3.637978807091713e-12
组3,full_cube_periodic,142,组3_full_cube_periodic_P0092,unique,2,False,1199.7458398298909,4999.999999999996,-3.637978807091713e-12
组3,full_cube_periodic,95,组3_full_cube_periodic_P0093,unique,1,False,4999.999999999997,4999.999999999997,-2.7284841053187847e-12
组3,full_cube_periodic,96,组3_full_cube_periodic_P0094,unique,1,False,4999.999999999997,4999.999999999997,-2.7284841053187847e-12
组3,full_cube_periodic,97,组3_full_cube_periodic_P0095,unique,1,False,4999.999999999999,4999.999999999999,-9.094947017729282e-13
组3,full_cube_periodic,98,组3_full_cube_periodic_P0096,unique,1,False,1531.4431755272144,4999.999999999996,-3.637978807091713e-12
组3,full_cube_periodic,123,组3_full_cube_periodic_P0096,unique,2,False,3468.5568244727824,4999.999999999996,-3.637978807091713e-12
组3,full_cube_periodic,99,组3_full_cube_periodic_P0097,unique,1,False,4999.999999999999,4999.999999999999,-9.094947017729282e-13
组3,full_cube_periodic,100,组3_full_cube_periodic_P0098,unique,1,False,5000.000000000005,5000.000000000005,4.547473508864641e-12
组3,full_cube_periodic,102,组3_full_cube_periodic_P0099,unique,1,False,4999.9999999999945,4999.9999999999945,-5.4569682106375694e-12
组3,full_cube_periodic,103,组3_full_cube_periodic_P0100,unique,1,False,4999.999999999998,4999.999999999998,-1.8189894035458565e-12
组3,full_cube_periodic,104,组3_full_cube_periodic_P0101,cannot_reconstruct,1,False,1190.150215079024,1190.150215079024,-3809.849784920976
组3,full_cube_periodic,105,组3_full_cube_periodic_P0102,unique,1,False,5000.0,5000.0,0.0
组3,full_cube_periodic,106,组3_full_cube_periodic_P0103,unique,1,False,3905.228272487582,4999.999999999997,-2.7284841053187847e-12
组3,full_cube_periodic,137,组3_full_cube_periodic_P0103,unique,2,False,1094.7717275124148,4999.999999999997,-2.7284841053187847e-12
组3,full_cube_periodic,107,组3_full_cube_periodic_P0104,unique,1,False,2910.8088956880915,5000.000000000004,3.637978807091713e-12
组3,full_cube_periodic,260,组3_full_cube_periodic_P0104,unique,2,False,2089.1911043119117,5000.000000000004,3.637978807091713e-12
组3,full_cube_periodic,108,组3_full_cube_periodic_P0105,unique,1,False,4999.999999999997,4999.999999999997,-2.7284841053187847e-12
组3,full_cube_periodic,109,组3_full_cube_periodic_P0106,unique,1,False,5000.000000000001,5000.000000000001,9.094947017729282e-13
组3,full_cube_periodic,110,组3_full_cube_periodic_P0107,unique,1,False,4999.999999999996,4999.999999999996,-3.637978807091713e-12
组3,full_cube_periodic,111,组3_full_cube_periodic_P0108,cannot_reconstruct,1,False,4814.484257451858,4814.484257451858,-185.51574254814204
组3,full_cube_periodic,113,组3_full_cube_periodic_P0109,unique,1,False,5000.000000000002,5000.000000000002,1.8189894035458565e-12
组3,full_cube_periodic,114,组3_full_cube_periodic_P0110,unique,1,False,705.212623967009,4999.999999999989,-1.0913936421275139e-11
组3,full_cube_periodic,134,组3_full_cube_periodic_P0110,unique,2,False,4294.78737603298,4999.999999999989,-1.0913936421275139e-11
组3,full_cube_periodic,115,组3_full_cube_periodic_P0111,unique,1,False,5000.000000000004,5000.000000000004,3.637978807091713e-12
组3,full_cube_periodic,116,组3_full_cube_periodic_P0112,unique,1,False,5000.000000000008,5000.000000000008,8.185452315956354e-12
组3,full_cube_periodic,117,组3_full_cube_periodic_P0113,unique,1,False,5000.000000000005,5000.000000000005,4.547473508864641e-12
组3,full_cube_periodic,118,组3_full_cube_periodic_P0114,unique,1,False,4999.999999999996,4999.999999999996,-3.637978807091713e-12
组3,full_cube_periodic,119,组3_full_cube_periodic_P0115,unique,1,False,5000.000000000002,5000.000000000002,1.8189894035458565e-12
组3,full_cube_periodic,120,组3_full_cube_periodic_P0116,cannot_reconstruct,1,False,4833.786768637805,4833.786768637805,-166.21323136219507
组3,full_cube_periodic,121,组3_full_cube_periodic_P0117,unique,1,False,5000.0000000000055,5000.0000000000055,5.4569682106375694e-12
组3,full_cube_periodic,122,组3_full_cube_periodic_P0118,unique,1,False,4999.999999999995,4999.999999999995,-4.547473508864641e-12
组3,full_cube_periodic,124,组3_full_cube_periodic_P0119,unique,1,False,5000.000000000002,5000.000000000002,1.8189894035458565e-12
组3,full_cube_periodic,125,组3_full_cube_periodic_P0120,unique,1,False,2099.3712794734183,5000.0,0.0
组3,full_cube_periodic,131,组3_full_cube_periodic_P0120,unique,2,False,712.4738633037288,5000.0,0.0
组3,full_cube_periodic,132,组3_full_cube_periodic_P0120,unique,3,False,2188.154857222853,5000.0,0.0
组3,full_cube_periodic,127,组3_full_cube_periodic_P0121,unique,1,False,5000.000000000003,5000.000000000003,2.7284841053187847e-12
组3,full_cube_periodic,128,组3_full_cube_periodic_P0122,unique,1,False,5000.000000000005,5000.000000000005,4.547473508864641e-12
组3,full_cube_periodic,129,组3_full_cube_periodic_P0123,unique,1,False,2212.2905692253134,4999.9999999999945,-5.4569682106375694e-12
组3,full_cube_periodic,145,组3_full_cube_periodic_P0123,unique,2,False,2787.7094307746806,4999.9999999999945,-5.4569682106375694e-12
组3,full_cube_periodic,130,组3_full_cube_periodic_P0124,unique,1,False,5000.0,5000.0,0.0
组3,full_cube_periodic,133,组3_full_cube_periodic_P0125,unique,1,False,5000.000000000002,5000.000000000002,1.8189894035458565e-12
组3,full_cube_periodic,138,组3_full_cube_periodic_P0126,unique,1,False,5000.000000000005,5000.000000000005,4.547473508864641e-12
组3,full_cube_periodic,139,组3_full_cube_periodic_P0127,unique,1,False,5000.000000000003,5000.000000000003,2.7284841053187847e-12
组3,full_cube_periodic,140,组3_full_cube_periodic_P0128,unique,1,False,4297.119914088368,5000.000000000003,2.7284841053187847e-12
组3,full_cube_periodic,189,组3_full_cube_periodic_P0128,unique,2,False,702.8800859116345,5000.000000000003,2.7284841053187847e-12
组3,full_cube_periodic,143,组3_full_cube_periodic_P0129,unique,1,False,5000.000000000004,5000.000000000004,3.637978807091713e-12
组3,full_cube_periodic,146,组3_full_cube_periodic_P0130,unique,1,False,5000.0,5000.0,0.0
组3,full_cube_periodic,147,组3_full_cube_periodic_P0131,unique,1,False,1225.268414665543,5000.000000000002,1.8189894035458565e-12
组3,full_cube_periodic,175,组3_full_cube_periodic_P0131,unique,2,False,3774.7315853344585,5000.000000000002,1.8189894035458565e-12
组3,full_cube_periodic,149,组3_full_cube_periodic_P0132,unique,1,False,4332.511493953082,5000.000000000003,2.7284841053187847e-12
组3,full_cube_periodic,351,组3_full_cube_periodic_P0132,unique,2,False,667.4885060469209,5000.000000000003,2.7284841053187847e-12
组3,full_cube_periodic,150,组3_full_cube_periodic_P0133,cannot_reconstruct,1,False,4804.005421698286,4804.005421698286,-195.99457830171377
组3,full_cube_periodic,151,组3_full_cube_periodic_P0134,unique,1,False,4999.999999999995,4999.999999999995,-4.547473508864641e-12
组3,full_cube_periodic,152,组3_full_cube_periodic_P0135,unique,1,False,2116.564234815714,4999.999999999999,-9.094947017729282e-13
组3,full_cube_periodic,229,组3_full_cube_periodic_P0135,unique,2,False,2883.435765184285,4999.999999999999,-9.094947017729282e-13
组3,full_cube_periodic,153,组3_full_cube_periodic_P0136,unique,1,False,4999.999999999998,4999.999999999998,-1.8189894035458565e-12
组3,full_cube_periodic,154,组3_full_cube_periodic_P0137,unique,1,False,4015.66027169416,5000.0000000000055,5.4569682106375694e-12
组3,full_cube_periodic,191,组3_full_cube_periodic_P0137,unique,2,False,984.3397283058457,5000.0000000000055,5.4569682106375694e-12
组3,full_cube_periodic,155,组3_full_cube_periodic_P0138,unique,1,False,1820.9628639113146,5000.000000000005,4.547473508864641e-12
组3,full_cube_periodic,164,组3_full_cube_periodic_P0138,unique,2,False,3179.03713608869,5000.000000000005,4.547473508864641e-12
组3,full_cube_periodic,156,组3_full_cube_periodic_P0139,unique,1,False,5000.000000000003,5000.000000000003,2.7284841053187847e-12
组3,full_cube_periodic,157,组3_full_cube_periodic_P0140,unique,1,False,5000.000000000004,5000.000000000004,3.637978807091713e-12
组3,full_cube_periodic,158,组3_full_cube_periodic_P0141,unique,1,False,3936.0620296923225,4999.999999999996,-3.637978807091713e-12
组3,full_cube_periodic,292,组3_full_cube_periodic_P0141,unique,2,False,1063.9379703076743,4999.999999999996,-3.637978807091713e-12
组3,full_cube_periodic,159,组3_full_cube_periodic_P0142,unique,1,False,5000.000000000003,5000.000000000003,2.7284841053187847e-12
组3,full_cube_periodic,160,组3_full_cube_periodic_P0143,cannot_reconstruct,1,False,4634.686465168995,4634.686465168995,-365.3135348310052
组3,full_cube_periodic,161,组3_full_cube_periodic_P0144,cannot_reconstruct,1,False,4564.221186967349,4564.221186967349,-435.77881303265076
组3,full_cube_periodic,162,组3_full_cube_periodic_P0145,unique,1,False,5000.000000000002,5000.000000000002,1.8189894035458565e-12
组3,full_cube_periodic,163,组3_full_cube_periodic_P0146,cannot_reconstruct,1,False,4997.38931275427,4997.38931275427,-2.6106872457303325
组3,full_cube_periodic,165,组3_full_cube_periodic_P0147,unique,1,False,2193.4348902227284,4999.999999999998,-1.8189894035458565e-12
组3,full_cube_periodic,274,组3_full_cube_periodic_P0147,unique,2,False,2806.5651097772698,4999.999999999998,-1.8189894035458565e-12
组3,full_cube_periodic,166,组3_full_cube_periodic_P0148,unique,1,False,4999.999999999996,4999.999999999996,-3.637978807091713e-12
组3,full_cube_periodic,167,组3_full_cube_periodic_P0149,unique,1,False,1714.283084210331,5000.000000000006,6.366462912410498e-12
组3,full_cube_periodic,241,组3_full_cube_periodic_P0149,unique,2,False,3285.716915789675,5000.000000000006,6.366462912410498e-12
组3,full_cube_periodic,168,组3_full_cube_periodic_P0150,unique,1,False,3983.3918629955597,5000.000000000005,4.547473508864641e-12
组3,full_cube_periodic,363,组3_full_cube_periodic_P0150,unique,2,False,1016.608137004445,5000.000000000005,4.547473508864641e-12
组3,full_cube_periodic,169,组3_full_cube_periodic_P0151,unique,1,False,559.223064247723,5000.0000000000055,5.4569682106375694e-12
组3,full_cube_periodic,181,组3_full_cube_periodic_P0151,unique,2,False,4440.776935752283,5000.0000000000055,5.4569682106375694e-12
组3,full_cube_periodic,170,组3_full_cube_periodic_P0152,cannot_reconstruct,1,False,4532.156821229,4532.156821229,-467.84317877099966
组3,full_cube_periodic,172,组3_full_cube_periodic_P0153,unique,1,False,4999.999999999992,4999.999999999992,-8.185452315956354e-12
组3,full_cube_periodic,173,组3_full_cube_periodic_P0154,unique,1,False,4999.999999999993,4999.999999999993,-7.275957614183426e-12
组3,full_cube_periodic,174,组3_full_cube_periodic_P0155,unique,1,False,4999.999999999999,4999.999999999999,-9.094947017729282e-13
组3,full_cube_periodic,176,组3_full_cube_periodic_P0156,unique,1,False,2292.6491828148223,5000.000000000007,7.275957614183426e-12
组3,full_cube_periodic,220,组3_full_cube_periodic_P0156,unique,2,False,2707.3508171851854,5000.000000000007,7.275957614183426e-12
组3,full_cube_periodic,177,组3_full_cube_periodic_P0157,unique,1,False,5000.000000000002,5000.000000000002,1.8189894035458565e-12
组3,full_cube_periodic,178,组3_full_cube_periodic_P0158,unique,1,False,5000.000000000001,5000.000000000001,9.094947017729282e-13
组3,full_cube_periodic,179,组3_full_cube_periodic_P0159,unique,1,False,4323.194452081308,4999.999999999998,-1.8189894035458565e-12
组3,full_cube_periodic,245,组3_full_cube_periodic_P0159,unique,2,False,676.8055479186902,4999.999999999998,-1.8189894035458565e-12
组3,full_cube_periodic,180,组3_full_cube_periodic_P0160,cannot_reconstruct,1,False,2584.5631027991594,2584.5631027991594,-2415.4368972008406
组3,full_cube_periodic,182,组3_full_cube_periodic_P0161,unique,1,False,5000.000000000002,5000.000000000002,1.8189894035458565e-12
组3,full_cube_periodic,183,组3_full_cube_periodic_P0162,unique,1,False,4999.999999999998,4999.999999999998,-1.8189894035458565e-12
组3,full_cube_periodic,184,组3_full_cube_periodic_P0163,unique,1,False,2301.1650233282444,4999.999999999998,-1.8189894035458565e-12
组3,full_cube_periodic,248,组3_full_cube_periodic_P0163,unique,2,False,2698.8349766717542,4999.999999999998,-1.8189894035458565e-12
组3,full_cube_periodic,185,组3_full_cube_periodic_P0164,unique,1,False,5000.000000000005,5000.000000000005,4.547473508864641e-12
组3,full_cube_periodic,186,组3_full_cube_periodic_P0165,unique,1,False,4999.9999999999945,4999.9999999999945,-5.4569682106375694e-12
组3,full_cube_periodic,187,组3_full_cube_periodic_P0166,unique,1,False,1507.0880569306512,4999.999999999997,-2.7284841053187847e-12
组3,full_cube_periodic,197,组3_full_cube_periodic_P0166,unique,2,False,3492.911943069346,4999.999999999997,-2.7284841053187847e-12
组3,full_cube_periodic,188,组3_full_cube_periodic_P0167,unique,1,False,5000.000000000001,5000.000000000001,9.094947017729282e-13
组3,full_cube_periodic,190,组3_full_cube_periodic_P0168,unique,1,False,4466.338711969051,5000.0,0.0
组3,full_cube_periodic,368,组3_full_cube_periodic_P0168,unique,2,False,533.6612880309499,5000.0,0.0
组3,full_cube_periodic,192,组3_full_cube_periodic_P0169,unique,1,False,5000.000000000001,5000.000000000001,9.094947017729282e-13
组3,full_cube_periodic,193,组3_full_cube_periodic_P0170,unique,1,False,4999.999999999998,4999.999999999998,-1.8189894035458565e-12
组3,full_cube_periodic,194,组3_full_cube_periodic_P0171,cannot_reconstruct,1,False,4728.587593139968,4728.587593139968,-271.4124068600322
组3,full_cube_periodic,195,组3_full_cube_periodic_P0172,unique,1,False,4999.999999999996,4999.999999999996,-3.637978807091713e-12
组3,full_cube_periodic,196,组3_full_cube_periodic_P0173,unique,1,False,4999.999999999997,4999.999999999997,-2.7284841053187847e-12
组3,full_cube_periodic,198,组3_full_cube_periodic_P0174,cannot_reconstruct,1,False,4540.804961643996,4540.804961643996,-459.19503835600426
组3,full_cube_periodic,199,组3_full_cube_periodic_P0175,unique,1,False,2794.3226931075365,4999.9999999999945,-5.4569682106375694e-12
组3,full_cube_periodic,201,组3_full_cube_periodic_P0175,unique,2,False,715.9899665328975,4999.9999999999945,-5.4569682106375694e-12
组3,full_cube_periodic,202,组3_full_cube_periodic_P0175,unique,3,False,1489.6873403595605,4999.9999999999945,-5.4569682106375694e-12
组3,full_cube_periodic,200,组3_full_cube_periodic_P0176,unique,1,False,3707.3706554601663,5000.000000000007,7.275957614183426e-12
组3,full_cube_periodic,358,组3_full_cube_periodic_P0176,unique,2,False,1292.6293445398408,5000.000000000007,7.275957614183426e-12
组3,full_cube_periodic,203,组3_full_cube_periodic_P0177,unique,1,False,1662.7992908866556,4999.999999999997,-2.7284841053187847e-12
组3,full_cube_periodic,238,组3_full_cube_periodic_P0177,unique,2,False,2257.258409610645,4999.999999999997,-2.7284841053187847e-12
组3,full_cube_periodic,285,组3_full_cube_periodic_P0177,unique,3,False,1079.9422995026966,4999.999999999997,-2.7284841053187847e-12
组3,full_cube_periodic,204,组3_full_cube_periodic_P0178,unique,1,False,5000.000000000003,5000.000000000003,2.7284841053187847e-12
组3,full_cube_periodic,205,组3_full_cube_periodic_P0179,unique,1,False,5000.000000000002,5000.000000000002,1.8189894035458565e-12
组3,full_cube_periodic,206,组3_full_cube_periodic_P0180,unique,1,False,4384.083156408662,5000.000000000002,1.8189894035458565e-12
组3,full_cube_periodic,254,组3_full_cube_periodic_P0180,unique,2,False,615.9168435913396,5000.000000000002,1.8189894035458565e-12
组3,full_cube_periodic,207,组3_full_cube_periodic_P0181,unique,1,False,4999.999999999999,4999.999999999999,-9.094947017729282e-13
组3,full_cube_periodic,208,组3_full_cube_periodic_P0182,unique,1,False,5000.000000000006,5000.000000000006,6.366462912410498e-12
组3,full_cube_periodic,209,组3_full_cube_periodic_P0183,cannot_reconstruct,1,False,4620.624601345126,4620.624601345126,-379.3753986548736
组3,full_cube_periodic,210,组3_full_cube_periodic_P0184,unique,1,False,2917.968028483469,5000.000000000005,4.547473508864641e-12
组3,full_cube_periodic,234,组3_full_cube_periodic_P0184,unique,2,False,531.6424120437645,5000.000000000005,4.547473508864641e-12
组3,full_cube_periodic,239,组3_full_cube_periodic_P0184,unique,3,False,1550.3895594727708,5000.000000000005,4.547473508864641e-12
组3,full_cube_periodic,212,组3_full_cube_periodic_P0185,unique,1,False,2939.894017409379,5000.000000000002,1.8189894035458565e-12
组3,full_cube_periodic,265,组3_full_cube_periodic_P0185,unique,2,False,2060.1059825906227,5000.000000000002,1.8189894035458565e-12
组3,full_cube_periodic,213,组3_full_cube_periodic_P0186,unique,1,False,4999.999999999998,4999.999999999998,-1.8189894035458565e-12
组3,full_cube_periodic,214,组3_full_cube_periodic_P0187,unique,1,False,3696.909631751418,5000.000000000006,6.366462912410498e-12
组3,full_cube_periodic,373,组3_full_cube_periodic_P0187,unique,2,False,1303.0903682485884,5000.000000000006,6.366462912410498e-12
组3,full_cube_periodic,215,组3_full_cube_periodic_P0188,unique,1,False,2801.99766413508,5000.000000000003,2.7284841053187847e-12
组3,full_cube_periodic,306,组3_full_cube_periodic_P0188,unique,2,False,2198.0023358649228,5000.000000000003,2.7284841053187847e-12
组3,full_cube_periodic,216,组3_full_cube_periodic_P0189,unique,1,False,5000.000000000004,5000.000000000004,3.637978807091713e-12
组3,full_cube_periodic,217,组3_full_cube_periodic_P0190,unique,1,False,622.589126458353,5000.0,0.0
组3,full_cube_periodic,236,组3_full_cube_periodic_P0190,unique,2,False,2410.9795098860995,5000.0,0.0
组3,full_cube_periodic,299,组3_full_cube_periodic_P0190,unique,3,False,1966.4313636555473,5000.0,0.0
组3,full_cube_periodic,218,组3_full_cube_periodic_P0191,unique,1,False,4999.999999999999,4999.999999999999,-9.094947017729282e-13
组3,full_cube_periodic,219,组3_full_cube_periodic_P0192,unique,1,False,4123.5000402593705,5000.0,0.0
组3,full_cube_periodic,243,组3_full_cube_periodic_P0192,unique,2,False,876.4999597406292,5000.0,0.0
组3,full_cube_periodic,221,组3_full_cube_periodic_P0193,cannot_reconstruct,1,False,4587.076340597699,4587.076340597699,-412.9236594023014
组3,full_cube_periodic,222,组3_full_cube_periodic_P0194,unique,1,False,5000.000000000003,5000.000000000003,2.7284841053187847e-12
组3,full_cube_periodic,223,组3_full_cube_periodic_P0195,unique,1,False,4999.999999999999,4999.999999999999,-9.094947017729282e-13
组3,full_cube_periodic,224,组3_full_cube_periodic_P0196,unique,1,False,4999.999999999997,4999.999999999997,-2.7284841053187847e-12
组3,full_cube_periodic,225,组3_full_cube_periodic_P0197,unique,1,False,5000.0000000000055,5000.0000000000055,5.4569682106375694e-12
组3,full_cube_periodic,226,组3_full_cube_periodic_P0198,unique,1,False,3042.8166314100226,4999.999999999994,-6.366462912410498e-12
组3,full_cube_periodic,317,组3_full_cube_periodic_P0198,unique,2,False,1957.183368589971,4999.999999999994,-6.366462912410498e-12
组3,full_cube_periodic,227,组3_full_cube_periodic_P0199,unique,1,False,5000.000000000006,5000.000000000006,6.366462912410498e-12
组3,full_cube_periodic,228,组3_full_cube_periodic_P0200,unique,1,False,2347.122112646914,5000.000000000001,9.094947017729282e-13
组3,full_cube_periodic,246,组3_full_cube_periodic_P0200,unique,2,False,1072.0621502569836,5000.000000000001,9.094947017729282e-13
组3,full_cube_periodic,258,组3_full_cube_periodic_P0200,unique,3,False,1580.815737096103,5000.000000000001,9.094947017729282e-13
组3,full_cube_periodic,230,组3_full_cube_periodic_P0201,unique,1,False,5000.000000000003,5000.000000000003,2.7284841053187847e-12
组3,full_cube_periodic,231,组3_full_cube_periodic_P0202,unique,1,False,4999.999999999993,4999.999999999993,-7.275957614183426e-12
组3,full_cube_periodic,232,组3_full_cube_periodic_P0203,unique,1,False,3830.291456970348,5000.000000000007,7.275957614183426e-12
组3,full_cube_periodic,361,组3_full_cube_periodic_P0203,unique,2,False,1169.7085430296593,5000.000000000007,7.275957614183426e-12
组3,full_cube_periodic,233,组3_full_cube_periodic_P0204,unique,1,False,1778.7016910824266,4999.9999999999945,-5.4569682106375694e-12
组3,full_cube_periodic,237,组3_full_cube_periodic_P0204,unique,2,False,3221.298308917568,4999.9999999999945,-5.4569682106375694e-12
组3,full_cube_periodic,235,组3_full_cube_periodic_P0205,unique,1,False,5000.0000000000055,5000.0000000000055,5.4569682106375694e-12
组3,full_cube_periodic,240,组3_full_cube_periodic_P0206,unique,1,False,4999.999999999998,4999.999999999998,-1.8189894035458565e-12
组3,full_cube_periodic,242,组3_full_cube_periodic_P0207,unique,1,False,5000.000000000007,5000.000000000007,7.275957614183426e-12
组3,full_cube_periodic,244,组3_full_cube_periodic_P0208,unique,1,False,5000.000000000004,5000.000000000004,3.637978807091713e-12
组3,full_cube_periodic,247,组3_full_cube_periodic_P0209,unique,1,False,5000.0,5000.0,0.0
组3,full_cube_periodic,249,组3_full_cube_periodic_P0210,unique,1,False,4999.999999999999,4999.999999999999,-9.094947017729282e-13
组3,full_cube_periodic,250,组3_full_cube_periodic_P0211,unique,1,False,5000.000000000005,5000.000000000005,4.547473508864641e-12
组3,full_cube_periodic,251,组3_full_cube_periodic_P0212,cannot_reconstruct,1,False,4941.149862160361,4941.149862160361,-58.85013783963859
组3,full_cube_periodic,252,组3_full_cube_periodic_P0213,unique,1,False,5000.000000000008,5000.000000000008,8.185452315956354e-12
组3,full_cube_periodic,253,组3_full_cube_periodic_P0214,unique,1,False,3981.9000012432466,4999.999999999998,-1.8189894035458565e-12
组3,full_cube_periodic,435,组3_full_cube_periodic_P0214,unique,2,False,1018.0999987567512,4999.999999999998,-1.8189894035458565e-12
组3,full_cube_periodic,255,组3_full_cube_periodic_P0215,unique,1,False,5000.000000000004,5000.000000000004,3.637978807091713e-12
组3,full_cube_periodic,256,组3_full_cube_periodic_P0216,unique,1,False,787.4885533585616,4999.999999999998,-1.8189894035458565e-12
组3,full_cube_periodic,275,组3_full_cube_periodic_P0216,unique,2,False,4212.511446641436,4999.999999999998,-1.8189894035458565e-12
组3,full_cube_periodic,257,组3_full_cube_periodic_P0217,unique,1,False,5000.000000000005,5000.000000000005,4.547473508864641e-12
组3,full_cube_periodic,259,组3_full_cube_periodic_P0218,unique,1,False,5000.000000000001,5000.000000000001,9.094947017729282e-13
组3,full_cube_periodic,261,组3_full_cube_periodic_P0219,unique,1,False,4999.999999999999,4999.999999999999,-9.094947017729282e-13
组3,full_cube_periodic,262,组3_full_cube_periodic_P0220,unique,1,False,5000.0,5000.0,0.0
组3,full_cube_periodic,263,组3_full_cube_periodic_P0221,unique,1,False,4999.999999999999,4999.999999999999,-9.094947017729282e-13
组3,full_cube_periodic,264,组3_full_cube_periodic_P0222,unique,1,False,5000.000000000004,5000.000000000004,3.637978807091713e-12
组3,full_cube_periodic,266,组3_full_cube_periodic_P0223,unique,1,False,5000.000000000004,5000.000000000004,3.637978807091713e-12
组3,full_cube_periodic,267,组3_full_cube_periodic_P0224,unique,1,False,4999.999999999996,4999.999999999996,-3.637978807091713e-12
组3,full_cube_periodic,268,组3_full_cube_periodic_P0225,unique,1,False,4999.999999999993,4999.999999999993,-7.275957614183426e-12
组3,full_cube_periodic,269,组3_full_cube_periodic_P0226,cannot_reconstruct,1,False,4957.339290670892,4957.339290670892,-42.6607093291077
组3,full_cube_periodic,270,组3_full_cube_periodic_P0227,cannot_reconstruct,1,False,4844.168446432411,4844.168446432411,-155.83155356758925
组3,full_cube_periodic,271,组3_full_cube_periodic_P0228,cannot_reconstruct,1,False,4267.811196491784,4267.811196491784,-732.1888035082156
组3,full_cube_periodic,272,组3_full_cube_periodic_P0229,unique,1,False,5000.000000000002,5000.000000000002,1.8189894035458565e-12
组3,full_cube_periodic,273,组3_full_cube_periodic_P0230,unique,1,False,3930.0211394368885,5000.000000000004,3.637978807091713e-12
组3,full_cube_periodic,302,组3_full_cube_periodic_P0230,unique,2,False,1069.9788605631147,5000.000000000004,3.637978807091713e-12
组3,full_cube_periodic,276,组3_full_cube_periodic_P0231,unique,1,False,5000.000000000005,5000.000000000005,4.547473508864641e-12
组3,full_cube_periodic,277,组3_full_cube_periodic_P0232,unique,1,False,5000.000000000006,5000.000000000006,6.366462912410498e-12
组3,full_cube_periodic,278,组3_full_cube_periodic_P0233,unique,1,False,5000.000000000004,5000.000000000004,3.637978807091713e-12
组3,full_cube_periodic,279,组3_full_cube_periodic_P0234,unique,1,False,2874.3498682938366,4999.999999999999,-9.094947017729282e-13
组3,full_cube_periodic,357,组3_full_cube_periodic_P0234,unique,2,False,2125.6501317061625,4999.999999999999,-9.094947017729282e-13
组3,full_cube_periodic,280,组3_full_cube_periodic_P0235,unique,1,False,4999.999999999997,4999.999999999997,-2.7284841053187847e-12
组3,full_cube_periodic,281,组3_full_cube_periodic_P0236,unique,1,False,4118.737274316904,4999.999999999995,-4.547473508864641e-12
组3,full_cube_periodic,371,组3_full_cube_periodic_P0236,unique,2,False,881.2627256830907,4999.999999999995,-4.547473508864641e-12
组3,full_cube_periodic,282,组3_full_cube_periodic_P0237,unique,1,False,4999.999999999997,4999.999999999997,-2.7284841053187847e-12
组3,full_cube_periodic,283,组3_full_cube_periodic_P0238,unique,1,False,3260.3548601224456,5000.000000000007,7.275957614183426e-12
组3,full_cube_periodic,312,组3_full_cube_periodic_P0238,unique,2,False,1739.645139877562,5000.000000000007,7.275957614183426e-12
组3,full_cube_periodic,284,组3_full_cube_periodic_P0239,unique,1,False,5000.0,5000.0,0.0
组3,full_cube_periodic,286,组3_full_cube_periodic_P0240,unique,1,False,4999.9999999999945,4999.9999999999945,-5.4569682106375694e-12
组3,full_cube_periodic,287,组3_full_cube_periodic_P0241,unique,1,False,4999.999999999998,4999.999999999998,-1.8189894035458565e-12
组3,full_cube_periodic,288,组3_full_cube_periodic_P0242,unique,1,False,5000.000000000002,5000.000000000002,1.8189894035458565e-12
组3,full_cube_periodic,289,组3_full_cube_periodic_P0243,unique,1,False,5000.000000000004,5000.000000000004,3.637978807091713e-12
组3,full_cube_periodic,290,组3_full_cube_periodic_P0244,unique,1,False,5000.000000000002,5000.000000000002,1.8189894035458565e-12
组3,full_cube_periodic,291,组3_full_cube_periodic_P0245,unique,1,False,4999.999999999991,4999.999999999991,-9.094947017729282e-12
组3,full_cube_periodic,293,组3_full_cube_periodic_P0246,unique,1,False,5000.000000000002,5000.000000000002,1.8189894035458565e-12
组3,full_cube_periodic,294,组3_full_cube_periodic_P0247,unique,1,False,664.5718042876342,5000.000000000005,4.547473508864641e-12
组3,full_cube_periodic,310,组3_full_cube_periodic_P0247,unique,2,False,4335.42819571237,5000.000000000005,4.547473508864641e-12
组3,full_cube_periodic,295,组3_full_cube_periodic_P0248,unique,1,False,5000.0,5000.0,0.0
组3,full_cube_periodic,296,组3_full_cube_periodic_P0249,unique,1,False,5000.0,5000.0,0.0
组3,full_cube_periodic,297,组3_full_cube_periodic_P0250,cannot_reconstruct,1,False,4847.929565126354,4847.929565126354,-152.07043487364626
组3,full_cube_periodic,298,组3_full_cube_periodic_P0251,unique,1,False,5000.000000000004,5000.000000000004,3.637978807091713e-12
组3,full_cube_periodic,300,组3_full_cube_periodic_P0252,unique,1,False,5000.000000000003,5000.000000000003,2.7284841053187847e-12
组3,full_cube_periodic,301,组3_full_cube_periodic_P0253,unique,1,False,5000.000000000002,5000.000000000002,1.8189894035458565e-12
组3,full_cube_periodic,303,组3_full_cube_periodic_P0254,unique,1,False,3658.631432998597,5000.0,0.0
组3,full_cube_periodic,378,组3_full_cube_periodic_P0254,unique,2,False,1341.368567001403,5000.0,0.0
组3,full_cube_periodic,304,组3_full_cube_periodic_P0255,unique,1,False,1454.100964905545,5000.0,0.0
组3,full_cube_periodic,309,组3_full_cube_periodic_P0255,unique,2,False,3545.8990350944555,5000.0,0.0
组3,full_cube_periodic,305,组3_full_cube_periodic_P0256,unique,1,False,5000.000000000001,5000.000000000001,9.094947017729282e-13
组3,full_cube_periodic,307,组3_full_cube_periodic_P0257,unique,1,False,4999.999999999996,4999.999999999996,-3.637978807091713e-12
组3,full_cube_periodic,308,组3_full_cube_periodic_P0258,unique,1,False,5000.000000000003,5000.000000000003,2.7284841053187847e-12
组3,full_cube_periodic,311,组3_full_cube_periodic_P0259,unique,1,False,4999.999999999997,4999.999999999997,-2.7284841053187847e-12
组3,full_cube_periodic,313,组3_full_cube_periodic_P0260,unique,1,False,3273.023100731304,5000.000000000004,3.637978807091713e-12
组3,full_cube_periodic,410,组3_full_cube_periodic_P0260,unique,2,False,1726.9768992686998,5000.000000000004,3.637978807091713e-12
组3,full_cube_periodic,314,组3_full_cube_periodic_P0261,unique,1,False,4999.999999999999,4999.999999999999,-9.094947017729282e-13
组3,full_cube_periodic,315,组3_full_cube_periodic_P0262,unique,1,False,5000.0,5000.0,0.0
组3,full_cube_periodic,316,组3_full_cube_periodic_P0263,cannot_reconstruct,1,False,4793.504179879683,4793.504179879683,-206.49582012031715
组3,full_cube_periodic,318,组3_full_cube_periodic_P0264,unique,1,False,5000.0,5000.0,0.0
组3,full_cube_periodic,319,组3_full_cube_periodic_P0265,unique,1,False,2629.6179447387485,4999.999999999993,-7.275957614183426e-12
组3,full_cube_periodic,347,组3_full_cube_periodic_P0265,unique,2,False,2370.3820552612437,4999.999999999993,-7.275957614183426e-12
组3,full_cube_periodic,320,组3_full_cube_periodic_P0266,unique,1,False,5000.000000000004,5000.000000000004,3.637978807091713e-12
组3,full_cube_periodic,321,组3_full_cube_periodic_P0267,unique,1,False,4999.999999999999,4999.999999999999,-9.094947017729282e-13
组3,full_cube_periodic,322,组3_full_cube_periodic_P0268,unique,1,False,5000.000000000002,5000.000000000002,1.8189894035458565e-12
组3,full_cube_periodic,323,组3_full_cube_periodic_P0269,unique,1,False,3979.1830896616257,5000.000000000001,9.094947017729282e-13
组3,full_cube_periodic,416,组3_full_cube_periodic_P0269,unique,2,False,1020.8169103383756,5000.000000000001,9.094947017729282e-13
组3,full_cube_periodic,324,组3_full_cube_periodic_P0270,unique,1,False,4999.999999999995,4999.999999999995,-4.547473508864641e-12
组3,full_cube_periodic,325,组3_full_cube_periodic_P0271,unique,1,False,5000.000000000004,5000.000000000004,3.637978807091713e-12
组3,full_cube_periodic,326,组3_full_cube_periodic_P0272,unique,1,False,5000.000000000006,5000.000000000006,6.366462912410498e-12
组3,full_cube_periodic,327,组3_full_cube_periodic_P0273,cannot_reconstruct,1,False,4998.981194218999,4998.981194218999,-1.0188057810009923
组3,full_cube_periodic,328,组3_full_cube_periodic_P0274,unique,1,False,5000.000000000003,5000.000000000003,2.7284841053187847e-12
组3,full_cube_periodic,329,组3_full_cube_periodic_P0275,unique,1,False,4999.999999999997,4999.999999999997,-2.7284841053187847e-12
组3,full_cube_periodic,330,组3_full_cube_periodic_P0276,unique,1,False,4999.999999999998,4999.999999999998,-1.8189894035458565e-12
组3,full_cube_periodic,331,组3_full_cube_periodic_P0277,unique,1,False,5000.000000000005,5000.000000000005,4.547473508864641e-12
组3,full_cube_periodic,332,组3_full_cube_periodic_P0278,cannot_reconstruct,1,False,4581.838530702641,4581.838530702641,-418.16146929735896
组3,full_cube_periodic,333,组3_full_cube_periodic_P0279,unique,1,False,5000.0,5000.0,0.0
组3,full_cube_periodic,334,组3_full_cube_periodic_P0280,unique,1,False,1391.5287687710995,4999.999999999992,-8.185452315956354e-12
组3,full_cube_periodic,337,组3_full_cube_periodic_P0280,unique,2,False,3608.4712312288925,4999.999999999992,-8.185452315956354e-12
组3,full_cube_periodic,335,组3_full_cube_periodic_P0281,unique,1,False,5000.000000000004,5000.000000000004,3.637978807091713e-12
组3,full_cube_periodic,336,组3_full_cube_periodic_P0282,unique,1,False,3521.799763126826,5000.000000000005,4.547473508864641e-12
组3,full_cube_periodic,467,组3_full_cube_periodic_P0282,unique,2,False,1478.200236873179,5000.000000000005,4.547473508864641e-12
组3,full_cube_periodic,338,组3_full_cube_periodic_P0283,unique,1,False,4999.999999999995,4999.999999999995,-4.547473508864641e-12
组3,full_cube_periodic,339,组3_full_cube_periodic_P0284,unique,1,False,5000.0,5000.0,0.0
组3,full_cube_periodic,340,组3_full_cube_periodic_P0285,unique,1,False,5000.000000000005,5000.000000000005,4.547473508864641e-12
组3,full_cube_periodic,341,组3_full_cube_periodic_P0286,unique,1,False,5000.000000000004,5000.000000000004,3.637978807091713e-12
组3,full_cube_periodic,342,组3_full_cube_periodic_P0287,unique,1,False,5000.000000000005,5000.000000000005,4.547473508864641e-12
组3,full_cube_periodic,343,组3_full_cube_periodic_P0288,unique,1,False,4999.9999999999945,4999.9999999999945,-5.4569682106375694e-12
组3,full_cube_periodic,344,组3_full_cube_periodic_P0289,unique,1,False,1427.4386735452795,4999.9999999999945,-5.4569682106375694e-12
组3,full_cube_periodic,364,组3_full_cube_periodic_P0289,unique,2,False,3572.5613264547146,4999.9999999999945,-5.4569682106375694e-12
组3,full_cube_periodic,345,组3_full_cube_periodic_P0290,unique,1,False,5000.0,5000.0,0.0
组3,full_cube_periodic,346,组3_full_cube_periodic_P0291,unique,1,False,4999.999999999998,4999.999999999998,-1.8189894035458565e-12
组3,full_cube_periodic,348,组3_full_cube_periodic_P0292,unique,1,False,827.2133444986782,5000.000000000001,9.094947017729282e-13
组3,full_cube_periodic,356,组3_full_cube_periodic_P0292,unique,2,False,4172.7866555013225,5000.000000000001,9.094947017729282e-13
组3,full_cube_periodic,349,组3_full_cube_periodic_P0293,unique,1,False,5000.000000000002,5000.000000000002,1.8189894035458565e-12
组3,full_cube_periodic,350,组3_full_cube_periodic_P0294,unique,1,False,5000.0,5000.0,0.0
组3,full_cube_periodic,352,组3_full_cube_periodic_P0295,unique,1,False,1156.5028968025476,5000.0000000000055,5.4569682106375694e-12
组3,full_cube_periodic,393,组3_full_cube_periodic_P0295,unique,2,False,3843.4971031974574,5000.0000000000055,5.4569682106375694e-12
组3,full_cube_periodic,353,组3_full_cube_periodic_P0296,cannot_reconstruct,1,False,4937.905654264531,4937.905654264531,-62.09434573546878
组3,full_cube_periodic,354,组3_full_cube_periodic_P0297,unique,1,False,1995.4609913414442,4999.999999999996,-3.637978807091713e-12
组3,full_cube_periodic,420,组3_full_cube_periodic_P0297,unique,2,False,3004.5390086585526,4999.999999999996,-3.637978807091713e-12
组3,full_cube_periodic,355,组3_full_cube_periodic_P0298,unique,1,False,4999.999999999997,4999.999999999997,-2.7284841053187847e-12
组3,full_cube_periodic,359,组3_full_cube_periodic_P0299,unique,1,False,4999.999999999997,4999.999999999997,-2.7284841053187847e-12
组3,full_cube_periodic,360,组3_full_cube_periodic_P0300,unique,1,False,5000.0,5000.0,0.0
组3,full_cube_periodic,362,组3_full_cube_periodic_P0301,unique,1,False,894.2633130528699,4999.999999999997,-2.7284841053187847e-12
组3,full_cube_periodic,370,组3_full_cube_periodic_P0301,unique,2,False,4105.736686947127,4999.999999999997,-2.7284841053187847e-12
组3,full_cube_periodic,365,组3_full_cube_periodic_P0302,cannot_reconstruct,1,False,4508.644739111684,4508.644739111684,-491.35526088831557
组3,full_cube_periodic,366,组3_full_cube_periodic_P0303,unique,1,False,5000.000000000004,5000.000000000004,3.637978807091713e-12
组3,full_cube_periodic,367,组3_full_cube_periodic_P0304,unique,1,False,1067.930043431112,4999.9999999999945,-5.4569682106375694e-12
组3,full_cube_periodic,397,组3_full_cube_periodic_P0304,unique,2,False,3932.069956568883,4999.9999999999945,-5.4569682106375694e-12
组3,full_cube_periodic,369,组3_full_cube_periodic_P0305,cannot_reconstruct,1,False,4503.327541668587,4503.327541668587,-496.6724583314126
组3,full_cube_periodic,372,组3_full_cube_periodic_P0306,unique,1,False,5000.000000000002,5000.000000000002,1.8189894035458565e-12
组3,full_cube_periodic,374,组3_full_cube_periodic_P0307,unique,1,False,4999.999999999997,4999.999999999997,-2.7284841053187847e-12
组3,full_cube_periodic,375,组3_full_cube_periodic_P0308,unique,1,False,5000.000000000005,5000.000000000005,4.547473508864641e-12
组3,full_cube_periodic,377,组3_full_cube_periodic_P0309,cannot_reconstruct,1,False,911.4946631343956,4914.49250043472,-85.50749956528034
组3,full_cube_periodic,412,组3_full_cube_periodic_P0309,cannot_reconstruct,2,False,4002.997837300324,4914.49250043472,-85.50749956528034
组3,full_cube_periodic,379,组3_full_cube_periodic_P0310,unique,1,False,4999.999999999999,4999.999999999999,-9.094947017729282e-13
组3,full_cube_periodic,380,组3_full_cube_periodic_P0311,cannot_reconstruct,1,False,4541.624877680269,4541.624877680269,-458.3751223197314
组3,full_cube_periodic,381,组3_full_cube_periodic_P0312,unique,1,False,4999.999999999999,4999.999999999999,-9.094947017729282e-13
组3,full_cube_periodic,382,组3_full_cube_periodic_P0313,unique,1,False,5000.000000000007,5000.000000000007,7.275957614183426e-12
组3,full_cube_periodic,384,组3_full_cube_periodic_P0314,cannot_reconstruct,1,False,4977.96547913873,4977.96547913873,-22.03452086126981
组3,full_cube_periodic,385,组3_full_cube_periodic_P0315,unique,1,False,1514.1331029984733,4999.999999999998,-1.8189894035458565e-12
组3,full_cube_periodic,394,组3_full_cube_periodic_P0315,unique,2,False,3485.866897001525,4999.999999999998,-1.8189894035458565e-12
组3,full_cube_periodic,386,组3_full_cube_periodic_P0316,unique,1,False,5000.000000000001,5000.000000000001,9.094947017729282e-13
组3,full_cube_periodic,387,组3_full_cube_periodic_P0317,unique,1,False,5000.0,5000.0,0.0
组3,full_cube_periodic,389,组3_full_cube_periodic_P0318,unique,1,False,5000.0,5000.0,0.0
组3,full_cube_periodic,391,组3_full_cube_periodic_P0319,cannot_reconstruct,1,False,4904.301073365586,4904.301073365586,-95.69892663441442
组3,full_cube_periodic,392,组3_full_cube_periodic_P0320,cannot_reconstruct,1,False,4911.870166711714,4911.870166711714,-88.12983328828614
组3,full_cube_periodic,396,组3_full_cube_periodic_P0321,unique,1,False,5000.000000000001,5000.000000000001,9.094947017729282e-13
组3,full_cube_periodic,398,组3_full_cube_periodic_P0322,cannot_reconstruct,1,False,4695.541121125372,4695.541121125372,-304.45887887462777
组3,full_cube_periodic,399,组3_full_cube_periodic_P0323,unique,1,False,5000.0,5000.0,0.0
组3,full_cube_periodic,401,组3_full_cube_periodic_P0324,unique,1,False,912.704745364744,5000.000000000006,6.366462912410498e-12
组3,full_cube_periodic,436,组3_full_cube_periodic_P0324,unique,2,False,4087.2952546352626,5000.000000000006,6.366462912410498e-12
组3,full_cube_periodic,402,组3_full_cube_periodic_P0325,unique,1,False,605.0681798527836,4999.999999999994,-6.366462912410498e-12
组3,full_cube_periodic,427,组3_full_cube_periodic_P0325,unique,2,False,4394.93182014721,4999.999999999994,-6.366462912410498e-12
组3,full_cube_periodic,403,组3_full_cube_periodic_P0326,unique,1,False,1339.5226363770219,5000.000000000005,4.547473508864641e-12
组3,full_cube_periodic,409,组3_full_cube_periodic_P0326,unique,2,False,1370.5238648761085,5000.000000000005,4.547473508864641e-12
组3,full_cube_periodic,414,组3_full_cube_periodic_P0326,unique,3,False,2289.953498746874,5000.000000000005,4.547473508864641e-12
组3,full_cube_periodic,406,组3_full_cube_periodic_P0327,unique,1,False,5000.0,5000.0,0.0
组3,full_cube_periodic,407,组3_full_cube_periodic_P0328,unique,1,False,4999.999999999993,4999.999999999993,-7.275957614183426e-12
组3,full_cube_periodic,408,组3_full_cube_periodic_P0329,unique,1,False,2058.3878031456775,5000.0,0.0
组3,full_cube_periodic,450,组3_full_cube_periodic_P0329,unique,2,False,2941.6121968543225,5000.0,0.0
组3,full_cube_periodic,411,组3_full_cube_periodic_P0330,unique,1,False,5000.000000000003,5000.000000000003,2.7284841053187847e-12
组3,full_cube_periodic,413,组3_full_cube_periodic_P0331,cannot_reconstruct,1,False,4555.103902983572,4555.103902983572,-444.89609701642803
组3,full_cube_periodic,415,组3_full_cube_periodic_P0332,cannot_reconstruct,1,False,4639.9414997900885,4639.9414997900885,-360.0585002099115
组3,full_cube_periodic,417,组3_full_cube_periodic_P0333,cannot_reconstruct,1,False,4517.042999101789,4517.042999101789,-482.95700089821094
组3,full_cube_periodic,419,组3_full_cube_periodic_P0334,unique,1,False,1268.2949505511795,4999.999999999998,-1.8189894035458565e-12
组3,full_cube_periodic,441,组3_full_cube_periodic_P0334,unique,2,False,3731.7050494488185,4999.999999999998,-1.8189894035458565e-12
组3,full_cube_periodic,423,组3_full_cube_periodic_P0335,cannot_reconstruct,1,False,4634.873617481081,4634.873617481081,-365.12638251891894
组3,full_cube_periodic,425,组3_full_cube_periodic_P0336,unique,1,False,565.0545878458421,5000.000000000003,2.7284841053187847e-12
组3,full_cube_periodic,434,组3_full_cube_periodic_P0336,unique,2,False,4434.94541215416,5000.000000000003,2.7284841053187847e-12
组3,full_cube_periodic,429,组3_full_cube_periodic_P0337,unique,1,False,2670.3402218321976,4999.999999999998,-1.8189894035458565e-12
组3,full_cube_periodic,460,组3_full_cube_periodic_P0337,unique,2,False,2329.6597781678,4999.999999999998,-1.8189894035458565e-12
组3,full_cube_periodic,432,组3_full_cube_periodic_P0338,unique,1,False,4999.999999999999,4999.999999999999,-9.094947017729282e-13
组3,full_cube_periodic,433,组3_full_cube_periodic_P0339,unique,1,False,3738.1177334967947,4999.99999999999,-1.000444171950221e-11
组3,full_cube_periodic,515,组3_full_cube_periodic_P0339,unique,2,False,1261.8822665031953,4999.99999999999,-1.000444171950221e-11
组3,full_cube_periodic,438,组3_full_cube_periodic_P0340,cannot_reconstruct,1,False,4694.603601164031,4694.603601164031,-305.3963988359692
组3,full_cube_periodic,439,组3_full_cube_periodic_P0341,unique,1,False,4999.999999999999,4999.999999999999,-9.094947017729282e-13
组3,full_cube_periodic,444,组3_full_cube_periodic_P0342,unique,1,False,1140.0273176619794,4999.999999999994,-6.366462912410498e-12
组3,full_cube_periodic,459,组3_full_cube_periodic_P0342,unique,2,False,3859.9726823380142,4999.999999999994,-6.366462912410498e-12
组3,full_cube_periodic,448,组3_full_cube_periodic_P0343,unique,1,False,4999.999999999999,4999.999999999999,-9.094947017729282e-13
组3,full_cube_periodic,451,组3_full_cube_periodic_P0344,cannot_reconstruct,1,False,4129.572616251495,4129.572616251495,-870.4273837485052
组3,full_cube_periodic,453,组3_full_cube_periodic_P0345,unique,1,False,4102.121975584744,4999.9999999999945,-5.4569682106375694e-12
组3,full_cube_periodic,477,组3_full_cube_periodic_P0345,unique,2,False,897.8780244152508,4999.9999999999945,-5.4569682106375694e-12
组3,full_cube_periodic,455,组3_full_cube_periodic_P0346,unique,1,False,4999.999999999995,4999.999999999995,-4.547473508864641e-12
组3,full_cube_periodic,457,组3_full_cube_periodic_P0347,cannot_reconstruct,1,False,3440.247662985558,3440.247662985558,-1559.7523370144422
组3,full_cube_periodic,462,组3_full_cube_periodic_P0348,unique,1,False,4999.999999999997,4999.999999999997,-2.7284841053187847e-12
组3,full_cube_periodic,469,组3_full_cube_periodic_P0349,unique,1,False,4353.8720748126725,4999.999999999998,-1.8189894035458565e-12
组3,full_cube_periodic,497,组3_full_cube_periodic_P0349,unique,2,False,646.127925187326,4999.999999999998,-1.8189894035458565e-12
组3,full_cube_periodic,470,组3_full_cube_periodic_P0350,unique,1,False,5000.000000000002,5000.000000000002,1.8189894035458565e-12
组3,full_cube_periodic,475,组3_full_cube_periodic_P0351,unique,1,False,1894.7135346389393,5000.000000000007,7.275957614183426e-12
组3,full_cube_periodic,495,组3_full_cube_periodic_P0351,unique,2,False,3105.286465361068,5000.000000000007,7.275957614183426e-12
组3,full_cube_periodic,478,组3_full_cube_periodic_P0352,cannot_reconstruct,1,False,4632.089965435156,4632.089965435156,-367.91003456484395
组3,full_cube_periodic,485,组3_full_cube_periodic_P0353,cannot_reconstruct,1,False,4630.178246958217,4630.178246958217,-369.82175304178327
组3,full_cube_periodic,486,组3_full_cube_periodic_P0354,unique,1,False,4999.999999999999,4999.999999999999,-9.094947017729282e-13
组3,full_cube_periodic,489,组3_full_cube_periodic_P0355,unique,1,False,5000.000000000002,5000.000000000002,1.8189894035458565e-12
组3,full_cube_periodic,494,组3_full_cube_periodic_P0356,unique,1,False,1086.3789717185152,5000.000000000003,2.7284841053187847e-12
组3,full_cube_periodic,496,组3_full_cube_periodic_P0356,unique,2,False,3913.6210282814877,5000.000000000003,2.7284841053187847e-12
组3,full_cube_periodic,520,组3_full_cube_periodic_P0357,cannot_reconstruct,1,False,584.9863271552862,584.9863271552862,-4415.013672844714
