role,proof_bound,proof_status,n_a,n_b,cost_weight,cost_yuan,a_volume_um3,b_volume_um3,total_volume_um3,a_volume_percent,b_volume_percent,total_volume_percent,a_cost_yuan,b_cost_yuan,successes,trials,estimate,wilson_one_sided_lower,wilson_one_sided_upper,clopper_pearson_one_sided_lower,clopper_pearson_one_sided_upper,configuration_fingerprint,artifact_path,artifact_sha256
candidate,lower,candidate_statistically_feasible,619,0,350973,9.188451653403087,8.750906336574367,0.0,8.750906336574367,0.8750906336574367,0.0,0.8750906336574367,9.188451653403087,0.0,45554,50000,0.91108,0.9061596031561476,0.9157663846749733,0.9061863570173373,0.9158116422756992,A89B7544E6D0696E62C7ABC8E34E3DA1718E5DA541D57E1FDB9CF7EC00696F77,C:\Users\23258\Desktop\华数杯\A题_微构体导电仿真优化\问题\问题4\results\D_screen2000_confirm50000\confirmation\pareto_max_A000619_B005483\mixed_pareto_frontier_samples.json,469BE2167B263FA7A811BF4572C0517EED8783B7657D7AADA5C24421020D94A7
strictly_cheaper_maximal,upper,strictly_cheaper_design_excluded,0,5483,350912,9.186854677137513,0.0,183.73709354275027,183.73709354275027,0.0,18.373709354275025,18.373709354275025,0.0,9.186854677137513,0,50000,0.0,0.0,0.00028463093422080913,0.0,0.00018849126832012165,A89B7544E6D0696E62C7ABC8E34E3DA1718E5DA541D57E1FDB9CF7EC00696F77,C:\Users\23258\Desktop\华数杯\A题_微构体导电仿真优化\问题\问题4\results\D_screen2000_confirm50000\confirmation\pareto_max_A000619_B005483\mixed_pareto_frontier_samples.json,469BE2167B263FA7A811BF4572C0517EED8783B7657D7AADA5C24421020D94A7
strictly_cheaper_maximal,upper,strictly_cheaper_design_excluded,1,5475,350967,9.188294573770408,0.014137166941154067,183.46901096964393,183.48314813658507,0.0014137166941154066,18.346901096964395,18.348314813658508,0.014844025288211772,9.173450548482196,0,50000,0.0,0.0,0.00028463093422080913,0.0,0.00018849126832012165,A89B7544E6D0696E62C7ABC8E34E3DA1718E5DA541D57E1FDB9CF7EC00696F77,C:\Users\23258\Desktop\华数杯\A题_微构体导电仿真优化\问题\问题4\results\D_screen2000_confirm50000\confirmation\pareto_max_A000619_B005483\mixed_pareto_frontier_samples.json,469BE2167B263FA7A811BF4572C0517EED8783B7657D7AADA5C24421020D94A7
strictly_cheaper_maximal,upper,strictly_cheaper_design_excluded,2,5466,350958,9.188058954321388,0.028274333882308135,183.16741807489933,183.19569240878164,0.0028274333882308132,18.316741807489933,18.319569240878167,0.029688050576423545,9.158370903744967,0,50000,0.0,0.0,0.00028463093422080913,0.0,0.00018849126832012165,A89B7544E6D0696E62C7ABC8E34E3DA1718E5DA541D57E1FDB9CF7EC00696F77,C:\Users\23258\Desktop\华数杯\A题_微构体导电仿真优化\问题\问题4\results\D_screen2000_confirm50000\confirmation\pareto_max_A000619_B005483\mixed_pareto_frontier_samples.json,469BE2167B263FA7A811BF4572C0517EED8783B7657D7AADA5C24421020D94A7
strictly_cheaper_maximal,upper,strictly_cheaper_design_excluded,3,5457,350949,9.187823334872368,0.042411500823462206,182.8658251801547,182.90823668097815,0.004241150082346221,18.28658251801547,18.290823668097815,0.04453207586463532,9.143291259007734,0,50000,0.0,0.0,0.00028463093422080913,0.0,0.00018849126832012165,A89B7544E6D0696E62C7ABC8E34E3DA1718E5DA541D57E1FDB9CF7EC00696F77,C:\Users\23258\Desktop\华数杯\A题_微构体导电仿真优化\问题\问题4\results\D_screen2000_confirm50000\confirmation\pareto_max_A000619_B005483\mixed_pareto_frontier_samples.json,469BE2167B263FA7A811BF4572C0517EED8783B7657D7AADA5C24421020D94A7
strictly_cheaper_maximal,upper,strictly_cheaper_design_excluded,4,5448,350940,9.18758771542335,0.05654866776461627,182.56423228541007,182.6207809531747,0.0056548667764616265,18.256423228541006,18.26207809531747,0.05937610115284709,9.128211614270503,0,50000,0.0,0.0,0.00028463093422080913,0.0,0.00018849126832012165,A89B7544E6D0696E62C7ABC8E34E3DA1718E5DA541D57E1FDB9CF7EC00696F77,C:\Users\23258\Desktop\华数杯\A题_微构体导电仿真优化\问题\问题4\results\D_screen2000_confirm50000\confirmation\pareto_max_A000619_B005483\mixed_pareto_frontier_samples.json,469BE2167B263FA7A811BF4572C0517EED8783B7657D7AADA5C24421020D94A7
strictly_cheaper_maximal,upper,strictly_cheaper_design_excluded,5,5439,350931,9.18735209597433,0.07068583470577033,182.26263939066547,182.33332522537123,0.007068583470577034,18.226263939066545,18.233332522537122,0.07422012644105885,9.113131969533272,0,50000,0.0,0.0,0.00028463093422080913,0.0,0.00018849126832012165,A89B7544E6D0696E62C7ABC8E34E3DA1718E5DA541D57E1FDB9CF7EC00696F77,C:\Users\23258\Desktop\华数杯\A题_微构体导电仿真优化\问题\问题4\results\D_screen2000_confirm50000\confirmation\pareto_max_A000619_B005483\mixed_pareto_frontier_samples.json,469BE2167B263FA7A811BF4572C0517EED8783B7657D7AADA5C24421020D94A7
strictly_cheaper_maximal,upper,strictly_cheaper_design_excluded,6,5430,350922,9.187116476525311,0.08482300164692441,181.96104649592084,182.04586949756776,0.008482300164692442,18.196104649592087,18.204586949756777,0.08906415172927064,9.098052324796042,0,50000,0.0,0.0,0.00028463093422080913,0.0,0.00018849126832012165,A89B7544E6D0696E62C7ABC8E34E3DA1718E5DA541D57E1FDB9CF7EC00696F77,C:\Users\23258\Desktop\华数杯\A题_微构体导电仿真优化\问题\问题4\results\D_screen2000_confirm50000\confirmation\pareto_max_A000619_B005483\mixed_pareto_frontier_samples.json,469BE2167B263FA7A811BF4572C0517EED8783B7657D7AADA5C24421020D94A7
strictly_cheaper_maximal,upper,strictly_cheaper_design_excluded,7,5421,350913,9.186880857076291,0.09896016858807848,181.6594536011762,181.75841376976427,0.009896016858807848,18.16594536011762,18.175841376976425,0.1039081770174824,9.082972680058809,0,50000,0.0,0.0,0.00028463093422080913,0.0,0.00018849126832012165,A89B7544E6D0696E62C7ABC8E34E3DA1718E5DA541D57E1FDB9CF7EC00696F77,C:\Users\23258\Desktop\华数杯\A题_微构体导电仿真优化\问题\问题4\results\D_screen2000_confirm50000\confirmation\pareto_max_A000619_B005483\mixed_pareto_frontier_samples.json,469BE2167B263FA7A811BF4572C0517EED8783B7657D7AADA5C24421020D94A7
strictly_cheaper_maximal,upper,strictly_cheaper_design_excluded,8,5413,350968,9.188320753709187,0.11309733552923254,181.3913710280699,181.50446836359913,0.011309733552923253,18.13913710280699,18.15044683635991,0.11875220230569418,9.069568551403494,0,50000,0.0,0.0,0.00028463093422080913,0.0,0.00018849126832012165,A89B7544E6D0696E62C7ABC8E34E3DA1718E5DA541D57E1FDB9CF7EC00696F77,C:\Users\23258\Desktop\华数杯\A题_微构体导电仿真优化\问题\问题4\results\D_screen2000_confirm50000\confirmation\pareto_max_A000619_B005483\mixed_pareto_frontier_samples.json,469BE2167B263FA7A811BF4572C0517EED8783B7657D7AADA5C24421020D94A7
strictly_cheaper_maximal,upper,strictly_cheaper_design_excluded,9,5404,350959,9.188085134260168,0.12723450247038662,181.08977813332527,181.21701263579564,0.012723450247038661,18.108977813332526,18.121701263579567,0.13359622759390596,9.054488906666261,0,50000,0.0,0.0,0.00028463093422080913,0.0,0.00018849126832012165,A89B7544E6D0696E62C7ABC8E34E3DA1718E5DA541D57E1FDB9CF7EC00696F77,C:\Users\23258\Desktop\华数杯\A题_微构体导电仿真优化\问题\问题4\results\D_screen2000_confirm50000\confirmation\pareto_max_A000619_B005483\mixed_pareto_frontier_samples.json,469BE2167B263FA7A811BF4572C0517EED8783B7657D7AADA5C24421020D94A7
strictly_cheaper_maximal,upper,strictly_cheaper_design_excluded,10,5395,350950,9.187849514811148,0.14137166941154067,180.78818523858064,180.92955690799218,0.014137166941154067,18.07881852385806,18.09295569079922,0.1484402528821177,9.039409261929032,0,50000,0.0,0.0,0.00028463093422080913,0.0,0.00018849126832012165,A89B7544E6D0696E62C7ABC8E34E3DA1718E5DA541D57E1FDB9CF7EC00696F77,C:\Users\23258\Desktop\华数杯\A题_微构体导电仿真优化\问题\问题4\results\D_screen2000_confirm50000\confirmation\pareto_max_A000619_B005483\mixed_pareto_frontier_samples.json,469BE2167B263FA7A811BF4572C0517EED8783B7657D7AADA5C24421020D94A7
strictly_cheaper_maximal,upper,strictly_cheaper_design_excluded,11,5386,350941,9.18761389536213,0.15550883635269475,180.48659234383604,180.64210118018872,0.015550883635269476,18.048659234383603,18.064210118018874,0.1632842781703295,9.024329617191801,0,50000,0.0,0.0,0.00028463093422080913,0.0,0.00018849126832012165,A89B7544E6D0696E62C7ABC8E34E3DA1718E5DA541D57E1FDB9CF7EC00696F77,C:\Users\23258\Desktop\华数杯\A题_微构体导电仿真优化\问题\问题4\results\D_screen2000_confirm50000\confirmation\pareto_max_A000619_B005483\mixed_pareto_frontier_samples.json,469BE2167B263FA7A811BF4572C0517EED8783B7657D7AADA5C24421020D94A7
strictly_cheaper_maximal,upper,strictly_cheaper_design_excluded,12,5377,350932,9.18737827591311,0.16964600329384882,180.1849994490914,180.35464545238526,0.016964600329384884,18.01849994490914,18.035464545238526,0.17812830345854128,9.009249972454569,0,50000,0.0,0.0,0.00028463093422080913,0.0,0.00018849126832012165,A89B7544E6D0696E62C7ABC8E34E3DA1718E5DA541D57E1FDB9CF7EC00696F77,C:\Users\23258\Desktop\华数杯\A题_微构体导电仿真优化\问题\问题4\results\D_screen2000_confirm50000\confirmation\pareto_max_A000619_B005483\mixed_pareto_frontier_samples.json,469BE2167B263FA7A811BF4572C0517EED8783B7657D7AADA5C24421020D94A7
strictly_cheaper_maximal,upper,strictly_cheaper_design_excluded,13,5368,350923,9.187142656464092,0.18378317023500287,179.88340655434678,180.06718972458177,0.018378317023500287,17.988340655434676,18.006718972458177,0.19297232874675302,8.994170327717338,1,50000,2e-05,1.2365714195556612e-06,0.0003233829775638846,1.6129682644235605e-09,0.00023976566671487885,A89B7544E6D0696E62C7ABC8E34E3DA1718E5DA541D57E1FDB9CF7EC00696F77,C:\Users\23258\Desktop\华数杯\A题_微构体导电仿真优化\问题\问题4\results\D_screen2000_confirm50000\confirmation\pareto_max_A000619_B005483\mixed_pareto_frontier_samples.json,469BE2167B263FA7A811BF4572C0517EED8783B7657D7AADA5C24421020D94A7
strictly_cheaper_maximal,upper,strictly_cheaper_design_excluded,14,5359,350914,9.186907037015072,0.19792033717615695,179.58181365960218,179.77973399677833,0.019792033717615697,17.95818136596022,17.977973399677833,0.2078163540349648,8.979090682980107,1,50000,2e-05,1.2365714195556612e-06,0.0003233829775638846,1.6129682644235605e-09,0.00023976566671487885,A89B7544E6D0696E62C7ABC8E34E3DA1718E5DA541D57E1FDB9CF7EC00696F77,C:\Users\23258\Desktop\华数杯\A题_微构体导电仿真优化\问题\问题4\results\D_screen2000_confirm50000\confirmation\pareto_max_A000619_B005483\mixed_pareto_frontier_samples.json,469BE2167B263FA7A811BF4572C0517EED8783B7657D7AADA5C24421020D94A7
strictly_cheaper_maximal,upper,strictly_cheaper_design_excluded,15,5351,350969,9.188346933647967,0.212057504117311,179.31373108649584,179.52578859061313,0.0212057504117311,17.931373108649584,17.952578859061312,0.2226603793231766,8.965686554324792,1,50000,2e-05,1.2365714195556612e-06,0.0003233829775638846,1.6129682644235605e-09,0.00023976566671487885,A89B7544E6D0696E62C7ABC8E34E3DA1718E5DA541D57E1FDB9CF7EC00696F77,C:\Users\23258\Desktop\华数杯\A题_微构体导电仿真优化\问题\问题4\results\D_screen2000_confirm50000\confirmation\pareto_max_A000619_B005483\mixed_pareto_frontier_samples.json,469BE2167B263FA7A811BF4572C0517EED8783B7657D7AADA5C24421020D94A7
strictly_cheaper_maximal,upper,strictly_cheaper_design_excluded,16,5342,350960,9.188111314198947,0.22619467105846508,179.01213819175123,179.2383328628097,0.022619467105846506,17.901213819175123,17.92383328628097,0.23750440461138836,8.95060690958756,1,50000,2e-05,1.2365714195556612e-06,0.0003233829775638846,1.6129682644235605e-09,0.00023976566671487885,A89B7544E6D0696E62C7ABC8E34E3DA1718E5DA541D57E1FDB9CF7EC00696F77,C:\Users\23258\Desktop\华数杯\A题_微构体导电仿真优化\问题\问题4\results\D_screen2000_confirm50000\confirmation\pareto_max_A000619_B005483\mixed_pareto_frontier_samples.json,469BE2167B263FA7A811BF4572C0517EED8783B7657D7AADA5C24421020D94A7
strictly_cheaper_maximal,upper,strictly_cheaper_design_excluded,17,5333,350951,9.187875694749929,0.24033183799961916,178.7105452970066,178.9508771350062,0.024033183799961916,17.87105452970066,17.89508771350062,0.2523484298996001,8.935527264850329,1,50000,2e-05,1.2365714195556612e-06,0.0003233829775638846,1.6129682644235605e-09,0.00023976566671487885,A89B7544E6D0696E62C7ABC8E34E3DA1718E5DA541D57E1FDB9CF7EC00696F77,C:\Users\23258\Desktop\华数杯\A题_微构体导电仿真优化\问题\问题4\results\D_screen2000_confirm50000\confirmation\pareto_max_A000619_B005483\mixed_pareto_frontier_samples.json,469BE2167B263FA7A811BF4572C0517EED8783B7657D7AADA5C24421020D94A7
strictly_cheaper_maximal,upper,strictly_cheaper_design_excluded,18,5324,350942,9.187640075300909,0.25446900494077324,178.40895240226197,178.66342140720275,0.025446900494077322,17.840895240226196,17.866342140720274,0.26719245518781193,8.920447620113096,1,50000,2e-05,1.2365714195556612e-06,0.0003233829775638846,1.6129682644235605e-09,0.00023976566671487885,A89B7544E6D0696E62C7ABC8E34E3DA1718E5DA541D57E1FDB9CF7EC00696F77,C:\Users\23258\Desktop\华数杯\A题_微构体导电仿真优化\问题\问题4\results\D_screen2000_confirm50000\confirmation\pareto_max_A000619_B005483\mixed_pareto_frontier_samples.json,469BE2167B263FA7A811BF4572C0517EED8783B7657D7AADA5C24421020D94A7
strictly_cheaper_maximal,upper,strictly_cheaper_design_excluded,19,5315,350933,9.18740445585189,0.26860617188192726,178.10735950751737,178.3759656793993,0.026860617188192725,17.810735950751734,17.837596567939926,0.2820364804760237,8.905367975375867,1,50000,2e-05,1.2365714195556612e-06,0.0003233829775638846,1.6129682644235605e-09,0.00023976566671487885,A89B7544E6D0696E62C7ABC8E34E3DA1718E5DA541D57E1FDB9CF7EC00696F77,C:\Users\23258\Desktop\华数杯\A题_微构体导电仿真优化\问题\问题4\results\D_screen2000_confirm50000\confirmation\pareto_max_A000619_B005483\mixed_pareto_frontier_samples.json,469BE2167B263FA7A811BF4572C0517EED8783B7657D7AADA5C24421020D94A7
strictly_cheaper_maximal,upper,strictly_cheaper_design_excluded,20,5306,350924,9.18716883640287,0.28274333882308134,177.80576661277274,178.08850995159582,0.028274333882308135,17.780576661277276,17.808850995159585,0.2968805057642354,8.890288330638636,2,50000,4e-05,4.441118676463344e-06,0.0003601670450696081,2.550843418338779e-07,0.0002834870367015719,A89B7544E6D0696E62C7ABC8E34E3DA1718E5DA541D57E1FDB9CF7EC00696F77,C:\Users\23258\Desktop\华数杯\A题_微构体导电仿真优化\问题\问题4\results\D_screen2000_confirm50000\confirmation\pareto_max_A000619_B005483\mixed_pareto_frontier_samples.json,469BE2167B263FA7A811BF4572C0517EED8783B7657D7AADA5C24421020D94A7
strictly_cheaper_maximal,upper,strictly_cheaper_design_excluded,21,5297,350915,9.186933216953852,0.2968805057642354,177.5041737180281,177.80105422379233,0.02968805057642354,17.75041737180281,17.780105422379233,0.31172453105244724,8.875208685901404,3,50000,6e-05,9.099882618641953e-06,0.00039549689589006066,1.6018673883476805e-06,0.00032344689114014184,A89B7544E6D0696E62C7ABC8E34E3DA1718E5DA541D57E1FDB9CF7EC00696F77,C:\Users\23258\Desktop\华数杯\A题_微构体导电仿真优化\问题\问题4\results\D_screen2000_confirm50000\confirmation\pareto_max_A000619_B005483\mixed_pareto_frontier_samples.json,469BE2167B263FA7A811BF4572C0517EED8783B7657D7AADA5C24421020D94A7
strictly_cheaper_maximal,upper,strictly_cheaper_design_excluded,22,5289,350970,9.188373113586747,0.3110176727053895,177.2360911449218,177.5471088176272,0.03110176727053895,17.72360911449218,17.75471088176272,0.326568556340659,8.861804557246089,4,50000,8e-05,1.4890033645203717e-05,0.0004296953596261301,4.38228460151601e-06,0.0003610318223096268,A89B7544E6D0696E62C7ABC8E34E3DA1718E5DA541D57E1FDB9CF7EC00696F77,C:\Users\23258\Desktop\华数杯\A题_微构体导电仿真优化\问题\问题4\results\D_screen2000_confirm50000\confirmation\pareto_max_A000619_B005483\mixed_pareto_frontier_samples.json,469BE2167B263FA7A811BF4572C0517EED8783B7657D7AADA5C24421020D94A7
strictly_cheaper_maximal,upper,strictly_cheaper_design_excluded,23,5280,350961,9.188137494137727,0.32515483964654357,176.93449825017717,177.2596530898237,0.03251548396465436,17.693449825017716,17.72596530898237,0.3414125816288707,8.846724912508856,4,50000,8e-05,1.4890033645203717e-05,0.0004296953596261301,4.38228460151601e-06,0.0003610318223096268,A89B7544E6D0696E62C7ABC8E34E3DA1718E5DA541D57E1FDB9CF7EC00696F77,C:\Users\23258\Desktop\华数杯\A题_微构体导电仿真优化\问题\问题4\results\D_screen2000_confirm50000\confirmation\pareto_max_A000619_B005483\mixed_pareto_frontier_samples.json,469BE2167B263FA7A811BF4572C0517EED8783B7657D7AADA5C24421020D94A7
strictly_cheaper_maximal,upper,strictly_cheaper_design_excluded,24,5271,350952,9.18790187468871,0.33929200658769765,176.63290535543254,176.97219736202024,0.03392920065876977,17.663290535543254,17.697219736202022,0.35625660691708255,8.831645267771627,4,50000,8e-05,1.4890033645203717e-05,0.0004296953596261301,4.38228460151601e-06,0.0003610318223096268,A89B7544E6D0696E62C7ABC8E34E3DA1718E5DA541D57E1FDB9CF7EC00696F77,C:\Users\23258\Desktop\华数杯\A题_微构体导电仿真优化\问题\问题4\results\D_screen2000_confirm50000\confirmation\pareto_max_A000619_B005483\mixed_pareto_frontier_samples.json,469BE2167B263FA7A811BF4572C0517EED8783B7657D7AADA5C24421020D94A7
strictly_cheaper_maximal,upper,strictly_cheaper_design_excluded,25,5262,350943,9.187666255239689,0.35342917352885167,176.33131246068794,176.68474163421678,0.03534291735288517,17.633131246068796,17.668474163421678,0.3711006322052943,8.816565623034395,5,50000,0.0001,2.1593010838945418e-05,0.0004629809971950196,8.486973614880366e-06,0.0003969376439998646,A89B7544E6D0696E62C7ABC8E34E3DA1718E5DA541D57E1FDB9CF7EC00696F77,C:\Users\23258\Desktop\华数杯\A题_微构体导电仿真优化\问题\问题4\results\D_screen2000_confirm50000\confirmation\pareto_max_A000619_B005483\mixed_pareto_frontier_samples.json,469BE2167B263FA7A811BF4572C0517EED8783B7657D7AADA5C24421020D94A7
strictly_cheaper_maximal,upper,strictly_cheaper_design_excluded,26,5253,350934,9.18743063579067,0.36756634047000575,176.0297195659433,176.39728590641332,0.03675663404700057,17.60297195659433,17.63972859064133,0.38594465749350604,8.801485978297164,5,50000,0.0001,2.1593010838945418e-05,0.0004629809971950196,8.486973614880366e-06,0.0003969376439998646,A89B7544E6D0696E62C7ABC8E34E3DA1718E5DA541D57E1FDB9CF7EC00696F77,C:\Users\23258\Desktop\华数杯\A题_微构体导电仿真优化\问题\问题4\results\D_screen2000_confirm50000\confirmation\pareto_max_A000619_B005483\mixed_pareto_frontier_samples.json,469BE2167B263FA7A811BF4572C0517EED8783B7657D7AADA5C24421020D94A7
strictly_cheaper_maximal,upper,strictly_cheaper_design_excluded,27,5244,350925,9.18719501634165,0.3817035074111598,175.72812667119868,176.10983017860983,0.03817035074111598,17.57281266711987,17.61098301786098,0.40078868278171786,8.786406333559935,6,50000,0.00012,2.9052700386990597e-05,0.0004955099224096055,1.3718894875758047e-05,0.0004315734616902252,A89B7544E6D0696E62C7ABC8E34E3DA1718E5DA541D57E1FDB9CF7EC00696F77,C:\Users\23258\Desktop\华数杯\A题_微构体导电仿真优化\问题\问题4\results\D_screen2000_confirm50000\confirmation\pareto_max_A000619_B005483\mixed_pareto_frontier_samples.json,469BE2167B263FA7A811BF4572C0517EED8783B7657D7AADA5C24421020D94A7
strictly_cheaper_maximal,upper,strictly_cheaper_design_excluded,28,5235,350916,9.186959396892632,0.3958406743523139,175.42653377645408,175.8223744508064,0.03958406743523139,17.542653377645408,17.58223744508064,0.4156327080699296,8.771326688822702,7,50000,0.00014,3.7152988808971266e-05,0.0005273982487502561,1.9898064768323464e-05,0.00046520440092300415,A89B7544E6D0696E62C7ABC8E34E3DA1718E5DA541D57E1FDB9CF7EC00696F77,C:\Users\23258\Desktop\华数杯\A题_微构体导电仿真优化\问题\问题4\results\D_screen2000_confirm50000\confirmation\pareto_max_A000619_B005483\mixed_pareto_frontier_samples.json,469BE2167B263FA7A811BF4572C0517EED8783B7657D7AADA5C24421020D94A7
strictly_cheaper_maximal,upper,strictly_cheaper_design_excluded,29,5227,350971,9.188399293525526,0.409977841293468,175.15845120334774,175.5684290446412,0.0409977841293468,17.515845120334774,17.55684290446412,0.4304767333581414,8.757922560167387,8,50000,0.00016,4.5804733954950456e-05,0.000558735118366908,2.6877973194688096e-05,0.0004980140827074487,A89B7544E6D0696E62C7ABC8E34E3DA1718E5DA541D57E1FDB9CF7EC00696F77,C:\Users\23258\Desktop\华数杯\A题_微构体导电仿真优化\问题\问题4\results\D_screen2000_confirm50000\confirmation\pareto_max_A000619_B005483\mixed_pareto_frontier_samples.json,469BE2167B263FA7A811BF4572C0517EED8783B7657D7AADA5C24421020D94A7
strictly_cheaper_maximal,upper,strictly_cheaper_design_excluded,30,5218,350962,9.188163674076508,0.424115008234622,174.8568583086031,175.28097331683773,0.0424115008234622,17.485685830860312,17.528097331683774,0.4453207586463532,8.742842915430154,9,50000,0.00018,5.493773230669718e-05,0.0005895907347777924,3.454216482047768e-05,0.0005301359909371964,A89B7544E6D0696E62C7ABC8E34E3DA1718E5DA541D57E1FDB9CF7EC00696F77,C:\Users\23258\Desktop\华数杯\A题_微构体导电仿真优化\问题\问题4\results\D_screen2000_confirm50000\confirmation\pareto_max_A000619_B005483\mixed_pareto_frontier_samples.json,469BE2167B263FA7A811BF4572C0517EED8783B7657D7AADA5C24421020D94A7
strictly_cheaper_maximal,upper,strictly_cheaper_design_excluded,31,5209,350953,9.187928054627488,0.4382521751757761,174.5552654138585,174.99351758903427,0.043825217517577605,17.45552654138585,17.499351758903426,0.4601647839345649,8.727763270692924,10,50000,0.0002,6.449552309632469e-05,0.0006200215587507962,4.2797904544465985e-05,0.0005616708159327642,A89B7544E6D0696E62C7ABC8E34E3DA1718E5DA541D57E1FDB9CF7EC00696F77,C:\Users\23258\Desktop\华数杯\A题_微构体导电仿真优化\问题\问题4\results\D_screen2000_confirm50000\confirmation\pareto_max_A000619_B005483\mixed_pareto_frontier_samples.json,469BE2167B263FA7A811BF4572C0517EED8783B7657D7AADA5C24421020D94A7
strictly_cheaper_maximal,upper,strictly_cheaper_design_excluded,32,5200,350944,9.18769243517847,0.45238934211693016,174.25367251911388,174.7060618612308,0.04523893421169301,17.425367251911386,17.47060618612308,0.4750088092227767,8.712683625955693,11,50000,0.00022,7.44318931222976e-05,0.0006500738034874543,5.157060755611021e-05,0.000592696759471944,A89B7544E6D0696E62C7ABC8E34E3DA1718E5DA541D57E1FDB9CF7EC00696F77,C:\Users\23258\Desktop\华数杯\A题_微构体导电仿真优化\问题\问题4\results\D_screen2000_confirm50000\confirmation\pareto_max_A000619_B005483\mixed_pareto_frontier_samples.json,469BE2167B263FA7A811BF4572C0517EED8783B7657D7AADA5C24421020D94A7
strictly_cheaper_maximal,upper,strictly_cheaper_design_excluded,33,5191,350935,9.18745681572945,0.46652650905808424,173.95207962436925,174.41860613342732,0.04665265090580842,17.395207962436924,17.44186061334273,0.4898528345109885,8.697603981218462,12,50000,0.00024,8.47084476631938e-05,0.0006797858637091893,6.0799548036504515e-05,0.0006232760100145059,A89B7544E6D0696E62C7ABC8E34E3DA1718E5DA541D57E1FDB9CF7EC00696F77,C:\Users\23258\Desktop\华数杯\A题_微构体导电仿真优化\问题\问题4\results\D_screen2000_confirm50000\confirmation\pareto_max_A000619_B005483\mixed_pareto_frontier_samples.json,469BE2167B263FA7A811BF4572C0517EED8783B7657D7AADA5C24421020D94A7
strictly_cheaper_maximal,upper,strictly_cheaper_design_excluded,34,5182,350926,9.187221196280431,0.4806636759992383,173.65048672962465,174.13115040562388,0.04806636759992383,17.365048672962466,17.41311504056239,0.5046968597992002,8.682524336481231,14,50000,0.00028,0.00010615767738991766,0.0007383138635077277,8.043421360890066e-05,0.0006832872969610133,A89B7544E6D0696E62C7ABC8E34E3DA1718E5DA541D57E1FDB9CF7EC00696F77,C:\Users\23258\Desktop\华数杯\A题_微构体导电仿真优化\问题\问题4\results\D_screen2000_confirm50000\confirmation\pareto_max_A000619_B005483\mixed_pareto_frontier_samples.json,469BE2167B263FA7A811BF4572C0517EED8783B7657D7AADA5C24421020D94A7
strictly_cheaper_maximal,upper,strictly_cheaper_design_excluded,35,5173,350917,9.186985576831411,0.49480084294039234,173.34889383488002,173.8436946778204,0.04948008429403924,17.334889383488,17.38436946778204,0.519540885087412,8.667444691743999,16,50000,0.00032,0.0001286370226034398,0.000795811747819468,0.00010139099803882027,0.0007420135087067346,A89B7544E6D0696E62C7ABC8E34E3DA1718E5DA541D57E1FDB9CF7EC00696F77,C:\Users\23258\Desktop\华数杯\A题_微构体导电仿真优化\问题\问题4\results\D_screen2000_confirm50000\confirmation\pareto_max_A000619_B005483\mixed_pareto_frontier_samples.json,469BE2167B263FA7A811BF4572C0517EED8783B7657D7AADA5C24421020D94A7
strictly_cheaper_maximal,upper,strictly_cheaper_design_excluded,36,5165,350972,9.188425473464306,0.5089380098815465,173.0808112617737,173.58974927165525,0.050893800988154644,17.30808112617737,17.358974927165523,0.5343849103756239,8.654040563088683,19,50000,0.00038,0.00016395938682789869,0.0008804552278829025,0.00013482959594173633,0.0008281588662017655,A89B7544E6D0696E62C7ABC8E34E3DA1718E5DA541D57E1FDB9CF7EC00696F77,C:\Users\23258\Desktop\华数杯\A题_微构体导电仿真优化\问题\问题4\results\D_screen2000_confirm50000\confirmation\pareto_max_A000619_B005483\mixed_pareto_frontier_samples.json,469BE2167B263FA7A811BF4572C0517EED8783B7657D7AADA5C24421020D94A7
strictly_cheaper_maximal,upper,strictly_cheaper_design_excluded,37,5156,350963,9.188189854015288,0.5230751768227005,172.77921836702907,173.30229354385176,0.05230751768227005,17.277921836702905,17.330229354385178,0.5492289356638356,8.638960918351453,22,50000,0.00044,0.00020087596557342503,0.0009635044934252697,0.00017021170569801475,0.000912418754011399,A89B7544E6D0696E62C7ABC8E34E3DA1718E5DA541D57E1FDB9CF7EC00696F77,C:\Users\23258\Desktop\华数杯\A题_微构体导电仿真优化\问题\问题4\results\D_screen2000_confirm50000\confirmation\pareto_max_A000619_B005483\mixed_pareto_frontier_samples.json,469BE2167B263FA7A811BF4572C0517EED8783B7657D7AADA5C24421020D94A7
strictly_cheaper_maximal,upper,strictly_cheaper_design_excluded,38,5147,350954,9.187954234566268,0.5372123437638545,172.47762547228444,173.0148378160483,0.05372123437638545,17.247762547228444,17.30148378160483,0.5640729609520474,8.623881273614222,21,50000,0.00042,0.00018841194206679868,0.0009359799021692649,0.00015822712763352312,0.000884517036312672,A89B7544E6D0696E62C7ABC8E34E3DA1718E5DA541D57E1FDB9CF7EC00696F77,C:\Users\23258\Desktop\华数杯\A题_微构体导电仿真优化\问题\问题4\results\D_screen2000_confirm50000\confirmation\pareto_max_A000619_B005483\mixed_pareto_frontier_samples.json,469BE2167B263FA7A811BF4572C0517EED8783B7657D7AADA5C24421020D94A7
strictly_cheaper_maximal,upper,strictly_cheaper_design_excluded,39,5138,350945,9.18771861511725,0.5513495107050086,172.17603257753984,172.72738208824484,0.055134951070500864,17.217603257753986,17.272738208824485,0.5789169862402591,8.608801628876991,21,50000,0.00042,0.00018841194206679868,0.0009359799021692649,0.00015822712763352312,0.000884517036312672,A89B7544E6D0696E62C7ABC8E34E3DA1718E5DA541D57E1FDB9CF7EC00696F77,C:\Users\23258\Desktop\华数杯\A题_微构体导电仿真优化\问题\问题4\results\D_screen2000_confirm50000\confirmation\pareto_max_A000619_B005483\mixed_pareto_frontier_samples.json,469BE2167B263FA7A811BF4572C0517EED8783B7657D7AADA5C24421020D94A7
strictly_cheaper_maximal,upper,strictly_cheaper_design_excluded,40,5129,350936,9.18748299566823,0.5654866776461627,171.8744396827952,172.43992636044138,0.05654866776461627,17.18744396827952,17.243992636044137,0.5937610115284708,8.593721984139759,25,50000,0.0005,0.0002391129645433568,0.0010452333387432314,0.0002071677651221571,0.0009951505309544774,A89B7544E6D0696E62C7ABC8E34E3DA1718E5DA541D57E1FDB9CF7EC00696F77,C:\Users\23258\Desktop\华数杯\A题_微构体导电仿真优化\问题\问题4\results\D_screen2000_confirm50000\confirmation\pareto_max_A000619_B005483\mixed_pareto_frontier_samples.json,469BE2167B263FA7A811BF4572C0517EED8783B7657D7AADA5C24421020D94A7
strictly_cheaper_maximal,upper,strictly_cheaper_design_excluded,41,5120,350927,9.18724737621921,0.5796238445873167,171.57284678805058,172.1524706326379,0.057962384458731676,17.15728467880506,17.21524706326379,0.6086050368166827,8.578642339402528,26,50000,0.00052,0.00025211537941066415,0.001072219538638555,0.00021978804197999164,0.0010224347121194895,A89B7544E6D0696E62C7ABC8E34E3DA1718E5DA541D57E1FDB9CF7EC00696F77,C:\Users\23258\Desktop\华数杯\A题_微构体导电仿真优化\问题\问题4\results\D_screen2000_confirm50000\confirmation\pareto_max_A000619_B005483\mixed_pareto_frontier_samples.json,469BE2167B263FA7A811BF4572C0517EED8783B7657D7AADA5C24421020D94A7
strictly_cheaper_maximal,upper,strictly_cheaper_design_excluded,42,5111,350918,9.187011756770191,0.5937610115284708,171.27125389330598,171.86501490483445,0.05937610115284708,17.127125389330597,17.186501490483447,0.6234490621048945,8.563562694665297,27,50000,0.00054,0.0002652353053525748,0.0010990882274592758,0.00023254511020946405,0.0010495858654173571,A89B7544E6D0696E62C7ABC8E34E3DA1718E5DA541D57E1FDB9CF7EC00696F77,C:\Users\23258\Desktop\华数杯\A题_微构体导电仿真优化\问题\问题4\results\D_screen2000_confirm50000\confirmation\pareto_max_A000619_B005483\mixed_pareto_frontier_samples.json,469BE2167B263FA7A811BF4572C0517EED8783B7657D7AADA5C24421020D94A7
strictly_cheaper_maximal,upper,strictly_cheaper_design_excluded,43,5102,350909,9.186776137321171,0.6078981784696249,170.96966099856135,171.57755917703096,0.06078981784696249,17.096966099856132,17.157755917703096,0.6382930873931062,8.548483049928066,31,50000,0.00062,0.0003187821856190944,0.0012054958062432807,0.0002848045290626462,0.0011569921693019554,A89B7544E6D0696E62C7ABC8E34E3DA1718E5DA541D57E1FDB9CF7EC00696F77,C:\Users\23258\Desktop\华数杯\A题_微构体导电仿真优化\问题\问题4\results\D_screen2000_confirm50000\confirmation\pareto_max_A000619_B005483\mixed_pareto_frontier_samples.json,469BE2167B263FA7A811BF4572C0517EED8783B7657D7AADA5C24421020D94A7
strictly_cheaper_maximal,upper,strictly_cheaper_design_excluded,44,5094,350964,9.188216033954067,0.622035345410779,170.701578425455,171.3236137708658,0.0622035345410779,17.070157842545502,17.13236137708658,0.653137112681318,8.535078921272751,35,50000,0.0007,0.0003738222938976621,0.0013104101570152378,0.0003387665597012795,0.00126273915073983,A89B7544E6D0696E62C7ABC8E34E3DA1718E5DA541D57E1FDB9CF7EC00696F77,C:\Users\23258\Desktop\华数杯\A题_微构体导电仿真优化\问题\问题4\results\D_screen2000_confirm50000\confirmation\pareto_max_A000619_B005483\mixed_pareto_frontier_samples.json,469BE2167B263FA7A811BF4572C0517EED8783B7657D7AADA5C24421020D94A7
strictly_cheaper_maximal,upper,strictly_cheaper_design_excluded,45,5085,350955,9.187980414505049,0.6361725123519331,170.3999855307104,171.03615804306233,0.06361725123519331,17.03999855307104,17.10361580430623,0.6679811379695297,8.519999276535518,38,50000,0.00076,0.00041594353986870725,0.0013882547553320862,0.0003801852656295046,0.0013411248629788043,A89B7544E6D0696E62C7ABC8E34E3DA1718E5DA541D57E1FDB9CF7EC00696F77,C:\Users\23258\Desktop\华数杯\A题_微构体导电仿真优化\问题\问题4\results\D_screen2000_confirm50000\confirmation\pareto_max_A000619_B005483\mixed_pareto_frontier_samples.json,469BE2167B263FA7A811BF4572C0517EED8783B7657D7AADA5C24421020D94A7
strictly_cheaper_maximal,upper,strictly_cheaper_design_excluded,46,5076,350946,9.187744795056028,0.6503096792930871,170.09839263596578,170.74870231525887,0.06503096792930872,17.00983926359658,17.074870231525885,0.6828251632577415,8.504919631798288,42,50000,0.00084,0.0004730824222544389,0.0014910703319968794,0.0004364993961047048,0.0014445745174742606,A89B7544E6D0696E62C7ABC8E34E3DA1718E5DA541D57E1FDB9CF7EC00696F77,C:\Users\23258\Desktop\华数杯\A题_微构体导电仿真优化\问题\问题4\results\D_screen2000_confirm50000\confirmation\pareto_max_A000619_B005483\mixed_pareto_frontier_samples.json,469BE2167B263FA7A811BF4572C0517EED8783B7657D7AADA5C24421020D94A7
strictly_cheaper_maximal,upper,strictly_cheaper_design_excluded,47,5067,350937,9.18750917560701,0.6644468462342412,169.79679974122115,170.46124658745538,0.06644468462342412,16.979679974122114,17.04612465874554,0.6976691885459533,8.489839987061057,45,50000,0.0009,0.0005165898574835199,0.0015675287410556915,0.00047945741205225373,0.001521454805997226,A89B7544E6D0696E62C7ABC8E34E3DA1718E5DA541D57E1FDB9CF7EC00696F77,C:\Users\23258\Desktop\华数杯\A题_微构体导电仿真优化\问题\问题4\results\D_screen2000_confirm50000\confirmation\pareto_max_A000619_B005483\mixed_pareto_frontier_samples.json,469BE2167B263FA7A811BF4572C0517EED8783B7657D7AADA5C24421020D94A7
strictly_cheaper_maximal,upper,strictly_cheaper_design_excluded,48,5058,350928,9.18727355615799,0.6785840131753953,169.49520684647655,170.17379085965194,0.06785840131753954,16.949520684647656,17.017379085965192,0.7125132138341651,8.474760342323826,51,50000,0.00102,0.0006050704198287297,0.001718979867286269,0.0005669804838837306,0.0016736406208543448,A89B7544E6D0696E62C7ABC8E34E3DA1718E5DA541D57E1FDB9CF7EC00696F77,C:\Users\23258\Desktop\华数杯\A题_微构体导电仿真优化\问题\问题4\results\D_screen2000_confirm50000\confirmation\pareto_max_A000619_B005483\mixed_pareto_frontier_samples.json,469BE2167B263FA7A811BF4572C0517EED8783B7657D7AADA5C24421020D94A7
strictly_cheaper_maximal,upper,strictly_cheaper_design_excluded,49,5049,350919,9.187037936708972,0.6927211801165493,169.19361395173192,169.88633513184845,0.06927211801165492,16.919361395173194,16.988633513184848,0.7273572391223768,8.459680697586595,50,50000,0.001,0.0005901983781678728,0.0016938632941844946,0.0005522565969563718,0.0016484103865977346,A89B7544E6D0696E62C7ABC8E34E3DA1718E5DA541D57E1FDB9CF7EC00696F77,C:\Users\23258\Desktop\华数杯\A题_微构体导电仿真优化\问题\问题4\results\D_screen2000_confirm50000\confirmation\pareto_max_A000619_B005483\mixed_pareto_frontier_samples.json,469BE2167B263FA7A811BF4572C0517EED8783B7657D7AADA5C24421020D94A7
strictly_cheaper_maximal,upper,strictly_cheaper_design_excluded,50,5040,350910,9.186802317259952,0.7068583470577033,168.8920210569873,169.598879404045,0.07068583470577033,16.88920210569873,16.9598879404045,0.7422012644105886,8.444601052849364,55,50000,0.0011,0.0006650151131076228,0.0018189896330579008,0.0006263716139774916,0.0017740751127949142,A89B7544E6D0696E62C7ABC8E34E3DA1718E5DA541D57E1FDB9CF7EC00696F77,C:\Users\23258\Desktop\华数杯\A题_微构体导电仿真优化\问题\问题4\results\D_screen2000_confirm50000\confirmation\pareto_max_A000619_B005483\mixed_pareto_frontier_samples.json,469BE2167B263FA7A811BF4572C0517EED8783B7657D7AADA5C24421020D94A7
strictly_cheaper_maximal,upper,strictly_cheaper_design_excluded,51,5032,350965,9.188242213892847,0.7209955139988574,168.62393848388098,169.34493399787982,0.07209955139988575,16.8623938483881,16.934493399787982,0.7570452896988004,8.431196924194047,61,50000,0.00122,0.0007561785923271963,0.001967757842414114,0.0007168048482645279,0.0019234040007689718,A89B7544E6D0696E62C7ABC8E34E3DA1718E5DA541D57E1FDB9CF7EC00696F77,C:\Users\23258\Desktop\华数杯\A题_微构体导电仿真优化\问题\问题4\results\D_screen2000_confirm50000\confirmation\pareto_max_A000619_B005483\mixed_pareto_frontier_samples.json,469BE2167B263FA7A811BF4572C0517EED8783B7657D7AADA5C24421020D94A7
strictly_cheaper_maximal,upper,strictly_cheaper_design_excluded,52,5023,350956,9.188006594443829,0.7351326809400115,168.32234558913635,169.05747827007636,0.07351326809400115,16.832234558913633,16.905747827007634,0.7718893149870121,8.416117279456817,66,50000,0.00132,0.000833160153720756,0.00209071935483371,0.0007932527011163263,0.002046775878411983,A89B7544E6D0696E62C7ABC8E34E3DA1718E5DA541D57E1FDB9CF7EC00696F77,C:\Users\23258\Desktop\华数杯\A题_微构体导电仿真优化\问题\问题4\results\D_screen2000_confirm50000\confirmation\pareto_max_A000619_B005483\mixed_pareto_frontier_samples.json,469BE2167B263FA7A811BF4572C0517EED8783B7657D7AADA5C24421020D94A7
strictly_cheaper_maximal,upper,strictly_cheaper_design_excluded,53,5014,350947,9.187770974994809,0.7492698478811656,168.02075269439172,168.77002254227287,0.07492698478811656,16.80207526943917,16.877002254227286,0.786733340275224,8.401037634719586,70,50000,0.0014,0.0008953368560768918,0.002188497111528099,0.0008550429005006561,0.00214485129890541,A89B7544E6D0696E62C7ABC8E34E3DA1718E5DA541D57E1FDB9CF7EC00696F77,C:\Users\23258\Desktop\华数杯\A题_微构体导电仿真优化\问题\问题4\results\D_screen2000_confirm50000\confirmation\pareto_max_A000619_B005483\mixed_pareto_frontier_samples.json,469BE2167B263FA7A811BF4572C0517EED8783B7657D7AADA5C24421020D94A7
strictly_cheaper_maximal,upper,strictly_cheaper_design_excluded,54,5005,350938,9.187535355545789,0.7634070148223197,167.71915979964712,168.48256681446944,0.07634070148223196,16.771915979964714,16.848256681446944,0.8015773655634357,8.385957989982355,71,50000,0.00142,0.0009109575206722312,0.0022128650616953906,0.00087057192170052,0.0021692899028692373,A89B7544E6D0696E62C7ABC8E34E3DA1718E5DA541D57E1FDB9CF7EC00696F77,C:\Users\23258\Desktop\华数杯\A题_微构体导电仿真优化\问题\问题4\results\D_screen2000_confirm50000\confirmation\pareto_max_A000619_B005483\mixed_pareto_frontier_samples.json,469BE2167B263FA7A811BF4572C0517EED8783B7657D7AADA5C24421020D94A7
strictly_cheaper_maximal,upper,strictly_cheaper_design_excluded,55,4996,350929,9.18729973609677,0.7775441817634737,167.4175669049025,168.19511108666595,0.07775441817634737,16.74175669049025,16.819511108666592,0.8164213908516474,8.370878345245124,79,50000,0.00158,0.001036933480229308,0.0024067980202393635,0.0009958768697649323,0.0023637413009710596,A89B7544E6D0696E62C7ABC8E34E3DA1718E5DA541D57E1FDB9CF7EC00696F77,C:\Users\23258\Desktop\华数杯\A题_微构体导电仿真优化\问题\问题4\results\D_screen2000_confirm50000\confirmation\pareto_max_A000619_B005483\mixed_pareto_frontier_samples.json,469BE2167B263FA7A811BF4572C0517EED8783B7657D7AADA5C24421020D94A7
strictly_cheaper_maximal,upper,strictly_cheaper_design_excluded,56,4987,350920,9.18706411664775,0.7916813487046278,167.11597401015786,167.90765535886248,0.07916813487046279,16.711597401015784,16.790765535886248,0.8312654161398592,8.355798700507892,86,50000,0.00172,0.0011484972671532306,0.0025751545366538586,0.0011069303346641795,0.002532493781444691,A89B7544E6D0696E62C7ABC8E34E3DA1718E5DA541D57E1FDB9CF7EC00696F77,C:\Users\23258\Desktop\华数杯\A题_微构体导电仿真优化\问题\问题4\results\D_screen2000_confirm50000\confirmation\pareto_max_A000619_B005483\mixed_pareto_frontier_samples.json,469BE2167B263FA7A811BF4572C0517EED8783B7657D7AADA5C24421020D94A7
strictly_cheaper_maximal,upper,strictly_cheaper_design_excluded,57,4978,350911,9.186828497198732,0.8058185156457819,166.81438111541325,167.62019963105902,0.08058185156457819,16.681438111541325,16.762019963105903,0.8461094414280711,8.340719055770661,95,50000,0.0019,0.0012935291779188984,0.0027900201587518717,0.0012513895293485813,0.002747806131925314,A89B7544E6D0696E62C7ABC8E34E3DA1718E5DA541D57E1FDB9CF7EC00696F77,C:\Users\23258\Desktop\华数杯\A题_微构体导电仿真优化\问题\问题4\results\D_screen2000_confirm50000\confirmation\pareto_max_A000619_B005483\mixed_pareto_frontier_samples.json,469BE2167B263FA7A811BF4572C0517EED8783B7657D7AADA5C24421020D94A7
strictly_cheaper_maximal,upper,strictly_cheaper_design_excluded,58,4970,350966,9.188268393831628,0.819955682586936,166.54629854230691,167.36625422489385,0.0819955682586936,16.65462985423069,16.736625422489386,0.8609534667162828,8.327314927115344,96,50000,0.00192,0.001309744659152532,0.002813793292280869,0.001267546330787982,0.00277162520665377,A89B7544E6D0696E62C7ABC8E34E3DA1718E5DA541D57E1FDB9CF7EC00696F77,C:\Users\23258\Desktop\华数杯\A题_微构体导电仿真优化\问题\问题4\results\D_screen2000_confirm50000\confirmation\pareto_max_A000619_B005483\mixed_pareto_frontier_samples.json,469BE2167B263FA7A811BF4572C0517EED8783B7657D7AADA5C24421020D94A7
strictly_cheaper_maximal,upper,strictly_cheaper_design_excluded,59,4961,350957,9.188032774382608,0.8340928495280899,166.2447056475623,167.0787984970904,0.08340928495280898,16.62447056475623,16.707879849709038,0.8757974920044946,8.312235282378115,100,50000,0.002,0.0013747942306012871,0.0029086981798826382,0.0013323699633243495,0.0028667073244669997,A89B7544E6D0696E62C7ABC8E34E3DA1718E5DA541D57E1FDB9CF7EC00696F77,C:\Users\23258\Desktop\华数杯\A题_微构体导电仿真优化\问题\问题4\results\D_screen2000_confirm50000\confirmation\pareto_max_A000619_B005483\mixed_pareto_frontier_samples.json,469BE2167B263FA7A811BF4572C0517EED8783B7657D7AADA5C24421020D94A7
strictly_cheaper_maximal,upper,strictly_cheaper_design_excluded,60,4952,350948,9.18779715493359,0.848230016469244,165.94311275281768,166.79134276928693,0.0848230016469244,16.59431127528177,16.679134276928693,0.8906415172927064,8.297155637640884,101,50000,0.00202,0.001391102172037534,0.0029323788532090223,0.0013486235093551995,0.002890430751617194,A89B7544E6D0696E62C7ABC8E34E3DA1718E5DA541D57E1FDB9CF7EC00696F77,C:\Users\23258\Desktop\华数杯\A题_微构体导电仿真优化\问题\问题4\results\D_screen2000_confirm50000\confirmation\pareto_max_A000619_B005483\mixed_pareto_frontier_samples.json,469BE2167B263FA7A811BF4572C0517EED8783B7657D7AADA5C24421020D94A7
strictly_cheaper_maximal,upper,strictly_cheaper_design_excluded,61,4943,350939,9.18756153548457,0.8623671834103981,165.64151985807305,166.50388704148344,0.0862367183410398,16.564151985807303,16.650388704148344,0.9054855425809181,8.282075992903652,106,50000,0.00212,0.001472902414535895,0.0030505216845238166,0.0014301633472819963,0.003008778756916314,A89B7544E6D0696E62C7ABC8E34E3DA1718E5DA541D57E1FDB9CF7EC00696F77,C:\Users\23258\Desktop\华数杯\A题_微构体导电仿真优化\问题\问题4\results\D_screen2000_confirm50000\confirmation\pareto_max_A000619_B005483\mixed_pareto_frontier_samples.json,469BE2167B263FA7A811BF4572C0517EED8783B7657D7AADA5C24421020D94A7
strictly_cheaper_maximal,upper,strictly_cheaper_design_excluded,62,4934,350930,9.187325916035551,0.8765043503515522,165.33992696332845,166.21643131368,0.08765043503515521,16.533992696332845,16.621643131368,0.9203295678691298,8.26699634816642,110,50000,0.0022,0.001538641152624759,0.003144737405485478,0.001495706618708497,0.0031031490790994695,A89B7544E6D0696E62C7ABC8E34E3DA1718E5DA541D57E1FDB9CF7EC00696F77,C:\Users\23258\Desktop\华数杯\A题_微构体导电仿真优化\问题\问题4\results\D_screen2000_confirm50000\confirmation\pareto_max_A000619_B005483\mixed_pareto_frontier_samples.json,469BE2167B263FA7A811BF4572C0517EED8783B7657D7AADA5C24421020D94A7
strictly_cheaper_maximal,upper,strictly_cheaper_design_excluded,63,4925,350921,9.18709029658653,0.8906415172927062,165.03833406858382,165.92897558587651,0.08906415172927062,16.503833406858384,16.59289755858765,0.9351735931573417,8.25191670342919,118,50000,0.00236,0.0016708569586884369,0.003332430517522849,0.001627561721730134,0.0032911290093510653,A89B7544E6D0696E62C7ABC8E34E3DA1718E5DA541D57E1FDB9CF7EC00696F77,C:\Users\23258\Desktop\华数杯\A题_微构体导电仿真优化\问题\问题4\results\D_screen2000_confirm50000\confirmation\pareto_max_A000619_B005483\mixed_pareto_frontier_samples.json,469BE2167B263FA7A811BF4572C0517EED8783B7657D7AADA5C24421020D94A7
strictly_cheaper_maximal,upper,strictly_cheaper_design_excluded,64,4916,350912,9.186854677137513,0.9047786842338603,164.7367411738392,165.64151985807305,0.09047786842338602,16.47367411738392,16.564151985807303,0.9500176184455534,8.23683705869196,125,50000,0.0025,0.0017872912691186244,0.0034959165104310797,0.0017437093472979638,0.003454844587999045,A89B7544E6D0696E62C7ABC8E34E3DA1718E5DA541D57E1FDB9CF7EC00696F77,C:\Users\23258\Desktop\华数杯\A题_微构体导电仿真优化\问题\问题4\results\D_screen2000_confirm50000\confirmation\pareto_max_A000619_B005483\mixed_pareto_frontier_samples.json,469BE2167B263FA7A811BF4572C0517EED8783B7657D7AADA5C24421020D94A7
strictly_cheaper_maximal,upper,strictly_cheaper_design_excluded,65,4908,350967,9.188294573770408,0.9189158511750144,164.46865860073288,165.38757445190788,0.09189158511750144,16.446865860073288,16.53875744519079,0.9648616437337653,8.223432930036642,140,50000,0.0028,0.002038876492123487,0.003844160508865685,0.0019947549960200217,0.0038035254635864855,A89B7544E6D0696E62C7ABC8E34E3DA1718E5DA541D57E1FDB9CF7EC00696F77,C:\Users\23258\Desktop\华数杯\A题_微构体导电仿真优化\问题\问题4\results\D_screen2000_confirm50000\confirmation\pareto_max_A000619_B005483\mixed_pareto_frontier_samples.json,469BE2167B263FA7A811BF4572C0517EED8783B7657D7AADA5C24421020D94A7
strictly_cheaper_maximal,upper,strictly_cheaper_design_excluded,66,4899,350958,9.188058954321388,0.9330530181161685,164.16706570598825,165.10011872410442,0.09330530181161684,16.416706570598823,16.510011872410445,0.979705669021977,8.208353285299411,148,50000,0.00296,0.002174095829579756,0.0040288500895104655,0.002129721239146351,0.003988422549814008,A89B7544E6D0696E62C7ABC8E34E3DA1718E5DA541D57E1FDB9CF7EC00696F77,C:\Users\23258\Desktop\华数杯\A题_微构体导电仿真优化\问题\问题4\results\D_screen2000_confirm50000\confirmation\pareto_max_A000619_B005483\mixed_pareto_frontier_samples.json,469BE2167B263FA7A811BF4572C0517EED8783B7657D7AADA5C24421020D94A7
strictly_cheaper_maximal,upper,strictly_cheaper_design_excluded,67,4890,350949,9.187823334872368,0.9471901850573226,163.86547281124362,164.81266299630093,0.09471901850573225,16.386547281124365,16.481266299630093,0.9945496943101887,8.19327364056218,155,50000,0.0031,0.002292948046622152,0.004189918175806487,0.002248368622786376,0.0041496600094334205,A89B7544E6D0696E62C7ABC8E34E3DA1718E5DA541D57E1FDB9CF7EC00696F77,C:\Users\23258\Desktop\华数杯\A题_微构体导电仿真优化\问题\问题4\results\D_screen2000_confirm50000\confirmation\pareto_max_A000619_B005483\mixed_pareto_frontier_samples.json,469BE2167B263FA7A811BF4572C0517EED8783B7657D7AADA5C24421020D94A7
strictly_cheaper_maximal,upper,strictly_cheaper_design_excluded,68,4881,350940,9.18758771542335,0.9613273519984766,163.56387991649902,164.5252072684975,0.09613273519984766,16.356387991649903,16.45252072684975,1.0093937195984004,8.17819399582495,160,50000,0.0032,0.0023781291718160333,0.004304680124425762,0.002333411960883266,0.004264536696148472,A89B7544E6D0696E62C7ABC8E34E3DA1718E5DA541D57E1FDB9CF7EC00696F77,C:\Users\23258\Desktop\华数杯\A题_微构体导电仿真优化\问题\问题4\results\D_screen2000_confirm50000\confirmation\pareto_max_A000619_B005483\mixed_pareto_frontier_samples.json,469BE2167B263FA7A811BF4572C0517EED8783B7657D7AADA5C24421020D94A7
strictly_cheaper_maximal,upper,strictly_cheaper_design_excluded,69,4872,350931,9.18735209597433,0.9754645189396307,163.2622870217544,164.237751540694,0.09754645189396306,16.326228702175438,16.4237751540694,1.0242377448866125,8.163114351087719,166,50000,0.00332,0.0024806447398522287,0.004442096244965353,0.0024357707230363806,0.004402084254860141,A89B7544E6D0696E62C7ABC8E34E3DA1718E5DA541D57E1FDB9CF7EC00696F77,C:\Users\23258\Desktop\华数杯\A题_微构体导电仿真优化\问题\问题4\results\D_screen2000_confirm50000\confirmation\pareto_max_A000619_B005483\mixed_pareto_frontier_samples.json,469BE2167B263FA7A811BF4572C0517EED8783B7657D7AADA5C24421020D94A7
strictly_cheaper_maximal,upper,strictly_cheaper_design_excluded,70,4863,350922,9.187116476525311,0.9896016858807847,162.96069412700976,163.95029581289054,0.09896016858807848,16.296069412700977,16.395029581289055,1.039081770174824,8.148034706350488,169,50000,0.00338,0.0025320194932566265,0.00451068733584885,0.0024870703291088704,0.004470738684780858,A89B7544E6D0696E62C7ABC8E34E3DA1718E5DA541D57E1FDB9CF7EC00696F77,C:\Users\23258\Desktop\华数杯\A题_微构体导电仿真优化\问题\问题4\results\D_screen2000_confirm50000\confirmation\pareto_max_A000619_B005483\mixed_pareto_frontier_samples.json,469BE2167B263FA7A811BF4572C0517EED8783B7657D7AADA5C24421020D94A7
strictly_cheaper_maximal,upper,strictly_cheaper_design_excluded,71,4854,350913,9.186880857076291,1.0037388528219389,162.65910123226516,163.66284008508708,0.10037388528219388,16.265910123226515,16.366284008508707,1.0539257954630359,8.132955061613256,180,50000,0.0036,0.0027210233625463397,0.004761558228948078,0.0026758155253735548,0.004721829503893158,A89B7544E6D0696E62C7ABC8E34E3DA1718E5DA541D57E1FDB9CF7EC00696F77,C:\Users\23258\Desktop\华数杯\A题_微构体导电仿真优化\问题\问题4\results\D_screen2000_confirm50000\confirmation\pareto_max_A000619_B005483\mixed_pareto_frontier_samples.json,469BE2167B263FA7A811BF4572C0517EED8783B7657D7AADA5C24421020D94A7
strictly_cheaper_maximal,upper,strictly_cheaper_design_excluded,72,4846,350968,9.188320753709187,1.017876019763093,162.39101865915882,163.4088946789219,0.10178760197630929,16.23910186591588,16.340889467892193,1.0687698207512477,8.11955093295794,190,50000,0.0038,0.0028936487965186,0.004988818942602131,0.002848226400211059,0.004949275127497144,A89B7544E6D0696E62C7ABC8E34E3DA1718E5DA541D57E1FDB9CF7EC00696F77,C:\Users\23258\Desktop\华数杯\A题_微构体导电仿真优化\问题\问题4\results\D_screen2000_confirm50000\confirmation\pareto_max_A000619_B005483\mixed_pareto_frontier_samples.json,469BE2167B263FA7A811BF4572C0517EED8783B7657D7AADA5C24421020D94A7
strictly_cheaper_maximal,upper,strictly_cheaper_design_excluded,73,4837,350959,9.188085134260168,1.032013186704247,162.0894257644142,163.12143895111842,0.1032013186704247,16.20894257644142,16.31214389511184,1.0836138460394593,8.104471288220708,203,50000,0.00406,0.003119108130108263,0.0052832116009266725,0.003073432058966079,0.005243889782374253,A89B7544E6D0696E62C7ABC8E34E3DA1718E5DA541D57E1FDB9CF7EC00696F77,C:\Users\23258\Desktop\华数杯\A题_微构体导电仿真优化\问题\问题4\results\D_screen2000_confirm50000\confirmation\pareto_max_A000619_B005483\mixed_pareto_frontier_samples.json,469BE2167B263FA7A811BF4572C0517EED8783B7657D7AADA5C24421020D94A7
strictly_cheaper_maximal,upper,strictly_cheaper_design_excluded,74,4828,350950,9.187849514811148,1.046150353645401,161.7878328696696,162.833983223315,0.1046150353645401,16.178783286966958,16.2833983223315,1.0984578713276711,8.089391643483477,212,50000,0.00424,0.003275834988898055,0.00548638227500056,0.0032299979278445344,0.005447203508565728,A89B7544E6D0696E62C7ABC8E34E3DA1718E5DA541D57E1FDB9CF7EC00696F77,C:\Users\23258\Desktop\华数杯\A题_微构体导电仿真优化\问题\问题4\results\D_screen2000_confirm50000\confirmation\pareto_max_A000619_B005483\mixed_pareto_frontier_samples.json,469BE2167B263FA7A811BF4572C0517EED8783B7657D7AADA5C24421020D94A7
strictly_cheaper_maximal,upper,strictly_cheaper_design_excluded,75,4819,350941,9.18761389536213,1.060287520586555,161.48623997492496,162.5465274955115,0.1060287520586555,16.148623997492496,16.25465274955115,1.113301896615883,8.074311998746246,225,50000,0.0045,0.0035030688139012756,0.005779000441911545,0.0034570176189933762,0.00574001494236959,A89B7544E6D0696E62C7ABC8E34E3DA1718E5DA541D57E1FDB9CF7EC00696F77,C:\Users\23258\Desktop\华数杯\A题_微构体导电仿真优化\问题\问题4\results\D_screen2000_confirm50000\confirmation\pareto_max_A000619_B005483\mixed_pareto_frontier_samples.json,469BE2167B263FA7A811BF4572C0517EED8783B7657D7AADA5C24421020D94A7
strictly_cheaper_maximal,upper,strictly_cheaper_design_excluded,76,4810,350932,9.18737827591311,1.074424687527709,161.18464708018033,162.25907176770804,0.1074424687527709,16.11846470801803,16.225907176770804,1.1281459219040948,8.059232354009016,241,50000,0.00482,0.0037840095944242516,0.006137877497590667,0.0037377207994668746,0.006099111051714125,A89B7544E6D0696E62C7ABC8E34E3DA1718E5DA541D57E1FDB9CF7EC00696F77,C:\Users\23258\Desktop\华数杯\A题_微构体导电仿真优化\问题\问题4\results\D_screen2000_confirm50000\confirmation\pareto_max_A000619_B005483\mixed_pareto_frontier_samples.json,469BE2167B263FA7A811BF4572C0517EED8783B7657D7AADA5C24421020D94A7
strictly_cheaper_maximal,upper,strictly_cheaper_design_excluded,77,4801,350923,9.187142656464092,1.088561854468863,160.88305418543573,161.97161603990457,0.10885618544688631,16.088305418543573,16.19716160399046,1.1429899471923064,8.044152709271785,258,50000,0.00516,0.004083901840847401,0.006517791702132248,0.00403738731110778,0.00647923866225915,A89B7544E6D0696E62C7ABC8E34E3DA1718E5DA541D57E1FDB9CF7EC00696F77,C:\Users\23258\Desktop\华数杯\A题_微构体导电仿真优化\问题\问题4\results\D_screen2000_confirm50000\confirmation\pareto_max_A000619_B005483\mixed_pareto_frontier_samples.json,469BE2167B263FA7A811BF4572C0517EED8783B7657D7AADA5C24421020D94A7
strictly_cheaper_maximal,upper,strictly_cheaper_design_excluded,78,4792,350914,9.186907037015072,1.1026990214100172,160.5814612906911,161.6841603121011,0.11026990214100173,16.058146129069108,16.16841603121011,1.1578339724805182,8.029073064534554,266,50000,0.00532,0.004225485150331042,0.006696117310749658,0.004178872698871599,0.006657658692173018,A89B7544E6D0696E62C7ABC8E34E3DA1718E5DA541D57E1FDB9CF7EC00696F77,C:\Users\23258\Desktop\华数杯\A题_微构体导电仿真优化\问题\问题4\results\D_screen2000_confirm50000\confirmation\pareto_max_A000619_B005483\mixed_pareto_frontier_samples.json,469BE2167B263FA7A811BF4572C0517EED8783B7657D7AADA5C24421020D94A7
strictly_cheaper_maximal,upper,strictly_cheaper_design_excluded,79,4784,350969,9.188346933647967,1.1168361883511713,160.31337871758478,161.43021490593594,0.11168361883511713,16.031337871758478,16.143021490593593,1.17267799776873,8.015668935879237,295,50000,0.0059,0.0047409465530997945,0.007340325736097209,0.004694016888212694,0.007302182141824696,A89B7544E6D0696E62C7ABC8E34E3DA1718E5DA541D57E1FDB9CF7EC00696F77,C:\Users\23258\Desktop\华数杯\A题_微构体导电仿真优化\问题\问题4\results\D_screen2000_confirm50000\confirmation\pareto_max_A000619_B005483\mixed_pareto_frontier_samples.json,469BE2167B263FA7A811BF4572C0517EED8783B7657D7AADA5C24421020D94A7
strictly_cheaper_maximal,upper,strictly_cheaper_design_excluded,80,4775,350960,9.188111314198947,1.1309733552923253,160.01178582284015,161.14275917813248,0.11309733552923254,16.001178582284016,16.11427591781325,1.1875220230569417,8.000589291142006,303,50000,0.00606,0.004883709247323959,0.007517471959974094,0.0048367012045264736,0.007479408686249876,A89B7544E6D0696E62C7ABC8E34E3DA1718E5DA541D57E1FDB9CF7EC00696F77,C:\Users\23258\Desktop\华数杯\A题_微构体导电仿真优化\问题\问题4\results\D_screen2000_confirm50000\confirmation\pareto_max_A000619_B005483\mixed_pareto_frontier_samples.json,469BE2167B263FA7A811BF4572C0517EED8783B7657D7AADA5C24421020D94A7
strictly_cheaper_maximal,upper,strictly_cheaper_design_excluded,81,4766,350951,9.187875694749929,1.1451105222334794,159.71019292809552,160.855303450329,0.11451105222334794,15.971019292809553,16.0855303450329,1.2023660483451537,7.9855096464047755,319,50000,0.00638,0.005169907153734521,0.007871091889765631,0.0051227525632412405,0.007833181905681014,A89B7544E6D0696E62C7ABC8E34E3DA1718E5DA541D57E1FDB9CF7EC00696F77,C:\Users\23258\Desktop\华数杯\A题_微构体导电仿真优化\问题\问题4\results\D_screen2000_confirm50000\confirmation\pareto_max_A000619_B005483\mixed_pareto_frontier_samples.json,469BE2167B263FA7A811BF4572C0517EED8783B7657D7AADA5C24421020D94A7
strictly_cheaper_maximal,upper,strictly_cheaper_design_excluded,82,4757,350942,9.187640075300909,1.1592476891746335,159.40860003335092,160.56784772252556,0.11592476891746335,15.940860003335093,16.056784772252556,1.2172100736333653,7.970430001667545,339,50000,0.00678,0.005528831918511295,0.008311939420241478,0.005481511218524867,0.008274208762531637,A89B7544E6D0696E62C7ABC8E34E3DA1718E5DA541D57E1FDB9CF7EC00696F77,C:\Users\23258\Desktop\华数杯\A题_微构体导电仿真优化\问题\问题4\results\D_screen2000_confirm50000\confirmation\pareto_max_A000619_B005483\mixed_pareto_frontier_samples.json,469BE2167B263FA7A811BF4572C0517EED8783B7657D7AADA5C24421020D94A7
strictly_cheaper_maximal,upper,strictly_cheaper_design_excluded,83,4748,350933,9.18740445585189,1.1733848561157876,159.1070071386063,160.28039199472207,0.11733848561157877,15.91070071386063,16.028039199472207,1.2320540989215771,7.955350356930314,345,50000,0.0069,0.005636748751222861,0.0084439542761057,0.005589381544915423,0.008406275024832516,A89B7544E6D0696E62C7ABC8E34E3DA1718E5DA541D57E1FDB9CF7EC00696F77,C:\Users\23258\Desktop\华数杯\A题_微构体导电仿真优化\问题\问题4\results\D_screen2000_confirm50000\confirmation\pareto_max_A000619_B005483\mixed_pareto_frontier_samples.json,469BE2167B263FA7A811BF4572C0517EED8783B7657D7AADA5C24421020D94A7
strictly_cheaper_maximal,upper,strictly_cheaper_design_excluded,84,4739,350924,9.18716883640287,1.1875220230569417,158.80541424386166,159.9929362669186,0.11875220230569417,15.880541424386166,15.99929362669186,1.246898124209789,7.940270712193082,367,50000,0.00734,0.006033326209249442,0.008927126342857004,0.005985800188512736,0.008889627171538891,A89B7544E6D0696E62C7ABC8E34E3DA1718E5DA541D57E1FDB9CF7EC00696F77,C:\Users\23258\Desktop\华数杯\A题_微构体导电仿真优化\问题\问题4\results\D_screen2000_confirm50000\confirmation\pareto_max_A000619_B005483\mixed_pareto_frontier_samples.json,469BE2167B263FA7A811BF4572C0517EED8783B7657D7AADA5C24421020D94A7
strictly_cheaper_maximal,upper,strictly_cheaper_design_excluded,85,4730,350915,9.186933216953852,1.2016591899980957,158.50382134911706,159.70548053911514,0.12016591899980958,15.850382134911706,15.970548053911514,1.2617421494980006,7.9251910674558514,390,50000,0.0078,0.006449313320574411,0.00943087737107255,0.0064016387988292825,0.009393553882199713,A89B7544E6D0696E62C7ABC8E34E3DA1718E5DA541D57E1FDB9CF7EC00696F77,C:\Users\23258\Desktop\华数杯\A题_微构体导电仿真优化\问题\问题4\results\D_screen2000_confirm50000\confirmation\pareto_max_A000619_B005483\mixed_pareto_frontier_samples.json,469BE2167B263FA7A811BF4572C0517EED8783B7657D7AADA5C24421020D94A7
strictly_cheaper_maximal,upper,strictly_cheaper_design_excluded,86,4722,350970,9.188373113586747,1.2157963569392498,158.23573877601072,159.45153513294997,0.12157963569392498,15.82357387760107,15.945153513294997,1.2765861747862124,7.911786938800534,402,50000,0.00804,0.006666870967597025,0.00969318310120151,0.0066191252438164904,0.0096559467718368,A89B7544E6D0696E62C7ABC8E34E3DA1718E5DA541D57E1FDB9CF7EC00696F77,C:\Users\23258\Desktop\华数杯\A题_微构体导电仿真优化\问题\问题4\results\D_screen2000_confirm50000\confirmation\pareto_max_A000619_B005483\mixed_pareto_frontier_samples.json,469BE2167B263FA7A811BF4572C0517EED8783B7657D7AADA5C24421020D94A7
strictly_cheaper_maximal,upper,strictly_cheaper_design_excluded,87,4713,350961,9.188137494137727,1.229933523880404,157.9341458812661,159.16407940514648,0.12299335238804039,15.793414588126609,15.916407940514647,1.2914302000744242,7.896707294063304,417,50000,0.00834,0.006939289841487865,0.010020593448750137,0.006891460566090238,0.00998346216279862,A89B7544E6D0696E62C7ABC8E34E3DA1718E5DA541D57E1FDB9CF7EC00696F77,C:\Users\23258\Desktop\华数杯\A题_微构体导电仿真优化\问题\问题4\results\D_screen2000_confirm50000\confirmation\pareto_max_A000619_B005483\mixed_pareto_frontier_samples.json,469BE2167B263FA7A811BF4572C0517EED8783B7657D7AADA5C24421020D94A7
strictly_cheaper_maximal,upper,strictly_cheaper_design_excluded,88,4704,350952,9.18790187468871,1.244070690821558,157.6325529865215,158.87662367734305,0.1244070690821558,15.76325529865215,15.887662367734306,1.306274225362636,7.881627649326074,438,50000,0.00876,0.007321508028504556,0.010478136171748703,0.007273571030635183,0.010441145322499894,A89B7544E6D0696E62C7ABC8E34E3DA1718E5DA541D57E1FDB9CF7EC00696F77,C:\Users\23258\Desktop\华数杯\A题_微构体导电仿真优化\问题\问题4\results\D_screen2000_confirm50000\confirmation\pareto_max_A000619_B005483\mixed_pareto_frontier_samples.json,469BE2167B263FA7A811BF4572C0517EED8783B7657D7AADA5C24421020D94A7
strictly_cheaper_maximal,upper,strictly_cheaper_design_excluded,89,4695,350943,9.187666255239689,1.258207857762712,157.33096009177686,158.58916794953956,0.1258207857762712,15.733096009177686,15.858916794953956,1.3211182506508479,7.866548004588842,461,50000,0.00922,0.007741168752333757,0.01097821358746002,0.007693124837578828,0.010941368631433442,A89B7544E6D0696E62C7ABC8E34E3DA1718E5DA541D57E1FDB9CF7EC00696F77,C:\Users\23258\Desktop\华数杯\A题_微构体导电仿真优化\问题\问题4\results\D_screen2000_confirm50000\confirmation\pareto_max_A000619_B005483\mixed_pareto_frontier_samples.json,469BE2167B263FA7A811BF4572C0517EED8783B7657D7AADA5C24421020D94A7
strictly_cheaper_maximal,upper,strictly_cheaper_design_excluded,90,4686,350934,9.18743063579067,1.2723450247038661,157.02936719703223,158.3017122217361,0.12723450247038662,15.702936719703223,15.83017122217361,1.3359622759390595,7.851468359851611,480,50000,0.0096,0.008088610933351288,0.011390555086932475,0.008040486469802599,0.011353825091981816,A89B7544E6D0696E62C7ABC8E34E3DA1718E5DA541D57E1FDB9CF7EC00696F77,C:\Users\23258\Desktop\华数杯\A题_微构体导电仿真优化\问题\问题4\results\D_screen2000_confirm50000\confirmation\pareto_max_A000619_B005483\mixed_pareto_frontier_samples.json,469BE2167B263FA7A811BF4572C0517EED8783B7657D7AADA5C24421020D94A7
strictly_cheaper_maximal,upper,strictly_cheaper_design_excluded,91,4677,350925,9.18719501634165,1.2864821916450202,156.72777430228763,158.01425649393263,0.12864821916450203,15.672777430228763,15.801425649393263,1.3508063012272713,7.83638871511438,495,50000,0.0099,0.008363368402349788,0.011715626839373449,0.008315184841677311,0.01167898439114131,A89B7544E6D0696E62C7ABC8E34E3DA1718E5DA541D57E1FDB9CF7EC00696F77,C:\Users\23258\Desktop\华数杯\A题_微构体导电仿真优化\问题\问题4\results\D_screen2000_confirm50000\confirmation\pareto_max_A000619_B005483\mixed_pareto_frontier_samples.json,469BE2167B263FA7A811BF4572C0517EED8783B7657D7AADA5C24421020D94A7
strictly_cheaper_maximal,upper,strictly_cheaper_design_excluded,92,4668,350916,9.186959396892632,1.3006193585861743,156.426181407543,157.72680076612917,0.13006193585861744,15.6426181407543,15.772680076612918,1.365650326515483,7.821309070377149,519,50000,0.01038,0.00880377853256591,0.012234943463460473,0.008755507899708085,0.012198435744324568,A89B7544E6D0696E62C7ABC8E34E3DA1718E5DA541D57E1FDB9CF7EC00696F77,C:\Users\23258\Desktop\华数杯\A题_微构体导电仿真优化\问题\问题4\results\D_screen2000_confirm50000\confirmation\pareto_max_A000619_B005483\mixed_pareto_frontier_samples.json,469BE2167B263FA7A811BF4572C0517EED8783B7657D7AADA5C24421020D94A7
strictly_cheaper_maximal,upper,strictly_cheaper_design_excluded,93,4660,350971,9.188399293525526,1.3147565255273284,156.15809883443666,157.47285535996397,0.13147565255273283,15.615809883443665,15.747285535996397,1.380494351803695,7.807904941721833,533,50000,0.01066,0.009061115362003103,0.012537447240700116,0.009012797840049713,0.012501015326668481,A89B7544E6D0696E62C7ABC8E34E3DA1718E5DA541D57E1FDB9CF7EC00696F77,C:\Users\23258\Desktop\华数杯\A题_微构体导电仿真优化\问题\问题4\results\D_screen2000_confirm50000\confirmation\pareto_max_A000619_B005483\mixed_pareto_frontier_samples.json,469BE2167B263FA7A811BF4572C0517EED8783B7657D7AADA5C24421020D94A7
strictly_cheaper_maximal,upper,strictly_cheaper_design_excluded,94,4651,350962,9.188163674076508,1.3288936924684824,155.85650593969206,157.18539963216054,0.13288936924684824,15.585650593969206,15.718539963216053,1.3953383770919066,7.792825296984601,547,50000,0.01094,0.00931875454435421,0.012839648665025846,0.00927039278306347,0.012803290664879004,A89B7544E6D0696E62C7ABC8E34E3DA1718E5DA541D57E1FDB9CF7EC00696F77,C:\Users\23258\Desktop\华数杯\A题_微构体导电仿真优化\问题\问题4\results\D_screen2000_confirm50000\confirmation\pareto_max_A000619_B005483\mixed_pareto_frontier_samples.json,469BE2167B263FA7A811BF4572C0517EED8783B7657D7AADA5C24421020D94A7
strictly_cheaper_maximal,upper,strictly_cheaper_design_excluded,95,4642,350953,9.187928054627488,1.3430308594096365,155.55491304494743,156.89794390435705,0.13430308594096366,15.555491304494742,15.689794390435706,1.4101824023801184,7.77774565224737,578,50000,0.01156,0.009890261652309093,0.01350778861471253,0.00984181056372986,0.013471588123242124,A89B7544E6D0696E62C7ABC8E34E3DA1718E5DA541D57E1FDB9CF7EC00696F77,C:\Users\23258\Desktop\华数杯\A题_微构体导电仿真优化\问题\问题4\results\D_screen2000_confirm50000\confirmation\pareto_max_A000619_B005483\mixed_pareto_frontier_samples.json,469BE2167B263FA7A811BF4572C0517EED8783B7657D7AADA5C24421020D94A7
strictly_cheaper_maximal,upper,strictly_cheaper_design_excluded,96,4633,350944,9.18769243517847,1.3571680263507906,155.2533201502028,156.6104881765536,0.13571680263507907,15.52533201502028,15.66104881765536,1.4250264276683302,7.7626660075101395,599,50000,0.01198,0.01027816578915645,0.013959645387880422,0.010229660327610699,0.013923547217982278,A89B7544E6D0696E62C7ABC8E34E3DA1718E5DA541D57E1FDB9CF7EC00696F77,C:\Users\23258\Desktop\华数杯\A题_微构体导电仿真优化\问题\问题4\results\D_screen2000_confirm50000\confirmation\pareto_max_A000619_B005483\mixed_pareto_frontier_samples.json,469BE2167B263FA7A811BF4572C0517EED8783B7657D7AADA5C24421020D94A7
strictly_cheaper_maximal,upper,strictly_cheaper_design_excluded,97,4624,350935,9.18745681572945,1.3713051932919444,154.9517272554582,156.32303244875013,0.13713051932919446,15.49517272554582,15.632303244875013,1.4398704529565418,7.747586362772909,626,50000,0.01252,0.010777737435443913,0.014539766340184005,0.010729168588711544,0.014503795077276066,A89B7544E6D0696E62C7ABC8E34E3DA1718E5DA541D57E1FDB9CF7EC00696F77,C:\Users\23258\Desktop\华数杯\A题_微构体导电仿真优化\问题\问题4\results\D_screen2000_confirm50000\confirmation\pareto_max_A000619_B005483\mixed_pareto_frontier_samples.json,469BE2167B263FA7A811BF4572C0517EED8783B7657D7AADA5C24421020D94A7
strictly_cheaper_maximal,upper,strictly_cheaper_design_excluded,98,4615,350926,9.187221196280431,1.3854423602330985,154.65013436071357,156.03557672094666,0.13854423602330984,15.465013436071356,15.603557672094666,1.4547144782447536,7.732506718035678,652,50000,0.01304,0.011259646006753707,0.015097561752702618,0.011211022405295356,0.015061708220133394,A89B7544E6D0696E62C7ABC8E34E3DA1718E5DA541D57E1FDB9CF7EC00696F77,C:\Users\23258\Desktop\华数杯\A题_微构体导电仿真优化\问题\问题4\results\D_screen2000_confirm50000\confirmation\pareto_max_A000619_B005483\mixed_pareto_frontier_samples.json,469BE2167B263FA7A811BF4572C0517EED8783B7657D7AADA5C24421020D94A7
strictly_cheaper_maximal,upper,strictly_cheaper_design_excluded,99,4606,350917,9.186985576831411,1.3995795271742526,154.34854146596894,155.74812099314317,0.13995795271742525,15.434854146596894,15.574812099314316,1.4695585035329655,7.717427073298446,681,50000,0.01362,0.011798071906431206,0.015718805681141423,0.01174939377829903,0.015683078801277,A89B7544E6D0696E62C7ABC8E34E3DA1718E5DA541D57E1FDB9CF7EC00696F77,C:\Users\23258\Desktop\华数杯\A题_微构体导电仿真优化\问题\问题4\results\D_screen2000_confirm50000\confirmation\pareto_max_A000619_B005483\mixed_pareto_frontier_samples.json,469BE2167B263FA7A811BF4572C0517EED8783B7657D7AADA5C24421020D94A7
strictly_cheaper_maximal,upper,strictly_cheaper_design_excluded,100,4598,350972,9.188425473464306,1.4137166941154067,154.08045889286262,155.49417558697803,0.14137166941154067,15.408045889286262,15.549417558697803,1.4844025288211773,7.70402294464313,710,50000,0.0142,0.01233740242196917,0.016339144993719763,0.012288675992909543,0.016303540334322755,A89B7544E6D0696E62C7ABC8E34E3DA1718E5DA541D57E1FDB9CF7EC00696F77,C:\Users\23258\Desktop\华数杯\A题_微构体导电仿真优化\问题\问题4\results\D_screen2000_confirm50000\confirmation\pareto_max_A000619_B005483\mixed_pareto_frontier_samples.json,469BE2167B263FA7A811BF4572C0517EED8783B7657D7AADA5C24421020D94A7
strictly_cheaper_maximal,upper,strictly_cheaper_design_excluded,101,4589,350963,9.188189854015288,1.4278538610565608,153.778865998118,155.20671985917454,0.14278538610565608,15.3778865998118,15.520671985917454,1.4992465541093891,7.688943299905898,737,50000,0.01474,0.012840303522069961,0.016915936492210015,0.012791537184899211,0.016880442021958254,A89B7544E6D0696E62C7ABC8E34E3DA1718E5DA541D57E1FDB9CF7EC00696F77,C:\Users\23258\Desktop\华数杯\A题_微构体导电仿真优化\问题\问题4\results\D_screen2000_confirm50000\confirmation\pareto_max_A000619_B005483\mixed_pareto_frontier_samples.json,469BE2167B263FA7A811BF4572C0517EED8783B7657D7AADA5C24421020D94A7
strictly_cheaper_maximal,upper,strictly_cheaper_design_excluded,102,4580,350954,9.187954234566268,1.4419910279977148,153.4772731033734,154.9192641313711,0.1441991027997715,15.347727310337339,15.491926413137111,1.5140905793976007,7.673863655168668,771,50000,0.01542,0.01347457478479977,0.017641278131409664,0.013425764464366455,0.017605917956034715,A89B7544E6D0696E62C7ABC8E34E3DA1718E5DA541D57E1FDB9CF7EC00696F77,C:\Users\23258\Desktop\华数杯\A题_微构体导电仿真优化\问题\问题4\results\D_screen2000_confirm50000\confirmation\pareto_max_A000619_B005483\mixed_pareto_frontier_samples.json,469BE2167B263FA7A811BF4572C0517EED8783B7657D7AADA5C24421020D94A7
strictly_cheaper_maximal,upper,strictly_cheaper_design_excluded,103,4571,350945,9.18771861511725,1.456128194938869,153.17568020862876,154.63180840356762,0.14561281949388688,15.317568020862877,15.463180840356761,1.5289346046858125,7.658784010431437,787,50000,0.01574,0.013773417911744319,0.017982252840667217,0.013724589116773083,0.017946954281363624,A89B7544E6D0696E62C7ABC8E34E3DA1718E5DA541D57E1FDB9CF7EC00696F77,C:\Users\23258\Desktop\华数杯\A题_微构体导电仿真优化\问题\问题4\results\D_screen2000_confirm50000\confirmation\pareto_max_A000619_B005483\mixed_pareto_frontier_samples.json,469BE2167B263FA7A811BF4572C0517EED8783B7657D7AADA5C24421020D94A7
strictly_cheaper_maximal,upper,strictly_cheaper_design_excluded,104,4562,350936,9.18748299566823,1.470265361880023,152.87408731388413,154.34435267576416,0.1470265361880023,15.287408731388414,15.434435267576415,1.5437786299740242,7.643704365694205,815,50000,0.0163,0.014296924873774226,0.018578427091990982,0.014248066901736686,0.018543234118354256,A89B7544E6D0696E62C7ABC8E34E3DA1718E5DA541D57E1FDB9CF7EC00696F77,C:\Users\23258\Desktop\华数杯\A题_微构体导电仿真优化\问题\问题4\results\D_screen2000_confirm50000\confirmation\pareto_max_A000619_B005483\mixed_pareto_frontier_samples.json,469BE2167B263FA7A811BF4572C0517EED8783B7657D7AADA5C24421020D94A7
strictly_cheaper_maximal,upper,strictly_cheaper_design_excluded,105,4553,350927,9.18724737621921,1.484402528821177,152.57249441913953,154.0568969479607,0.1484402528821177,15.257249441913952,15.40568969479607,1.5586226552622362,7.628624720956975,842,50000,0.01684,0.014802348708388133,0.01915269585596812,0.014753466137549485,0.019117602182803412,A89B7544E6D0696E62C7ABC8E34E3DA1718E5DA541D57E1FDB9CF7EC00696F77,C:\Users\23258\Desktop\华数杯\A题_微构体导电仿真优化\问题\问题4\results\D_screen2000_confirm50000\confirmation\pareto_max_A000619_B005483\mixed_pareto_frontier_samples.json,469BE2167B263FA7A811BF4572C0517EED8783B7657D7AADA5C24421020D94A7
strictly_cheaper_maximal,upper,strictly_cheaper_design_excluded,106,4544,350918,9.187011756770191,1.4985396957623311,152.2709015243949,153.76944122015723,0.14985396957623312,15.22709015243949,15.376944122015724,1.573466680550448,7.6135450762197445,868,50000,0.01736,0.015289595843528729,0.019705152704655934,0.015240692613493572,0.019670152501242884,A89B7544E6D0696E62C7ABC8E34E3DA1718E5DA541D57E1FDB9CF7EC00696F77,C:\Users\23258\Desktop\华数杯\A题_微构体导电仿真优化\问题\问题4\results\D_screen2000_confirm50000\confirmation\pareto_max_A000619_B005483\mixed_pareto_frontier_samples.json,469BE2167B263FA7A811BF4572C0517EED8783B7657D7AADA5C24421020D94A7
strictly_cheaper_maximal,upper,strictly_cheaper_design_excluded,107,4535,350909,9.186776137321171,1.5126768627034852,151.96930862965027,153.48198549235374,0.15126768627034853,15.196930862965027,15.348198549235374,1.5883107058386596,7.598465431482513,908,50000,0.01816,0.01604019292260951,0.020554100216080395,0.015991263219895954,0.02051924003767486,A89B7544E6D0696E62C7ABC8E34E3DA1718E5DA541D57E1FDB9CF7EC00696F77,C:\Users\23258\Desktop\华数杯\A题_微构体导电仿真优化\问题\问题4\results\D_screen2000_confirm50000\confirmation\pareto_max_A000619_B005483\mixed_pareto_frontier_samples.json,469BE2167B263FA7A811BF4572C0517EED8783B7657D7AADA5C24421020D94A7
strictly_cheaper_maximal,upper,strictly_cheaper_design_excluded,108,4527,350964,9.188216033954067,1.5268140296446393,151.70122605654396,153.2280400861886,0.15268140296446392,15.170122605654397,15.32280400861886,1.6031547311268715,7.585061302827197,942,50000,0.01884,0.016679090005949075,0.02127481603467029,0.01663014241850348,0.02124007159644899,A89B7544E6D0696E62C7ABC8E34E3DA1718E5DA541D57E1FDB9CF7EC00696F77,C:\Users\23258\Desktop\华数杯\A题_微构体导电仿真优化\问题\问题4\results\D_screen2000_confirm50000\confirmation\pareto_max_A000619_B005483\mixed_pareto_frontier_samples.json,469BE2167B263FA7A811BF4572C0517EED8783B7657D7AADA5C24421020D94A7
strictly_cheaper_maximal,upper,strictly_cheaper_design_excluded,109,4518,350955,9.187980414505049,1.5409511965857934,151.39963316179933,152.9405843583851,0.15409511965857933,15.139963316179932,15.294058435838512,1.617998756415083,7.569981658089965,977,50000,0.01954,0.017337584127209538,0.02201592343010192,0.01728862215212731,0.021981295277590372,A89B7544E6D0696E62C7ABC8E34E3DA1718E5DA541D57E1FDB9CF7EC00696F77,C:\Users\23258\Desktop\华数杯\A题_微构体导电仿真优化\问题\问题4\results\D_screen2000_confirm50000\confirmation\pareto_max_A000619_B005483\mixed_pareto_frontier_samples.json,469BE2167B263FA7A811BF4572C0517EED8783B7657D7AADA5C24421020D94A7
strictly_cheaper_maximal,upper,strictly_cheaper_design_excluded,110,4509,350946,9.187744795056028,1.5550883635269475,151.0980402670547,152.65312863058165,0.15550883635269475,15.109804026705469,15.265312863058165,1.6328427817032949,7.554902013352734,1023,50000,0.02046,0.018204206578378485,0.022988777258014008,0.018155231324051193,0.02295429793808858,A89B7544E6D0696E62C7ABC8E34E3DA1718E5DA541D57E1FDB9CF7EC00696F77,C:\Users\23258\Desktop\华数杯\A题_微构体导电仿真优化\问题\问题4\results\D_screen2000_confirm50000\confirmation\pareto_max_A000619_B005483\mixed_pareto_frontier_samples.json,469BE2167B263FA7A811BF4572C0517EED8783B7657D7AADA5C24421020D94A7
strictly_cheaper_maximal,upper,strictly_cheaper_design_excluded,111,4500,350937,9.18750917560701,1.5692255304681015,150.7964473723101,152.3656729027782,0.15692255304681016,15.07964473723101,15.236567290277819,1.6476868069915067,7.5398223686155035,1067,50000,0.02134,0.019034322895604527,0.02391815999034374,0.018985340343716683,0.02388381919278808,A89B7544E6D0696E62C7ABC8E34E3DA1718E5DA541D57E1FDB9CF7EC00696F77,C:\Users\23258\Desktop\华数杯\A题_微构体导电仿真优化\问题\问题4\results\D_screen2000_confirm50000\confirmation\pareto_max_A000619_B005483\mixed_pareto_frontier_samples.json,469BE2167B263FA7A811BF4572C0517EED8783B7657D7AADA5C24421020D94A7
strictly_cheaper_maximal,upper,strictly_cheaper_design_excluded,112,4491,350928,9.18727355615799,1.5833626974092556,150.49485447756547,152.07821717497472,0.15833626974092557,15.049485447756545,15.207821717497472,1.6625308322797183,7.524742723878272,1096,50000,0.02192,0.019582038046869945,0.02453011466719462,0.01953305331566119,0.02449586329991362,A89B7544E6D0696E62C7ABC8E34E3DA1718E5DA541D57E1FDB9CF7EC00696F77,C:\Users\23258\Desktop\华数杯\A题_微构体导电仿真优化\问题\问题4\results\D_screen2000_confirm50000\confirmation\pareto_max_A000619_B005483\mixed_pareto_frontier_samples.json,469BE2167B263FA7A811BF4572C0517EED8783B7657D7AADA5C24421020D94A7
strictly_cheaper_maximal,upper,strictly_cheaper_design_excluded,113,4482,350919,9.187037936708972,1.5974998643504097,150.19326158282084,151.79076144717123,0.15974998643504096,15.019326158282084,15.179076144717124,1.6773748575679304,7.509663079141042,1130,50000,0.0226,0.020224758526935477,0.025247007089058547,0.02017577369463502,0.025212858827897987,A89B7544E6D0696E62C7ABC8E34E3DA1718E5DA541D57E1FDB9CF7EC00696F77,C:\Users\23258\Desktop\华数杯\A题_微构体导电仿真优化\问题\问题4\results\D_screen2000_confirm50000\confirmation\pareto_max_A000619_B005483\mixed_pareto_frontier_samples.json,469BE2167B263FA7A811BF4572C0517EED8783B7657D7AADA5C24421020D94A7
strictly_cheaper_maximal,upper,strictly_cheaper_design_excluded,114,4473,350910,9.186802317259952,1.6116370312915638,149.89166868807624,151.5033057193678,0.16116370312915637,14.989166868807624,15.15033057193678,1.6922188828561422,7.494583434403811,1164,50000,0.02328,0.02086807044957184,0.02596330806835164,0.02081908798331893,0.025929261160797645,A89B7544E6D0696E62C7ABC8E34E3DA1718E5DA541D57E1FDB9CF7EC00696F77,C:\Users\23258\Desktop\华数杯\A题_微构体导电仿真优化\问题\问题4\results\D_screen2000_confirm50000\confirmation\pareto_max_A000619_B005483\mixed_pareto_frontier_samples.json,469BE2167B263FA7A811BF4572C0517EED8783B7657D7AADA5C24421020D94A7
strictly_cheaper_maximal,upper,strictly_cheaper_design_excluded,115,4465,350965,9.188242213892847,1.6257741982327178,149.6235861149699,151.2493603132026,0.16257741982327178,14.96235861149699,15.12493603132026,1.7070629081443538,7.481179305748494,1198,50000,0.02396,0.02151194875095474,0.026679042668898208,0.021462970945146778,0.026645095485120014,A89B7544E6D0696E62C7ABC8E34E3DA1718E5DA541D57E1FDB9CF7EC00696F77,C:\Users\23258\Desktop\华数杯\A题_微构体导电仿真优化\问题\问题4\results\D_screen2000_confirm50000\confirmation\pareto_max_A000619_B005483\mixed_pareto_frontier_samples.json,469BE2167B263FA7A811BF4572C0517EED8783B7657D7AADA5C24421020D94A7
strictly_cheaper_maximal,upper,strictly_cheaper_design_excluded,116,4456,350956,9.188006594443829,1.639911365173872,149.32199322022527,150.96190458539914,0.1639911365173872,14.932199322022527,15.096190458539914,1.7219069334325656,7.466099661011263,1236,50000,0.02472,0.022232219080104157,0.02747833970072877,0.02218324900675133,0.027444502180145203,A89B7544E6D0696E62C7ABC8E34E3DA1718E5DA541D57E1FDB9CF7EC00696F77,C:\Users\23258\Desktop\华数杯\A题_微构体导电仿真优化\问题\问题4\results\D_screen2000_confirm50000\confirmation\pareto_max_A000619_B005483\mixed_pareto_frontier_samples.json,469BE2167B263FA7A811BF4572C0517EED8783B7657D7AADA5C24421020D94A7
strictly_cheaper_maximal,upper,strictly_cheaper_design_excluded,117,4447,350947,9.187770974994809,1.654048532115026,149.02040032548067,150.67444885759568,0.1654048532115026,14.902040032548065,15.067444885759567,1.7367509587207772,7.451020016274032,1269,50000,0.02538,0.022858243888624355,0.028171939179375403,0.02280928254462226,0.028138195461623876,A89B7544E6D0696E62C7ABC8E34E3DA1718E5DA541D57E1FDB9CF7EC00696F77,C:\Users\23258\Desktop\华数杯\A题_微构体导电仿真优化\问题\问题4\results\D_screen2000_confirm50000\confirmation\pareto_max_A000619_B005483\mixed_pareto_frontier_samples.json,469BE2167B263FA7A811BF4572C0517EED8783B7657D7AADA5C24421020D94A7
strictly_cheaper_maximal,upper,strictly_cheaper_design_excluded,118,4438,350938,9.187535355545789,1.6681856990561799,148.71880743073604,150.38699312979222,0.16681856990561797,14.871880743073604,15.03869931297922,1.7515949840089893,7.435940371536801,1317,50000,0.02634,0.02376966042073766,0.029179976155868387,0.023720714868315028,0.029146366680189457,A89B7544E6D0696E62C7ABC8E34E3DA1718E5DA541D57E1FDB9CF7EC00696F77,C:\Users\23258\Desktop\华数杯\A题_微构体导电仿真优化\问题\问题4\results\D_screen2000_confirm50000\confirmation\pareto_max_A000619_B005483\mixed_pareto_frontier_samples.json,469BE2167B263FA7A811BF4572C0517EED8783B7657D7AADA5C24421020D94A7
strictly_cheaper_maximal,upper,strictly_cheaper_design_excluded,119,4429,350929,9.18729973609677,1.682322865997334,148.4172145359914,150.09953740198873,0.16823228659973338,14.84172145359914,15.009953740198872,1.7664390092972007,7.42086072679957,1358,50000,0.02716,0.024548910690046565,0.03004025909182737,0.024499981316082824,0.030006762370061422,A89B7544E6D0696E62C7ABC8E34E3DA1718E5DA541D57E1FDB9CF7EC00696F77,C:\Users\23258\Desktop\华数杯\A题_微构体导电仿真优化\问题\问题4\results\D_screen2000_confirm50000\confirmation\pareto_max_A000619_B005483\mixed_pareto_frontier_samples.json,469BE2167B263FA7A811BF4572C0517EED8783B7657D7AADA5C24421020D94A7
strictly_cheaper_maximal,upper,strictly_cheaper_design_excluded,120,4420,350920,9.18706411664775,1.696460032938488,148.1156216412468,149.8120816741853,0.1696460032938488,14.81156216412468,14.98120816741853,1.7812830345854127,7.405781082062338,1391,50000,0.02782,0.02517659136128542,0.030732202707755344,0.025127676679607646,0.030698795551999353,A89B7544E6D0696E62C7ABC8E34E3DA1718E5DA541D57E1FDB9CF7EC00696F77,C:\Users\23258\Desktop\华数杯\A题_微构体导电仿真优化\问题\问题4\results\D_screen2000_confirm50000\confirmation\pareto_max_A000619_B005483\mixed_pareto_frontier_samples.json,469BE2167B263FA7A811BF4572C0517EED8783B7657D7AADA5C24421020D94A7
strictly_cheaper_maximal,upper,strictly_cheaper_design_excluded,121,4411,350911,9.186828497198732,1.710597199879642,147.81402874650217,149.5246259463818,0.1710597199879642,14.781402874650217,14.952462594638181,1.7961270598736245,7.3907014373251085,1438,50000,0.02876,0.026071267912366382,0.03171699105051805,0.02602237655083647,0.03168370975651677,A89B7544E6D0696E62C7ABC8E34E3DA1718E5DA541D57E1FDB9CF7EC00696F77,C:\Users\23258\Desktop\华数杯\A题_微构体导电仿真优化\问题\问题4\results\D_screen2000_confirm50000\confirmation\pareto_max_A000619_B005483\mixed_pareto_frontier_samples.json,469BE2167B263FA7A811BF4572C0517EED8783B7657D7AADA5C24421020D94A7
strictly_cheaper_maximal,upper,strictly_cheaper_design_excluded,122,4403,350966,9.188268393831628,1.7247343668207962,147.54594617339586,149.27068054021666,0.1724734366820796,14.754594617339587,14.927068054021666,1.8109710851618361,7.3772973086697915,1474,50000,0.02948,0.026757092139535487,0.03247075695480366,0.026708220420653128,0.03243757080004963,A89B7544E6D0696E62C7ABC8E34E3DA1718E5DA541D57E1FDB9CF7EC00696F77,C:\Users\23258\Desktop\华数杯\A题_微构体导电仿真优化\问题\问题4\results\D_screen2000_confirm50000\confirmation\pareto_max_A000619_B005483\mixed_pareto_frontier_samples.json,469BE2167B263FA7A811BF4572C0517EED8783B7657D7AADA5C24421020D94A7
strictly_cheaper_maximal,upper,strictly_cheaper_design_excluded,123,4394,350957,9.188032774382608,1.7388715337619502,147.24435327865123,148.98322481241317,0.173887153376195,14.724435327865123,14.898322481241317,1.8258151104500482,7.362217663932561,1502,50000,0.03004,0.027290823085415913,0.0330567072222769,0.027241967647388753,0.03302359435151695,A89B7544E6D0696E62C7ABC8E34E3DA1718E5DA541D57E1FDB9CF7EC00696F77,C:\Users\23258\Desktop\华数杯\A题_微构体导电仿真优化\问题\问题4\results\D_screen2000_confirm50000\confirmation\pareto_max_A000619_B005483\mixed_pareto_frontier_samples.json,469BE2167B263FA7A811BF4572C0517EED8783B7657D7AADA5C24421020D94A7
strictly_cheaper_maximal,upper,strictly_cheaper_design_excluded,124,4385,350948,9.18779715493359,1.7530087007031043,146.9427603839066,148.6957690846097,0.17530087007031042,14.69427603839066,14.86957690846097,1.8406591357382596,7.34713801919533,1564,50000,0.03128,0.028473588984705204,0.03435323543827076,0.028424772514977152,0.03432028276457793,A89B7544E6D0696E62C7ABC8E34E3DA1718E5DA541D57E1FDB9CF7EC00696F77,C:\Users\23258\Desktop\华数杯\A题_微构体导电仿真优化\问题\问题4\results\D_screen2000_confirm50000\confirmation\pareto_max_A000619_B005483\mixed_pareto_frontier_samples.json,469BE2167B263FA7A811BF4572C0517EED8783B7657D7AADA5C24421020D94A7
strictly_cheaper_maximal,upper,strictly_cheaper_design_excluded,125,4376,350939,9.18756153548457,1.7671458676442584,146.641167489162,148.40831335680625,0.17671458676442584,14.6641167489162,14.840831335680624,1.8555031610264716,7.332058374458098,1611,50000,0.03222,0.029371022470382566,0.03533526684643705,0.029322238033514955,0.035302433839967715,A89B7544E6D0696E62C7ABC8E34E3DA1718E5DA541D57E1FDB9CF7EC00696F77,C:\Users\23258\Desktop\华数杯\A题_微构体导电仿真优化\问题\问题4\results\D_screen2000_confirm50000\confirmation\pareto_max_A000619_B005483\mixed_pareto_frontier_samples.json,469BE2167B263FA7A811BF4572C0517EED8783B7657D7AADA5C24421020D94A7
strictly_cheaper_maximal,upper,strictly_cheaper_design_excluded,126,4367,350930,9.187325916035551,1.7812830345854125,146.33957459441737,148.12085762900278,0.17812830345854125,14.633957459441737,14.812085762900278,1.8703471863146834,7.3169787297208675,1657,50000,0.03314,0.030250015228554715,0.03629575036734594,0.030201264065033488,0.036263033114762255,A89B7544E6D0696E62C7ABC8E34E3DA1718E5DA541D57E1FDB9CF7EC00696F77,C:\Users\23258\Desktop\华数杯\A题_微构体导电仿真优化\问题\问题4\results\D_screen2000_confirm50000\confirmation\pareto_max_A000619_B005483\mixed_pareto_frontier_samples.json,469BE2167B263FA7A811BF4572C0517EED8783B7657D7AADA5C24421020D94A7
strictly_cheaper_maximal,upper,strictly_cheaper_design_excluded,127,4358,350921,9.18709029658653,1.7954202015265666,146.03798169967274,147.8334019011993,0.17954202015265663,14.603798169967275,14.783340190119928,1.885191211602895,7.301899084983636,1691,50000,0.03382,0.030900105763937334,0.03700527273389278,0.030851380340920394,0.03697264022232498,A89B7544E6D0696E62C7ABC8E34E3DA1718E5DA541D57E1FDB9CF7EC00696F77,C:\Users\23258\Desktop\华数杯\A题_微构体导电仿真优化\问题\问题4\results\D_screen2000_confirm50000\confirmation\pareto_max_A000619_B005483\mixed_pareto_frontier_samples.json,469BE2167B263FA7A811BF4572C0517EED8783B7657D7AADA5C24421020D94A7
strictly_cheaper_maximal,upper,strictly_cheaper_design_excluded,128,4349,350912,9.186854677137513,1.8095573684677206,145.73638880492814,147.54594617339586,0.18095573684677205,14.573638880492814,14.754594617339587,1.9000352368911069,7.286819440246405,1738,50000,0.03476,0.03179930040989024,0.037985542981783534,0.031750612079245726,0.037953026537661604,A89B7544E6D0696E62C7ABC8E34E3DA1718E5DA541D57E1FDB9CF7EC00696F77,C:\Users\23258\Desktop\华数杯\A题_微构体导电仿真优化\问题\问题4\results\D_screen2000_confirm50000\confirmation\pareto_max_A000619_B005483\mixed_pareto_frontier_samples.json,469BE2167B263FA7A811BF4572C0517EED8783B7657D7AADA5C24421020D94A7
strictly_cheaper_maximal,upper,strictly_cheaper_design_excluded,129,4341,350967,9.188294573770408,1.8236945354088747,145.4683062318218,147.29200076723066,0.18236945354088746,14.546830623182181,14.729200076723066,1.9148792621793185,7.273415311591089,1783,50000,0.03566,0.03266079841245564,0.03892353264353653,0.032612147143182155,0.03889112622633324,A89B7544E6D0696E62C7ABC8E34E3DA1718E5DA541D57E1FDB9CF7EC00696F77,C:\Users\23258\Desktop\华数杯\A题_微构体导电仿真优化\问题\问题4\results\D_screen2000_confirm50000\confirmation\pareto_max_A000619_B005483\mixed_pareto_frontier_samples.json,469BE2167B263FA7A811BF4572C0517EED8783B7657D7AADA5C24421020D94A7
strictly_cheaper_maximal,upper,strictly_cheaper_design_excluded,130,4332,350958,9.188058954321388,1.8378317023500288,145.16671333707717,147.0045450394272,0.18378317023500287,14.516671333707716,14.70045450394272,1.9297232874675305,7.258335666853858,1846,50000,0.03692,0.03386778889793416,0.04023582488810378,0.03381919188350024,0.040203570821796444,A89B7544E6D0696E62C7ABC8E34E3DA1718E5DA541D57E1FDB9CF7EC00696F77,C:\Users\23258\Desktop\华数杯\A题_微构体导电仿真优化\问题\问题4\results\D_screen2000_confirm50000\confirmation\pareto_max_A000619_B005483\mixed_pareto_frontier_samples.json,469BE2167B263FA7A811BF4572C0517EED8783B7657D7AADA5C24421020D94A7
strictly_cheaper_maximal,upper,strictly_cheaper_design_excluded,131,4323,350949,9.187823334872368,1.8519688692911829,144.86512044233257,146.71708931162374,0.1851968869291183,14.486512044233256,14.671708931162373,1.9445673127557421,7.243256022116627,1900,50000,0.038,0.034903146885764486,0.04135985209745553,0.03485459842231328,0.04132772715969273,A89B7544E6D0696E62C7ABC8E34E3DA1718E5DA541D57E1FDB9CF7EC00696F77,C:\Users\23258\Desktop\华数杯\A题_微构体导电仿真优化\问题\问题4\results\D_screen2000_confirm50000\confirmation\pareto_max_A000619_B005483\mixed_pareto_frontier_samples.json,469BE2167B263FA7A811BF4572C0517EED8783B7657D7AADA5C24421020D94A7
strictly_cheaper_maximal,upper,strictly_cheaper_design_excluded,132,4314,350940,9.18758771542335,1.866106036232337,144.56352754758794,146.42963358382028,0.18661060362323367,14.456352754758795,14.642963358382026,1.959411338043954,7.228176377379396,1933,50000,0.03866,0.03553621309281359,0.04204641017757327,0.035487695170834874,0.04201436353078863,A89B7544E6D0696E62C7ABC8E34E3DA1718E5DA541D57E1FDB9CF7EC00696F77,C:\Users\23258\Desktop\华数杯\A题_微构体导电仿真优化\问题\问题4\results\D_screen2000_confirm50000\confirmation\pareto_max_A000619_B005483\mixed_pareto_frontier_samples.json,469BE2167B263FA7A811BF4572C0517EED8783B7657D7AADA5C24421020D94A7
strictly_cheaper_maximal,upper,strictly_cheaper_design_excluded,133,4305,350931,9.18735209597433,1.880243203173491,144.2619346528433,146.1421778560168,0.1880243203173491,14.42619346528433,14.614217785601678,1.9742553633321658,7.213096732642165,1984,50000,0.03968,0.036515088975420495,0.043106953647860546,0.0364666194807351,0.04307502712180831,A89B7544E6D0696E62C7ABC8E34E3DA1718E5DA541D57E1FDB9CF7EC00696F77,C:\Users\23258\Desktop\华数杯\A题_微构体导电仿真优化\问题\问题4\results\D_screen2000_confirm50000\confirmation\pareto_max_A000619_B005483\mixed_pareto_frontier_samples.json,469BE2167B263FA7A811BF4572C0517EED8783B7657D7AADA5C24421020D94A7
strictly_cheaper_maximal,upper,strictly_cheaper_design_excluded,134,4296,350922,9.187116476525311,1.894380370114645,143.9603417580987,145.85472212821335,0.1894380370114645,14.396034175809872,14.585472212821337,1.9890993886203774,7.198017087904934,2027,50000,0.04054,0.03734087382409712,0.04400067923397706,0.037292446258943776,0.04396885320288963,A89B7544E6D0696E62C7ABC8E34E3DA1718E5DA541D57E1FDB9CF7EC00696F77,C:\Users\23258\Desktop\华数杯\A题_微构体导电仿真优化\问题\问题4\results\D_screen2000_confirm50000\confirmation\pareto_max_A000619_B005483\mixed_pareto_frontier_samples.json,469BE2167B263FA7A811BF4572C0517EED8783B7657D7AADA5C24421020D94A7
strictly_cheaper_maximal,upper,strictly_cheaper_design_excluded,135,4287,350913,9.186880857076291,1.9085175370557992,143.65874886335408,145.56726640040986,0.1908517537055799,14.365874886335408,14.556726640040987,2.003943413908589,7.182937443167702,2094,50000,0.04188,0.03862836578802526,0.045392424459145216,0.038580005433111436,0.045360753673683474,A89B7544E6D0696E62C7ABC8E34E3DA1718E5DA541D57E1FDB9CF7EC00696F77,C:\Users\23258\Desktop\华数杯\A题_微构体导电仿真优化\问题\问题4\results\D_screen2000_confirm50000\confirmation\pareto_max_A000619_B005483\mixed_pareto_frontier_samples.json,469BE2167B263FA7A811BF4572C0517EED8783B7657D7AADA5C24421020D94A7
strictly_cheaper_maximal,upper,strictly_cheaper_design_excluded,136,4279,350968,9.188320753709187,1.9226547039969533,143.39066629024774,145.3133209942447,0.19226547039969533,14.339066629024774,14.53133209942447,2.018787439196801,7.169533314512387,2136,50000,0.04272,0.039435932387813344,0.04626437967938764,0.03938761526404009,0.04623280542771287,A89B7544E6D0696E62C7ABC8E34E3DA1718E5DA541D57E1FDB9CF7EC00696F77,C:\Users\23258\Desktop\华数杯\A题_微构体导电仿真优化\问题\问题4\results\D_screen2000_confirm50000\confirmation\pareto_max_A000619_B005483\mixed_pareto_frontier_samples.json,469BE2167B263FA7A811BF4572C0517EED8783B7657D7AADA5C24421020D94A7
strictly_cheaper_maximal,upper,strictly_cheaper_design_excluded,137,4270,350959,9.188085134260168,1.9367918709381073,143.08907339550314,145.02586526644123,0.1936791870938107,14.308907339550313,14.502586526644123,2.033631464485013,7.1544536697751555,2182,50000,0.04364,0.04032082166059685,0.04721896668568516,0.04027255280137288,0.04718749750757541,A89B7544E6D0696E62C7ABC8E34E3DA1718E5DA541D57E1FDB9CF7EC00696F77,C:\Users\23258\Desktop\华数杯\A题_微构体导电仿真优化\问题\问题4\results\D_screen2000_confirm50000\confirmation\pareto_max_A000619_B005483\mixed_pareto_frontier_samples.json,469BE2167B263FA7A811BF4572C0517EED8783B7657D7AADA5C24421020D94A7
strictly_cheaper_maximal,upper,strictly_cheaper_design_excluded,138,4261,350950,9.187849514811148,1.9509290378792614,142.7874805007585,144.73840953863777,0.19509290378792613,14.27874805007585,14.473840953863776,2.048475489773225,7.139374025037925,2241,50000,0.04482,0.04145639813704487,0.04844271848023238,0.04140819250998655,0.048411383122423,A89B7544E6D0696E62C7ABC8E34E3DA1718E5DA541D57E1FDB9CF7EC00696F77,C:\Users\23258\Desktop\华数杯\A题_微构体导电仿真优化\问题\问题4\results\D_screen2000_confirm50000\confirmation\pareto_max_A000619_B005483\mixed_pareto_frontier_samples.json,469BE2167B263FA7A811BF4572C0517EED8783B7657D7AADA5C24421020D94A7
strictly_cheaper_maximal,upper,strictly_cheaper_design_excluded,139,4252,350941,9.18761389536213,1.9650662048204153,142.48588760601388,144.45095381083428,0.19650662048204154,14.248588760601388,14.445095381083426,2.0633195150614365,7.124294380300694,2305,50000,0.0461,0.04268895717475407,0.04976943078733158,0.04264082172543718,0.04973823945692467,A89B7544E6D0696E62C7ABC8E34E3DA1718E5DA541D57E1FDB9CF7EC00696F77,C:\Users\23258\Desktop\华数杯\A题_微构体导电仿真优化\问题\问题4\results\D_screen2000_confirm50000\confirmation\pareto_max_A000619_B005483\mixed_pareto_frontier_samples.json,469BE2167B263FA7A811BF4572C0517EED8783B7657D7AADA5C24421020D94A7
strictly_cheaper_maximal,upper,strictly_cheaper_design_excluded,140,4243,350932,9.18737827591311,1.9792033717615694,142.18429471126927,144.16349808303085,0.19792033717615695,14.218429471126926,14.416349808303085,2.078163540349648,7.109214735563462,2349,50000,0.04698,0.043536777079686964,0.05068110993195446,0.0434886907804984,0.05065001697509623,A89B7544E6D0696E62C7ABC8E34E3DA1718E5DA541D57E1FDB9CF7EC00696F77,C:\Users\23258\Desktop\华数杯\A题_微构体导电仿真优化\问题\问题4\results\D_screen2000_confirm50000\confirmation\pareto_max_A000619_B005483\mixed_pareto_frontier_samples.json,469BE2167B263FA7A811BF4572C0517EED8783B7657D7AADA5C24421020D94A7
strictly_cheaper_maximal,upper,strictly_cheaper_design_excluded,141,4234,350923,9.187142656464092,1.9933405387027234,141.88270181652464,143.87604235522736,0.19933405387027237,14.188270181652465,14.387604235522737,2.0930075656378597,7.0941350908262315,2413,50000,0.04826,0.044770581363278744,0.05200657699317106,0.0447225677929475,0.05197562624011506,A89B7544E6D0696E62C7ABC8E34E3DA1718E5DA541D57E1FDB9CF7EC00696F77,C:\Users\23258\Desktop\华数杯\A题_微构体导电仿真优化\问题\问题4\results\D_screen2000_confirm50000\confirmation\pareto_max_A000619_B005483\mixed_pareto_frontier_samples.json,469BE2167B263FA7A811BF4572C0517EED8783B7657D7AADA5C24421020D94A7
strictly_cheaper_maximal,upper,strictly_cheaper_design_excluded,142,4225,350914,9.186907037015072,2.0074777056438777,141.58110892178001,143.5885866274239,0.20074777056438775,14.158110892178001,14.35885866274239,2.1078515909260718,7.079055446089001,2463,50000,0.04926,0.045734979778445504,0.053041609316135864,0.04568702399546292,0.05301076896742979,A89B7544E6D0696E62C7ABC8E34E3DA1718E5DA541D57E1FDB9CF7EC00696F77,C:\Users\23258\Desktop\华数杯\A题_微构体导电仿真优化\问题\问题4\results\D_screen2000_confirm50000\confirmation\pareto_max_A000619_B005483\mixed_pareto_frontier_samples.json,469BE2167B263FA7A811BF4572C0517EED8783B7657D7AADA5C24421020D94A7
strictly_cheaper_maximal,upper,strictly_cheaper_design_excluded,143,4217,350969,9.188346933647967,2.021614872585032,141.3130263486737,143.33464122125872,0.20216148725850316,14.131302634867371,14.333464122125871,2.1226956162142834,7.065651317433684,2521,50000,0.05042,0.04685420145108437,0.05424172729972961,0.04680631370665506,0.05421101430066677,A89B7544E6D0696E62C7ABC8E34E3DA1718E5DA541D57E1FDB9CF7EC00696F77,C:\Users\23258\Desktop\华数杯\A题_微构体导电仿真优化\问题\问题4\results\D_screen2000_confirm50000\confirmation\pareto_max_A000619_B005483\mixed_pareto_frontier_samples.json,469BE2167B263FA7A811BF4572C0517EED8783B7657D7AADA5C24421020D94A7
strictly_cheaper_maximal,upper,strictly_cheaper_design_excluded,144,4208,350960,9.188111314198947,2.035752039526186,141.01143345392907,143.04718549345526,0.20357520395261858,14.101143345392908,14.304718549345525,2.1375396415024954,7.050571672696454,2564,50000,0.05128,0.047684319242750656,0.055131119942856466,0.04763648260463899,0.05510050088282066,A89B7544E6D0696E62C7ABC8E34E3DA1718E5DA541D57E1FDB9CF7EC00696F77,C:\Users\23258\Desktop\华数杯\A题_微构体导电仿真优化\问题\问题4\results\D_screen2000_confirm50000\confirmation\pareto_max_A000619_B005483\mixed_pareto_frontier_samples.json,469BE2167B263FA7A811BF4572C0517EED8783B7657D7AADA5C24421020D94A7
strictly_cheaper_maximal,upper,strictly_cheaper_design_excluded,145,4199,350951,9.187875694749929,2.04988920646734,140.70984055918447,142.7597297656518,0.204988920646734,14.070984055918446,14.275972976565178,2.152383666790707,7.035492027959222,2612,50000,0.05224,0.04861130474353358,0.056123587950679836,0.04856352579149536,0.0560930732964257,A89B7544E6D0696E62C7ABC8E34E3DA1718E5DA541D57E1FDB9CF7EC00696F77,C:\Users\23258\Desktop\华数杯\A题_微构体导电仿真优化\问题\问题4\results\D_screen2000_confirm50000\confirmation\pareto_max_A000619_B005483\mixed_pareto_frontier_samples.json,469BE2167B263FA7A811BF4572C0517EED8783B7657D7AADA5C24421020D94A7
strictly_cheaper_maximal,upper,strictly_cheaper_design_excluded,146,4190,350942,9.187640075300909,2.064026373408494,140.40824766443984,142.47227403784834,0.2064026373408494,14.040824766443984,14.247227403784834,2.1672276920789186,7.020412383221991,2676,50000,0.05352,0.04984783165612926,0.05744633238289254,0.04980013061580537,0.057415956221921194,A89B7544E6D0696E62C7ABC8E34E3DA1718E5DA541D57E1FDB9CF7EC00696F77,C:\Users\23258\Desktop\华数杯\A题_微构体导电仿真优化\问题\问题4\results\D_screen2000_confirm50000\confirmation\pareto_max_A000619_B005483\mixed_pareto_frontier_samples.json,469BE2167B263FA7A811BF4572C0517EED8783B7657D7AADA5C24421020D94A7
strictly_cheaper_maximal,upper,strictly_cheaper_design_excluded,147,4181,350933,9.18740445585189,2.078163540349648,140.1066547696952,142.18481831004485,0.2078163540349648,14.010665476969521,14.218481831004485,2.1820717173671307,7.005332738484761,2730,50000,0.0546,0.05089162267112653,0.058561926565077374,0.050843988211801264,0.05853166665341598,A89B7544E6D0696E62C7ABC8E34E3DA1718E5DA541D57E1FDB9CF7EC00696F77,C:\Users\23258\Desktop\华数杯\A题_微构体导电仿真优化\问题\问题4\results\D_screen2000_confirm50000\confirmation\pareto_max_A000619_B005483\mixed_pareto_frontier_samples.json,469BE2167B263FA7A811BF4572C0517EED8783B7657D7AADA5C24421020D94A7
strictly_cheaper_maximal,upper,strictly_cheaper_design_excluded,148,4172,350924,9.18716883640287,2.092300707290802,139.8050618749506,141.8973625822414,0.2092300707290802,13.980506187495061,14.189736258224142,2.1969157426553423,6.990253093747529,2794,50000,0.05588,0.05212924961584244,0.05988357096516984,0.05208169501422842,0.059853448151195844,A89B7544E6D0696E62C7ABC8E34E3DA1718E5DA541D57E1FDB9CF7EC00696F77,C:\Users\23258\Desktop\华数杯\A题_微构体导电仿真优化\问题\问题4\results\D_screen2000_confirm50000\confirmation\pareto_max_A000619_B005483\mixed_pareto_frontier_samples.json,469BE2167B263FA7A811BF4572C0517EED8783B7657D7AADA5C24421020D94A7
strictly_cheaper_maximal,upper,strictly_cheaper_design_excluded,149,4163,350915,9.186933216953852,2.1064378742319563,139.50346898020598,141.60990685443792,0.21064378742319562,13.950346898020598,14.160990685443792,2.211759767943554,6.975173449010298,2850,50000,0.057,0.05321264079985851,0.061039542207861126,0.05316515687511671,0.061009538779175664,A89B7544E6D0696E62C7ABC8E34E3DA1718E5DA541D57E1FDB9CF7EC00696F77,C:\Users\23258\Desktop\华数杯\A题_微构体导电仿真优化\问题\问题4\results\D_screen2000_confirm50000\confirmation\pareto_max_A000619_B005483\mixed_pareto_frontier_samples.json,469BE2167B263FA7A811BF4572C0517EED8783B7657D7AADA5C24421020D94A7
strictly_cheaper_maximal,upper,strictly_cheaper_design_excluded,150,4155,350970,9.188373113586747,2.12057504117311,139.23538640709964,141.35596144827275,0.212057504117311,13.923538640709964,14.135596144827275,2.226603793231766,6.961769320354981,2939,50000,0.05878,0.0549353263261857,0.0628758433954081,0.05488795617844473,0.06284602866173458,A89B7544E6D0696E62C7ABC8E34E3DA1718E5DA541D57E1FDB9CF7EC00696F77,C:\Users\23258\Desktop\华数杯\A题_微构体导电仿真优化\问题\问题4\results\D_screen2000_confirm50000\confirmation\pareto_max_A000619_B005483\mixed_pareto_frontier_samples.json,469BE2167B263FA7A811BF4572C0517EED8783B7657D7AADA5C24421020D94A7
strictly_cheaper_maximal,upper,strictly_cheaper_design_excluded,151,4146,350961,9.188137494137727,2.134712208114264,138.93379351235504,141.0685057204693,0.21347122081142642,13.893379351235504,14.106850572046929,2.2414478185199775,6.94668967561775,3005,50000,0.0601,0.056213487984087866,0.0642369303118396,0.05616620329610733,0.06420725472893073,A89B7544E6D0696E62C7ABC8E34E3DA1718E5DA541D57E1FDB9CF7EC00696F77,C:\Users\23258\Desktop\华数杯\A题_微构体导电仿真优化\问题\问题4\results\D_screen2000_confirm50000\confirmation\pareto_max_A000619_B005483\mixed_pareto_frontier_samples.json,469BE2167B263FA7A811BF4572C0517EED8783B7657D7AADA5C24421020D94A7
strictly_cheaper_maximal,upper,strictly_cheaper_design_excluded,152,4137,350952,9.18790187468871,2.148849375055418,138.6322006176104,140.78104999266583,0.2148849375055418,13.86322006176104,14.078104999266584,2.2562918438081896,6.9316100308805195,3052,50000,0.06104,0.05712402815033288,0.06520585503943824,0.057076804853987466,0.06517627816475655,A89B7544E6D0696E62C7ABC8E34E3DA1718E5DA541D57E1FDB9CF7EC00696F77,C:\Users\23258\Desktop\华数杯\A题_微构体导电仿真优化\问题\问题4\results\D_screen2000_confirm50000\confirmation\pareto_max_A000619_B005483\mixed_pareto_frontier_samples.json,469BE2167B263FA7A811BF4572C0517EED8783B7657D7AADA5C24421020D94A7
strictly_cheaper_maximal,upper,strictly_cheaper_design_excluded,153,4128,350943,9.187666255239689,2.162986541996572,138.33060772286578,140.49359426486234,0.21629865419965721,13.833060772286577,14.049359426486234,2.271135869096401,6.916530386143289,3133,50000,0.06266,0.0586938900415878,0.06687507094395644,0.05864677353868709,0.06684566347042299,A89B7544E6D0696E62C7ABC8E34E3DA1718E5DA541D57E1FDB9CF7EC00696F77,C:\Users\23258\Desktop\华数杯\A题_微构体导电仿真优化\问题\问题4\results\D_screen2000_confirm50000\confirmation\pareto_max_A000619_B005483\mixed_pareto_frontier_samples.json,469BE2167B263FA7A811BF4572C0517EED8783B7657D7AADA5C24421020D94A7
strictly_cheaper_maximal,upper,strictly_cheaper_design_excluded,154,4119,350934,9.18743063579067,2.177123708937726,138.02901482812118,140.2061385370589,0.21771237089377263,13.802901482812118,14.02061385370589,2.285979894384613,6.901450741406058,3197,50000,0.06394,0.05993482525863176,0.06819340707172089,0.0598877939801718,0.06816413283795052,A89B7544E6D0696E62C7ABC8E34E3DA1718E5DA541D57E1FDB9CF7EC00696F77,C:\Users\23258\Desktop\华数杯\A题_微构体导电仿真优化\问题\问题4\results\D_screen2000_confirm50000\confirmation\pareto_max_A000619_B005483\mixed_pareto_frontier_samples.json,469BE2167B263FA7A811BF4572C0517EED8783B7657D7AADA5C24421020D94A7
strictly_cheaper_maximal,upper,strictly_cheaper_design_excluded,155,4110,350925,9.18719501634165,2.1912608758788803,137.72742193337655,139.91868280925542,0.21912608758788804,13.772742193337656,13.99186828092554,2.3008239196728244,6.886371096668826,3278,50000,0.06556,0.061506057843035304,0.06986125228309047,0.06145913543682974,0.06983214595301927,A89B7544E6D0696E62C7ABC8E34E3DA1718E5DA541D57E1FDB9CF7EC00696F77,C:\Users\23258\Desktop\华数杯\A题_微构体导电仿真优化\问题\问题4\results\D_screen2000_confirm50000\confirmation\pareto_max_A000619_B005483\mixed_pareto_frontier_samples.json,469BE2167B263FA7A811BF4572C0517EED8783B7657D7AADA5C24421020D94A7
strictly_cheaper_maximal,upper,strictly_cheaper_design_excluded,156,4101,350916,9.186959396892632,2.2053980428200344,137.42582903863192,139.63122708145195,0.22053980428200345,13.742582903863191,13.963122708145196,2.3156679449610365,6.8712914519315955,3343,50000,0.06686,0.06276745187517728,0.07119911821051951,0.06272061761099502,0.07117014605882312,A89B7544E6D0696E62C7ABC8E34E3DA1718E5DA541D57E1FDB9CF7EC00696F77,C:\Users\23258\Desktop\华数杯\A题_微构体导电仿真优化\问题\问题4\results\D_screen2000_confirm50000\confirmation\pareto_max_A000619_B005483\mixed_pareto_frontier_samples.json,469BE2167B263FA7A811BF4572C0517EED8783B7657D7AADA5C24421020D94A7
strictly_cheaper_maximal,upper,strictly_cheaper_design_excluded,157,4093,350971,9.188399293525526,2.2195352097611885,137.1577464655256,139.37728167528678,0.22195352097611884,13.71577464655256,13.937728167528677,2.3305119702492485,6.857887323276279,3437,50000,0.06874,0.06459242636530549,0.07313307350807863,0.06454572072150262,0.0731042945664897,A89B7544E6D0696E62C7ABC8E34E3DA1718E5DA541D57E1FDB9CF7EC00696F77,C:\Users\23258\Desktop\华数杯\A题_微构体导电仿真优化\问题\问题4\results\D_screen2000_confirm50000\confirmation\pareto_max_A000619_B005483\mixed_pareto_frontier_samples.json,469BE2167B263FA7A811BF4572C0517EED8783B7657D7AADA5C24421020D94A7
strictly_cheaper_maximal,upper,strictly_cheaper_design_excluded,158,4084,350962,9.188163674076508,2.2336723767023425,136.85615357078098,139.08982594748332,0.22336723767023425,13.685615357078097,13.90898259474833,2.34535599553746,6.842807678539048,3505,50000,0.0701,0.06591319564575422,0.07453153003148881,0.06586658385298917,0.07450289027639047,A89B7544E6D0696E62C7ABC8E34E3DA1718E5DA541D57E1FDB9CF7EC00696F77,C:\Users\23258\Desktop\华数杯\A题_微构体导电仿真优化\问题\问题4\results\D_screen2000_confirm50000\confirmation\pareto_max_A000619_B005483\mixed_pareto_frontier_samples.json,469BE2167B263FA7A811BF4572C0517EED8783B7657D7AADA5C24421020D94A7
strictly_cheaper_maximal,upper,strictly_cheaper_design_excluded,159,4075,350953,9.187928054627488,2.2478095436434966,136.55456067603635,138.80237021967983,0.22478095436434967,13.655456067603634,13.880237021967984,2.3602000208256717,6.827728033801817,3576,50000,0.07152,0.06729273348123053,0.07599118384415933,0.067246220365265,0.07596268892077067,A89B7544E6D0696E62C7ABC8E34E3DA1718E5DA541D57E1FDB9CF7EC00696F77,C:\Users\23258\Desktop\华数杯\A题_微构体导电仿真优化\问题\问题4\results\D_screen2000_confirm50000\confirmation\pareto_max_A000619_B005483\mixed_pareto_frontier_samples.json,469BE2167B263FA7A811BF4572C0517EED8783B7657D7AADA5C24421020D94A7
strictly_cheaper_maximal,upper,strictly_cheaper_design_excluded,160,4066,350944,9.18769243517847,2.2619467105846507,136.25296778129174,138.5149144918764,0.22619467105846508,13.625296778129174,13.85149144918764,2.3750440461138833,6.812648389064585,3653,50000,0.07306,0.06878941256770223,0.07757362809441022,0.0687430072217545,0.07754528969633713,A89B7544E6D0696E62C7ABC8E34E3DA1718E5DA541D57E1FDB9CF7EC00696F77,C:\Users\23258\Desktop\华数杯\A题_微构体导电仿真优化\问题\问题4\results\D_screen2000_confirm50000\confirmation\pareto_max_A000619_B005483\mixed_pareto_frontier_samples.json,469BE2167B263FA7A811BF4572C0517EED8783B7657D7AADA5C24421020D94A7
strictly_cheaper_maximal,upper,strictly_cheaper_design_excluded,161,4057,350935,9.18745681572945,2.2760838775258048,135.95137488654711,138.2274587640729,0.2276083877525805,13.59513748865471,13.822745876407291,2.3898880714020954,6.797568744327355,3721,50000,0.07442,0.07011162699399187,0.07897063947197949,0.07006531744433789,0.07894243885319034,A89B7544E6D0696E62C7ABC8E34E3DA1718E5DA541D57E1FDB9CF7EC00696F77,C:\Users\23258\Desktop\华数杯\A题_微构体导电仿真优化\问题\问题4\results\D_screen2000_confirm50000\confirmation\pareto_max_A000619_B005483\mixed_pareto_frontier_samples.json,469BE2167B263FA7A811BF4572C0517EED8783B7657D7AADA5C24421020D94A7
strictly_cheaper_maximal,upper,strictly_cheaper_design_excluded,162,4048,350926,9.187221196280431,2.290221044466959,135.64978199180248,137.94000303626945,0.22902210444669588,13.56497819918025,13.794000303626945,2.4047320966903074,6.782489099590125,3811,50000,0.07622,0.07186227755444397,0.08081896424016421,0.07181609564849674,0.08079094535716837,A89B7544E6D0696E62C7ABC8E34E3DA1718E5DA541D57E1FDB9CF7EC00696F77,C:\Users\23258\Desktop\华数杯\A题_微构体导电仿真优化\问题\问题4\results\D_screen2000_confirm50000\confirmation\pareto_max_A000619_B005483\mixed_pareto_frontier_samples.json,469BE2167B263FA7A811BF4572C0517EED8783B7657D7AADA5C24421020D94A7
strictly_cheaper_maximal,upper,strictly_cheaper_design_excluded,163,4039,350917,9.186985576831411,2.304358211408113,135.34818909705788,137.65254730846598,0.2304358211408113,13.534818909705788,13.765254730846598,2.419576121978519,6.767409454852893,3875,50000,0.0775,0.07310763045002952,0.08213288268938704,0.07306153987850467,0.08210499263061416,A89B7544E6D0696E62C7ABC8E34E3DA1718E5DA541D57E1FDB9CF7EC00696F77,C:\Users\23258\Desktop\华数杯\A题_微构体导电仿真优化\问题\问题4\results\D_screen2000_confirm50000\confirmation\pareto_max_A000619_B005483\mixed_pareto_frontier_samples.json,469BE2167B263FA7A811BF4572C0517EED8783B7657D7AADA5C24421020D94A7
strictly_cheaper_maximal,upper,strictly_cheaper_design_excluded,164,4031,350972,9.188425473464306,2.318495378349267,135.08010652395154,137.3986019023008,0.2318495378349267,13.508010652395155,13.73986019023008,2.4344201472667306,6.754005326197577,3963,50000,0.07926,0.07482057853185171,0.08393893270667639,0.0747746142758731,0.08391121925086759,A89B7544E6D0696E62C7ABC8E34E3DA1718E5DA541D57E1FDB9CF7EC00696F77,C:\Users\23258\Desktop\华数杯\A题_微构体导电仿真优化\问题\问题4\results\D_screen2000_confirm50000\confirmation\pareto_max_A000619_B005483\mixed_pareto_frontier_samples.json,469BE2167B263FA7A811BF4572C0517EED8783B7657D7AADA5C24421020D94A7
strictly_cheaper_maximal,upper,strictly_cheaper_design_excluded,165,4022,350963,9.188189854015288,2.332632545290421,134.77851362920694,137.11114617449735,0.23326325452904212,13.477851362920694,13.711114617449736,2.449264172554942,6.738925681460345,4056,50000,0.08112,0.0766315722051905,0.08584688020626231,0.07658574231774225,0.08581935275134617,A89B7544E6D0696E62C7ABC8E34E3DA1718E5DA541D57E1FDB9CF7EC00696F77,C:\Users\23258\Desktop\华数杯\A题_微构体导电仿真优化\问题\问题4\results\D_screen2000_confirm50000\confirmation\pareto_max_A000619_B005483\mixed_pareto_frontier_samples.json,469BE2167B263FA7A811BF4572C0517EED8783B7657D7AADA5C24421020D94A7
strictly_cheaper_maximal,upper,strictly_cheaper_design_excluded,166,4013,350954,9.187954234566268,2.346769712231575,134.4769207344623,136.8236904466939,0.23467697122315753,13.44769207344623,13.68236904466939,2.4641081978431543,6.723846036723114,4150,50000,0.083,0.07846276663587898,0.08777461556326116,0.07841707342899344,0.08774727547863824,A89B7544E6D0696E62C7ABC8E34E3DA1718E5DA541D57E1FDB9CF7EC00696F77,C:\Users\23258\Desktop\华数杯\A题_微构体导电仿真优化\问题\问题4\results\D_screen2000_confirm50000\confirmation\pareto_max_A000619_B005483\mixed_pareto_frontier_samples.json,469BE2167B263FA7A811BF4572C0517EED8783B7657D7AADA5C24421020D94A7
strictly_cheaper_maximal,upper,strictly_cheaper_design_excluded,167,4004,350945,9.18771861511725,2.3609068791727292,134.17532783971768,136.5362347188904,0.23609068791727292,13.417532783971769,13.65362347188904,2.478952223131366,6.7087663919858835,4232,50000,0.08464,0.08006077145420032,0.08945567715547559,0.08001519815589297,0.08942850002903951,A89B7544E6D0696E62C7ABC8E34E3DA1718E5DA541D57E1FDB9CF7EC00696F77,C:\Users\23258\Desktop\华数杯\A题_微构体导电仿真优化\问题\问题4\results\D_screen2000_confirm50000\confirmation\pareto_max_A000619_B005483\mixed_pareto_frontier_samples.json,469BE2167B263FA7A811BF4572C0517EED8783B7657D7AADA5C24421020D94A7
strictly_cheaper_maximal,upper,strictly_cheaper_design_excluded,168,3995,350936,9.18748299566823,2.3750440461138833,133.87373494497308,136.24877899108697,0.23750440461138833,13.387373494497307,13.624877899108697,2.493796248419578,6.693686747248652,4327,50000,0.08654,0.08191277459797838,0.0914025924141475,0.08186734096790371,0.091375603534431,A89B7544E6D0696E62C7ABC8E34E3DA1718E5DA541D57E1FDB9CF7EC00696F77,C:\Users\23258\Desktop\华数杯\A题_微构体导电仿真优化\问题\问题4\results\D_screen2000_confirm50000\confirmation\pareto_max_A000619_B005483\mixed_pareto_frontier_samples.json,469BE2167B263FA7A811BF4572C0517EED8783B7657D7AADA5C24421020D94A7
strictly_cheaper_maximal,upper,strictly_cheaper_design_excluded,169,3986,350927,9.18724737621921,2.3891812130550374,133.57214205022845,135.96132326328348,0.23891812130550374,13.357214205022846,13.596132326328348,2.5086402737077895,6.678607102511422,4415,50000,0.0883,0.08362892534048062,0.09320543977075678,0.08358362177175659,0.09317862476772691,A89B7544E6D0696E62C7ABC8E34E3DA1718E5DA541D57E1FDB9CF7EC00696F77,C:\Users\23258\Desktop\华数杯\A题_微构体导电仿真优化\问题\问题4\results\D_screen2000_confirm50000\confirmation\pareto_max_A000619_B005483\mixed_pareto_frontier_samples.json,469BE2167B263FA7A811BF4572C0517EED8783B7657D7AADA5C24421020D94A7
strictly_cheaper_maximal,upper,strictly_cheaper_design_excluded,170,3977,350918,9.187011756770191,2.4033183799961915,133.27054915548382,135.67386753548,0.24033183799961916,13.327054915548382,13.567386753548002,2.523484298996001,6.663527457774191,4492,50000,0.08984,0.08513102646789487,0.09478246198006514,0.08508583721853967,0.0947557987426392,A89B7544E6D0696E62C7ABC8E34E3DA1718E5DA541D57E1FDB9CF7EC00696F77,C:\Users\23258\Desktop\华数杯\A题_微构体导电仿真优化\问题\问题4\results\D_screen2000_confirm50000\confirmation\pareto_max_A000619_B005483\mixed_pareto_frontier_samples.json,469BE2167B263FA7A811BF4572C0517EED8783B7657D7AADA5C24421020D94A7
strictly_cheaper_maximal,upper,strictly_cheaper_design_excluded,171,3968,350909,9.186776137321171,2.4174555469373455,132.96895626073922,135.38641180767655,0.24174555469373457,13.29689562607392,13.538641180767655,2.538328324284213,6.6484478130369595,4564,50000,0.09128,0.08653597536826368,0.09625669334260575,0.08649089343283772,0.09623017171049703,A89B7544E6D0696E62C7ABC8E34E3DA1718E5DA541D57E1FDB9CF7EC00696F77,C:\Users\23258\Desktop\华数杯\A题_微构体导电仿真优化\问题\问题4\results\D_screen2000_confirm50000\confirmation\pareto_max_A000619_B005483\mixed_pareto_frontier_samples.json,469BE2167B263FA7A811BF4572C0517EED8783B7657D7AADA5C24421020D94A7
strictly_cheaper_maximal,upper,strictly_cheaper_design_excluded,172,3960,350964,9.188216033954067,2.4315927138784996,132.70087368763288,135.13246640151138,0.24315927138784996,13.270087368763289,13.513246640151138,2.553172349572425,6.635043684381643,4663,50000,0.09326,0.08846837566685122,0.09828316590551871,0.08842344192033917,0.09825683851825542,A89B7544E6D0696E62C7ABC8E34E3DA1718E5DA541D57E1FDB9CF7EC00696F77,C:\Users\23258\Desktop\华数杯\A题_微构体导电仿真优化\问题\问题4\results\D_screen2000_confirm50000\confirmation\pareto_max_A000619_B005483\mixed_pareto_frontier_samples.json,469BE2167B263FA7A811BF4572C0517EED8783B7657D7AADA5C24421020D94A7
strictly_cheaper_maximal,upper,strictly_cheaper_design_excluded,173,3951,350955,9.187980414505049,2.4457298808196537,132.39928079288825,134.8450106737079,0.24457298808196537,13.239928079288823,13.48450106737079,2.568016374860637,6.619964039644412,4743,50000,0.09486,0.09003040289222415,0.09992022786115627,0.08998558940725108,0.09989405706388504,A89B7544E6D0696E62C7ABC8E34E3DA1718E5DA541D57E1FDB9CF7EC00696F77,C:\Users\23258\Desktop\华数杯\A题_微构体导电仿真优化\问题\问题4\results\D_screen2000_confirm50000\confirmation\pareto_max_A000619_B005483\mixed_pareto_frontier_samples.json,469BE2167B263FA7A811BF4572C0517EED8783B7657D7AADA5C24421020D94A7
strictly_cheaper_maximal,upper,strictly_cheaper_design_excluded,174,3942,350946,9.187744795056028,2.459867047760808,132.09768789814365,134.55755494590446,0.24598670477608078,13.209768789814365,13.455755494590445,2.5828604001488484,6.604884394907181,4847,50000,0.09694,0.09206167779794724,0.10204776889074682,0.09201702130746878,0.10202180118074486,A89B7544E6D0696E62C7ABC8E34E3DA1718E5DA541D57E1FDB9CF7EC00696F77,C:\Users\23258\Desktop\华数杯\A题_微构体导电仿真优化\问题\问题4\results\D_screen2000_confirm50000\confirmation\pareto_max_A000619_B005483\mixed_pareto_frontier_samples.json,469BE2167B263FA7A811BF4572C0517EED8783B7657D7AADA5C24421020D94A7
strictly_cheaper_maximal,upper,strictly_cheaper_design_excluded,175,3933,350937,9.18750917560701,2.474004214701962,131.79609500339902,134.27009921810097,0.2474004214701962,13.179609500339902,13.427009921810097,2.59770442543706,6.58980475016995,4929,50000,0.09858,0.0936637571740149,0.10372475592521493,0.09361922496760576,0.10369894797488724,A89B7544E6D0696E62C7ABC8E34E3DA1718E5DA541D57E1FDB9CF7EC00696F77,C:\Users\23258\Desktop\华数杯\A题_微构体导电仿真优化\问题\问题4\results\D_screen2000_confirm50000\confirmation\pareto_max_A000619_B005483\mixed_pareto_frontier_samples.json,469BE2167B263FA7A811BF4572C0517EED8783B7657D7AADA5C24421020D94A7
strictly_cheaper_maximal,upper,strictly_cheaper_design_excluded,176,3924,350928,9.18727355615799,2.488141381643116,131.4945021086544,133.9826434902975,0.2488141381643116,13.149450210865437,13.39826434902975,2.612548450725272,6.5747251054327185,5031,50000,0.10062,0.09565718362713564,0.10581016817788257,0.09561280660606988,0.10578455852101688,A89B7544E6D0696E62C7ABC8E34E3DA1718E5DA541D57E1FDB9CF7EC00696F77,C:\Users\23258\Desktop\华数杯\A题_微构体导电仿真优化\问题\问题4\results\D_screen2000_confirm50000\confirmation\pareto_max_A000619_B005483\mixed_pareto_frontier_samples.json,469BE2167B263FA7A811BF4572C0517EED8783B7657D7AADA5C24421020D94A7
strictly_cheaper_maximal,upper,strictly_cheaper_design_excluded,177,3915,350919,9.187037936708972,2.50227854858427,131.1929092139098,133.69518776249404,0.250227854858427,13.119290921390979,13.369518776249404,2.6273924760134837,6.559645460695488,5123,50000,0.10246,0.09745572912871904,0.10769057523446122,0.09741149261486347,0.10766514403628016,A89B7544E6D0696E62C7ABC8E34E3DA1718E5DA541D57E1FDB9CF7EC00696F77,C:\Users\23258\Desktop\华数杯\A题_微构体导电仿真优化\问题\问题4\results\D_screen2000_confirm50000\confirmation\pareto_max_A000619_B005483\mixed_pareto_frontier_samples.json,469BE2167B263FA7A811BF4572C0517EED8783B7657D7AADA5C24421020D94A7
strictly_cheaper_maximal,upper,strictly_cheaper_design_excluded,178,3906,350910,9.186802317259952,2.516415715525424,130.89131631916516,133.40773203469058,0.2516415715525424,13.089131631916516,13.340773203469057,2.6422365013016957,6.544565815958258,5246,50000,0.10492,0.09986110332626487,0.11020380065271902,0.09981705542196088,0.11017860748828032,A89B7544E6D0696E62C7ABC8E34E3DA1718E5DA541D57E1FDB9CF7EC00696F77,C:\Users\23258\Desktop\华数杯\A题_微构体导电仿真优化\问题\问题4\results\D_screen2000_confirm50000\confirmation\pareto_max_A000619_B005483\mixed_pareto_frontier_samples.json,469BE2167B263FA7A811BF4572C0517EED8783B7657D7AADA5C24421020D94A7
strictly_cheaper_maximal,upper,strictly_cheaper_design_excluded,179,3898,350965,9.188242213892847,2.530552882466578,130.62323374605882,133.15378662852538,0.25305528824665785,13.062323374605882,13.315378662852538,2.657080526589907,6.531161687302941,5351,50000,0.10702,0.10191517370533733,0.11234853482372285,0.10187128746356033,0.11232354437638818,A89B7544E6D0696E62C7ABC8E34E3DA1718E5DA541D57E1FDB9CF7EC00696F77,C:\Users\23258\Desktop\华数杯\A题_微构体导电仿真优化\问题\问题4\results\D_screen2000_confirm50000\confirmation\pareto_max_A000619_B005483\mixed_pareto_frontier_samples.json,469BE2167B263FA7A811BF4572C0517EED8783B7657D7AADA5C24421020D94A7
strictly_cheaper_maximal,upper,strictly_cheaper_design_excluded,180,3889,350956,9.188006594443829,2.5446900494077322,130.3216408513142,132.86633090072195,0.25446900494077324,13.032164085131422,13.286633090072195,2.671924551878119,6.51608204256571,5452,50000,0.10904,0.10389158753336561,0.1144109710867203,0.10384785733804767,0.11438617523344302,A89B7544E6D0696E62C7ABC8E34E3DA1718E5DA541D57E1FDB9CF7EC00696F77,C:\Users\23258\Desktop\华数杯\A题_微构体导电仿真优化\问题\问题4\results\D_screen2000_confirm50000\confirmation\pareto_max_A000619_B005483\mixed_pareto_frontier_samples.json,469BE2167B263FA7A811BF4572C0517EED8783B7657D7AADA5C24421020D94A7
strictly_cheaper_maximal,upper,strictly_cheaper_design_excluded,181,3880,350947,9.187770974994809,2.5588272163488863,130.02004795656958,132.57887517291846,0.2558827216348886,13.002004795656958,13.257887517291845,2.686768577166331,6.501002397828478,5564,50000,0.11128,0.10608391777186088,0.11669736570163974,0.1060403612131142,0.11667278519605519,A89B7544E6D0696E62C7ABC8E34E3DA1718E5DA541D57E1FDB9CF7EC00696F77,C:\Users\23258\Desktop\华数杯\A题_微构体导电仿真优化\问题\问题4\results\D_screen2000_confirm50000\confirmation\pareto_max_A000619_B005483\mixed_pareto_frontier_samples.json,469BE2167B263FA7A811BF4572C0517EED8783B7657D7AADA5C24421020D94A7
strictly_cheaper_maximal,upper,strictly_cheaper_design_excluded,182,3871,350938,9.187535355545789,2.5729643832900404,129.71845506182495,132.291419445115,0.25729643832900406,12.971845506182495,13.229141944511499,2.7016126024545426,6.4859227530912476,5673,50000,0.11346,0.10821817785689555,0.11892186462573187,0.10817479085858993,0.11889749327412127,A89B7544E6D0696E62C7ABC8E34E3DA1718E5DA541D57E1FDB9CF7EC00696F77,C:\Users\23258\Desktop\华数杯\A题_微构体导电仿真优化\问题\问题4\results\D_screen2000_confirm50000\confirmation\pareto_max_A000619_B005483\mixed_pareto_frontier_samples.json,469BE2167B263FA7A811BF4572C0517EED8783B7657D7AADA5C24421020D94A7
strictly_cheaper_maximal,upper,strictly_cheaper_design_excluded,183,3862,350929,9.18729973609677,2.5871015502311945,129.41686216708035,132.00396371731154,0.25871015502311945,12.941686216708037,13.200396371731152,2.7164566277427546,6.470843108354017,5780,50000,0.1156,0.1103138879332972,0.12110493632893173,0.11027066791204157,0.12108076990242056,A89B7544E6D0696E62C7ABC8E34E3DA1718E5DA541D57E1FDB9CF7EC00696F77,C:\Users\23258\Desktop\华数杯\A题_微构体导电仿真优化\问题\问题4\results\D_screen2000_confirm50000\confirmation\pareto_max_A000619_B005483\mixed_pareto_frontier_samples.json,469BE2167B263FA7A811BF4572C0517EED8783B7657D7AADA5C24421020D94A7
strictly_cheaper_maximal,upper,strictly_cheaper_design_excluded,184,3853,350920,9.18706411664775,2.6012387171723486,129.11526927233572,131.71650798950807,0.2601238717172349,12.911526927233572,13.171650798950807,2.731300653030966,6.455763463616785,5893,50000,0.11786,0.11252775516622093,0.12340978256418533,0.11248471202897273,0.12338583215034396,A89B7544E6D0696E62C7ABC8E34E3DA1718E5DA541D57E1FDB9CF7EC00696F77,C:\Users\23258\Desktop\华数杯\A题_微构体导电仿真优化\问题\问题4\results\D_screen2000_confirm50000\confirmation\pareto_max_A000619_B005483\mixed_pareto_frontier_samples.json,469BE2167B263FA7A811BF4572C0517EED8783B7657D7AADA5C24421020D94A7
strictly_cheaper_maximal,upper,strictly_cheaper_design_excluded,185,3844,350911,9.186828497198732,2.6153758841135026,128.8136763775911,131.42905226170458,0.2615375884113503,12.881367637759109,13.142905226170459,2.746144678319178,6.440683818879554,6016,50000,0.12032,0.11493826916958763,0.12591786817662226,0.11489541917740821,0.12589415244002886,A89B7544E6D0696E62C7ABC8E34E3DA1718E5DA541D57E1FDB9CF7EC00696F77,C:\Users\23258\Desktop\华数杯\A题_微构体导电仿真优化\问题\问题4\results\D_screen2000_confirm50000\confirmation\pareto_max_A000619_B005483\mixed_pareto_frontier_samples.json,469BE2167B263FA7A811BF4572C0517EED8783B7657D7AADA5C24421020D94A7
strictly_cheaper_maximal,upper,strictly_cheaper_design_excluded,186,3836,350966,9.188268393831628,2.6295130510546567,128.54559380448478,131.17510685553944,0.26295130510546566,12.854559380448478,13.117510685553944,2.76098870360739,6.427279690224238,6115,50000,0.1223,0.11687897788800031,0.1279360323197101,0.1168362837951284,0.12791250514140218,A89B7544E6D0696E62C7ABC8E34E3DA1718E5DA541D57E1FDB9CF7EC00696F77,C:\Users\23258\Desktop\华数杯\A题_微构体导电仿真优化\问题\问题4\results\D_screen2000_confirm50000\confirmation\pareto_max_A000619_B005483\mixed_pareto_frontier_samples.json,469BE2167B263FA7A811BF4572C0517EED8783B7657D7AADA5C24421020D94A7
strictly_cheaper_maximal,upper,strictly_cheaper_design_excluded,187,3827,350957,9.188032774382608,2.643650217995811,128.24400090974015,130.88765112773595,0.2643650217995811,12.824400090974015,13.088765112773595,2.7758327288956015,6.412200045487007,6227,50000,0.12454,0.11907509301975562,0.13021864204136946,0.11903257575300563,0.1301953278422696,A89B7544E6D0696E62C7ABC8E34E3DA1718E5DA541D57E1FDB9CF7EC00696F77,C:\Users\23258\Desktop\华数杯\A题_微构体导电仿真优化\问题\问题4\results\D_screen2000_confirm50000\confirmation\pareto_max_A000619_B005483\mixed_pareto_frontier_samples.json,469BE2167B263FA7A811BF4572C0517EED8783B7657D7AADA5C24421020D94A7
strictly_cheaper_maximal,upper,strictly_cheaper_design_excluded,188,3818,350948,9.18779715493359,2.657787384936965,127.94240801499554,130.6001953999325,0.2657787384936965,12.794240801499555,13.060019539993249,2.790676754183813,6.397120400749776,6323,50000,0.12646,0.12095794545015524,0.13217469662818238,0.1209155801192999,0.13215156470608508,A89B7544E6D0696E62C7ABC8E34E3DA1718E5DA541D57E1FDB9CF7EC00696F77,C:\Users\23258\Desktop\华数杯\A题_微构体导电仿真优化\问题\问题4\results\D_screen2000_confirm50000\confirmation\pareto_max_A000619_B005483\mixed_pareto_frontier_samples.json,469BE2167B263FA7A811BF4572C0517EED8783B7657D7AADA5C24421020D94A7
strictly_cheaper_maximal,upper,strictly_cheaper_design_excluded,189,3809,350939,9.18756153548457,2.671924551878119,127.64081512025092,130.31273967212903,0.26719245518781193,12.764081512025092,13.031273967212902,2.8055207794720247,6.382040756012545,6407,50000,0.12814,0.1226057887243372,0.13388589699406145,0.1225635566085066,0.1338629243617619,A89B7544E6D0696E62C7ABC8E34E3DA1718E5DA541D57E1FDB9CF7EC00696F77,C:\Users\23258\Desktop\华数杯\A题_微构体导电仿真优化\问题\问题4\results\D_screen2000_confirm50000\confirmation\pareto_max_A000619_B005483\mixed_pareto_frontier_samples.json,469BE2167B263FA7A811BF4572C0517EED8783B7657D7AADA5C24421020D94A7
strictly_cheaper_maximal,upper,strictly_cheaper_design_excluded,190,3800,350930,9.187325916035551,2.686061718819273,127.33922222550629,130.02528394432557,0.2686061718819273,12.733922222550628,13.002528394432556,2.8203648047602368,6.366961111275314,6507,50000,0.13014,0.12456792180475301,0.1359226253899088,0.12452584859760503,0.13589984214940456,A89B7544E6D0696E62C7ABC8E34E3DA1718E5DA541D57E1FDB9CF7EC00696F77,C:\Users\23258\Desktop\华数杯\A题_微构体导电仿真优化\问题\问题4\results\D_screen2000_confirm50000\confirmation\pareto_max_A000619_B005483\mixed_pareto_frontier_samples.json,469BE2167B263FA7A811BF4572C0517EED8783B7657D7AADA5C24421020D94A7
strictly_cheaper_maximal,upper,strictly_cheaper_design_excluded,191,3791,350921,9.18709029658653,2.700198885760427,127.03762933076167,129.7378282165221,0.2700198885760427,12.703762933076169,12.973782821652211,2.8352088300484484,6.3518814665380825,6651,50000,0.13302,0.12739416882953578,0.13885473889094488,0.12735232503838595,0.13883222793450922,A89B7544E6D0696E62C7ABC8E34E3DA1718E5DA541D57E1FDB9CF7EC00696F77,C:\Users\23258\Desktop\华数杯\A题_微构体导电仿真优化\问题\问题4\results\D_screen2000_confirm50000\confirmation\pareto_max_A000619_B005483\mixed_pareto_frontier_samples.json,469BE2167B263FA7A811BF4572C0517EED8783B7657D7AADA5C24421020D94A7
strictly_cheaper_maximal,upper,strictly_cheaper_design_excluded,192,3782,350912,9.186854677137513,2.714336052701581,126.73603643601706,129.45037248871864,0.27143360527015814,12.673603643601705,12.945037248871865,2.8500528553366604,6.336801821800852,6751,50000,0.13502,0.1293573670313128,0.14089040216543097,0.12931568294940282,0.1408680800006254,A89B7544E6D0696E62C7ABC8E34E3DA1718E5DA541D57E1FDB9CF7EC00696F77,C:\Users\23258\Desktop\华数杯\A题_微构体导电仿真优化\问题\问题4\results\D_screen2000_confirm50000\confirmation\pareto_max_A000619_B005483\mixed_pareto_frontier_samples.json,469BE2167B263FA7A811BF4572C0517EED8783B7657D7AADA5C24421020D94A7
strictly_cheaper_maximal,upper,strictly_cheaper_design_excluded,193,3774,350967,9.188294573770408,2.728473219642735,126.46795386291073,129.19642708255347,0.27284732196427347,12.646795386291073,12.919642708255347,2.864896880624872,6.323397693145535,6912,50000,0.13824,0.1325190002885654,0.144166935884962,0.13247757398530388,0.14414491718859176,A89B7544E6D0696E62C7ABC8E34E3DA1718E5DA541D57E1FDB9CF7EC00696F77,C:\Users\23258\Desktop\华数杯\A题_微构体导电仿真优化\问题\问题4\results\D_screen2000_confirm50000\confirmation\pareto_max_A000619_B005483\mixed_pareto_frontier_samples.json,469BE2167B263FA7A811BF4572C0517EED8783B7657D7AADA5C24421020D94A7
strictly_cheaper_maximal,upper,strictly_cheaper_design_excluded,194,3765,350958,9.188058954321388,2.742610386583889,126.1663609681661,128.90897135474998,0.2742610386583889,12.61663609681661,12.890897135474997,2.8797409059130836,6.308318048408305,7057,50000,0.14114,0.1353673445526919,0.14711694076141701,0.13532615106427587,0.14709519488277772,A89B7544E6D0696E62C7ABC8E34E3DA1718E5DA541D57E1FDB9CF7EC00696F77,C:\Users\23258\Desktop\华数杯\A题_微构体导电仿真优化\问题\问题4\results\D_screen2000_confirm50000\confirmation\pareto_max_A000619_B005483\mixed_pareto_frontier_samples.json,469BE2167B263FA7A811BF4572C0517EED8783B7657D7AADA5C24421020D94A7
strictly_cheaper_maximal,upper,strictly_cheaper_design_excluded,195,3756,350949,9.187823334872368,2.756747553525043,125.86476807342149,128.62151562694652,0.2756747553525043,12.58647680734215,12.86215156269465,2.8945849312012957,6.293238403671074,7170,50000,0.1434,0.1375876721363139,0.14941532664597235,0.13754666049415779,0.14939379306682662,A89B7544E6D0696E62C7ABC8E34E3DA1718E5DA541D57E1FDB9CF7EC00696F77,C:\Users\23258\Desktop\华数杯\A题_微构体导电仿真优化\问题\问题4\results\D_screen2000_confirm50000\confirmation\pareto_max_A000619_B005483\mixed_pareto_frontier_samples.json,469BE2167B263FA7A811BF4572C0517EED8783B7657D7AADA5C24421020D94A7
strictly_cheaper_maximal,upper,strictly_cheaper_design_excluded,196,3747,350940,9.18758771542335,2.770884720466197,125.56317517867687,128.33405989914306,0.2770884720466197,12.556317517867686,12.833405989914304,2.9094289564895073,6.278158758933842,7293,50000,0.14586,0.14000505695445867,0.15191654144363118,0.139964243644965,0.15189523865400703,A89B7544E6D0696E62C7ABC8E34E3DA1718E5DA541D57E1FDB9CF7EC00696F77,C:\Users\23258\Desktop\华数杯\A题_微构体导电仿真优化\问题\问题4\results\D_screen2000_confirm50000\confirmation\pareto_max_A000619_B005483\mixed_pareto_frontier_samples.json,469BE2167B263FA7A811BF4572C0517EED8783B7657D7AADA5C24421020D94A7
strictly_cheaper_maximal,upper,strictly_cheaper_design_excluded,197,3738,350931,9.18735209597433,2.785021887407351,125.26158228393224,128.0466041713396,0.2785021887407351,12.526158228393223,12.804660417133961,2.9242729817777193,6.263079114196612,7431,50000,0.14862,0.14271793470255187,0.1547220925327811,0.142677344383335,0.1547010483215238,A89B7544E6D0696E62C7ABC8E34E3DA1718E5DA541D57E1FDB9CF7EC00696F77,C:\Users\23258\Desktop\华数杯\A题_微构体导电仿真优化\问题\问题4\results\D_screen2000_confirm50000\confirmation\pareto_max_A000619_B005483\mixed_pareto_frontier_samples.json,469BE2167B263FA7A811BF4572C0517EED8783B7657D7AADA5C24421020D94A7
strictly_cheaper_maximal,upper,strictly_cheaper_design_excluded,198,3729,350922,9.187116476525311,2.799159054348505,124.95998938918763,127.75914844353613,0.2799159054348505,12.495998938918763,12.775914844353615,2.939117007065931,6.247999469459381,7521,50000,0.15042,0.14448758816059182,0.15655141440337794,0.1444471435288914,0.1565305386338199,A89B7544E6D0696E62C7ABC8E34E3DA1718E5DA541D57E1FDB9CF7EC00696F77,C:\Users\23258\Desktop\华数杯\A题_微构体导电仿真优化\问题\问题4\results\D_screen2000_confirm50000\confirmation\pareto_max_A000619_B005483\mixed_pareto_frontier_samples.json,469BE2167B263FA7A811BF4572C0517EED8783B7657D7AADA5C24421020D94A7
strictly_cheaper_maximal,upper,strictly_cheaper_design_excluded,199,3720,350913,9.186880857076291,2.8132962212896593,124.65839649444301,127.47169271573267,0.28132962212896595,12.4658396494443,12.747169271573268,2.9539610323541425,6.232919824722149,7657,50000,0.15314,0.14716229691699542,0.15931515725469217,0.14712207281001027,0.15929453573479777,A89B7544E6D0696E62C7ABC8E34E3DA1718E5DA541D57E1FDB9CF7EC00696F77,C:\Users\23258\Desktop\华数杯\A题_微构体导电仿真优化\问题\问题4\results\D_screen2000_confirm50000\confirmation\pareto_max_A000619_B005483\mixed_pareto_frontier_samples.json,469BE2167B263FA7A811BF4572C0517EED8783B7657D7AADA5C24421020D94A7
strictly_cheaper_maximal,upper,strictly_cheaper_design_excluded,200,3712,350968,9.188320753709187,2.8274333882308134,124.39031392133668,127.2177473095675,0.28274333882308134,12.43903139213367,12.72177473095675,2.9688050576423546,6.219515696066833,7773,50000,0.15546,0.14944419437457576,0.16167193910957703,0.14940415870723478,0.16165153418734707,A89B7544E6D0696E62C7ABC8E34E3DA1718E5DA541D57E1FDB9CF7EC00696F77,C:\Users\23258\Desktop\华数杯\A题_微构体导电仿真优化\问题\问题4\results\D_screen2000_confirm50000\confirmation\pareto_max_A000619_B005483\mixed_pareto_frontier_samples.json,469BE2167B263FA7A811BF4572C0517EED8783B7657D7AADA5C24421020D94A7
strictly_cheaper_maximal,upper,strictly_cheaper_design_excluded,201,3703,350959,9.188085134260168,2.8415705551719674,124.08872102659205,126.93029158176402,0.2841570555171967,12.408872102659204,12.693029158176403,2.983649082930566,6.204436051329601,7915,50000,0.1583,0.15223819995484641,0.16455631682560004,0.1521983953805398,0.16453617673122548,A89B7544E6D0696E62C7ABC8E34E3DA1718E5DA541D57E1FDB9CF7EC00696F77,C:\Users\23258\Desktop\华数杯\A题_微构体导电仿真优化\问题\问题4\results\D_screen2000_confirm50000\confirmation\pareto_max_A000619_B005483\mixed_pareto_frontier_samples.json,469BE2167B263FA7A811BF4572C0517EED8783B7657D7AADA5C24421020D94A7
strictly_cheaper_maximal,upper,strictly_cheaper_design_excluded,202,3694,350950,9.187849514811148,2.8557077221131215,123.78712813184744,126.64283585396056,0.28557077221131216,12.378712813184745,12.664283585396056,2.9984931082187782,6.189356406592371,8005,50000,0.1601,0.1540094114575149,0.16638408065156834,0.15396975358083273,0.16636410823021328,A89B7544E6D0696E62C7ABC8E34E3DA1718E5DA541D57E1FDB9CF7EC00696F77,C:\Users\23258\Desktop\华数杯\A题_微构体导电仿真优化\问题\问题4\results\D_screen2000_confirm50000\confirmation\pareto_max_A000619_B005483\mixed_pareto_frontier_samples.json,469BE2167B263FA7A811BF4572C0517EED8783B7657D7AADA5C24421020D94A7
strictly_cheaper_maximal,upper,strictly_cheaper_design_excluded,203,3685,350941,9.18761389536213,2.8698448890542756,123.48553523710282,126.3553801261571,0.28698448890542755,12.348553523710283,12.63553801261571,3.01333713350699,6.174276761855141,8125,50000,0.1625,0.156371456985493,0.16882066889510597,0.15633199497487416,0.16880091983205878,A89B7544E6D0696E62C7ABC8E34E3DA1718E5DA541D57E1FDB9CF7EC00696F77,C:\Users\23258\Desktop\华数杯\A题_微构体导电仿真优化\问题\问题4\results\D_screen2000_confirm50000\confirmation\pareto_max_A000619_B005483\mixed_pareto_frontier_samples.json,469BE2167B263FA7A811BF4572C0517EED8783B7657D7AADA5C24421020D94A7
strictly_cheaper_maximal,upper,strictly_cheaper_design_excluded,204,3676,350932,9.18737827591311,2.8839820559954297,123.1839423423582,126.06792439835363,0.288398205599543,12.318394234235818,12.606792439835363,3.0281811587952014,6.159197117117909,8230,50000,0.1646,0.15843864382278608,0.17095228660788916,0.15839935344049652,0.17093273279548962,A89B7544E6D0696E62C7ABC8E34E3DA1718E5DA541D57E1FDB9CF7EC00696F77,C:\Users\23258\Desktop\华数杯\A题_微构体导电仿真优化\问题\问题4\results\D_screen2000_confirm50000\confirmation\pareto_max_A000619_B005483\mixed_pareto_frontier_samples.json,469BE2167B263FA7A811BF4572C0517EED8783B7657D7AADA5C24421020D94A7
strictly_cheaper_maximal,upper,strictly_cheaper_design_excluded,205,3667,350923,9.187142656464092,2.8981192229365837,122.88234944761358,125.78046867055016,0.2898119222936584,12.288234944761358,12.578046867055017,3.0430251840834135,6.144117472380678,8370,50000,0.1674,0.1611954590834667,0.17379387741397692,0.16115639788436395,0.17377458367102952,A89B7544E6D0696E62C7ABC8E34E3DA1718E5DA541D57E1FDB9CF7EC00696F77,C:\Users\23258\Desktop\华数杯\A题_微构体导电仿真优化\问题\问题4\results\D_screen2000_confirm50000\confirmation\pareto_max_A000619_B005483\mixed_pareto_frontier_samples.json,469BE2167B263FA7A811BF4572C0517EED8783B7657D7AADA5C24421020D94A7
strictly_cheaper_maximal,upper,strictly_cheaper_design_excluded,206,3658,350914,9.186907037015072,2.912256389877738,122.58075655286896,125.4930129427467,0.29122563898777376,12.258075655286897,12.54930129427467,3.057869209371625,6.129037827643447,8493,50000,0.16986,0.16361804276215136,0.1762898933510959,0.16357918323261705,0.1762708278553066,A89B7544E6D0696E62C7ABC8E34E3DA1718E5DA541D57E1FDB9CF7EC00696F77,C:\Users\23258\Desktop\华数杯\A题_微构体导电仿真优化\问题\问题4\results\D_screen2000_confirm50000\confirmation\pareto_max_A000619_B005483\mixed_pareto_frontier_samples.json,469BE2167B263FA7A811BF4572C0517EED8783B7657D7AADA5C24421020D94A7
strictly_cheaper_maximal,upper,strictly_cheaper_design_excluded,207,3650,350969,9.188346933647967,2.926393556818892,122.31267397976262,125.23906753658152,0.2926393556818892,12.231267397976263,12.523906753658151,3.072713234659837,6.11563369898813,8619,50000,0.17238,0.1661002133212389,0.1788462882520999,0.16606156067653868,0.1788274563424326,A89B7544E6D0696E62C7ABC8E34E3DA1718E5DA541D57E1FDB9CF7EC00696F77,C:\Users\23258\Desktop\华数杯\A题_微构体导电仿真优化\问题\问题4\results\D_screen2000_confirm50000\confirmation\pareto_max_A000619_B005483\mixed_pareto_frontier_samples.json,469BE2167B263FA7A811BF4572C0517EED8783B7657D7AADA5C24421020D94A7
strictly_cheaper_maximal,upper,strictly_cheaper_design_excluded,208,3641,350960,9.188111314198947,2.940530723760046,122.011081085018,124.95161180877805,0.2940530723760046,12.201108108501801,12.495161180877805,3.0875572599480483,6.1005540542509,8738,50000,0.17476,0.16844494181075345,0.18126020491933845,0.16840648482465384,0.18124159341280033,A89B7544E6D0696E62C7ABC8E34E3DA1718E5DA541D57E1FDB9CF7EC00696F77,C:\Users\23258\Desktop\华数杯\A题_微构体导电仿真优化\问题\问题4\results\D_screen2000_confirm50000\confirmation\pareto_max_A000619_B005483\mixed_pareto_frontier_samples.json,469BE2167B263FA7A811BF4572C0517EED8783B7657D7AADA5C24421020D94A7
strictly_cheaper_maximal,upper,strictly_cheaper_design_excluded,209,3632,350951,9.187875694749929,2.9546678907012,121.70948819027339,124.66415608097459,0.29546678907012003,12.17094881902734,12.466415608097458,3.1024012852362604,6.085474409513668,8910,50000,0.1782,0.17183472979789824,0.18474845867136622,0.17179655605640806,0.1847301653880127,A89B7544E6D0696E62C7ABC8E34E3DA1718E5DA541D57E1FDB9CF7EC00696F77,C:\Users\23258\Desktop\华数杯\A题_微构体导电仿真优化\问题\问题4\results\D_screen2000_confirm50000\confirmation\pareto_max_A000619_B005483\mixed_pareto_frontier_samples.json,469BE2167B263FA7A811BF4572C0517EED8783B7657D7AADA5C24421020D94A7
strictly_cheaper_maximal,upper,strictly_cheaper_design_excluded,210,3623,350942,9.187640075300909,2.968805057642354,121.40789529552876,124.37670035317112,0.2968805057642354,12.140789529552876,12.437670035317112,3.1172453105244724,6.070394764776438,9003,50000,0.18006,0.1736679523358885,0.18663417730630066,0.17362993195618717,0.18661605592147862,A89B7544E6D0696E62C7ABC8E34E3DA1718E5DA541D57E1FDB9CF7EC00696F77,C:\Users\23258\Desktop\华数杯\A题_微构体导电仿真优化\问题\问题4\results\D_screen2000_confirm50000\confirmation\pareto_max_A000619_B005483\mixed_pareto_frontier_samples.json,469BE2167B263FA7A811BF4572C0517EED8783B7657D7AADA5C24421020D94A7
strictly_cheaper_maximal,upper,strictly_cheaper_design_excluded,211,3614,350933,9.18740445585189,2.982942224583508,121.10630240078414,124.08924462536766,0.2982942224583508,12.110630240078414,12.408924462536765,3.132089335812684,6.055315120039207,9142,50000,0.18284,0.17640840842498143,0.18945213866921348,0.17637061753243102,0.18943427399960358,A89B7544E6D0696E62C7ABC8E34E3DA1718E5DA541D57E1FDB9CF7EC00696F77,C:\Users\23258\Desktop\华数杯\A题_微构体导电仿真优化\问题\问题4\results\D_screen2000_confirm50000\confirmation\pareto_max_A000619_B005483\mixed_pareto_frontier_samples.json,469BE2167B263FA7A811BF4572C0517EED8783B7657D7AADA5C24421020D94A7
strictly_cheaper_maximal,upper,strictly_cheaper_design_excluded,212,3605,350924,9.18716883640287,2.9970793915246623,120.80470950603953,123.8017888975642,0.29970793915246624,12.080470950603953,12.38017888975642,3.146933361100896,6.040235475301976,9252,50000,0.18504,0.17857751503435132,0.191681779683733,0.17853990597296465,0.19166411799729277,A89B7544E6D0696E62C7ABC8E34E3DA1718E5DA541D57E1FDB9CF7EC00696F77,C:\Users\23258\Desktop\华数杯\A题_微构体导电仿真优化\问题\问题4\results\D_screen2000_confirm50000\confirmation\pareto_max_A000619_B005483\mixed_pareto_frontier_samples.json,469BE2167B263FA7A811BF4572C0517EED8783B7657D7AADA5C24421020D94A7
strictly_cheaper_maximal,upper,strictly_cheaper_design_excluded,213,3596,350915,9.186933216953852,3.0112165584658164,120.50311661129491,123.51433316976073,0.3011216558465816,12.050311661129491,12.351433316976074,3.161777386389107,6.025155830564745,9424,50000,0.18848,0.18196990553948508,0.1951674309177718,0.1819325811780058,0.19515008632611863,A89B7544E6D0696E62C7ABC8E34E3DA1718E5DA541D57E1FDB9CF7EC00696F77,C:\Users\23258\Desktop\华数杯\A题_微构体导电仿真优化\问题\问题4\results\D_screen2000_confirm50000\confirmation\pareto_max_A000619_B005483\mixed_pareto_frontier_samples.json,469BE2167B263FA7A811BF4572C0517EED8783B7657D7AADA5C24421020D94A7
strictly_cheaper_maximal,upper,strictly_cheaper_design_excluded,214,3588,350970,9.188373113586747,3.0253537254069705,120.23503403818857,123.26038776359555,0.30253537254069707,12.023503403818857,12.326038776359555,3.1766214116773193,6.011751701909428,9561,50000,0.19122,0.18467258153981567,0.19794319513992167,0.1846354842685569,0.1979261028659849,A89B7544E6D0696E62C7ABC8E34E3DA1718E5DA541D57E1FDB9CF7EC00696F77,C:\Users\23258\Desktop\华数杯\A题_微构体导电仿真优化\问题\问题4\results\D_screen2000_confirm50000\confirmation\pareto_max_A000619_B005483\mixed_pareto_frontier_samples.json,469BE2167B263FA7A811BF4572C0517EED8783B7657D7AADA5C24421020D94A7
strictly_cheaper_maximal,upper,strictly_cheaper_design_excluded,215,3579,350961,9.188137494137727,3.0394908923481245,119.93344114344396,122.97293203579208,0.30394908923481245,11.993344114344396,12.297293203579208,3.1914654369655313,5.996672057172197,9689,50000,0.19378,0.1871981798733405,0.20053613949601365,0.18716129502512954,0.20051928276810382,A89B7544E6D0696E62C7ABC8E34E3DA1718E5DA541D57E1FDB9CF7EC00696F77,C:\Users\23258\Desktop\华数杯\A题_微构体导电仿真优化\问题\问题4\results\D_screen2000_confirm50000\confirmation\pareto_max_A000619_B005483\mixed_pareto_frontier_samples.json,469BE2167B263FA7A811BF4572C0517EED8783B7657D7AADA5C24421020D94A7
strictly_cheaper_maximal,upper,strictly_cheaper_design_excluded,216,3570,350952,9.18790187468871,3.0536280592892786,119.63184824869934,122.68547630798862,0.30536280592892784,11.963184824869934,12.268547630798864,3.206309462253743,5.981592412434966,9810,50000,0.1962,0.18958607103248418,0.20298687072314833,0.18954938720755646,0.2029702364900352,A89B7544E6D0696E62C7ABC8E34E3DA1718E5DA541D57E1FDB9CF7EC00696F77,C:\Users\23258\Desktop\华数杯\A题_微构体导电仿真优化\问题\问题4\results\D_screen2000_confirm50000\confirmation\pareto_max_A000619_B005483\mixed_pareto_frontier_samples.json,469BE2167B263FA7A811BF4572C0517EED8783B7657D7AADA5C24421020D94A7
strictly_cheaper_maximal,upper,strictly_cheaper_design_excluded,217,3561,350943,9.187666255239689,3.0677652262304327,119.33025535395471,122.39802058018515,0.3067765226230433,11.93302553539547,12.239802058018515,3.221153487541955,5.9665127676977345,9954,50000,0.19908,0.19242837213463398,0.20590293014681743,0.19239192781166134,0.20588656049119494,A89B7544E6D0696E62C7ABC8E34E3DA1718E5DA541D57E1FDB9CF7EC00696F77,C:\Users\23258\Desktop\华数杯\A题_微构体导电仿真优化\问题\问题4\results\D_screen2000_confirm50000\confirmation\pareto_max_A000619_B005483\mixed_pareto_frontier_samples.json,469BE2167B263FA7A811BF4572C0517EED8783B7657D7AADA5C24421020D94A7
strictly_cheaper_maximal,upper,strictly_cheaper_design_excluded,218,3552,350934,9.18743063579067,3.0819023931715868,119.0286624592101,122.11056485238169,0.30819023931715867,11.90286624592101,12.211056485238169,3.235997512830166,5.951433122960505,10090,50000,0.2018,0.19511327205535908,0.20865648183381016,0.19507705418858826,0.20864036185288562,A89B7544E6D0696E62C7ABC8E34E3DA1718E5DA541D57E1FDB9CF7EC00696F77,C:\Users\23258\Desktop\华数杯\A题_微构体导电仿真优化\问题\问题4\results\D_screen2000_confirm50000\confirmation\pareto_max_A000619_B005483\mixed_pareto_frontier_samples.json,469BE2167B263FA7A811BF4572C0517EED8783B7657D7AADA5C24421020D94A7
strictly_cheaper_maximal,upper,strictly_cheaper_design_excluded,219,3543,350925,9.18719501634165,3.096039560112741,118.72706956446548,121.82310912457822,0.3096039560112741,11.872706956446548,12.182310912457822,3.250841538118378,5.936353478223273,10229,50000,0.20458,0.19785789619700994,0.21147027514416505,0.19782191003551894,0.21145441014588365,A89B7544E6D0696E62C7ABC8E34E3DA1718E5DA541D57E1FDB9CF7EC00696F77,C:\Users\23258\Desktop\华数杯\A题_微构体导电仿真优化\问题\问题4\results\D_screen2000_confirm50000\confirmation\pareto_max_A000619_B005483\mixed_pareto_frontier_samples.json,469BE2167B263FA7A811BF4572C0517EED8783B7657D7AADA5C24421020D94A7
strictly_cheaper_maximal,upper,strictly_cheaper_design_excluded,220,3534,350916,9.186959396892632,3.110176727053895,118.42547666972085,121.53565339677475,0.3110176727053895,11.842547666972084,12.153565339677474,3.2656855634065898,5.921273833486042,10365,50000,0.2073,0.20054376428281842,0.2142228586660744,0.20050800506743652,0.2142072429567406,A89B7544E6D0696E62C7ABC8E34E3DA1718E5DA541D57E1FDB9CF7EC00696F77,C:\Users\23258\Desktop\华数杯\A题_微构体导电仿真优化\问题\问题4\results\D_screen2000_confirm50000\confirmation\pareto_max_A000619_B005483\mixed_pareto_frontier_samples.json,469BE2167B263FA7A811BF4572C0517EED8783B7657D7AADA5C24421020D94A7
strictly_cheaper_maximal,upper,strictly_cheaper_design_excluded,221,3526,350971,9.188399293525526,3.124313893995049,118.15739409661452,121.28170799060958,0.3124313893995049,11.815739409661452,12.128170799060957,3.2805295886948023,5.907869704830726,10513,50000,0.21026,0.20346715252168673,0.21721778541207548,0.20343164054138965,0.21720244077901593,A89B7544E6D0696E62C7ABC8E34E3DA1718E5DA541D57E1FDB9CF7EC00696F77,C:\Users\23258\Desktop\华数杯\A题_微构体导电仿真优化\问题\问题4\results\D_screen2000_confirm50000\confirmation\pareto_max_A000619_B005483\mixed_pareto_frontier_samples.json,469BE2167B263FA7A811BF4572C0517EED8783B7657D7AADA5C24421020D94A7
strictly_cheaper_maximal,upper,strictly_cheaper_design_excluded,222,3517,350962,9.188163674076508,3.138451060936203,117.85580120186991,120.99425226280611,0.3138451060936203,11.78558012018699,12.099425226280612,3.2953736139830134,5.892790060093494,10658,50000,0.21316,0.20633181235110243,0.22015147472324126,0.20629654285441124,0.22013639546586045,A89B7544E6D0696E62C7ABC8E34E3DA1718E5DA541D57E1FDB9CF7EC00696F77,C:\Users\23258\Desktop\华数杯\A题_微构体导电仿真优化\问题\问题4\results\D_screen2000_confirm50000\confirmation\pareto_max_A000619_B005483\mixed_pareto_frontier_samples.json,469BE2167B263FA7A811BF4572C0517EED8783B7657D7AADA5C24421020D94A7
strictly_cheaper_maximal,upper,strictly_cheaper_design_excluded,223,3508,350953,9.187928054627488,3.152588227877357,117.5542083071253,120.70679653500265,0.3152588227877357,11.75542083071253,12.070679653500266,3.310217639271225,5.877710415356264,10770,50000,0.2154,0.2085448688399929,0.22241714308776556,0.20850978681280163,0.22240226867396787,A89B7544E6D0696E62C7ABC8E34E3DA1718E5DA541D57E1FDB9CF7EC00696F77,C:\Users\23258\Desktop\华数杯\A题_微构体导电仿真优化\问题\问题4\results\D_screen2000_confirm50000\confirmation\pareto_max_A000619_B005483\mixed_pareto_frontier_samples.json,469BE2167B263FA7A811BF4572C0517EED8783B7657D7AADA5C24421020D94A7
strictly_cheaper_maximal,upper,strictly_cheaper_design_excluded,224,3499,350944,9.18769243517847,3.1667253948185112,117.25261541238066,120.41934080719918,0.31667253948185115,11.725261541238066,12.041934080719917,3.3250616645594366,5.862630770619032,10908,50000,0.21816,0.21127208890692228,0.22520835185807925,0.2112372380699841,0.22519372968110443,A89B7544E6D0696E62C7ABC8E34E3DA1718E5DA541D57E1FDB9CF7EC00696F77,C:\Users\23258\Desktop\华数杯\A题_微构体导电仿真优化\问题\问题4\results\D_screen2000_confirm50000\confirmation\pareto_max_A000619_B005483\mixed_pareto_frontier_samples.json,469BE2167B263FA7A811BF4572C0517EED8783B7657D7AADA5C24421020D94A7
strictly_cheaper_maximal,upper,strictly_cheaper_design_excluded,225,3490,350935,9.18745681572945,3.1808625617596653,116.95102251763605,120.13188507939572,0.31808625617596653,11.695102251763604,12.013188507939573,3.339905689847649,5.847551125881801,11062,50000,0.22124,0.214316046366528,0.22832264107191869,0.21428145378031482,0.22830830017297174,A89B7544E6D0696E62C7ABC8E34E3DA1718E5DA541D57E1FDB9CF7EC00696F77,C:\Users\23258\Desktop\华数杯\A题_微构体导电仿真优化\问题\问题4\results\D_screen2000_confirm50000\confirmation\pareto_max_A000619_B005483\mixed_pareto_frontier_samples.json,469BE2167B263FA7A811BF4572C0517EED8783B7657D7AADA5C24421020D94A7
strictly_cheaper_maximal,upper,strictly_cheaper_design_excluded,226,3481,350926,9.187221196280431,3.1949997287008194,116.64942962289143,119.84442935159225,0.3194999728700819,11.664942962289144,11.984442935159226,3.3547497151358607,5.832471481144571,11216,50000,0.22432,0.21736056306037457,0.23143637105151735,0.21732622898773835,0.23142231122088874,A89B7544E6D0696E62C7ABC8E34E3DA1718E5DA541D57E1FDB9CF7EC00696F77,C:\Users\23258\Desktop\华数杯\A题_微构体导电仿真优化\问题\问题4\results\D_screen2000_confirm50000\confirmation\pareto_max_A000619_B005483\mixed_pareto_frontier_samples.json,469BE2167B263FA7A811BF4572C0517EED8783B7657D7AADA5C24421020D94A7
strictly_cheaper_maximal,upper,strictly_cheaper_design_excluded,227,3472,350917,9.186985576831411,3.2091368956419735,116.3478367281468,119.55697362378878,0.32091368956419736,11.63478367281468,11.955697362378878,3.3695937404240723,5.81739183640734,11395,50000,0.2279,0.22090001139763013,0.23505488475677275,0.22086597812625552,0.2350411513655644,A89B7544E6D0696E62C7ABC8E34E3DA1718E5DA541D57E1FDB9CF7EC00696F77,C:\Users\23258\Desktop\华数杯\A题_微构体导电仿真优化\问题\问题4\results\D_screen2000_confirm50000\confirmation\pareto_max_A000619_B005483\mixed_pareto_frontier_samples.json,469BE2167B263FA7A811BF4572C0517EED8783B7657D7AADA5C24421020D94A7
strictly_cheaper_maximal,upper,strictly_cheaper_design_excluded,228,3464,350972,9.188425473464306,3.2232740625831275,116.07975415504048,119.3030282176236,0.32232740625831274,11.607975415504049,11.93030282176236,3.3844377657122844,5.803987707752023,11538,50000,0.23076,0.22372814197336466,0.2379451260920945,0.22369434924845827,0.23793165329405558,A89B7544E6D0696E62C7ABC8E34E3DA1718E5DA541D57E1FDB9CF7EC00696F77,C:\Users\23258\Desktop\华数杯\A题_微构体导电仿真优化\问题\问题4\results\D_screen2000_confirm50000\confirmation\pareto_max_A000619_B005483\mixed_pareto_frontier_samples.json,469BE2167B263FA7A811BF4572C0517EED8783B7657D7AADA5C24421020D94A7
strictly_cheaper_maximal,upper,strictly_cheaper_design_excluded,229,3455,350963,9.188189854015288,3.2374112295242816,115.77816126029586,119.01557248982014,0.3237411229524282,11.577816126029585,11.901557248982016,3.399281791000496,5.788908063014792,11687,50000,0.23374,0.226675425808428,0.24095614585666322,0.22664188394521445,0.240942944407105,A89B7544E6D0696E62C7ABC8E34E3DA1718E5DA541D57E1FDB9CF7EC00696F77,C:\Users\23258\Desktop\华数杯\A题_微构体导电仿真优化\问题\问题4\results\D_screen2000_confirm50000\confirmation\pareto_max_A000619_B005483\mixed_pareto_frontier_samples.json,469BE2167B263FA7A811BF4572C0517EED8783B7657D7AADA5C24421020D94A7
strictly_cheaper_maximal,upper,strictly_cheaper_design_excluded,230,3446,350954,9.187954234566268,3.2515483964654357,115.47656836555123,118.72811676201667,0.32515483964654357,11.547656836555124,11.872811676201668,3.4141258162887076,5.773828418277561,11825,50000,0.2365,0.22940556565628278,0.24374443484605152,0.2293722563325281,0.24373148455330051,A89B7544E6D0696E62C7ABC8E34E3DA1718E5DA541D57E1FDB9CF7EC00696F77,C:\Users\23258\Desktop\华数杯\A题_微构体导电仿真优化\问题\问题4\results\D_screen2000_confirm50000\confirmation\pareto_max_A000619_B005483\mixed_pareto_frontier_samples.json,469BE2167B263FA7A811BF4572C0517EED8783B7657D7AADA5C24421020D94A7
strictly_cheaper_maximal,upper,strictly_cheaper_design_excluded,231,3437,350945,9.18771861511725,3.2656855634065898,115.17497547080661,118.4406610342132,0.32656855634065896,11.517497547080662,11.844066103421321,3.428969841576919,5.75874877354033,11950,50000,0.239,0.23187887982566974,0.24626969752199346,0.23184578129606206,0.246256974596783,A89B7544E6D0696E62C7ABC8E34E3DA1718E5DA541D57E1FDB9CF7EC00696F77,C:\Users\23258\Desktop\华数杯\A题_微构体导电仿真优化\问题\问题4\results\D_screen2000_confirm50000\confirmation\pareto_max_A000619_B005483\mixed_pareto_frontier_samples.json,469BE2167B263FA7A811BF4572C0517EED8783B7657D7AADA5C24421020D94A7
strictly_cheaper_maximal,upper,strictly_cheaper_design_excluded,232,3428,350936,9.18748299566823,3.279822730347744,114.873382576062,118.15320530640975,0.3279822730347744,11.487338257606199,11.815320530640975,3.4438138668651312,5.7436691288030985,12095,50000,0.2419,0.2347483496051925,0.24919857688305222,0.23471549578398462,0.24918611755284767,A89B7544E6D0696E62C7ABC8E34E3DA1718E5DA541D57E1FDB9CF7EC00696F77,C:\Users\23258\Desktop\华数杯\A题_微构体导电仿真优化\问题\问题4\results\D_screen2000_confirm50000\confirmation\pareto_max_A000619_B005483\mixed_pareto_frontier_samples.json,469BE2167B263FA7A811BF4572C0517EED8783B7657D7AADA5C24421020D94A7
strictly_cheaper_maximal,upper,strictly_cheaper_design_excluded,233,3419,350927,9.18724737621921,3.293959897288898,114.57178968131737,117.86574957860627,0.3293959897288898,11.457178968131737,11.786574957860626,3.458657892153343,5.728589484065868,12225,50000,0.2445,0.23732136169871448,0.2518240847086723,0.2372887274386903,0.25181186156937135,A89B7544E6D0696E62C7ABC8E34E3DA1718E5DA541D57E1FDB9CF7EC00696F77,C:\Users\23258\Desktop\华数杯\A题_微构体导电仿真优化\问题\问题4\results\D_screen2000_confirm50000\confirmation\pareto_max_A000619_B005483\mixed_pareto_frontier_samples.json,469BE2167B263FA7A811BF4572C0517EED8783B7657D7AADA5C24421020D94A7
strictly_cheaper_maximal,upper,strictly_cheaper_design_excluded,234,3410,350918,9.187011756770191,3.308097064230052,114.27019678657275,117.57829385080281,0.3308097064230052,11.427019678657276,11.75782938508028,3.4735019174415545,5.713509839328638,12378,50000,0.24756,0.2403500585946984,0.25491364587137094,0.24031768293975472,0.2549017005494732,A89B7544E6D0696E62C7ABC8E34E3DA1718E5DA541D57E1FDB9CF7EC00696F77,C:\Users\23258\Desktop\华数杯\A题_微构体导电仿真优化\问题\问题4\results\D_screen2000_confirm50000\confirmation\pareto_max_A000619_B005483\mixed_pareto_frontier_samples.json,469BE2167B263FA7A811BF4572C0517EED8783B7657D7AADA5C24421020D94A7
strictly_cheaper_maximal,upper,strictly_cheaper_design_excluded,235,3401,350909,9.186776137321171,3.3222342311712056,113.96860389182814,117.29083812299935,0.33222342311712055,11.396860389182814,11.729083812299933,3.488345942729767,5.698430194591406,12498,50000,0.24996,0.24272585104660857,0.25733648719097646,0.24269367836634936,0.25732475964535756,A89B7544E6D0696E62C7ABC8E34E3DA1718E5DA541D57E1FDB9CF7EC00696F77,C:\Users\23258\Desktop\华数杯\A题_微构体导电仿真优化\问题\问题4\results\D_screen2000_confirm50000\confirmation\pareto_max_A000619_B005483\mixed_pareto_frontier_samples.json,469BE2167B263FA7A811BF4572C0517EED8783B7657D7AADA5C24421020D94A7
strictly_cheaper_maximal,upper,strictly_cheaper_design_excluded,236,3393,350964,9.188216033954067,3.3363713981123597,113.70052131872181,117.03689271683417,0.33363713981123594,11.37005213187218,11.703689271683418,3.5031899680179786,5.68502606593609,12664,50000,0.25328,0.2460128564856255,0.26068759180255635,0.2459809647957598,0.26067616534392424,A89B7544E6D0696E62C7ABC8E34E3DA1718E5DA541D57E1FDB9CF7EC00696F77,C:\Users\23258\Desktop\华数杯\A题_微构体导电仿真优化\问题\问题4\results\D_screen2000_confirm50000\confirmation\pareto_max_A000619_B005483\mixed_pareto_frontier_samples.json,469BE2167B263FA7A811BF4572C0517EED8783B7657D7AADA5C24421020D94A7
strictly_cheaper_maximal,upper,strictly_cheaper_design_excluded,237,3384,350955,9.187980414505049,3.350508565053514,113.39892842397718,116.7494369890307,0.3350508565053514,11.339892842397719,11.67494369890307,3.51803399330619,5.669946421198858,12756,50000,0.25512,0.2478348141509149,0.262544586695429,0.2478030782931493,0.2625333270205651,A89B7544E6D0696E62C7ABC8E34E3DA1718E5DA541D57E1FDB9CF7EC00696F77,C:\Users\23258\Desktop\华数杯\A题_微构体导电仿真优化\问题\问题4\results\D_screen2000_confirm50000\confirmation\pareto_max_A000619_B005483\mixed_pareto_frontier_samples.json,469BE2167B263FA7A811BF4572C0517EED8783B7657D7AADA5C24421020D94A7
strictly_cheaper_maximal,upper,strictly_cheaper_design_excluded,238,3375,350946,9.187744795056028,3.364645731994668,113.09733552923257,116.46198126122724,0.33646457319946677,11.309733552923257,11.646198126122723,3.5328780185944013,5.654866776461628,12906,50000,0.25812,0.250805766235925,0.2655719268248137,0.250774284605968,0.265560938954168,A89B7544E6D0696E62C7ABC8E34E3DA1718E5DA541D57E1FDB9CF7EC00696F77,C:\Users\23258\Desktop\华数杯\A题_微构体导电仿真优化\问题\问题4\results\D_screen2000_confirm50000\confirmation\pareto_max_A000619_B005483\mixed_pareto_frontier_samples.json,469BE2167B263FA7A811BF4572C0517EED8783B7657D7AADA5C24421020D94A7
strictly_cheaper_maximal,upper,strictly_cheaper_design_excluded,239,3366,350937,9.18750917560701,3.378782898935822,112.79574263448795,116.17452553342378,0.33787828989358215,11.279574263448794,11.617452553342376,3.547722043882614,5.639787131724397,13030,50000,0.2606,0.253262095403177,0.2680741858881278,0.2532308240763344,0.2680634225929557,A89B7544E6D0696E62C7ABC8E34E3DA1718E5DA541D57E1FDB9CF7EC00696F77,C:\Users\23258\Desktop\华数杯\A题_微构体导电仿真优化\问题\问题4\results\D_screen2000_confirm50000\confirmation\pareto_max_A000619_B005483\mixed_pareto_frontier_samples.json,469BE2167B263FA7A811BF4572C0517EED8783B7657D7AADA5C24421020D94A7
strictly_cheaper_maximal,upper,strictly_cheaper_design_excluded,240,3357,350928,9.18727355615799,3.392920065876976,112.49414973974332,115.8870698056203,0.3392920065876976,11.249414973974332,11.58870698056203,3.5625660691708254,5.624707486987165,13148,50000,0.26296,0.25559985465581364,0.27045508317748174,0.25556878357290147,0.2704445334952713,A89B7544E6D0696E62C7ABC8E34E3DA1718E5DA541D57E1FDB9CF7EC00696F77,C:\Users\23258\Desktop\华数杯\A题_微构体导电仿真优化\问题\问题4\results\D_screen2000_confirm50000\confirmation\pareto_max_A000619_B005483\mixed_pareto_frontier_samples.json,469BE2167B263FA7A811BF4572C0517EED8783B7657D7AADA5C24421020D94A7
strictly_cheaper_maximal,upper,strictly_cheaper_design_excluded,241,3348,350919,9.187037936708972,3.40705723281813,112.1925568449987,115.59961407781684,0.340705723281813,11.21925568449987,11.559961407781683,3.577410094459037,5.609627842249934,13275,50000,0.2655,0.258116225009399,0.2730172668987505,0.2580853695683944,0.2730069470189929,A89B7544E6D0696E62C7ABC8E34E3DA1718E5DA541D57E1FDB9CF7EC00696F77,C:\Users\23258\Desktop\华数杯\A题_微构体导电仿真优化\问题\问题4\results\D_screen2000_confirm50000\confirmation\pareto_max_A000619_B005483\mixed_pareto_frontier_samples.json,469BE2167B263FA7A811BF4572C0517EED8783B7657D7AADA5C24421020D94A7
strictly_cheaper_maximal,upper,strictly_cheaper_design_excluded,242,3339,350910,9.186802317259952,3.421194399759284,111.89096395025409,115.31215835001338,0.3421194399759284,11.189096395025409,11.531215835001337,3.592254119747249,5.5945481975127045,13435,50000,0.2687,0.26128690465840676,0.2762447656117637,0.2612563210736313,0.2762347350972648,A89B7544E6D0696E62C7ABC8E34E3DA1718E5DA541D57E1FDB9CF7EC00696F77,C:\Users\23258\Desktop\华数杯\A题_微构体导电仿真优化\问题\问题4\results\D_screen2000_confirm50000\confirmation\pareto_max_A000619_B005483\mixed_pareto_frontier_samples.json,469BE2167B263FA7A811BF4572C0517EED8783B7657D7AADA5C24421020D94A7
strictly_cheaper_maximal,upper,strictly_cheaper_design_excluded,243,3331,350965,9.188242213892847,3.4353315667004383,111.62288137714776,115.0582129438482,0.3435331566700438,11.162288137714777,11.505821294384821,3.6070981450354607,5.5811440688573875,13599,50000,0.27198,0.2645373656427219,0.2795524374485201,0.2645070609163798,0.27954270336323583,A89B7544E6D0696E62C7ABC8E34E3DA1718E5DA541D57E1FDB9CF7EC00696F77,C:\Users\23258\Desktop\华数杯\A题_微构体导电仿真优化\问题\问题4\results\D_screen2000_confirm50000\confirmation\pareto_max_A000619_B005483\mixed_pareto_frontier_samples.json,469BE2167B263FA7A811BF4572C0517EED8783B7657D7AADA5C24421020D94A7
strictly_cheaper_maximal,upper,strictly_cheaper_design_excluded,244,3322,350956,9.188006594443829,3.4494687336415923,111.32128848240313,114.77075721604473,0.3449468733641592,11.132128848240315,11.477075721604473,3.6219421703236723,5.566064424120157,13745,50000,0.2749,0.26743150205048255,0.2824966387961036,0.2674014457479548,0.2824871684627125,A89B7544E6D0696E62C7ABC8E34E3DA1718E5DA541D57E1FDB9CF7EC00696F77,C:\Users\23258\Desktop\华数杯\A题_微构体导电仿真优化\问题\问题4\results\D_screen2000_confirm50000\confirmation\pareto_max_A000619_B005483\mixed_pareto_frontier_samples.json,469BE2167B263FA7A811BF4572C0517EED8783B7657D7AADA5C24421020D94A7
strictly_cheaper_maximal,upper,strictly_cheaper_design_excluded,245,3313,350947,9.187770974994809,3.4636059005827464,111.01969558765852,114.48330148824127,0.34636059005827463,11.101969558765852,11.448330148824127,3.6367861956118848,5.550984779382925,13883,50000,0.27766,0.27016742706300473,0.2852791426208246,0.27013760571801604,0.2852699214658817,A89B7544E6D0696E62C7ABC8E34E3DA1718E5DA541D57E1FDB9CF7EC00696F77,C:\Users\23258\Desktop\华数杯\A题_微构体导电仿真优化\问题\问题4\results\D_screen2000_confirm50000\confirmation\pareto_max_A000619_B005483\mixed_pareto_frontier_samples.json,469BE2167B263FA7A811BF4572C0517EED8783B7657D7AADA5C24421020D94A7
strictly_cheaper_maximal,upper,strictly_cheaper_design_excluded,246,3304,350938,9.187535355545789,3.4777430675239005,110.7181026929139,114.1958457604378,0.34777430675239,11.07181026929139,11.41958457604378,3.6516302209000964,5.535905134645694,14015,50000,0.2803,0.27278473344306375,0.2879403333894328,0.2727551369705602,0.28793135047044016,A89B7544E6D0696E62C7ABC8E34E3DA1718E5DA541D57E1FDB9CF7EC00696F77,C:\Users\23258\Desktop\华数杯\A题_微构体导电仿真优化\问题\问题4\results\D_screen2000_confirm50000\confirmation\pareto_max_A000619_B005483\mixed_pareto_frontier_samples.json,469BE2167B263FA7A811BF4572C0517EED8783B7657D7AADA5C24421020D94A7
strictly_cheaper_maximal,upper,strictly_cheaper_design_excluded,247,3295,350929,9.18729973609677,3.4918802344650546,110.41650979816927,113.90839003263433,0.34918802344650546,11.041650979816929,11.390839003263432,3.6664742461883075,5.520825489908463,14146,50000,0.28292,0.27538253239048943,0.29058104297591186,0.2753531592109986,0.29057229638450127,A89B7544E6D0696E62C7ABC8E34E3DA1718E5DA541D57E1FDB9CF7EC00696F77,C:\Users\23258\Desktop\华数杯\A题_微构体导电仿真优化\问题\问题4\results\D_screen2000_confirm50000\confirmation\pareto_max_A000619_B005483\mixed_pareto_frontier_samples.json,469BE2167B263FA7A811BF4572C0517EED8783B7657D7AADA5C24421020D94A7
strictly_cheaper_maximal,upper,strictly_cheaper_design_excluded,248,3286,350920,9.18706411664775,3.5060174014062087,110.11491690342466,113.62093430483087,0.35060174014062084,11.011491690342465,11.362093430483085,3.681318271476519,5.505745845171232,14286,50000,0.28572,0.2781591561163777,0.2934028253167918,0.27813002170512574,0.29339433117676733,A89B7544E6D0696E62C7ABC8E34E3DA1718E5DA541D57E1FDB9CF7EC00696F77,C:\Users\23258\Desktop\华数杯\A题_微构体导电仿真优化\问题\问题4\results\D_screen2000_confirm50000\confirmation\pareto_max_A000619_B005483\mixed_pareto_frontier_samples.json,469BE2167B263FA7A811BF4572C0517EED8783B7657D7AADA5C24421020D94A7
strictly_cheaper_maximal,upper,strictly_cheaper_design_excluded,249,3277,350911,9.186828497198732,3.5201545683473627,109.81332400868004,113.3334785770274,0.35201545683473623,10.981332400868006,11.33334785770274,3.6961622967647316,5.490666200434001,14450,50000,0.289,0.281412228246237,0.296707886008004,0.28138337370865263,0.29669968745116004,A89B7544E6D0696E62C7ABC8E34E3DA1718E5DA541D57E1FDB9CF7EC00696F77,C:\Users\23258\Desktop\华数杯\A题_微构体导电仿真优化\问题\问题4\results\D_screen2000_confirm50000\confirmation\pareto_max_A000619_B005483\mixed_pareto_frontier_samples.json,469BE2167B263FA7A811BF4572C0517EED8783B7657D7AADA5C24421020D94A7
strictly_cheaper_maximal,upper,strictly_cheaper_design_excluded,250,3269,350966,9.188268393831628,3.534291735288517,109.5452414355737,113.07953317086222,0.35342917352885167,10.95452414355737,11.307953317086222,3.7110063220529432,5.477262071778685,14608,50000,0.29216,0.28454674619513737,0.29989156919159937,0.2845181614660956,0.29988365525762384,A89B7544E6D0696E62C7ABC8E34E3DA1718E5DA541D57E1FDB9CF7EC00696F77,C:\Users\23258\Desktop\华数杯\A题_微构体导电仿真优化\问题\问题4\results\D_screen2000_confirm50000\confirmation\pareto_max_A000619_B005483\mixed_pareto_frontier_samples.json,469BE2167B263FA7A811BF4572C0517EED8783B7657D7AADA5C24421020D94A7
strictly_cheaper_maximal,upper,strictly_cheaper_design_excluded,251,3260,350957,9.188032774382608,3.548428902229671,109.24364854082908,112.79207744305876,0.35484289022296706,10.924364854082908,11.279207744305875,3.725850347341155,5.462182427041454,14758,50000,0.29516,0.28752296869542143,0.30291363890571005,0.2874946402690799,0.30290599505249605,A89B7544E6D0696E62C7ABC8E34E3DA1718E5DA541D57E1FDB9CF7EC00696F77,C:\Users\23258\Desktop\华数杯\A题_微构体导电仿真优化\问题\问题4\results\D_screen2000_confirm50000\confirmation\pareto_max_A000619_B005483\mixed_pareto_frontier_samples.json,469BE2167B263FA7A811BF4572C0517EED8783B7657D7AADA5C24421020D94A7
strictly_cheaper_maximal,upper,strictly_cheaper_design_excluded,252,3251,350948,9.18779715493359,3.562566069170825,108.94205564608447,112.5046217152553,0.3562566069170825,10.894205564608447,11.250462171525529,3.740694372629367,5.447102782304222,14908,50000,0.29816,0.290499591094323,0.3059353087212031,0.2904715191194462,0.3059279348231774,A89B7544E6D0696E62C7ABC8E34E3DA1718E5DA541D57E1FDB9CF7EC00696F77,C:\Users\23258\Desktop\华数杯\A题_微构体导电仿真优化\问题\问题4\results\D_screen2000_confirm50000\confirmation\pareto_max_A000619_B005483\mixed_pareto_frontier_samples.json,469BE2167B263FA7A811BF4572C0517EED8783B7657D7AADA5C24421020D94A7
strictly_cheaper_maximal,upper,strictly_cheaper_design_excluded,253,3242,350939,9.18756153548457,3.576703236111979,108.64046275133984,112.21716598745182,0.3576703236111979,10.864046275133983,11.221716598745182,3.7555383979175785,5.432023137566992,15038,50000,0.30076,0.29307965127917557,0.30855376845549276,0.29305180168069894,0.30854662841840746,A89B7544E6D0696E62C7ABC8E34E3DA1718E5DA541D57E1FDB9CF7EC00696F77,C:\Users\23258\Desktop\华数杯\A题_微构体导电仿真优化\问题\问题4\results\D_screen2000_confirm50000\confirmation\pareto_max_A000619_B005483\mixed_pareto_frontier_samples.json,469BE2167B263FA7A811BF4572C0517EED8783B7657D7AADA5C24421020D94A7
strictly_cheaper_maximal,upper,strictly_cheaper_design_excluded,254,3233,350930,9.187325916035551,3.590840403053133,108.33886985659522,111.92971025964836,0.35908404030531327,10.833886985659523,11.192971025964836,3.77038242320579,5.416943492829761,15225,50000,0.3045,0.2967914863786169,0.31231980431666334,0.2967639568497672,0.31231300051863226,A89B7544E6D0696E62C7ABC8E34E3DA1718E5DA541D57E1FDB9CF7EC00696F77,C:\Users\23258\Desktop\华数杯\A题_微构体导电仿真优化\问题\问题4\results\D_screen2000_confirm50000\confirmation\pareto_max_A000619_B005483\mixed_pareto_frontier_samples.json,469BE2167B263FA7A811BF4572C0517EED8783B7657D7AADA5C24421020D94A7
strictly_cheaper_maximal,upper,strictly_cheaper_design_excluded,255,3224,350921,9.18709029658653,3.604977569994287,108.03727696185061,111.6422545318449,0.3604977569994287,10.80372769618506,11.164225453184491,3.7852264484940017,5.401863848092529,15403,50000,0.30806,0.30032523925268223,0.31590402487034636,0.30029801459341365,0.31589754095495653,A89B7544E6D0696E62C7ABC8E34E3DA1718E5DA541D57E1FDB9CF7EC00696F77,C:\Users\23258\Desktop\华数杯\A题_微构体导电仿真优化\问题\问题4\results\D_screen2000_confirm50000\confirmation\pareto_max_A000619_B005483\mixed_pareto_frontier_samples.json,469BE2167B263FA7A811BF4572C0517EED8783B7657D7AADA5C24421020D94A7
strictly_cheaper_maximal,upper,strictly_cheaper_design_excluded,256,3215,350912,9.186854677137513,3.6191147369354413,107.73568406710599,111.35479880404144,0.3619114736935441,10.773568406710599,11.135479880404144,3.8000704737822137,5.386784203355298,15558,50000,0.31116,0.30340282606131697,0.31902467334991946,0.30337586703785907,0.31901846784802707,A89B7544E6D0696E62C7ABC8E34E3DA1718E5DA541D57E1FDB9CF7EC00696F77,C:\Users\23258\Desktop\华数杯\A题_微构体导电仿真优化\问题\问题4\results\D_screen2000_confirm50000\confirmation\pareto_max_A000619_B005483\mixed_pareto_frontier_samples.json,469BE2167B263FA7A811BF4572C0517EED8783B7657D7AADA5C24421020D94A7
strictly_cheaper_maximal,upper,strictly_cheaper_design_excluded,257,3207,350967,9.188294573770408,3.6332519038765954,107.46760149399965,111.10085339787625,0.36332519038765954,10.746760149399964,11.110085339787625,3.8149144990704253,5.373380074699981,15758,50000,0.31516,0.3073745086925853,0.3230507136711773,0.3073478926405158,0.32304486722823206,A89B7544E6D0696E62C7ABC8E34E3DA1718E5DA541D57E1FDB9CF7EC00696F77,C:\Users\23258\Desktop\华数杯\A题_微构体导电仿真优化\问题\问题4\results\D_screen2000_confirm50000\confirmation\pareto_max_A000619_B005483\mixed_pareto_frontier_samples.json,469BE2167B263FA7A811BF4572C0517EED8783B7657D7AADA5C24421020D94A7
strictly_cheaper_maximal,upper,strictly_cheaper_design_excluded,258,3198,350958,9.188058954321388,3.6473890708177494,107.16600859925504,110.81339767007279,0.3647389070817749,10.716600859925503,11.081339767007279,3.829758524358637,5.3583004299627515,15924,50000,0.31848,0.31067151652508734,0.3263918158892721,0.3106451853205592,0.3263862673098071,A89B7544E6D0696E62C7ABC8E34E3DA1718E5DA541D57E1FDB9CF7EC00696F77,C:\Users\23258\Desktop\华数杯\A题_微构体导电仿真优化\问题\问题4\results\D_screen2000_confirm50000\confirmation\pareto_max_A000619_B005483\mixed_pareto_frontier_samples.json,469BE2167B263FA7A811BF4572C0517EED8783B7657D7AADA5C24421020D94A7
strictly_cheaper_maximal,upper,strictly_cheaper_design_excluded,259,3189,350949,9.187823334872368,3.6615262377589035,106.86441570451042,110.52594194226933,0.3661526237758903,10.686441570451043,11.052594194226932,3.8446025496468494,5.343220785225521,16089,50000,0.32178,0.3139491183211775,0.3297123355290161,0.31392307040844825,0.32970708288091066,A89B7544E6D0696E62C7ABC8E34E3DA1718E5DA541D57E1FDB9CF7EC00696F77,C:\Users\23258\Desktop\华数杯\A题_微构体导电仿真优化\问题\问题4\results\D_screen2000_confirm50000\confirmation\pareto_max_A000619_B005483\mixed_pareto_frontier_samples.json,469BE2167B263FA7A811BF4572C0517EED8783B7657D7AADA5C24421020D94A7
strictly_cheaper_maximal,upper,strictly_cheaper_design_excluded,260,3180,350940,9.18758771542335,3.6756634047000576,106.56282280976579,110.23848621446585,0.36756634047000575,10.656282280976578,11.023848621446584,3.859446574935061,5.328141140488289,16219,50000,0.32438,0.31653178863706277,0.3323281851322729,0.31650596403481596,0.3323231655466289,A89B7544E6D0696E62C7ABC8E34E3DA1718E5DA541D57E1FDB9CF7EC00696F77,C:\Users\23258\Desktop\华数杯\A题_微构体导电仿真优化\问题\问题4\results\D_screen2000_confirm50000\confirmation\pareto_max_A000619_B005483\mixed_pareto_frontier_samples.json,469BE2167B263FA7A811BF4572C0517EED8783B7657D7AADA5C24421020D94A7
strictly_cheaper_maximal,upper,strictly_cheaper_design_excluded,261,3171,350931,9.18735209597433,3.6898005716412117,106.26122991502118,109.95103048666239,0.36898005716412113,10.626122991502118,10.99510304866624,3.8742906002232727,5.313061495751058,16354,50000,0.32708,0.3192140864468962,0.3350443503153946,0.3191884938460672,0.3350395726679621,A89B7544E6D0696E62C7ABC8E34E3DA1718E5DA541D57E1FDB9CF7EC00696F77,C:\Users\23258\Desktop\华数杯\A题_微构体导电仿真优化\问题\问题4\results\D_screen2000_confirm50000\confirmation\pareto_max_A000619_B005483\mixed_pareto_frontier_samples.json,469BE2167B263FA7A811BF4572C0517EED8783B7657D7AADA5C24421020D94A7
strictly_cheaper_maximal,upper,strictly_cheaper_design_excluded,262,3162,350922,9.187116476525311,3.7039377385823657,105.95963702027656,109.66357475885893,0.3703937738582366,10.595963702027657,10.966357475885893,3.8891346255114843,5.2979818510138275,16512,50000,0.33024,0.32235374625780316,0.3382228916369833,0.3223284253149697,0.3382183970339374,A89B7544E6D0696E62C7ABC8E34E3DA1718E5DA541D57E1FDB9CF7EC00696F77,C:\Users\23258\Desktop\华数杯\A题_微构体导电仿真优化\问题\问题4\results\D_screen2000_confirm50000\confirmation\pareto_max_A000619_B005483\mixed_pareto_frontier_samples.json,469BE2167B263FA7A811BF4572C0517EED8783B7657D7AADA5C24421020D94A7
strictly_cheaper_maximal,upper,strictly_cheaper_design_excluded,263,3153,350913,9.186880857076291,3.71807490552352,105.65804412553193,109.37611903105545,0.37180749055235196,10.565804412553192,10.937611903105546,3.9039786507996963,5.282902206276596,16699,50000,0.33398,0.3260701955206976,0.34198431333470103,0.32604519627631035,0.34198015357166966,A89B7544E6D0696E62C7ABC8E34E3DA1718E5DA541D57E1FDB9CF7EC00696F77,C:\Users\23258\Desktop\华数杯\A题_微构体导电仿真优化\问题\问题4\results\D_screen2000_confirm50000\confirmation\pareto_max_A000619_B005483\mixed_pareto_frontier_samples.json,469BE2167B263FA7A811BF4572C0517EED8783B7657D7AADA5C24421020D94A7
strictly_cheaper_maximal,upper,strictly_cheaper_design_excluded,264,3145,350968,9.188320753709187,3.732212072464674,105.3899615524256,109.12217362489028,0.37322120724646735,10.538996155242561,10.912217362489027,3.918822676087908,5.26949807762128,16840,50000,0.3368,0.3288728100215254,0.34482009351540416,0.32884805346785007,0.34481618611508746,A89B7544E6D0696E62C7ABC8E34E3DA1718E5DA541D57E1FDB9CF7EC00696F77,C:\Users\23258\Desktop\华数杯\A题_微构体导电仿真优化\问题\问题4\results\D_screen2000_confirm50000\confirmation\pareto_max_A000619_B005483\mixed_pareto_frontier_samples.json,469BE2167B263FA7A811BF4572C0517EED8783B7657D7AADA5C24421020D94A7
strictly_cheaper_maximal,upper,strictly_cheaper_design_excluded,265,3136,350959,9.188085134260168,3.746349239405828,105.08836865768099,108.83471789708682,0.3746349239405828,10.508836865768098,10.88347178970868,3.9336667013761195,5.254418432884048,17004,50000,0.34008,0.33213298802428437,0.34811804833371673,0.3321085138842384,0.3481144343437759,A89B7544E6D0696E62C7ABC8E34E3DA1718E5DA541D57E1FDB9CF7EC00696F77,C:\Users\23258\Desktop\华数杯\A题_微构体导电仿真优化\问题\问题4\results\D_screen2000_confirm50000\confirmation\pareto_max_A000619_B005483\mixed_pareto_frontier_samples.json,469BE2167B263FA7A811BF4572C0517EED8783B7657D7AADA5C24421020D94A7
strictly_cheaper_maximal,upper,strictly_cheaper_design_excluded,266,3127,350950,9.187849514811148,3.760486406346982,104.78677576293637,108.54726216928336,0.3760486406346982,10.478677576293638,10.854726216928334,3.9485107266643316,5.239338788146817,17160,50000,0.3432,0.3352345289486297,0.35125473131234186,0.33521032357902714,0.3512513963036326,A89B7544E6D0696E62C7ABC8E34E3DA1718E5DA541D57E1FDB9CF7EC00696F77,C:\Users\23258\Desktop\华数杯\A题_微构体导电仿真优化\问题\问题4\results\D_screen2000_confirm50000\confirmation\pareto_max_A000619_B005483\mixed_pareto_frontier_samples.json,469BE2167B263FA7A811BF4572C0517EED8783B7657D7AADA5C24421020D94A7
strictly_cheaper_maximal,upper,strictly_cheaper_design_excluded,267,3118,350941,9.18761389536213,3.774623573288136,104.48518286819174,108.25980644147988,0.3774623573288136,10.448518286819175,10.825980644147988,3.963354751952543,5.224259143409587,17313,50000,0.34626,0.33827679739416183,0.35433072092549234,0.33825285575076874,0.3543276594238429,A89B7544E6D0696E62C7ABC8E34E3DA1718E5DA541D57E1FDB9CF7EC00696F77,C:\Users\23258\Desktop\华数杯\A题_微构体导电仿真优化\问题\问题4\results\D_screen2000_confirm50000\confirmation\pareto_max_A000619_B005483\mixed_pareto_frontier_samples.json,469BE2167B263FA7A811BF4572C0517EED8783B7657D7AADA5C24421020D94A7
strictly_cheaper_maximal,upper,strictly_cheaper_design_excluded,268,3109,350932,9.18737827591311,3.78876074022929,104.18358997344713,107.97235071367642,0.378876074022929,10.418358997344713,10.797235071367643,3.9781987772407548,5.209179498672356,17470,50000,0.3494,0.34139898333700835,0.3574867475003789,0.34137531244114416,0.35748396654504144,A89B7544E6D0696E62C7ABC8E34E3DA1718E5DA541D57E1FDB9CF7EC00696F77,C:\Users\23258\Desktop\华数杯\A题_微构体导电仿真优化\问题\问题4\results\D_screen2000_confirm50000\confirmation\pareto_max_A000619_B005483\mixed_pareto_frontier_samples.json,469BE2167B263FA7A811BF4572C0517EED8783B7657D7AADA5C24421020D94A7
strictly_cheaper_maximal,upper,strictly_cheaper_design_excluded,269,3100,350923,9.187142656464092,3.8028979071704443,103.88199707870251,107.68489498587296,0.3802897907170444,10.388199707870251,10.768489498587297,3.9930428025289673,5.194099853935125,17611,50000,0.35222,0.34420331172483454,0.36032081379408365,0.34417988409234207,0.3603182846991887,A89B7544E6D0696E62C7ABC8E34E3DA1718E5DA541D57E1FDB9CF7EC00696F77,C:\Users\23258\Desktop\华数杯\A题_微构体导电仿真优化\问题\问题4\results\D_screen2000_confirm50000\confirmation\pareto_max_A000619_B005483\mixed_pareto_frontier_samples.json,469BE2167B263FA7A811BF4572C0517EED8783B7657D7AADA5C24421020D94A7
strictly_cheaper_maximal,upper,strictly_cheaper_design_excluded,270,3091,350914,9.186907037015072,3.8170350741115984,103.58040418395788,107.39743925806948,0.3817035074111598,10.358040418395788,10.739743925806948,4.007886827817178,5.179020209197894,17724,50000,0.35448,0.3464509743739419,0.3625918646131536,0.34642774177017066,0.3625895372993903,A89B7544E6D0696E62C7ABC8E34E3DA1718E5DA541D57E1FDB9CF7EC00696F77,C:\Users\23258\Desktop\华数杯\A题_微构体导电仿真优化\问题\问题4\results\D_screen2000_confirm50000\confirmation\pareto_max_A000619_B005483\mixed_pareto_frontier_samples.json,469BE2167B263FA7A811BF4572C0517EED8783B7657D7AADA5C24421020D94A7
strictly_cheaper_maximal,upper,strictly_cheaper_design_excluded,271,3083,350969,9.188346933647967,3.8311722410527524,103.31232161085155,107.14349385190431,0.3831172241052752,10.331232161085156,10.714349385190431,4.02273085310539,5.165616080542577,17865,50000,0.3573,0.3492558557972805,0.36542537787134605,0.3492328666380818,0.36542330225775643,A89B7544E6D0696E62C7ABC8E34E3DA1718E5DA541D57E1FDB9CF7EC00696F77,C:\Users\23258\Desktop\华数杯\A题_微构体导电仿真优化\问题\问题4\results\D_screen2000_confirm50000\confirmation\pareto_max_A000619_B005483\mixed_pareto_frontier_samples.json,469BE2167B263FA7A811BF4572C0517EED8783B7657D7AADA5C24421020D94A7
strictly_cheaper_maximal,upper,strictly_cheaper_design_excluded,272,3074,350960,9.188111314198947,3.8453094079939065,103.01072871610694,106.85603812410085,0.38453094079939065,10.301072871610693,10.685603812410085,4.037574878393602,5.150536435805346,17999,50000,0.35998,0.35192177020434645,0.3681179378424727,0.3518990124956974,0.3681161013517787,A89B7544E6D0696E62C7ABC8E34E3DA1718E5DA541D57E1FDB9CF7EC00696F77,C:\Users\23258\Desktop\华数杯\A题_微构体导电仿真优化\问题\问题4\results\D_screen2000_confirm50000\confirmation\pareto_max_A000619_B005483\mixed_pareto_frontier_samples.json,469BE2167B263FA7A811BF4572C0517EED8783B7657D7AADA5C24421020D94A7
strictly_cheaper_maximal,upper,strictly_cheaper_design_excluded,273,3065,350951,9.187875694749929,3.8594465749350606,102.70913582136231,106.56858239629737,0.38594465749350604,10.270913582136231,10.656858239629736,4.052418903681814,5.135456791068115,18124,50000,0.36248,0.35440887756123923,0.3706294073309088,0.3543863358379021,0.37062779383152566,A89B7544E6D0696E62C7ABC8E34E3DA1718E5DA541D57E1FDB9CF7EC00696F77,C:\Users\23258\Desktop\华数杯\A题_微构体导电仿真优化\问题\问题4\results\D_screen2000_confirm50000\confirmation\pareto_max_A000619_B005483\mixed_pareto_frontier_samples.json,469BE2167B263FA7A811BF4572C0517EED8783B7657D7AADA5C24421020D94A7
strictly_cheaper_maximal,upper,strictly_cheaper_design_excluded,274,3056,350942,9.187640075300909,3.8735837418762147,102.4075429266177,106.28112666849391,0.3873583741876214,10.24075429266177,10.628112666849391,4.067262928970026,5.120377146330884,18288,50000,0.36576,0.35767232203973703,0.37392409567348245,0.35765006380499903,0.3739227746354205,A89B7544E6D0696E62C7ABC8E34E3DA1718E5DA541D57E1FDB9CF7EC00696F77,C:\Users\23258\Desktop\华数杯\A题_微构体导电仿真优化\问题\问题4\results\D_screen2000_confirm50000\confirmation\pareto_max_A000619_B005483\mixed_pareto_frontier_samples.json,469BE2167B263FA7A811BF4572C0517EED8783B7657D7AADA5C24421020D94A7
strictly_cheaper_maximal,upper,strictly_cheaper_design_excluded,275,3047,350933,9.18740445585189,3.8877209088173688,102.10595003187308,105.99367094069045,0.38877209088173686,10.210595003187308,10.599367094069045,4.082106954258237,5.105297501593654,18425,50000,0.3685,0.3603988034567113,0.3766760544789886,0.360376782138496,0.3766749776639446,A89B7544E6D0696E62C7ABC8E34E3DA1718E5DA541D57E1FDB9CF7EC00696F77,C:\Users\23258\Desktop\华数杯\A题_微构体导电仿真优化\问题\问题4\results\D_screen2000_confirm50000\confirmation\pareto_max_A000619_B005483\mixed_pareto_frontier_samples.json,469BE2167B263FA7A811BF4572C0517EED8783B7657D7AADA5C24421020D94A7
strictly_cheaper_maximal,upper,strictly_cheaper_design_excluded,276,3038,350924,9.18716883640287,3.901858075758523,101.80435713712846,105.70621521288699,0.39018580757585225,10.180435713712846,10.570621521288698,4.09695097954645,5.090217856856422,18571,50000,0.37142,0.3633047071457969,0.3796084885452472,0.363282938406977,0.3796076719083955,A89B7544E6D0696E62C7ABC8E34E3DA1718E5DA541D57E1FDB9CF7EC00696F77,C:\Users\23258\Desktop\华数杯\A题_微构体导电仿真优化\问题\问题4\results\D_screen2000_confirm50000\confirmation\pareto_max_A000619_B005483\mixed_pareto_frontier_samples.json,469BE2167B263FA7A811BF4572C0517EED8783B7657D7AADA5C24421020D94A7
strictly_cheaper_maximal,upper,strictly_cheaper_design_excluded,277,3029,350915,9.186933216953852,3.915995242699677,101.50276424238383,105.41875948508351,0.3915995242699677,10.150276424238383,10.541875948508352,4.111795004834661,5.0751382121191915,18747,50000,0.37494,0.36680813784614347,0.3831430540431237,0.36678667372102947,0.3831425509250334,A89B7544E6D0696E62C7ABC8E34E3DA1718E5DA541D57E1FDB9CF7EC00696F77,C:\Users\23258\Desktop\华数杯\A题_微构体导电仿真优化\问题\问题4\results\D_screen2000_confirm50000\confirmation\pareto_max_A000619_B005483\mixed_pareto_frontier_samples.json,469BE2167B263FA7A811BF4572C0517EED8783B7657D7AADA5C24421020D94A7
strictly_cheaper_maximal,upper,strictly_cheaper_design_excluded,278,3021,350970,9.188373113586747,3.9301324096408305,101.2346816692775,105.16481407891834,0.3930132409640831,10.12346816692775,10.516481407891833,4.126639030122873,5.061734083463874,18918,50000,0.37836,0.3702124803337073,0.38657676467996976,0.3701913123077645,0.38657656604848384,A89B7544E6D0696E62C7ABC8E34E3DA1718E5DA541D57E1FDB9CF7EC00696F77,C:\Users\23258\Desktop\华数杯\A题_微构体导电仿真优化\问题\问题4\results\D_screen2000_confirm50000\confirmation\pareto_max_A000619_B005483\mixed_pareto_frontier_samples.json,469BE2167B263FA7A811BF4572C0517EED8783B7657D7AADA5C24421020D94A7
strictly_cheaper_maximal,upper,strictly_cheaper_design_excluded,279,3012,350961,9.188137494137727,3.9442695765819846,100.93308877453289,104.87735835111488,0.39442695765819846,10.093308877453289,10.487735835111486,4.141483055411085,5.046654438726644,19065,50000,0.3813,0.37313936604187414,0.3895282053419097,0.3731184526659016,0.38952826836405263,A89B7544E6D0696E62C7ABC8E34E3DA1718E5DA541D57E1FDB9CF7EC00696F77,C:\Users\23258\Desktop\华数杯\A题_微构体导电仿真优化\问题\问题4\results\D_screen2000_confirm50000\confirmation\pareto_max_A000619_B005483\mixed_pareto_frontier_samples.json,469BE2167B263FA7A811BF4572C0517EED8783B7657D7AADA5C24421020D94A7
strictly_cheaper_maximal,upper,strictly_cheaper_design_excluded,280,3003,350952,9.18790187468871,3.9584067435231387,100.63149587978826,104.5899026233114,0.3958406743523139,10.063149587978826,10.458990262331142,4.156327080699296,5.031574793989413,19225,50000,0.3845,0.37632545344518037,0.3927402963006245,0.3763048173522201,0.3927406440135761,A89B7544E6D0696E62C7ABC8E34E3DA1718E5DA541D57E1FDB9CF7EC00696F77,C:\Users\23258\Desktop\华数杯\A题_微构体导电仿真优化\问题\问题4\results\D_screen2000_confirm50000\confirmation\pareto_max_A000619_B005483\mixed_pareto_frontier_samples.json,469BE2167B263FA7A811BF4572C0517EED8783B7657D7AADA5C24421020D94A7
strictly_cheaper_maximal,upper,strictly_cheaper_design_excluded,281,2994,350943,9.187666255239689,3.972543910464293,100.32990298504365,104.30244689550794,0.3972543910464293,10.032990298504364,10.430244689550795,4.171171105987508,5.016495149252181,19401,50000,0.38802,0.3798305826818336,0.39627316326219436,0.3798102517348907,0.39627382401279054,A89B7544E6D0696E62C7ABC8E34E3DA1718E5DA541D57E1FDB9CF7EC00696F77,C:\Users\23258\Desktop\华数杯\A题_微构体导电仿真优化\问题\问题4\results\D_screen2000_confirm50000\confirmation\pareto_max_A000619_B005483\mixed_pareto_frontier_samples.json,469BE2167B263FA7A811BF4572C0517EED8783B7657D7AADA5C24421020D94A7
strictly_cheaper_maximal,upper,strictly_cheaper_design_excluded,282,2985,350934,9.18743063579067,3.986681077405447,100.02831009029903,104.01499116770448,0.39866810774054473,10.002831009029904,10.401499116770449,4.1860151312757194,5.00141550451495,19573,50000,0.39146,0.3832564861265699,0.3997253015566306,0.383236453525511,0.3997262681075183,A89B7544E6D0696E62C7ABC8E34E3DA1718E5DA541D57E1FDB9CF7EC00696F77,C:\Users\23258\Desktop\华数杯\A题_微构体导电仿真优化\问题\问题4\results\D_screen2000_confirm50000\confirmation\pareto_max_A000619_B005483\mixed_pareto_frontier_samples.json,469BE2167B263FA7A811BF4572C0517EED8783B7657D7AADA5C24421020D94A7
strictly_cheaper_maximal,upper,strictly_cheaper_design_excluded,283,2976,350925,9.18719501634165,4.000818244346601,99.7267171955544,103.727535439901,0.4000818244346601,9.97267171955544,10.3727535439901,4.200859156563932,4.98633585977772,19758,50000,0.39516,0.38694180310501924,0.40343787830926814,0.386922091546708,0.40343917363865783,A89B7544E6D0696E62C7ABC8E34E3DA1718E5DA541D57E1FDB9CF7EC00696F77,C:\Users\23258\Desktop\华数杯\A题_微构体导电仿真优化\问题\问题4\results\D_screen2000_confirm50000\confirmation\pareto_max_A000619_B005483\mixed_pareto_frontier_samples.json,469BE2167B263FA7A811BF4572C0517EED8783B7657D7AADA5C24421020D94A7
strictly_cheaper_maximal,upper,strictly_cheaper_design_excluded,284,2967,350916,9.186959396892632,4.0149554112877555,99.42512430080978,103.44007971209754,0.4014955411287755,9.942512430080978,10.344007971209754,4.2157031818521435,4.971256215040489,19923,50000,0.39846,0.3902291243005312,0.40674867854959024,0.3902096992053587,0.40675026699694894,A89B7544E6D0696E62C7ABC8E34E3DA1718E5DA541D57E1FDB9CF7EC00696F77,C:\Users\23258\Desktop\华数杯\A题_微构体导电仿真优化\问题\问题4\results\D_screen2000_confirm50000\confirmation\pareto_max_A000619_B005483\mixed_pareto_frontier_samples.json,469BE2167B263FA7A811BF4572C0517EED8783B7657D7AADA5C24421020D94A7
strictly_cheaper_maximal,upper,strictly_cheaper_design_excluded,285,2959,350971,9.188399293525526,4.0290925782289095,99.15704172770346,103.18613430593237,0.40290925782289094,9.915704172770345,10.318613430593237,4.230547207140355,4.957852086385173,20130,50000,0.4026,0.39435377135133676,0.41090167475464934,0.3943347058058093,0.41090363077699515,A89B7544E6D0696E62C7ABC8E34E3DA1718E5DA541D57E1FDB9CF7EC00696F77,C:\Users\23258\Desktop\华数杯\A题_微构体导电仿真优化\问题\问题4\results\D_screen2000_confirm50000\confirmation\pareto_max_A000619_B005483\mixed_pareto_frontier_samples.json,469BE2167B263FA7A811BF4572C0517EED8783B7657D7AADA5C24421020D94A7
strictly_cheaper_maximal,upper,strictly_cheaper_design_excluded,286,2950,350962,9.188163674076508,4.043229745170064,98.85544883295884,102.89867857812891,0.40432297451700633,9.885544883295884,10.289867857812892,4.245391232428567,4.942772441647941,20341,50000,0.40682,0.39855875228580856,0.4151342915350928,0.3985400534289477,0.4151366220591896,A89B7544E6D0696E62C7ABC8E34E3DA1718E5DA541D57E1FDB9CF7EC00696F77,C:\Users\23258\Desktop\华数杯\A题_微构体导电仿真优化\问题\问题4\results\D_screen2000_confirm50000\confirmation\pareto_max_A000619_B005483\mixed_pareto_frontier_samples.json,469BE2167B263FA7A811BF4572C0517EED8783B7657D7AADA5C24421020D94A7
strictly_cheaper_maximal,upper,strictly_cheaper_design_excluded,287,2941,350953,9.187928054627488,4.057366912111218,98.55385593821421,102.61122285032543,0.40573669121112177,9.855385593821422,10.261122285032544,4.260235257716779,4.92769279691071,20515,50000,0.4103,0.4020268435892608,0.4186242192003383,0.4020084472640146,0.41862685842234987,A89B7544E6D0696E62C7ABC8E34E3DA1718E5DA541D57E1FDB9CF7EC00696F77,C:\Users\23258\Desktop\华数杯\A题_微构体导电仿真优化\问题\问题4\results\D_screen2000_confirm50000\confirmation\pareto_max_A000619_B005483\mixed_pareto_frontier_samples.json,469BE2167B263FA7A811BF4572C0517EED8783B7657D7AADA5C24421020D94A7
strictly_cheaper_maximal,upper,strictly_cheaper_design_excluded,288,2932,350944,9.18769243517847,4.071504079052372,98.2522630434696,102.32376712252197,0.40715040790523715,9.825226304346959,10.232376712252197,4.275079283004991,4.912613152173479,20698,50000,0.41396,0.4056747818172503,0.42229419747391034,0.40565670381078106,0.4222971612321166,A89B7544E6D0696E62C7ABC8E34E3DA1718E5DA541D57E1FDB9CF7EC00696F77,C:\Users\23258\Desktop\华数杯\A题_微构体导电仿真优化\问题\问题4\results\D_screen2000_confirm50000\confirmation\pareto_max_A000619_B005483\mixed_pareto_frontier_samples.json,469BE2167B263FA7A811BF4572C0517EED8783B7657D7AADA5C24421020D94A7
strictly_cheaper_maximal,upper,strictly_cheaper_design_excluded,289,2923,350935,9.18745681572945,4.085641245993526,97.95067014872498,102.03631139471851,0.40856412459935254,9.7950670148725,10.20363113947185,4.289923308293202,4.897533507436248,20852,50000,0.41704,0.4087449978261437,0.42538222813846216,0.40872718780402273,0.42538546490178525,A89B7544E6D0696E62C7ABC8E34E3DA1718E5DA541D57E1FDB9CF7EC00696F77,C:\Users\23258\Desktop\华数杯\A题_微构体导电仿真优化\问题\问题4\results\D_screen2000_confirm50000\confirmation\pareto_max_A000619_B005483\mixed_pareto_frontier_samples.json,469BE2167B263FA7A811BF4572C0517EED8783B7657D7AADA5C24421020D94A7
strictly_cheaper_maximal,upper,strictly_cheaper_design_excluded,290,2914,350926,9.187221196280431,4.09977841293468,97.64907725398035,101.74885566691503,0.409977841293468,9.764907725398036,10.174885566691504,4.304767333581414,4.882453862699017,21018,50000,0.42036,0.4120548251135261,0.42871051090167656,0.4120373040689193,0.42871404183949186,A89B7544E6D0696E62C7ABC8E34E3DA1718E5DA541D57E1FDB9CF7EC00696F77,C:\Users\23258\Desktop\华数杯\A题_微构体导电仿真优化\问题\问题4\results\D_screen2000_confirm50000\confirmation\pareto_max_A000619_B005483\mixed_pareto_frontier_samples.json,469BE2167B263FA7A811BF4572C0517EED8783B7657D7AADA5C24421020D94A7
strictly_cheaper_maximal,upper,strictly_cheaper_design_excluded,291,2905,350917,9.186985576831411,4.113915579875834,97.34748435923574,101.46139993911157,0.41139155798758337,9.734748435923573,10.146139993911158,4.319611358869626,4.867374217961785,21189,50000,0.42378,0.41546475003964867,0.43213863909996386,0.41544752679655816,0.43214247296088215,A89B7544E6D0696E62C7ABC8E34E3DA1718E5DA541D57E1FDB9CF7EC00696F77,C:\Users\23258\Desktop\华数杯\A题_微构体导电仿真优化\问题\问题4\results\D_screen2000_confirm50000\confirmation\pareto_max_A000619_B005483\mixed_pareto_frontier_samples.json,469BE2167B263FA7A811BF4572C0517EED8783B7657D7AADA5C24421020D94A7
strictly_cheaper_maximal,upper,strictly_cheaper_design_excluded,292,2897,350972,9.188425473464306,4.128052746816988,97.07940178612941,101.2074545329464,0.4128052746816988,9.70794017861294,10.120745453294639,4.334455384157837,4.85397008930647,21342,50000,0.42684,0.4185160819815871,0.43520556521670806,0.41849912529488636,0.43520967001807936,A89B7544E6D0696E62C7ABC8E34E3DA1718E5DA541D57E1FDB9CF7EC00696F77,C:\Users\23258\Desktop\华数杯\A题_微构体导电仿真优化\问题\问题4\results\D_screen2000_confirm50000\confirmation\pareto_max_A000619_B005483\mixed_pareto_frontier_samples.json,469BE2167B263FA7A811BF4572C0517EED8783B7657D7AADA5C24421020D94A7
strictly_cheaper_maximal,upper,strictly_cheaper_design_excluded,293,2888,350963,9.188189854015288,4.142189913758142,96.77780889138478,100.91999880514292,0.4142189913758142,9.677780889138477,10.091999880514294,4.34929940944605,4.8388904445692384,21556,50000,0.43112,0.4227845051736146,0.43949470558388354,0.4227679214784854,0.43949918919625164,A89B7544E6D0696E62C7ABC8E34E3DA1718E5DA541D57E1FDB9CF7EC00696F77,C:\Users\23258\Desktop\华数杯\A题_微构体导电仿真优化\问题\问题4\results\D_screen2000_confirm50000\confirmation\pareto_max_A000619_B005483\mixed_pareto_frontier_samples.json,469BE2167B263FA7A811BF4572C0517EED8783B7657D7AADA5C24421020D94A7
strictly_cheaper_maximal,upper,strictly_cheaper_design_excluded,294,2879,350954,9.187954234566268,4.156327080699296,96.47621599664016,100.63254307733946,0.4156327080699296,9.647621599664017,10.063254307733947,4.364143434734261,4.823810799832008,21736,50000,0.43472,0.42637526018143834,0.4431019012333334,0.42635899036196295,0.4431067033355436,A89B7544E6D0696E62C7ABC8E34E3DA1718E5DA541D57E1FDB9CF7EC00696F77,C:\Users\23258\Desktop\华数杯\A题_微构体导电仿真优化\问题\问题4\results\D_screen2000_confirm50000\confirmation\pareto_max_A000619_B005483\mixed_pareto_frontier_samples.json,469BE2167B263FA7A811BF4572C0517EED8783B7657D7AADA5C24421020D94A7
strictly_cheaper_maximal,upper,strictly_cheaper_design_excluded,295,2870,350945,9.18771861511725,4.17046424764045,96.17462310189555,100.345087349536,0.417046424764045,9.617462310189554,10.0345087349536,4.378987460022473,4.808731155094777,21863,50000,0.43726,0.42890900731332093,0.4456467081763049,0.42889295902944147,0.4456517349161638,A89B7544E6D0696E62C7ABC8E34E3DA1718E5DA541D57E1FDB9CF7EC00696F77,C:\Users\23258\Desktop\华数杯\A题_微构体导电仿真优化\问题\问题4\results\D_screen2000_confirm50000\confirmation\pareto_max_A000619_B005483\mixed_pareto_frontier_samples.json,469BE2167B263FA7A811BF4572C0517EED8783B7657D7AADA5C24421020D94A7
strictly_cheaper_maximal,upper,strictly_cheaper_design_excluded,296,2861,350936,9.18748299566823,4.184601414581604,95.87303020715092,100.05763162173253,0.4184601414581604,9.587303020715092,10.005763162173253,4.393831485310685,4.793651510357545,21988,50000,0.43976,0.4314030705517799,0.44815122178317485,0.4313872403781545,0.44815646956295213,A89B7544E6D0696E62C7ABC8E34E3DA1718E5DA541D57E1FDB9CF7EC00696F77,C:\Users\23258\Desktop\华数杯\A题_微构体导电仿真优化\问题\问题4\results\D_screen2000_confirm50000\confirmation\pareto_max_A000619_B005483\mixed_pareto_frontier_samples.json,469BE2167B263FA7A811BF4572C0517EED8783B7657D7AADA5C24421020D94A7
strictly_cheaper_maximal,upper,strictly_cheaper_design_excluded,297,2852,350927,9.18724737621921,4.1987385815227585,95.5714373124063,99.77017589392906,0.41987385815227585,9.55714373124063,9.977017589392906,4.408675510598897,4.778571865620314,22144,50000,0.44288,0.4345159637251788,0.4512765525127465,0.4345004058409729,0.4512820760668654,A89B7544E6D0696E62C7ABC8E34E3DA1718E5DA541D57E1FDB9CF7EC00696F77,C:\Users\23258\Desktop\华数杯\A题_微构体导电仿真优化\问题\问题4\results\D_screen2000_confirm50000\confirmation\pareto_max_A000619_B005483\mixed_pareto_frontier_samples.json,469BE2167B263FA7A811BF4572C0517EED8783B7657D7AADA5C24421020D94A7
strictly_cheaper_maximal,upper,strictly_cheaper_design_excluded,298,2843,350918,9.187011756770191,4.2128757484639126,95.26984441766169,99.4827201661256,0.42128757484639123,9.526984441766167,9.94827201661256,4.423519535887108,4.763492220883084,22328,50000,0.44656,0.4381880117207178,0.4549624096335317,0.43817277512308295,0.4549682583411207,A89B7544E6D0696E62C7ABC8E34E3DA1718E5DA541D57E1FDB9CF7EC00696F77,C:\Users\23258\Desktop\华数杯\A题_微构体导电仿真优化\问题\问题4\results\D_screen2000_confirm50000\confirmation\pareto_max_A000619_B005483\mixed_pareto_frontier_samples.json,469BE2167B263FA7A811BF4572C0517EED8783B7657D7AADA5C24421020D94A7
strictly_cheaper_maximal,upper,strictly_cheaper_design_excluded,299,2834,350909,9.186776137321171,4.227012915405066,94.96825152291707,99.19526443832214,0.42270129154050656,9.496825152291708,9.919526443832213,4.438363561175319,4.748412576145852,22468,50000,0.44936,0.4409822726839245,0.4577665547370932,0.44096728063341467,0.4577726507581095,A89B7544E6D0696E62C7ABC8E34E3DA1718E5DA541D57E1FDB9CF7EC00696F77,C:\Users\23258\Desktop\华数杯\A题_微构体导电仿真优化\问题\问题4\results\D_screen2000_confirm50000\confirmation\pareto_max_A000619_B005483\mixed_pareto_frontier_samples.json,469BE2167B263FA7A811BF4572C0517EED8783B7657D7AADA5C24421020D94A7
strictly_cheaper_maximal,upper,strictly_cheaper_design_excluded,300,2826,350964,9.188216033954067,4.24115008234622,94.70016894981073,98.94131903215695,0.424115008234622,9.470016894981072,9.894131903215696,4.453207586463532,4.735008447490537,22665,50000,0.4533,0.44491465181028256,0.4617119327189735,0.4449000040034671,0.46171837661980925,A89B7544E6D0696E62C7ABC8E34E3DA1718E5DA541D57E1FDB9CF7EC00696F77,C:\Users\23258\Desktop\华数杯\A题_微构体导电仿真优化\问题\问题4\results\D_screen2000_confirm50000\confirmation\pareto_max_A000619_B005483\mixed_pareto_frontier_samples.json,469BE2167B263FA7A811BF4572C0517EED8783B7657D7AADA5C24421020D94A7
strictly_cheaper_maximal,upper,strictly_cheaper_design_excluded,301,2817,350955,9.187980414505049,4.255287249287374,94.39857605506612,98.6538633043535,0.4255287249287374,9.439857605506612,9.86538633043535,4.4680516117517435,4.719928802753305,22822,50000,0.45644,0.4480489582996839,0.46485583874730535,0.44803458494847426,0.4648625597876075,A89B7544E6D0696E62C7ABC8E34E3DA1718E5DA541D57E1FDB9CF7EC00696F77,C:\Users\23258\Desktop\华数杯\A题_微构体导电仿真优化\问题\问题4\results\D_screen2000_confirm50000\confirmation\pareto_max_A000619_B005483\mixed_pareto_frontier_samples.json,469BE2167B263FA7A811BF4572C0517EED8783B7657D7AADA5C24421020D94A7
strictly_cheaper_maximal,upper,strictly_cheaper_design_excluded,302,2808,350946,9.187744795056028,4.269424416228528,94.0969831603215,98.36640757655003,0.42694244162285283,9.40969831603215,9.836640757655003,4.482895637039955,4.704849158016074,22983,50000,0.45966,0.4512634691055988,0.468079494918174,0.4512493773025291,0.46808650006240543,A89B7544E6D0696E62C7ABC8E34E3DA1718E5DA541D57E1FDB9CF7EC00696F77,C:\Users\23258\Desktop\华数杯\A题_微构体导电仿真优化\问题\问题4\results\D_screen2000_confirm50000\confirmation\pareto_max_A000619_B005483\mixed_pareto_frontier_samples.json,469BE2167B263FA7A811BF4572C0517EED8783B7657D7AADA5C24421020D94A7
strictly_cheaper_maximal,upper,strictly_cheaper_design_excluded,303,2799,350937,9.18750917560701,4.283561583169682,93.79539026557687,98.07895184874656,0.4283561583169682,9.379539026557687,9.807895184874655,4.497739662328167,4.6897695132788435,23079,50000,0.46158,0.45318036416989593,0.47000150687108944,0.4531664402944951,0.4700086813725041,A89B7544E6D0696E62C7ABC8E34E3DA1718E5DA541D57E1FDB9CF7EC00696F77,C:\Users\23258\Desktop\华数杯\A题_微构体导电仿真优化\问题\问题4\results\D_screen2000_confirm50000\confirmation\pareto_max_A000619_B005483\mixed_pareto_frontier_samples.json,469BE2167B263FA7A811BF4572C0517EED8783B7657D7AADA5C24421020D94A7
strictly_cheaper_maximal,upper,strictly_cheaper_design_excluded,304,2790,350928,9.18727355615799,4.297698750110836,93.49379737083225,97.7914961209431,0.4297698750110836,9.349379737083225,9.77914961209431,4.512583687616379,4.674689868541612,23207,50000,0.46414,0.45573641939795906,0.4725639943326432,0.455722719481753,0.4725713945897677,A89B7544E6D0696E62C7ABC8E34E3DA1718E5DA541D57E1FDB9CF7EC00696F77,C:\Users\23258\Desktop\华数杯\A题_微构体导电仿真优化\问题\问题4\results\D_screen2000_confirm50000\confirmation\pareto_max_A000619_B005483\mixed_pareto_frontier_samples.json,469BE2167B263FA7A811BF4572C0517EED8783B7657D7AADA5C24421020D94A7
strictly_cheaper_maximal,upper,strictly_cheaper_design_excluded,305,2781,350919,9.187037936708972,4.31183591705199,93.19220447608764,97.50404039313963,0.43118359170519904,9.319220447608764,9.750404039313963,4.527427712904591,4.659610223804381,23356,50000,0.46712,0.45871210803140294,0.4755466092988313,0.4586986688975503,0.47555427227223784,A89B7544E6D0696E62C7ABC8E34E3DA1718E5DA541D57E1FDB9CF7EC00696F77,C:\Users\23258\Desktop\华数杯\A题_微构体导电仿真优化\问题\问题4\results\D_screen2000_confirm50000\confirmation\pareto_max_A000619_B005483\mixed_pareto_frontier_samples.json,469BE2167B263FA7A811BF4572C0517EED8783B7657D7AADA5C24421020D94A7
strictly_cheaper_maximal,upper,strictly_cheaper_design_excluded,306,2772,350910,9.186802317259952,4.325973083993144,92.89061158134301,97.21658466533616,0.43259730839931443,9.2890611581343,9.721658466533615,4.542271738192802,4.644530579067149,23493,50000,0.46986,0.46144840996384573,0.47828874758886897,0.4614352106853107,0.47829665204671146,A89B7544E6D0696E62C7ABC8E34E3DA1718E5DA541D57E1FDB9CF7EC00696F77,C:\Users\23258\Desktop\华数杯\A题_微构体导电仿真优化\问题\问题4\results\D_screen2000_confirm50000\confirmation\pareto_max_A000619_B005483\mixed_pareto_frontier_samples.json,469BE2167B263FA7A811BF4572C0517EED8783B7657D7AADA5C24421020D94A7
strictly_cheaper_maximal,upper,strictly_cheaper_design_excluded,307,2764,350965,9.188242213892847,4.340110250934298,92.62252900823668,96.96263925917098,0.43401102509342987,9.262252900823668,9.6962639259171,4.557115763481015,4.631126450411834,23664,50000,0.47328,0.46486415137062315,0.48171105930650143,0.4648512515747835,0.4817192650805138,A89B7544E6D0696E62C7ABC8E34E3DA1718E5DA541D57E1FDB9CF7EC00696F77,C:\Users\23258\Desktop\华数杯\A题_微构体导电仿真优化\问题\问题4\results\D_screen2000_confirm50000\confirmation\pareto_max_A000619_B005483\mixed_pareto_frontier_samples.json,469BE2167B263FA7A811BF4572C0517EED8783B7657D7AADA5C24421020D94A7
strictly_cheaper_maximal,upper,strictly_cheaper_design_excluded,308,2755,350956,9.188006594443829,4.354247417875452,92.32093611349207,96.67518353136752,0.43542474178754526,9.232093611349207,9.667518353136753,4.571959788769226,4.616046805674603,23799,50000,0.47598,0.46756106924271607,0.48441260442736384,0.4675484059597545,0.4844210480051799,A89B7544E6D0696E62C7ABC8E34E3DA1718E5DA541D57E1FDB9CF7EC00696F77,C:\Users\23258\Desktop\华数杯\A题_微构体导电仿真优化\问题\问题4\results\D_screen2000_confirm50000\confirmation\pareto_max_A000619_B005483\mixed_pareto_frontier_samples.json,469BE2167B263FA7A811BF4572C0517EED8783B7657D7AADA5C24421020D94A7
strictly_cheaper_maximal,upper,strictly_cheaper_design_excluded,309,2746,350947,9.187770974994809,4.3683845848166065,92.01934321874745,96.38772780356406,0.43683845848166064,9.201934321874745,9.638772780356406,4.586803814057437,4.600967160937372,23936,50000,0.47872,0.47029819372806414,0.4871539201644961,0.4702857705330892,0.4871626049993547,A89B7544E6D0696E62C7ABC8E34E3DA1718E5DA541D57E1FDB9CF7EC00696F77,C:\Users\23258\Desktop\华数杯\A题_微构体导电仿真优化\问题\问题4\results\D_screen2000_confirm50000\confirmation\pareto_max_A000619_B005483\mixed_pareto_frontier_samples.json,469BE2167B263FA7A811BF4572C0517EED8783B7657D7AADA5C24421020D94A7
strictly_cheaper_maximal,upper,strictly_cheaper_design_excluded,310,2737,350938,9.187535355545789,4.382521751757761,91.71775032400282,96.10027207576059,0.4382521751757761,9.171775032400284,9.610027207576058,4.601647839345649,4.585887516200141,24112,50000,0.48224,0.4738148722773535,0.4906752378134299,0.473802757621576,0.4906842324811996,A89B7544E6D0696E62C7ABC8E34E3DA1718E5DA541D57E1FDB9CF7EC00696F77,C:\Users\23258\Desktop\华数杯\A题_微构体导电仿真优化\问题\问题4\results\D_screen2000_confirm50000\confirmation\pareto_max_A000619_B005483\mixed_pareto_frontier_samples.json,469BE2167B263FA7A811BF4572C0517EED8783B7657D7AADA5C24421020D94A7
strictly_cheaper_maximal,upper,strictly_cheaper_design_excluded,311,2728,350929,9.18729973609677,4.396658918698915,91.4161574292582,95.81281634795712,0.43966589186989147,9.14161574292582,9.581281634795712,4.616491864633861,4.570807871462909,24243,50000,0.48486,0.47643267191878375,0.49329594670590443,0.4764207869908051,0.4933051719126425,A89B7544E6D0696E62C7ABC8E34E3DA1718E5DA541D57E1FDB9CF7EC00696F77,C:\Users\23258\Desktop\华数杯\A题_微构体导电仿真优化\问题\问题4\results\D_screen2000_confirm50000\confirmation\pareto_max_A000619_B005483\mixed_pareto_frontier_samples.json,469BE2167B263FA7A811BF4572C0517EED8783B7657D7AADA5C24421020D94A7
strictly_cheaper_maximal,upper,strictly_cheaper_design_excluded,312,2719,350920,9.18706411664775,4.410796085640069,91.11456453451359,95.52536062015366,0.4410796085640069,9.111456453451359,9.552536062015365,4.631335889922073,4.5557282267256785,24378,50000,0.48756,0.4791306469739161,0.49599643464372717,0.47911899885644377,0.49600589736153816,A89B7544E6D0696E62C7ABC8E34E3DA1718E5DA541D57E1FDB9CF7EC00696F77,C:\Users\23258\Desktop\华数杯\A题_微构体导电仿真优化\问题\问题4\results\D_screen2000_confirm50000\confirmation\pareto_max_A000619_B005483\mixed_pareto_frontier_samples.json,469BE2167B263FA7A811BF4572C0517EED8783B7657D7AADA5C24421020D94A7
strictly_cheaper_maximal,upper,strictly_cheaper_design_excluded,313,2710,350911,9.186828497198732,4.424933252581223,90.81297163976896,95.23790489235019,0.4424933252581223,9.081297163976897,9.523790489235019,4.6461799152102845,4.540648581988448,24499,50000,0.48998,0.48154904120081826,0.4984166628031034,0.48153760539437696,0.4984263383431774,A89B7544E6D0696E62C7ABC8E34E3DA1718E5DA541D57E1FDB9CF7EC00696F77,C:\Users\23258\Desktop\华数杯\A题_微构体导电仿真优化\问题\问题4\results\D_screen2000_confirm50000\confirmation\pareto_max_A000619_B005483\mixed_pareto_frontier_samples.json,469BE2167B263FA7A811BF4572C0517EED8783B7657D7AADA5C24421020D94A7
strictly_cheaper_maximal,upper,strictly_cheaper_design_excluded,314,2702,350966,9.188268393831628,4.439070419522377,90.54488906666263,94.98395948618501,0.4439070419522377,9.054488906666263,9.498395948618501,4.661023940498497,4.527244453333131,24652,50000,0.49304,0.4846072937518694,0.5014766683107348,0.4845961264840662,0.5014866128780651,A89B7544E6D0696E62C7ABC8E34E3DA1718E5DA541D57E1FDB9CF7EC00696F77,C:\Users\23258\Desktop\华数杯\A题_微构体导电仿真优化\问题\问题4\results\D_screen2000_confirm50000\confirmation\pareto_max_A000619_B005483\mixed_pareto_frontier_samples.json,469BE2167B263FA7A811BF4572C0517EED8783B7657D7AADA5C24421020D94A7
strictly_cheaper_maximal,upper,strictly_cheaper_design_excluded,315,2693,350957,9.188032774382608,4.453207586463531,90.24329617191802,94.69650375838155,0.4453207586463531,9.024329617191801,9.469650375838155,4.675867965786709,4.512164808595901,24804,50000,0.49608,0.4876458705850812,0.504516360921443,0.4876349701882349,0.5045265726707249,A89B7544E6D0696E62C7ABC8E34E3DA1718E5DA541D57E1FDB9CF7EC00696F77,C:\Users\23258\Desktop\华数杯\A题_微构体导电仿真优化\问题\问题4\results\D_screen2000_confirm50000\confirmation\pareto_max_A000619_B005483\mixed_pareto_frontier_samples.json,469BE2167B263FA7A811BF4572C0517EED8783B7657D7AADA5C24421020D94A7
strictly_cheaper_maximal,upper,strictly_cheaper_design_excluded,316,2684,350948,9.18779715493359,4.467344753404685,89.94170327717339,94.40904803057808,0.4467344753404685,8.994170327717338,9.440904803057807,4.69071199107492,4.497085163858669,24943,50000,0.49886,0.49042484205357484,0.5072958069049551,0.4904141857793983,0.5073062629091565,A89B7544E6D0696E62C7ABC8E34E3DA1718E5DA541D57E1FDB9CF7EC00696F77,C:\Users\23258\Desktop\华数杯\A题_微构体导电仿真优化\问题\问题4\results\D_screen2000_confirm50000\confirmation\pareto_max_A000619_B005483\mixed_pareto_frontier_samples.json,469BE2167B263FA7A811BF4572C0517EED8783B7657D7AADA5C24421020D94A7
strictly_cheaper_maximal,upper,strictly_cheaper_design_excluded,317,2675,350939,9.18756153548457,4.481481920345839,89.64011038242877,94.12159230277462,0.44814819203458395,8.964011038242877,9.412159230277462,4.705556016363132,4.482005519121438,25051,50000,0.50102,0.49258422287902603,0.5094551964738683,0.4925737563330823,0.5094658422087395,A89B7544E6D0696E62C7ABC8E34E3DA1718E5DA541D57E1FDB9CF7EC00696F77,C:\Users\23258\Desktop\华数杯\A题_微构体导电仿真优化\问题\问题4\results\D_screen2000_confirm50000\confirmation\pareto_max_A000619_B005483\mixed_pareto_frontier_samples.json,469BE2167B263FA7A811BF4572C0517EED8783B7657D7AADA5C24421020D94A7
strictly_cheaper_maximal,upper,strictly_cheaper_design_excluded,318,2666,350930,9.187325916035551,4.495619087286993,89.33851748768416,93.83413657497115,0.44956190872869933,8.933851748768415,9.383413657497115,4.720400041651343,4.4669258743842075,25205,50000,0.5041,0.495663612193828,0.5125340538325115,0.4956534162621155,0.5125449700333524,A89B7544E6D0696E62C7ABC8E34E3DA1718E5DA541D57E1FDB9CF7EC00696F77,C:\Users\23258\Desktop\华数杯\A题_微构体导电仿真优化\问题\问题4\results\D_screen2000_confirm50000\confirmation\pareto_max_A000619_B005483\mixed_pareto_frontier_samples.json,469BE2167B263FA7A811BF4572C0517EED8783B7657D7AADA5C24421020D94A7
strictly_cheaper_maximal,upper,strictly_cheaper_design_excluded,319,2657,350921,9.18709029658653,4.509756254228147,89.03692459293954,93.54668084716769,0.4509756254228147,8.903692459293953,9.35466808471677,4.735244066939555,4.451846229646976,25333,50000,0.50666,0.49822334815683067,0.5150928605591255,0.49821337721900294,0.515104001494854,A89B7544E6D0696E62C7ABC8E34E3DA1718E5DA541D57E1FDB9CF7EC00696F77,C:\Users\23258\Desktop\华数杯\A题_微构体导电仿真优化\问题\问题4\results\D_screen2000_confirm50000\confirmation\pareto_max_A000619_B005483\mixed_pareto_frontier_samples.json,469BE2167B263FA7A811BF4572C0517EED8783B7657D7AADA5C24421020D94A7
strictly_cheaper_maximal,upper,strictly_cheaper_design_excluded,320,2648,350912,9.186854677137513,4.523893421169301,88.73533169819491,93.25922511936422,0.45238934211693016,8.873533169819492,9.325922511936422,4.750088092227767,4.436766584909745,25468,50000,0.50936,0.500923309280477,0.5177913624284345,0.5009135757074918,0.517802740322256,A89B7544E6D0696E62C7ABC8E34E3DA1718E5DA541D57E1FDB9CF7EC00696F77,C:\Users\23258\Desktop\华数杯\A题_微构体导电仿真优化\问题\问题4\results\D_screen2000_confirm50000\confirmation\pareto_max_A000619_B005483\mixed_pareto_frontier_samples.json,469BE2167B263FA7A811BF4572C0517EED8783B7657D7AADA5C24421020D94A7
strictly_cheaper_maximal,upper,strictly_cheaper_design_excluded,321,2640,350967,9.188294573770408,4.5380305881104555,88.46724912508859,93.00527971319904,0.45380305881104555,8.846724912508858,9.300527971319905,4.764932117515979,4.423362456254428,25611,50000,0.51222,0.5037835364447047,0.5206495071752628,0.5037740543771481,0.5206611359940211,A89B7544E6D0696E62C7ABC8E34E3DA1718E5DA541D57E1FDB9CF7EC00696F77,C:\Users\23258\Desktop\华数杯\A题_微构体导电仿真优化\问题\问题4\results\D_screen2000_confirm50000\confirmation\pareto_max_A000619_B005483\mixed_pareto_frontier_samples.json,469BE2167B263FA7A811BF4572C0517EED8783B7657D7AADA5C24421020D94A7
strictly_cheaper_maximal,upper,strictly_cheaper_design_excluded,322,2631,350958,9.188058954321388,4.5521677550516095,88.16565623034397,92.71782398539558,0.455216775505161,8.816565623034398,9.271782398539559,4.779776142804191,4.408282811517197,25751,50000,0.51502,0.5065840263798582,0.5234474233068778,0.5065747906156226,0.5234592977114114,A89B7544E6D0696E62C7ABC8E34E3DA1718E5DA541D57E1FDB9CF7EC00696F77,C:\Users\23258\Desktop\华数杯\A题_微构体导电仿真优化\问题\问题4\results\D_screen2000_confirm50000\confirmation\pareto_max_A000619_B005483\mixed_pareto_frontier_samples.json,469BE2167B263FA7A811BF4572C0517EED8783B7657D7AADA5C24421020D94A7
strictly_cheaper_maximal,upper,strictly_cheaper_design_excluded,323,2622,350949,9.187823334872368,4.566304921992764,87.86406333559934,92.43036825759211,0.45663049219927637,8.786406333559935,9.24303682575921,4.794620168092402,4.393203166779967,25936,50000,0.51872,0.5102850800025054,0.5271442634153174,0.5102761698231164,0.5271564622298415,A89B7544E6D0696E62C7ABC8E34E3DA1718E5DA541D57E1FDB9CF7EC00696F77,C:\Users\23258\Desktop\华数杯\A题_微构体导电仿真优化\问题\问题4\results\D_screen2000_confirm50000\confirmation\pareto_max_A000619_B005483\mixed_pareto_frontier_samples.json,469BE2167B263FA7A811BF4572C0517EED8783B7657D7AADA5C24421020D94A7
strictly_cheaper_maximal,upper,strictly_cheaper_design_excluded,324,2613,350940,9.18758771542335,4.580442088933918,87.56247044085472,92.14291252978865,0.45804420889339176,8.756247044085471,9.214291252978864,4.809464193380615,4.378123522042736,26081,50000,0.52162,0.5131862292981195,0.5300414632602848,0.5131775743964464,0.5300539162510903,A89B7544E6D0696E62C7ABC8E34E3DA1718E5DA541D57E1FDB9CF7EC00696F77,C:\Users\23258\Desktop\华数杯\A题_微构体导电仿真优化\问题\问题4\results\D_screen2000_confirm50000\confirmation\pareto_max_A000619_B005483\mixed_pareto_frontier_samples.json,469BE2167B263FA7A811BF4572C0517EED8783B7657D7AADA5C24421020D94A7
strictly_cheaper_maximal,upper,strictly_cheaper_design_excluded,325,2604,350931,9.18735209597433,4.594579255875072,87.26087754611011,91.85545680198518,0.4594579255875072,8.726087754611012,9.18554568019852,4.824308218668826,4.363043877305505,26234,50000,0.52468,0.5162477504737784,0.5330982001433087,0.5162393650194772,0.5331109212469678,A89B7544E6D0696E62C7ABC8E34E3DA1718E5DA541D57E1FDB9CF7EC00696F77,C:\Users\23258\Desktop\华数杯\A题_微构体导电仿真优化\问题\问题4\results\D_screen2000_confirm50000\confirmation\pareto_max_A000619_B005483\mixed_pareto_frontier_samples.json,469BE2167B263FA7A811BF4572C0517EED8783B7657D7AADA5C24421020D94A7
strictly_cheaper_maximal,upper,strictly_cheaper_design_excluded,326,2595,350922,9.187116476525311,4.608716422816226,86.95928465136548,91.56800107418171,0.4608716422816226,8.695928465136548,9.15680010741817,4.839152243957038,4.347964232568273,26377,50000,0.52754,0.5191094588347135,0.5359548636934296,0.5191013252961116,0.5359678353052877,A89B7544E6D0696E62C7ABC8E34E3DA1718E5DA541D57E1FDB9CF7EC00696F77,C:\Users\23258\Desktop\华数杯\A题_微构体导电仿真优化\问题\问题4\results\D_screen2000_confirm50000\confirmation\pareto_max_A000619_B005483\mixed_pareto_frontier_samples.json,469BE2167B263FA7A811BF4572C0517EED8783B7657D7AADA5C24421020D94A7
strictly_cheaper_maximal,upper,strictly_cheaper_design_excluded,327,2586,350913,9.186880857076291,4.62285358975738,86.65769175662086,91.28054534637825,0.462285358975738,8.665769175662087,9.128054534637824,4.85399626924525,4.3328845878310425,26520,50000,0.5304,0.5219714443756447,0.5388112500635547,0.5219635628293617,0.538824472105186,A89B7544E6D0696E62C7ABC8E34E3DA1718E5DA541D57E1FDB9CF7EC00696F77,C:\Users\23258\Desktop\华数杯\A题_微构体导电仿真优化\问题\问题4\results\D_screen2000_confirm50000\confirmation\pareto_max_A000619_B005483\mixed_pareto_frontier_samples.json,469BE2167B263FA7A811BF4572C0517EED8783B7657D7AADA5C24421020D94A7
strictly_cheaper_maximal,upper,strictly_cheaper_design_excluded,328,2578,350968,9.188320753709187,4.636990756698534,86.38960918351454,91.02659994021307,0.4636990756698534,8.638960918351453,9.102659994021307,4.868840294533461,4.319480459175726,26664,50000,0.53328,0.5248537241759269,0.5416873307890914,0.5248460964616105,0.5417008049322677,A89B7544E6D0696E62C7ABC8E34E3DA1718E5DA541D57E1FDB9CF7EC00696F77,C:\Users\23258\Desktop\华数杯\A题_微构体导电仿真优化\问题\问题4\results\D_screen2000_confirm50000\confirmation\pareto_max_A000619_B005483\mixed_pareto_frontier_samples.json,469BE2167B263FA7A811BF4572C0517EED8783B7657D7AADA5C24421020D94A7
strictly_cheaper_maximal,upper,strictly_cheaper_design_excluded,329,2569,350959,9.188085134260168,4.651127923639688,86.08801628876992,90.73914421240961,0.4651127923639688,8.608801628876993,9.07391442124096,4.883684319821673,4.3044008144384955,26774,50000,0.53548,0.5270556554300713,0.5438841471588364,0.5270482216675789,0.5438978138256911,A89B7544E6D0696E62C7ABC8E34E3DA1718E5DA541D57E1FDB9CF7EC00696F77,C:\Users\23258\Desktop\华数杯\A题_微构体导电仿真优化\问题\问题4\results\D_screen2000_confirm50000\confirmation\pareto_max_A000619_B005483\mixed_pareto_frontier_samples.json,469BE2167B263FA7A811BF4572C0517EED8783B7657D7AADA5C24421020D94A7
strictly_cheaper_maximal,upper,strictly_cheaper_design_excluded,330,2560,350950,9.187849514811148,4.665265090580842,85.78642339402529,90.45168848460614,0.46652650905808424,8.57864233940253,9.045168848460612,4.898528345109884,4.289321169701264,26919,50000,0.53838,0.5299584525477228,0.5467796991817664,0.5299512745184018,0.5467936195582945,A89B7544E6D0696E62C7ABC8E34E3DA1718E5DA541D57E1FDB9CF7EC00696F77,C:\Users\23258\Desktop\华数杯\A题_微构体导电仿真优化\问题\问题4\results\D_screen2000_confirm50000\confirmation\pareto_max_A000619_B005483\mixed_pareto_frontier_samples.json,469BE2167B263FA7A811BF4572C0517EED8783B7657D7AADA5C24421020D94A7
strictly_cheaper_maximal,upper,strictly_cheaper_design_excluded,331,2551,350941,9.18761389536213,4.679402257521996,85.48483049928068,90.16423275680268,0.4679402257521996,8.548483049928066,9.016423275680266,4.913372370398097,4.274241524964033,27051,50000,0.54102,0.5326012477554196,0.5494154011227368,0.5325943026001672,0.5494295523915933,A89B7544E6D0696E62C7ABC8E34E3DA1718E5DA541D57E1FDB9CF7EC00696F77,C:\Users\23258\Desktop\华数杯\A题_微构体导电仿真优化\问题\问题4\results\D_screen2000_confirm50000\confirmation\pareto_max_A000619_B005483\mixed_pareto_frontier_samples.json,469BE2167B263FA7A811BF4572C0517EED8783B7657D7AADA5C24421020D94A7
strictly_cheaper_maximal,upper,strictly_cheaper_design_excluded,332,2542,350932,9.18737827591311,4.69353942446315,85.18323760453606,89.87677702899921,0.46935394244631506,8.518323760453606,8.987677702899923,4.9282163956863085,4.259161880226802,27167,50000,0.54334,0.5349239001992628,0.5517314279913589,0.5349171597450287,0.5517457821095793,A89B7544E6D0696E62C7ABC8E34E3DA1718E5DA541D57E1FDB9CF7EC00696F77,C:\Users\23258\Desktop\华数杯\A题_微构体导电仿真优化\问题\问题4\results\D_screen2000_confirm50000\confirmation\pareto_max_A000619_B005483\mixed_pareto_frontier_samples.json,469BE2167B263FA7A811BF4572C0517EED8783B7657D7AADA5C24421020D94A7
strictly_cheaper_maximal,upper,strictly_cheaper_design_excluded,333,2533,350923,9.187142656464092,4.707676591404304,84.88164470979143,89.58932130119574,0.47076765914043045,8.488164470979143,8.958932130119575,4.94306042097452,4.2440822354895715,27286,50000,0.54572,0.5373068120550945,0.5541071612922804,0.537300281648526,0.5541217234513419,A89B7544E6D0696E62C7ABC8E34E3DA1718E5DA541D57E1FDB9CF7EC00696F77,C:\Users\23258\Desktop\华数杯\A题_微构体导电仿真优化\问题\问题4\results\D_screen2000_confirm50000\confirmation\pareto_max_A000619_B005483\mixed_pareto_frontier_samples.json,469BE2167B263FA7A811BF4572C0517EED8783B7657D7AADA5C24421020D94A7
strictly_cheaper_maximal,upper,strictly_cheaper_design_excluded,334,2524,350914,9.186907037015072,4.7218137583454585,84.58005181504682,89.30186557339228,0.47218137583454584,8.458005181504682,8.930186557339228,4.957904446262732,4.22900259075234,27417,50000,0.54834,0.5399302413016783,0.5567222405796014,0.5399239421858025,0.556737031694225,A89B7544E6D0696E62C7ABC8E34E3DA1718E5DA541D57E1FDB9CF7EC00696F77,C:\Users\23258\Desktop\华数杯\A题_微构体导电仿真优化\问题\问题4\results\D_screen2000_confirm50000\confirmation\pareto_max_A000619_B005483\mixed_pareto_frontier_samples.json,469BE2167B263FA7A811BF4572C0517EED8783B7657D7AADA5C24421020D94A7
strictly_cheaper_maximal,upper,strictly_cheaper_design_excluded,335,2516,350969,9.188346933647967,4.7359509252866125,84.31196924194049,89.0479201672271,0.4735950925286613,8.43119692419405,8.90479201672271,4.972748471550944,4.215598462097024,27573,50000,0.55146,0.5430546313545143,0.5598360744297356,0.5430486077533208,0.5598511381056441,A89B7544E6D0696E62C7ABC8E34E3DA1718E5DA541D57E1FDB9CF7EC00696F77,C:\Users\23258\Desktop\华数杯\A题_微构体导电仿真优化\问题\问题4\results\D_screen2000_confirm50000\confirmation\pareto_max_A000619_B005483\mixed_pareto_frontier_samples.json,469BE2167B263FA7A811BF4572C0517EED8783B7657D7AADA5C24421020D94A7
strictly_cheaper_maximal,upper,strictly_cheaper_design_excluded,336,2507,350960,9.188111314198947,4.750088092227767,84.01037634719586,88.76046443942363,0.47500880922277666,8.401037634719586,8.876046443942363,4.987592496839156,4.200518817359793,27701,50000,0.55402,0.5456184826182606,0.562390765855606,0.5456126851491616,0.5624060530997268,A89B7544E6D0696E62C7ABC8E34E3DA1718E5DA541D57E1FDB9CF7EC00696F77,C:\Users\23258\Desktop\华数杯\A题_微构体导电仿真优化\问题\问题4\results\D_screen2000_confirm50000\confirmation\pareto_max_A000619_B005483\mixed_pareto_frontier_samples.json,469BE2167B263FA7A811BF4572C0517EED8783B7657D7AADA5C24421020D94A7
strictly_cheaper_maximal,upper,strictly_cheaper_design_excluded,337,2498,350951,9.187875694749929,4.764225259168921,83.70878345245124,88.47300871162017,0.4764225259168921,8.370878345245124,8.847300871162016,5.0024365221273674,4.185439172622562,27851,50000,0.55702,0.5486232821734294,0.5653842585148321,0.5486177497819198,0.5653998076702055,A89B7544E6D0696E62C7ABC8E34E3DA1718E5DA541D57E1FDB9CF7EC00696F77,C:\Users\23258\Desktop\华数杯\A题_微构体导电仿真优化\问题\问题4\results\D_screen2000_confirm50000\confirmation\pareto_max_A000619_B005483\mixed_pareto_frontier_samples.json,469BE2167B263FA7A811BF4572C0517EED8783B7657D7AADA5C24421020D94A7
strictly_cheaper_maximal,upper,strictly_cheaper_design_excluded,338,2489,350942,9.187640075300909,4.778362426110075,83.40719055770663,88.1855529838167,0.4778362426110075,8.340719055770663,8.818555298381671,5.017280547415579,4.1703595278853305,27969,50000,0.55938,0.550987275373307,0.5677389218569447,0.5509819515695634,0.5677546769861508,A89B7544E6D0696E62C7ABC8E34E3DA1718E5DA541D57E1FDB9CF7EC00696F77,C:\Users\23258\Desktop\华数杯\A题_微构体导电仿真优化\问题\问题4\results\D_screen2000_confirm50000\confirmation\pareto_max_A000619_B005483\mixed_pareto_frontier_samples.json,469BE2167B263FA7A811BF4572C0517EED8783B7657D7AADA5C24421020D94A7
strictly_cheaper_maximal,upper,strictly_cheaper_design_excluded,339,2480,350933,9.18740445585189,4.792499593051229,83.105597662962,87.89809725601323,0.4792499593051229,8.3105597662962,8.789809725601323,5.032124572703791,4.1552798831481,28133,50000,0.56266,0.5542731440465104,0.5710111860048132,0.554268110232451,0.5710272273101362,A89B7544E6D0696E62C7ABC8E34E3DA1718E5DA541D57E1FDB9CF7EC00696F77,C:\Users\23258\Desktop\华数杯\A题_微构体导电仿真优化\问题\问题4\results\D_screen2000_confirm50000\confirmation\pareto_max_A000619_B005483\mixed_pareto_frontier_samples.json,469BE2167B263FA7A811BF4572C0517EED8783B7657D7AADA5C24421020D94A7
strictly_cheaper_maximal,upper,strictly_cheaper_design_excluded,340,2471,350924,9.18716883640287,4.806636759992383,82.80400476821738,87.61064152820977,0.4806636759992383,8.280400476821738,8.761064152820977,5.046968597992002,4.140200238410869,28236,50000,0.56472,0.5563370197941682,0.5730661375777062,0.5563321681602477,0.5730823585602823,A89B7544E6D0696E62C7ABC8E34E3DA1718E5DA541D57E1FDB9CF7EC00696F77,C:\Users\23258\Desktop\华数杯\A题_微构体导电仿真优化\问题\问题4\results\D_screen2000_confirm50000\confirmation\pareto_max_A000619_B005483\mixed_pareto_frontier_samples.json,469BE2167B263FA7A811BF4572C0517EED8783B7657D7AADA5C24421020D94A7
strictly_cheaper_maximal,upper,strictly_cheaper_design_excluded,341,2462,350915,9.186933216953852,4.820773926933537,82.50241187347277,87.3231858004063,0.4820773926933537,8.250241187347278,8.73231858004063,5.061812623280215,4.125120593673638,28361,50000,0.56722,0.5588419206042303,0.5755598136129729,0.5588372901172253,0.5755762525928841,A89B7544E6D0696E62C7ABC8E34E3DA1718E5DA541D57E1FDB9CF7EC00696F77,C:\Users\23258\Desktop\华数杯\A题_微构体导电仿真优化\问题\问题4\results\D_screen2000_confirm50000\confirmation\pareto_max_A000619_B005483\mixed_pareto_frontier_samples.json,469BE2167B263FA7A811BF4572C0517EED8783B7657D7AADA5C24421020D94A7
strictly_cheaper_maximal,upper,strictly_cheaper_design_excluded,342,2454,350970,9.188373113586747,4.834911093874691,82.23432930036644,87.06924039424113,0.48349110938746914,8.223432930036644,8.706924039424113,5.076656648568426,4.111716465018321,28548,50000,0.57096,0.5625896568896096,0.5792899482882059,0.562585357350285,0.5793067132736478,A89B7544E6D0696E62C7ABC8E34E3DA1718E5DA541D57E1FDB9CF7EC00696F77,C:\Users\23258\Desktop\华数杯\A题_微构体导电仿真优化\问题\问题4\results\D_screen2000_confirm50000\confirmation\pareto_max_A000619_B005483\mixed_pareto_frontier_samples.json,469BE2167B263FA7A811BF4572C0517EED8783B7657D7AADA5C24421020D94A7
strictly_cheaper_maximal,upper,strictly_cheaper_design_excluded,343,2445,350961,9.188137494137727,4.849048260815845,81.93273640562181,86.78178466643766,0.48490482608158453,8.193273640562182,8.678178466643764,5.091500673856638,4.09663682028109,28646,50000,0.57292,0.5645539053688837,0.5812445840556695,0.5645497793211052,0.5812615198319164,A89B7544E6D0696E62C7ABC8E34E3DA1718E5DA541D57E1FDB9CF7EC00696F77,C:\Users\23258\Desktop\华数杯\A题_微构体导电仿真优化\问题\问题4\results\D_screen2000_confirm50000\confirmation\pareto_max_A000619_B005483\mixed_pareto_frontier_samples.json,469BE2167B263FA7A811BF4572C0517EED8783B7657D7AADA5C24421020D94A7
strictly_cheaper_maximal,upper,strictly_cheaper_design_excluded,344,2436,350952,9.18790187468871,4.863185427756999,81.6311435108772,86.4943289386342,0.4863185427756999,8.163114351087719,8.64943289386342,5.10634469914485,4.0815571755438596,28743,50000,0.57486,0.5664982422868555,0.583179142769673,0.5664942879967854,0.5831962475551582,A89B7544E6D0696E62C7ABC8E34E3DA1718E5DA541D57E1FDB9CF7EC00696F77,C:\Users\23258\Desktop\华数杯\A题_微构体导电仿真优化\问题\问题4\results\D_screen2000_confirm50000\confirmation\pareto_max_A000619_B005483\mixed_pareto_frontier_samples.json,469BE2167B263FA7A811BF4572C0517EED8783B7657D7AADA5C24421020D94A7
strictly_cheaper_maximal,upper,strictly_cheaper_design_excluded,345,2427,350943,9.187666255239689,4.877322594698153,81.32955061613258,86.20687321083074,0.48773225946981535,8.132955061613258,8.620687321083075,5.121188724433062,4.066477530806628,28863,50000,0.57726,0.56890378932643,0.585572229501614,0.5689000475704742,0.5855895433170484,A89B7544E6D0696E62C7ABC8E34E3DA1718E5DA541D57E1FDB9CF7EC00696F77,C:\Users\23258\Desktop\华数杯\A题_微构体导电仿真优化\问题\问题4\results\D_screen2000_confirm50000\confirmation\pareto_max_A000619_B005483\mixed_pareto_frontier_samples.json,469BE2167B263FA7A811BF4572C0517EED8783B7657D7AADA5C24421020D94A7
strictly_cheaper_maximal,upper,strictly_cheaper_design_excluded,346,2418,350934,9.18743063579067,4.891459761639307,81.02795772138795,85.91941748302726,0.48914597616393074,8.102795772138794,8.591941748302727,5.136032749721274,4.051397886069397,28996,50000,0.57992,0.5715701727063157,0.5882243318851584,0.5715666665742525,0.5882418773057995,A89B7544E6D0696E62C7ABC8E34E3DA1718E5DA541D57E1FDB9CF7EC00696F77,C:\Users\23258\Desktop\华数杯\A题_微构体导电仿真优化\问题\问题4\results\D_screen2000_confirm50000\confirmation\pareto_max_A000619_B005483\mixed_pareto_frontier_samples.json,469BE2167B263FA7A811BF4572C0517EED8783B7657D7AADA5C24421020D94A7
strictly_cheaper_maximal,upper,strictly_cheaper_design_excluded,347,2409,350925,9.18719501634165,4.9055969285804615,80.72636482664333,85.6319617552238,0.4905596928580462,8.072636482664333,8.56319617552238,5.150876775009485,4.036318241332166,29159,50000,0.58318,0.574838334401958,0.5914743143958251,0.5748351171359241,0.5914921435629877,A89B7544E6D0696E62C7ABC8E34E3DA1718E5DA541D57E1FDB9CF7EC00696F77,C:\Users\23258\Desktop\华数杯\A题_微构体导电仿真优化\问题\问题4\results\D_screen2000_confirm50000\confirmation\pareto_max_A000619_B005483\mixed_pareto_frontier_samples.json,469BE2167B263FA7A811BF4572C0517EED8783B7657D7AADA5C24421020D94A7
strictly_cheaper_maximal,upper,strictly_cheaper_design_excluded,348,2400,350916,9.186959396892632,4.919734095521616,80.42477193189872,85.34450602742034,0.49197340955216157,8.042477193189873,8.534450602742034,5.165720800297697,4.0212385965949355,29289,50000,0.58578,0.5774451116915398,0.5940660570253853,0.5774421248838577,0.5940841124136572,A89B7544E6D0696E62C7ABC8E34E3DA1718E5DA541D57E1FDB9CF7EC00696F77,C:\Users\23258\Desktop\华数杯\A题_微构体导电仿真优化\问题\问题4\results\D_screen2000_confirm50000\confirmation\pareto_max_A000619_B005483\mixed_pareto_frontier_samples.json,469BE2167B263FA7A811BF4572C0517EED8783B7657D7AADA5C24421020D94A7
strictly_cheaper_maximal,upper,strictly_cheaper_design_excluded,349,2392,350971,9.188399293525526,4.93387126246277,80.15668935879239,85.09056062125516,0.49338712624627695,8.015668935879239,8.509056062125516,5.1805648255859085,4.0078344679396185,29456,50000,0.58912,0.5807941679476177,0.5973950994346667,0.5807914772875838,0.5974134453254237,A89B7544E6D0696E62C7ABC8E34E3DA1718E5DA541D57E1FDB9CF7EC00696F77,C:\Users\23258\Desktop\华数杯\A题_微构体导电仿真优化\问题\问题4\results\D_screen2000_confirm50000\confirmation\pareto_max_A000619_B005483\mixed_pareto_frontier_samples.json,469BE2167B263FA7A811BF4572C0517EED8783B7657D7AADA5C24421020D94A7
strictly_cheaper_maximal,upper,strictly_cheaper_design_excluded,350,2383,350962,9.188163674076508,4.948008429403924,79.85509646404776,84.80310489345169,0.4948008429403924,7.985509646404776,8.48031048934517,5.19540885087412,3.9927548232023877,29629,50000,0.59258,0.5842639661150146,0.600843331621205,0.5842615823585924,0.6008619783266808,A89B7544E6D0696E62C7ABC8E34E3DA1718E5DA541D57E1FDB9CF7EC00696F77,C:\Users\23258\Desktop\华数杯\A题_微构体导电仿真优化\问题\问题4\results\D_screen2000_confirm50000\confirmation\pareto_max_A000619_B005483\mixed_pareto_frontier_samples.json,469BE2167B263FA7A811BF4572C0517EED8783B7657D7AADA5C24421020D94A7
strictly_cheaper_maximal,upper,strictly_cheaper_design_excluded,351,2374,350953,9.187928054627488,4.962145596345078,79.55350356930315,84.51564916564823,0.4962145596345078,7.955350356930315,8.451564916564823,5.210252876162332,3.977675178465157,29781,50000,0.59562,0.5873129260326811,0.6038726411474585,0.5873108120235289,0.6038915520467816,A89B7544E6D0696E62C7ABC8E34E3DA1718E5DA541D57E1FDB9CF7EC00696F77,C:\Users\23258\Desktop\华数杯\A题_微构体导电仿真优化\问题\问题4\results\D_screen2000_confirm50000\confirmation\pareto_max_A000619_B005483\mixed_pareto_frontier_samples.json,469BE2167B263FA7A811BF4572C0517EED8783B7657D7AADA5C24421020D94A7
strictly_cheaper_maximal,upper,strictly_cheaper_design_excluded,352,2365,350944,9.18769243517847,4.976282763286232,79.25191067455853,84.22819343784477,0.4976282763286232,7.925191067455853,8.422819343784477,5.225096901450544,3.9625955337279257,29910,50000,0.5982,0.5899007887343353,0.6064433097501836,0.5898989037275923,0.6064624447884474,A89B7544E6D0696E62C7ABC8E34E3DA1718E5DA541D57E1FDB9CF7EC00696F77,C:\Users\23258\Desktop\华数杯\A题_微构体导电仿真优化\问题\问题4\results\D_screen2000_confirm50000\confirmation\pareto_max_A000619_B005483\mixed_pareto_frontier_samples.json,469BE2167B263FA7A811BF4572C0517EED8783B7657D7AADA5C24421020D94A7
strictly_cheaper_maximal,upper,strictly_cheaper_design_excluded,353,2356,350935,9.18745681572945,4.990419930227386,78.9503177798139,83.94073771004129,0.4990419930227386,7.895031777981391,8.394073771004129,5.239940926738756,3.9475158889906945,30064,50000,0.60128,0.5929904871731146,0.6095118579848497,0.5929888756362753,0.609531260505117,A89B7544E6D0696E62C7ABC8E34E3DA1718E5DA541D57E1FDB9CF7EC00696F77,C:\Users\23258\Desktop\华数杯\A题_微构体导电仿真优化\问题\问题4\results\D_screen2000_confirm50000\confirmation\pareto_max_A000619_B005483\mixed_pareto_frontier_samples.json,469BE2167B263FA7A811BF4572C0517EED8783B7657D7AADA5C24421020D94A7
strictly_cheaper_maximal,upper,strictly_cheaper_design_excluded,354,2347,350926,9.187221196280431,5.00455709716854,78.64872488506929,83.65328198223783,0.500455709716854,7.864872488506928,8.365328198223782,5.254784952026967,3.9324362442534637,30188,50000,0.60376,0.5954785438899539,0.6119823894985765,0.5954771526189508,0.6120020073185147,A89B7544E6D0696E62C7ABC8E34E3DA1718E5DA541D57E1FDB9CF7EC00696F77,C:\Users\23258\Desktop\华数杯\A题_微构体导电仿真优化\问题\问题4\results\D_screen2000_confirm50000\confirmation\pareto_max_A000619_B005483\mixed_pareto_frontier_samples.json,469BE2167B263FA7A811BF4572C0517EED8783B7657D7AADA5C24421020D94A7
strictly_cheaper_maximal,upper,strictly_cheaper_design_excluded,355,2338,350917,9.186985576831411,5.018694264109694,78.34713199032467,83.36582625443437,0.5018694264109694,7.834713199032467,8.336582625443436,5.26962897731518,3.917356599516233,30344,50000,0.60688,0.598608994645098,0.6150901626464028,0.5986078805709842,0.6151100512308825,A89B7544E6D0696E62C7ABC8E34E3DA1718E5DA541D57E1FDB9CF7EC00696F77,C:\Users\23258\Desktop\华数杯\A题_微构体导电仿真优化\问题\问题4\results\D_screen2000_confirm50000\confirmation\pareto_max_A000619_B005483\mixed_pareto_frontier_samples.json,469BE2167B263FA7A811BF4572C0517EED8783B7657D7AADA5C24421020D94A7
strictly_cheaper_maximal,upper,strictly_cheaper_design_excluded,356,2330,350972,9.188425473464306,5.032831431050848,78.07904941721833,83.11188084826918,0.5032831431050848,7.807904941721833,8.311188084826917,5.2844730026033915,3.9039524708609163,30494,50000,0.60988,0.6016193755958038,0.6180780739100918,0.6016185281504127,0.6180982227430627,A89B7544E6D0696E62C7ABC8E34E3DA1718E5DA541D57E1FDB9CF7EC00696F77,C:\Users\23258\Desktop\华数杯\A题_微构体导电仿真优化\问题\问题4\results\D_screen2000_confirm50000\confirmation\pareto_max_A000619_B005483\mixed_pareto_frontier_samples.json,469BE2167B263FA7A811BF4572C0517EED8783B7657D7AADA5C24421020D94A7
strictly_cheaper_maximal,upper,strictly_cheaper_design_excluded,357,2321,350963,9.188189854015288,5.046968597992002,77.77745652247371,82.82442512046572,0.5046968597992002,7.777745652247371,8.282442512046572,5.299317027891602,3.888872826123685,30643,50000,0.61286,0.6046100110625047,0.621045742043023,0.6046094285593626,0.6210661492896243,A89B7544E6D0696E62C7ABC8E34E3DA1718E5DA541D57E1FDB9CF7EC00696F77,C:\Users\23258\Desktop\华数杯\A题_微构体导电仿真优化\问题\问题4\results\D_screen2000_confirm50000\confirmation\pareto_max_A000619_B005483\mixed_pareto_frontier_samples.json,469BE2167B263FA7A811BF4572C0517EED8783B7657D7AADA5C24421020D94A7
strictly_cheaper_maximal,upper,strictly_cheaper_design_excluded,358,2312,350954,9.187954234566268,5.061105764933156,77.4758636277291,82.53696939266226,0.5061105764933157,7.74758636277291,8.253696939266225,5.314161053179814,3.8737931813864543,30794,50000,0.61588,0.6076411198432436,0.6240529140914413,0.6076408059317713,0.6240735831178852,A89B7544E6D0696E62C7ABC8E34E3DA1718E5DA541D57E1FDB9CF7EC00696F77,C:\Users\23258\Desktop\华数杯\A题_微构体导电仿真优化\问题\问题4\results\D_screen2000_confirm50000\confirmation\pareto_max_A000619_B005483\mixed_pareto_frontier_samples.json,469BE2167B263FA7A811BF4572C0517EED8783B7657D7AADA5C24421020D94A7
strictly_cheaper_maximal,upper,strictly_cheaper_design_excluded,359,2303,350945,9.18771861511725,5.07524293187431,77.17427073298447,82.24951366485878,0.5075242931874311,7.717427073298447,8.224951366485879,5.329005078468026,3.858713536649223,30953,50000,0.61906,0.6108331784378118,0.6272190452441315,0.6108331474500412,0.6272399898070922,A89B7544E6D0696E62C7ABC8E34E3DA1718E5DA541D57E1FDB9CF7EC00696F77,C:\Users\23258\Desktop\华数杯\A题_微构体导电仿真优化\问题\问题4\results\D_screen2000_confirm50000\confirmation\pareto_max_A000619_B005483\mixed_pareto_frontier_samples.json,469BE2167B263FA7A811BF4572C0517EED8783B7657D7AADA5C24421020D94A7
strictly_cheaper_maximal,upper,strictly_cheaper_design_excluded,360,2294,350936,9.18748299566823,5.0893800988154645,76.87267783823985,81.96205793705532,0.5089380098815465,7.687267783823986,8.196205793705532,5.343849103756238,3.8436338919119923,31099,50000,0.62198,0.613764578973447,0.6301259824638404,0.6137648078700271,0.6301471799326437,A89B7544E6D0696E62C7ABC8E34E3DA1718E5DA541D57E1FDB9CF7EC00696F77,C:\Users\23258\Desktop\华数杯\A题_微构体导电仿真优化\问题\问题4\results\D_screen2000_confirm50000\confirmation\pareto_max_A000619_B005483\mixed_pareto_frontier_samples.json,469BE2167B263FA7A811BF4572C0517EED8783B7657D7AADA5C24421020D94A7
strictly_cheaper_maximal,upper,strictly_cheaper_design_excluded,361,2285,350927,9.18724737621921,5.103517265756619,76.57108494349524,81.67460220925186,0.5103517265756619,7.657108494349523,8.167460220925186,5.3586931290444495,3.828554247174761,31249,50000,0.62498,0.6167766202843307,0.6331122333673515,0.6167771162785189,0.633133690567731,A89B7544E6D0696E62C7ABC8E34E3DA1718E5DA541D57E1FDB9CF7EC00696F77,C:\Users\23258\Desktop\华数杯\A题_微构体导电仿真优化\问题\问题4\results\D_screen2000_confirm50000\confirmation\pareto_max_A000619_B005483\mixed_pareto_frontier_samples.json,469BE2167B263FA7A811BF4572C0517EED8783B7657D7AADA5C24421020D94A7
strictly_cheaper_maximal,upper,strictly_cheaper_design_excluded,362,2276,350918,9.187011756770191,5.117654432697773,76.26949204875062,81.3871464814484,0.5117654432697772,7.626949204875062,8.13871464814484,5.373537154332662,3.8134746024375303,31374,50000,0.62748,0.6192869101130448,0.6356005203839662,0.6192876287611568,0.6356221939467195,A89B7544E6D0696E62C7ABC8E34E3DA1718E5DA541D57E1FDB9CF7EC00696F77,C:\Users\23258\Desktop\华数杯\A题_微构体导电仿真优化\问题\问题4\results\D_screen2000_confirm50000\confirmation\pareto_max_A000619_B005483\mixed_pareto_frontier_samples.json,469BE2167B263FA7A811BF4572C0517EED8783B7657D7AADA5C24421020D94A7
strictly_cheaper_maximal,upper,strictly_cheaper_design_excluded,363,2267,350909,9.186776137321171,5.131791599638927,75.96789915400599,81.09969075364492,0.5131791599638926,7.596789915400599,8.109969075364491,5.388381179620874,3.798394957700299,31487,50000,0.62974,0.6215564127743394,0.6378497311908489,0.6215573327587394,0.6378716002815985,A89B7544E6D0696E62C7ABC8E34E3DA1718E5DA541D57E1FDB9CF7EC00696F77,C:\Users\23258\Desktop\华数杯\A题_微构体导电仿真优化\问题\问题4\results\D_screen2000_confirm50000\confirmation\pareto_max_A000619_B005483\mixed_pareto_frontier_samples.json,469BE2167B263FA7A811BF4572C0517EED8783B7657D7AADA5C24421020D94A7
strictly_cheaper_maximal,upper,strictly_cheaper_design_excluded,364,2259,350964,9.188216033954067,5.145928766580081,75.69981658089966,80.84574534747975,0.5145928766580081,7.569981658089966,8.084574534747976,5.403225204909085,3.7849908290449825,31607,50000,0.63214,0.6239667135296684,0.6402380642070359,0.6239678473822721,0.6402601408715001,A89B7544E6D0696E62C7ABC8E34E3DA1718E5DA541D57E1FDB9CF7EC00696F77,C:\Users\23258\Desktop\华数杯\A题_微构体导电仿真优化\问题\问题4\results\D_screen2000_confirm50000\confirmation\pareto_max_A000619_B005483\mixed_pareto_frontier_samples.json,469BE2167B263FA7A811BF4572C0517EED8783B7657D7AADA5C24421020D94A7
strictly_cheaper_maximal,upper,strictly_cheaper_design_excluded,365,2250,350955,9.187980414505049,5.160065933521235,75.39822368615505,80.55828961967629,0.5160065933521234,7.539822368615505,8.055828961967629,5.418069230197298,3.7699111843077517,31711,50000,0.63422,0.6260558160111451,0.6423077776608725,0.626057135266264,0.6423300341666219,A89B7544E6D0696E62C7ABC8E34E3DA1718E5DA541D57E1FDB9CF7EC00696F77,C:\Users\23258\Desktop\华数杯\A题_微构体导电仿真优化\问题\问题4\results\D_screen2000_confirm50000\confirmation\pareto_max_A000619_B005483\mixed_pareto_frontier_samples.json,469BE2167B263FA7A811BF4572C0517EED8783B7657D7AADA5C24421020D94A7
strictly_cheaper_maximal,upper,strictly_cheaper_design_excluded,366,2241,350946,9.187744795056028,5.174203100462389,75.09663079141042,80.27083389187281,0.5174203100462389,7.509663079141042,8.02708338918728,5.432913255485509,3.754831539570521,31828,50000,0.63656,0.6284062514803457,0.6446360101188999,0.628407779369198,0.6446584688835224,A89B7544E6D0696E62C7ABC8E34E3DA1718E5DA541D57E1FDB9CF7EC00696F77,C:\Users\23258\Desktop\华数杯\A题_微构体导电仿真优化\问题\问题4\results\D_screen2000_confirm50000\confirmation\pareto_max_A000619_B005483\mixed_pareto_frontier_samples.json,469BE2167B263FA7A811BF4572C0517EED8783B7657D7AADA5C24421020D94A7
strictly_cheaper_maximal,upper,strictly_cheaper_design_excluded,367,2232,350937,9.18750917560701,5.188340267403543,74.7950378966658,79.98337816406935,0.5188340267403543,7.4795037896665795,7.998337816406935,5.44775728077372,3.7397518948332897,31921,50000,0.63842,0.6302746943012557,0.6464865084709145,0.6302763880696377,0.6465091279578097,A89B7544E6D0696E62C7ABC8E34E3DA1718E5DA541D57E1FDB9CF7EC00696F77,C:\Users\23258\Desktop\华数杯\A题_微构体导电仿真优化\问题\问题4\results\D_screen2000_confirm50000\confirmation\pareto_max_A000619_B005483\mixed_pareto_frontier_samples.json,469BE2167B263FA7A811BF4572C0517EED8783B7657D7AADA5C24421020D94A7
strictly_cheaper_maximal,upper,strictly_cheaper_design_excluded,368,2223,350928,9.18727355615799,5.202477434344697,74.49344500192119,79.69592243626589,0.5202477434344698,7.449344500192119,7.96959224362659,5.462601306061932,3.7246722500960585,31979,50000,0.63958,0.6314400262790244,0.6476405161493787,0.631441823518285,0.647663235850187,A89B7544E6D0696E62C7ABC8E34E3DA1718E5DA541D57E1FDB9CF7EC00696F77,C:\Users\23258\Desktop\华数杯\A题_微构体导电仿真优化\问题\问题4\results\D_screen2000_confirm50000\confirmation\pareto_max_A000619_B005483\mixed_pareto_frontier_samples.json,469BE2167B263FA7A811BF4572C0517EED8783B7657D7AADA5C24421020D94A7
strictly_cheaper_maximal,upper,strictly_cheaper_design_excluded,369,2214,350919,9.187037936708972,5.216614601285851,74.19185210717656,79.40846670846241,0.521661460128585,7.4191852107176555,7.940846670846241,5.477445331350144,3.7095926053588277,32091,50000,0.64182,0.6336904676794616,0.6498687996023559,0.6336924647663552,0.6498917127726946,A89B7544E6D0696E62C7ABC8E34E3DA1718E5DA541D57E1FDB9CF7EC00696F77,C:\Users\23258\Desktop\华数杯\A题_微构体导电仿真优化\问题\问题4\results\D_screen2000_confirm50000\confirmation\pareto_max_A000619_B005483\mixed_pareto_frontier_samples.json,469BE2167B263FA7A811BF4572C0517EED8783B7657D7AADA5C24421020D94A7
strictly_cheaper_maximal,upper,strictly_cheaper_design_excluded,370,2205,350910,9.186802317259952,5.230751768227005,73.89025921243194,79.12101098065895,0.5230751768227005,7.389025921243194,7.912101098065895,5.492289356638356,3.6945129606215965,32208,50000,0.64416,0.636041580212508,0.6521963549965374,0.6360437861279283,0.6522194702068551,A89B7544E6D0696E62C7ABC8E34E3DA1718E5DA541D57E1FDB9CF7EC00696F77,C:\Users\23258\Desktop\华数杯\A题_微构体导电仿真优化\问题\问题4\results\D_screen2000_confirm50000\confirmation\pareto_max_A000619_B005483\mixed_pareto_frontier_samples.json,469BE2167B263FA7A811BF4572C0517EED8783B7657D7AADA5C24421020D94A7
strictly_cheaper_maximal,upper,strictly_cheaper_design_excluded,371,2197,350965,9.188242213892847,5.244888935168159,73.62217663932562,78.86706557449378,0.5244888935168159,7.362217663932562,7.886706557449378,5.507133381926567,3.6811088319662804,32341,50000,0.64682,0.6387144679613251,0.6548419530111501,0.6387169113368998,0.6548652978074776,A89B7544E6D0696E62C7ABC8E34E3DA1718E5DA541D57E1FDB9CF7EC00696F77,C:\Users\23258\Desktop\华数杯\A题_微构体导电仿真优化\问题\问题4\results\D_screen2000_confirm50000\confirmation\pareto_max_A000619_B005483\mixed_pareto_frontier_samples.json,469BE2167B263FA7A811BF4572C0517EED8783B7657D7AADA5C24421020D94A7
strictly_cheaper_maximal,upper,strictly_cheaper_design_excluded,372,2188,350956,9.188006594443829,5.259026102109313,73.320583744581,78.57960984669032,0.5259026102109313,7.3320583744581,7.857960984669032,5.52197740721478,3.666029187229049,32480,50000,0.6496,0.6415082291393278,0.6576066092851532,0.6415109207721894,0.6576301939290363,A89B7544E6D0696E62C7ABC8E34E3DA1718E5DA541D57E1FDB9CF7EC00696F77,C:\Users\23258\Desktop\华数杯\A题_微构体导电仿真优化\问题\问题4\results\D_screen2000_confirm50000\confirmation\pareto_max_A000619_B005483\mixed_pareto_frontier_samples.json,469BE2167B263FA7A811BF4572C0517EED8783B7657D7AADA5C24421020D94A7
strictly_cheaper_maximal,upper,strictly_cheaper_design_excluded,373,2179,350947,9.187770974994809,5.2731632690504675,73.01899084983637,78.29215411888684,0.5273163269050467,7.301899084983638,7.829215411888684,5.536821432502991,3.650949542491818,32614,50000,0.65228,0.6442017793631785,0.6602715334394951,0.6442047104057758,0.6602953492097553,A89B7544E6D0696E62C7ABC8E34E3DA1718E5DA541D57E1FDB9CF7EC00696F77,C:\Users\23258\Desktop\华数杯\A题_微构体导电仿真优化\问题\问题4\results\D_screen2000_confirm50000\confirmation\pareto_max_A000619_B005483\mixed_pareto_frontier_samples.json,469BE2167B263FA7A811BF4572C0517EED8783B7657D7AADA5C24421020D94A7
strictly_cheaper_maximal,upper,strictly_cheaper_design_excluded,374,2170,350938,9.187535355545789,5.287300435991622,72.71739795509176,78.00469839108338,0.5287300435991622,7.271739795509175,7.800469839108338,5.551665457791203,3.6358698977545876,32692,50000,0.65384,0.6457697958042227,0.6618226289499362,0.645772866242314,0.6618465792137657,A89B7544E6D0696E62C7ABC8E34E3DA1718E5DA541D57E1FDB9CF7EC00696F77,C:\Users\23258\Desktop\华数杯\A题_微构体导电仿真优化\问题\问题4\results\D_screen2000_confirm50000\confirmation\pareto_max_A000619_B005483\mixed_pareto_frontier_samples.json,469BE2167B263FA7A811BF4572C0517EED8783B7657D7AADA5C24421020D94A7
strictly_cheaper_maximal,upper,strictly_cheaper_design_excluded,375,2161,350929,9.18729973609677,5.301437602932776,72.41580506034714,77.71724266327992,0.5301437602932775,7.241580506034714,7.771724266327992,5.566509483079415,3.6207902530173564,32832,50000,0.65664,0.6485844235095907,0.6646064073113366,0.6485877442146075,0.664630598894373,A89B7544E6D0696E62C7ABC8E34E3DA1718E5DA541D57E1FDB9CF7EC00696F77,C:\Users\23258\Desktop\华数杯\A题_微构体导电仿真优化\问题\问题4\results\D_screen2000_confirm50000\confirmation\pareto_max_A000619_B005483\mixed_pareto_frontier_samples.json,469BE2167B263FA7A811BF4572C0517EED8783B7657D7AADA5C24421020D94A7
strictly_cheaper_maximal,upper,strictly_cheaper_design_excluded,376,2152,350920,9.18706411664775,5.31557476987393,72.11421216560251,77.42978693547644,0.531557476987393,7.211421216560251,7.742978693547644,5.581353508367626,3.605710608280125,32961,50000,0.65922,0.6511781751909022,0.6671711869344047,0.6511817265790647,0.6671956007846178,A89B7544E6D0696E62C7ABC8E34E3DA1718E5DA541D57E1FDB9CF7EC00696F77,C:\Users\23258\Desktop\华数杯\A题_微构体导电仿真优化\问题\问题4\results\D_screen2000_confirm50000\confirmation\pareto_max_A000619_B005483\mixed_pareto_frontier_samples.json,469BE2167B263FA7A811BF4572C0517EED8783B7657D7AADA5C24421020D94A7
strictly_cheaper_maximal,upper,strictly_cheaper_design_excluded,377,2143,350911,9.186828497198732,5.329711936815084,71.8126192708579,77.14233120767298,0.5329711936815084,7.18126192708579,7.714233120767298,5.596197533655838,3.590630963542894,33083,50000,0.66166,0.6536314231531997,0.669596549973148,0.6536351927780569,0.6696211739481593,A89B7544E6D0696E62C7ABC8E34E3DA1718E5DA541D57E1FDB9CF7EC00696F77,C:\Users\23258\Desktop\华数杯\A题_微构体导电仿真优化\问题\问题4\results\D_screen2000_confirm50000\confirmation\pareto_max_A000619_B005483\mixed_pareto_frontier_samples.json,469BE2167B263FA7A811BF4572C0517EED8783B7657D7AADA5C24421020D94A7
strictly_cheaper_maximal,upper,strictly_cheaper_design_excluded,378,2135,350966,9.188268393831628,5.343849103756238,71.54453669775157,76.88838580150781,0.5343849103756239,7.154453669775156,7.688838580150781,5.611041558944049,3.5772268348875778,33230,50000,0.6646,0.6565877007929266,0.6725185987035278,0.6565917334679237,0.6725434757554631,A89B7544E6D0696E62C7ABC8E34E3DA1718E5DA541D57E1FDB9CF7EC00696F77,C:\Users\23258\Desktop\华数杯\A题_微构体导电仿真优化\问题\问题4\results\D_screen2000_confirm50000\confirmation\pareto_max_A000619_B005483\mixed_pareto_frontier_samples.json,469BE2167B263FA7A811BF4572C0517EED8783B7657D7AADA5C24421020D94A7
strictly_cheaper_maximal,upper,strictly_cheaper_design_excluded,379,2126,350957,9.188032774382608,5.357986270697392,71.24294380300694,76.60093007370433,0.5357986270697391,7.124294380300694,7.660093007370433,5.625885584232262,3.562147190150347,33358,50000,0.66716,0.6591621564924434,0.6750626856936278,0.6591664183012653,0.675087783016237,A89B7544E6D0696E62C7ABC8E34E3DA1718E5DA541D57E1FDB9CF7EC00696F77,C:\Users\23258\Desktop\华数杯\A题_微构体导电仿真优化\问题\问题4\results\D_screen2000_confirm50000\confirmation\pareto_max_A000619_B005483\mixed_pareto_frontier_samples.json,469BE2167B263FA7A811BF4572C0517EED8783B7657D7AADA5C24421020D94A7
strictly_cheaper_maximal,upper,strictly_cheaper_design_excluded,380,2117,350948,9.18779715493359,5.372123437638546,70.94135090826232,76.31347434590087,0.5372123437638546,7.094135090826232,7.6313474345900865,5.6407296095204735,3.5470675454131158,33439,50000,0.66878,0.6607914405705364,0.6766724794113081,0.6607958474185314,0.6766977160774927,A89B7544E6D0696E62C7ABC8E34E3DA1718E5DA541D57E1FDB9CF7EC00696F77,C:\Users\23258\Desktop\华数杯\A题_微构体导电仿真优化\问题\问题4\results\D_screen2000_confirm50000\confirmation\pareto_max_A000619_B005483\mixed_pareto_frontier_samples.json,469BE2167B263FA7A811BF4572C0517EED8783B7657D7AADA5C24421020D94A7
strictly_cheaper_maximal,upper,strictly_cheaper_design_excluded,381,2108,350939,9.18756153548457,5.3862606045797,70.6397580135177,76.02601861809741,0.53862606045797,7.06397580135177,7.602601861809742,5.655573634808685,3.5319879006758845,33563,50000,0.67126,0.6632858589775009,0.6791366492349097,0.6632904879219569,0.6791620991467452,A89B7544E6D0696E62C7ABC8E34E3DA1718E5DA541D57E1FDB9CF7EC00696F77,C:\Users\23258\Desktop\华数杯\A题_微构体导电仿真优化\问题\问题4\results\D_screen2000_confirm50000\confirmation\pareto_max_A000619_B005483\mixed_pareto_frontier_samples.json,469BE2167B263FA7A811BF4572C0517EED8783B7657D7AADA5C24421020D94A7
strictly_cheaper_maximal,upper,strictly_cheaper_design_excluded,382,2099,350930,9.187325916035551,5.400397771520854,70.33816511877308,75.73856289029393,0.5400397771520854,7.0338165118773075,7.5738562890293935,5.670417660096897,3.5169082559386533,33671,50000,0.67342,0.6654586207223286,0.6812826578844463,0.665463443166395,0.6813082934562902,A89B7544E6D0696E62C7ABC8E34E3DA1718E5DA541D57E1FDB9CF7EC00696F77,C:\Users\23258\Desktop\华数杯\A题_微构体导电仿真优化\问题\问题4\results\D_screen2000_confirm50000\confirmation\pareto_max_A000619_B005483\mixed_pareto_frontier_samples.json,469BE2167B263FA7A811BF4572C0517EED8783B7657D7AADA5C24421020D94A7
strictly_cheaper_maximal,upper,strictly_cheaper_design_excluded,383,2090,350921,9.18709029658653,5.414534938462008,70.03657222402846,75.45110716249047,0.5414534938462008,7.003657222402846,7.545110716249047,5.685261685385109,3.501828611201423,33803,50000,0.67606,0.6681144775317305,0.6839052982237117,0.6681195365528336,0.6839311606237746,A89B7544E6D0696E62C7ABC8E34E3DA1718E5DA541D57E1FDB9CF7EC00696F77,C:\Users\23258\Desktop\华数杯\A题_微构体导电仿真优化\问题\问题4\results\D_screen2000_confirm50000\confirmation\pareto_max_A000619_B005483\mixed_pareto_frontier_samples.json,469BE2167B263FA7A811BF4572C0517EED8783B7657D7AADA5C24421020D94A7
strictly_cheaper_maximal,upper,strictly_cheaper_design_excluded,384,2081,350912,9.186854677137513,5.428672105403162,69.73497932928385,75.16365143468701,0.5428672105403163,6.973497932928384,7.5163651434687,5.700105710673321,3.4867489664641917,33871,50000,0.67742,0.6694827579759287,0.6852562435833723,0.6694879389035825,0.6852822227955269,A89B7544E6D0696E62C7ABC8E34E3DA1718E5DA541D57E1FDB9CF7EC00696F77,C:\Users\23258\Desktop\华数杯\A题_微构体导电仿真优化\问题\问题4\results\D_screen2000_confirm50000\confirmation\pareto_max_A000619_B005483\mixed_pareto_frontier_samples.json,469BE2167B263FA7A811BF4572C0517EED8783B7657D7AADA5C24421020D94A7
strictly_cheaper_maximal,upper,strictly_cheaper_design_excluded,385,2073,350967,9.188294573770408,5.4428092723443156,69.46689675617752,74.90970602852184,0.5442809272344316,6.946689675617752,7.490970602852184,5.714949735961532,3.473344837808875,34011,50000,0.68022,0.6723000466188803,0.6880373610071892,0.6723054786030296,0.6880635806308462,A89B7544E6D0696E62C7ABC8E34E3DA1718E5DA541D57E1FDB9CF7EC00696F77,C:\Users\23258\Desktop\华数杯\A题_微构体导电仿真优化\问题\问题4\results\D_screen2000_confirm50000\confirmation\pareto_max_A000619_B005483\mixed_pareto_frontier_samples.json,469BE2167B263FA7A811BF4572C0517EED8783B7657D7AADA5C24421020D94A7
strictly_cheaper_maximal,upper,strictly_cheaper_design_excluded,386,2064,350958,9.188058954321388,5.45694643928547,69.16530386143289,74.62225030071836,0.5456946439285469,6.916530386143289,7.462225030071836,5.729793761249744,3.4582651930716444,34108,50000,0.68216,0.6742522161308474,0.6899640871271971,0.6742578221189061,0.6899904732547529,A89B7544E6D0696E62C7ABC8E34E3DA1718E5DA541D57E1FDB9CF7EC00696F77,C:\Users\23258\Desktop\华数杯\A题_微构体导电仿真优化\问题\问题4\results\D_screen2000_confirm50000\confirmation\pareto_max_A000619_B005483\mixed_pareto_frontier_samples.json,469BE2167B263FA7A811BF4572C0517EED8783B7657D7AADA5C24421020D94A7
strictly_cheaper_maximal,upper,strictly_cheaper_design_excluded,387,2055,350949,9.187823334872368,5.471083606226624,68.86371096668827,74.3347945729149,0.5471083606226624,6.886371096668828,7.43347945729149,5.744637786537956,3.443185548334413,34240,50000,0.6848,0.6769090293347381,0.6925857710719737,0.6769148721881322,0.6926123836931175,A89B7544E6D0696E62C7ABC8E34E3DA1718E5DA541D57E1FDB9CF7EC00696F77,C:\Users\23258\Desktop\华数杯\A题_微构体导电仿真优化\问题\问题4\results\D_screen2000_confirm50000\confirmation\pareto_max_A000619_B005483\mixed_pareto_frontier_samples.json,469BE2167B263FA7A811BF4572C0517EED8783B7657D7AADA5C24421020D94A7
strictly_cheaper_maximal,upper,strictly_cheaper_design_excluded,388,2046,350940,9.18758771542335,5.485220773167778,68.56211807194366,74.04733884511144,0.5485220773167778,6.856211807194366,7.404733884511145,5.759481811826167,3.4281059035971824,34344,50000,0.68688,0.6790024823901709,0.6946511339518547,0.6790085119274173,0.69467792494942,A89B7544E6D0696E62C7ABC8E34E3DA1718E5DA541D57E1FDB9CF7EC00696F77,C:\Users\23258\Desktop\华数杯\A题_微构体导电仿真优化\问题\问题4\results\D_screen2000_confirm50000\confirmation\pareto_max_A000619_B005483\mixed_pareto_frontier_samples.json,469BE2167B263FA7A811BF4572C0517EED8783B7657D7AADA5C24421020D94A7
strictly_cheaper_maximal,upper,strictly_cheaper_design_excluded,389,2037,350931,9.18735209597433,5.499357940108932,68.26052517719903,73.75988311730796,0.5499357940108932,6.826052517719902,7.375988311730796,5.77432583711438,3.413026258859951,34437,50000,0.68874,0.6808746673863838,0.6964978901285664,0.6808808639092825,0.6965248405806852,A89B7544E6D0696E62C7ABC8E34E3DA1718E5DA541D57E1FDB9CF7EC00696F77,C:\Users\23258\Desktop\华数杯\A题_微构体导电仿真优化\问题\问题4\results\D_screen2000_confirm50000\confirmation\pareto_max_A000619_B005483\mixed_pareto_frontier_samples.json,469BE2167B263FA7A811BF4572C0517EED8783B7657D7AADA5C24421020D94A7
strictly_cheaper_maximal,upper,strictly_cheaper_design_excluded,390,2028,350922,9.187116476525311,5.513495107050086,67.95893228245441,73.4724273895045,0.5513495107050086,6.795893228245442,7.34724273895045,5.789169862402591,3.39794661412272,34528,50000,0.69056,0.682706732584254,0.6983047888740956,0.6827130925452074,0.6983318953007691,A89B7544E6D0696E62C7ABC8E34E3DA1718E5DA541D57E1FDB9CF7EC00696F77,C:\Users\23258\Desktop\华数杯\A题_微构体导电仿真优化\问题\问题4\results\D_screen2000_confirm50000\confirmation\pareto_max_A000619_B005483\mixed_pareto_frontier_samples.json,469BE2167B263FA7A811BF4572C0517EED8783B7657D7AADA5C24421020D94A7
strictly_cheaper_maximal,upper,strictly_cheaper_design_excluded,391,2019,350913,9.186880857076291,5.52763227399124,67.6573393877098,73.18497166170104,0.5527632273991241,6.76573393877098,7.318497166170104,5.804013887690803,3.3828669693854896,34603,50000,0.69206,0.6842167826806752,0.6997938848848718,0.6842232773758936,0.6998211198238495,A89B7544E6D0696E62C7ABC8E34E3DA1718E5DA541D57E1FDB9CF7EC00696F77,C:\Users\23258\Desktop\华数杯\A题_微构体导电仿真优化\问题\问题4\results\D_screen2000_confirm50000\confirmation\pareto_max_A000619_B005483\mixed_pareto_frontier_samples.json,469BE2167B263FA7A811BF4572C0517EED8783B7657D7AADA5C24421020D94A7
strictly_cheaper_maximal,upper,strictly_cheaper_design_excluded,392,2011,350968,9.188320753709187,5.541769440932394,67.38925681460347,72.93102625553587,0.5541769440932394,6.738925681460347,7.293102625553587,5.818857912979015,3.3694628407301725,34712,50000,0.69424,0.6864115608310853,0.7019578657435884,0.6864182513929893,0.7019852873917533,A89B7544E6D0696E62C7ABC8E34E3DA1718E5DA541D57E1FDB9CF7EC00696F77,C:\Users\23258\Desktop\华数杯\A题_微构体导电仿真优化\问题\问题4\results\D_screen2000_confirm50000\confirmation\pareto_max_A000619_B005483\mixed_pareto_frontier_samples.json,469BE2167B263FA7A811BF4572C0517EED8783B7657D7AADA5C24421020D94A7
strictly_cheaper_maximal,upper,strictly_cheaper_design_excluded,393,2002,350959,9.188085134260168,5.555906607873548,67.08766391985884,72.6435705277324,0.5555906607873549,6.708766391985884,7.264357052773239,5.833701938267227,3.3543831959929418,34832,50000,0.69664,0.6888280673434978,0.704339993002692,0.68883497361155,0.7043676201163718,A89B7544E6D0696E62C7ABC8E34E3DA1718E5DA541D57E1FDB9CF7EC00696F77,C:\Users\23258\Desktop\华数杯\A题_微构体导电仿真优化\问题\问题4\results\D_screen2000_confirm50000\confirmation\pareto_max_A000619_B005483\mixed_pareto_frontier_samples.json,469BE2167B263FA7A811BF4572C0517EED8783B7657D7AADA5C24421020D94A7
strictly_cheaper_maximal,upper,strictly_cheaper_design_excluded,394,1993,350950,9.187849514811148,5.570043774814702,66.78607102511423,72.35611479992893,0.5570043774814702,6.678607102511423,7.235611479992893,5.848545963555439,3.339303551255711,34948,50000,0.69896,0.6911642612389006,0.7066424784197542,0.6911713760964626,0.7066703040635123,A89B7544E6D0696E62C7ABC8E34E3DA1718E5DA541D57E1FDB9CF7EC00696F77,C:\Users\23258\Desktop\华数杯\A题_微构体导电仿真优化\问题\问题4\results\D_screen2000_confirm50000\confirmation\pareto_max_A000619_B005483\mixed_pareto_frontier_samples.json,469BE2167B263FA7A811BF4572C0517EED8783B7657D7AADA5C24421020D94A7
strictly_cheaper_maximal,upper,strictly_cheaper_design_excluded,395,1984,350941,9.18761389536213,5.584180941755856,66.48447813036961,72.06865907212547,0.5584180941755856,6.64844781303696,7.206865907212547,5.86338998884365,3.3242239065184798,35049,50000,0.70098,0.6931985525219004,0.7086470372277802,0.6932058490556837,0.708675035659478,A89B7544E6D0696E62C7ABC8E34E3DA1718E5DA541D57E1FDB9CF7EC00696F77,C:\Users\23258\Desktop\华数杯\A题_微构体导电仿真优化\问题\问题4\results\D_screen2000_confirm50000\confirmation\pareto_max_A000619_B005483\mixed_pareto_frontier_samples.json,469BE2167B263FA7A811BF4572C0517EED8783B7657D7AADA5C24421020D94A7
strictly_cheaper_maximal,upper,strictly_cheaper_design_excluded,396,1975,350932,9.18737827591311,5.59831810869701,66.18288523562498,71.781203344322,0.559831810869701,6.618288523562498,7.178120334432199,5.878234014131862,3.309144261781249,35159,50000,0.70318,0.6954143212702251,0.710830016103345,0.6954218157328299,0.7108582026447692,A89B7544E6D0696E62C7ABC8E34E3DA1718E5DA541D57E1FDB9CF7EC00696F77,C:\Users\23258\Desktop\华数杯\A题_微构体导电仿真优化\问题\问题4\results\D_screen2000_confirm50000\confirmation\pareto_max_A000619_B005483\mixed_pareto_frontier_samples.json,469BE2167B263FA7A811BF4572C0517EED8783B7657D7AADA5C24421020D94A7
strictly_cheaper_maximal,upper,strictly_cheaper_design_excluded,397,1966,350923,9.187142656464092,5.6124552756381645,65.88129234088036,71.49374761651853,0.5612455275638165,6.588129234088036,7.1493747616518535,5.8930780394200735,3.2940646170440178,35216,50000,0.70432,0.6965625764415639,0.7119611119734759,0.6965701734935974,0.7119893959588188,A89B7544E6D0696E62C7ABC8E34E3DA1718E5DA541D57E1FDB9CF7EC00696F77,C:\Users\23258\Desktop\华数杯\A题_微构体导电仿真优化\问题\问题4\results\D_screen2000_confirm50000\confirmation\pareto_max_A000619_B005483\mixed_pareto_frontier_samples.json,469BE2167B263FA7A811BF4572C0517EED8783B7657D7AADA5C24421020D94A7
strictly_cheaper_maximal,upper,strictly_cheaper_design_excluded,398,1957,350914,9.186907037015072,5.626592442579319,65.57969944613575,71.20629188871507,0.5626592442579319,6.557969944613575,7.120629188871507,5.907922064708285,3.2789849723067865,35317,50000,0.70634,0.698597345741789,0.7139651927642766,0.6986051246195752,0.7139936493607175,A89B7544E6D0696E62C7ABC8E34E3DA1718E5DA541D57E1FDB9CF7EC00696F77,C:\Users\23258\Desktop\华数杯\A题_微构体导电仿真优化\问题\问题4\results\D_screen2000_confirm50000\confirmation\pareto_max_A000619_B005483\mixed_pareto_frontier_samples.json,469BE2167B263FA7A811BF4572C0517EED8783B7657D7AADA5C24421020D94A7
strictly_cheaper_maximal,upper,strictly_cheaper_design_excluded,399,1949,350969,9.188346933647967,5.640729609520473,65.31161687302941,70.95234648254988,0.5640729609520473,6.531161687302941,7.095234648254988,5.922766089996497,3.2655808436514704,35381,50000,0.70762,0.6998867986971988,0.7152350111536754,0.6998946928209459,0.7152635770922946,A89B7544E6D0696E62C7ABC8E34E3DA1718E5DA541D57E1FDB9CF7EC00696F77,C:\Users\23258\Desktop\华数杯\A题_微构体导电仿真优化\问题\问题4\results\D_screen2000_confirm50000\confirmation\pareto_max_A000619_B005483\mixed_pareto_frontier_samples.json,469BE2167B263FA7A811BF4572C0517EED8783B7657D7AADA5C24421020D94A7
strictly_cheaper_maximal,upper,strictly_cheaper_design_excluded,400,1940,350960,9.188111314198947,5.654866776461627,65.01002397828479,70.66489075474642,0.5654866776461627,6.501002397828479,7.066489075474642,5.937610115284709,3.250501198914239,35484,50000,0.70968,0.7019621662969011,0.7172784708745239,0.7019702459433206,0.7173072127278786,A89B7544E6D0696E62C7ABC8E34E3DA1718E5DA541D57E1FDB9CF7EC00696F77,C:\Users\23258\Desktop\华数杯\A题_微构体导电仿真优化\问题\问题4\results\D_screen2000_confirm50000\confirmation\pareto_max_A000619_B005483\mixed_pareto_frontier_samples.json,469BE2167B263FA7A811BF4572C0517EED8783B7657D7AADA5C24421020D94A7
strictly_cheaper_maximal,upper,strictly_cheaper_design_excluded,401,1931,350951,9.187875694749929,5.669003943402781,64.70843108354018,70.37743502694296,0.5669003943402782,6.4708431083540185,7.037743502694296,5.952454140572921,3.2354215541770084,35572,50000,0.71144,0.7037354474013401,0.7190241878691964,0.7037436856005501,0.7190530799615771,A89B7544E6D0696E62C7ABC8E34E3DA1718E5DA541D57E1FDB9CF7EC00696F77,C:\Users\23258\Desktop\华数杯\A题_微构体导电仿真优化\问题\问题4\results\D_screen2000_confirm50000\confirmation\pareto_max_A000619_B005483\mixed_pareto_frontier_samples.json,469BE2167B263FA7A811BF4572C0517EED8783B7657D7AADA5C24421020D94A7
strictly_cheaper_maximal,upper,strictly_cheaper_design_excluded,402,1922,350942,9.187640075300909,5.683141110343935,64.40683818879555,70.08997929913949,0.5683141110343934,6.440683818879554,7.008997929913948,5.967298165861132,3.220341909439777,35673,50000,0.71346,0.7057708635838431,0.7210276217777192,0.705779283813437,0.7210566862380048,A89B7544E6D0696E62C7ABC8E34E3DA1718E5DA541D57E1FDB9CF7EC00696F77,C:\Users\23258\Desktop\华数杯\A题_微构体导电仿真优化\问题\问题4\results\D_screen2000_confirm50000\confirmation\pareto_max_A000619_B005483\mixed_pareto_frontier_samples.json,469BE2167B263FA7A811BF4572C0517EED8783B7657D7AADA5C24421020D94A7
strictly_cheaper_maximal,upper,strictly_cheaper_design_excluded,403,1913,350933,9.18740445585189,5.697278277285089,64.10524529405093,69.80252357133602,0.5697278277285089,6.410524529405093,6.980252357133602,5.982142191149345,3.2052622647025464,35759,50000,0.71518,0.7075041368977111,0.7227333693334377,0.7075127121702522,0.7227625805066411,A89B7544E6D0696E62C7ABC8E34E3DA1718E5DA541D57E1FDB9CF7EC00696F77,C:\Users\23258\Desktop\华数杯\A题_微构体导电仿真优化\问题\问题4\results\D_screen2000_confirm50000\confirmation\pareto_max_A000619_B005483\mixed_pareto_frontier_samples.json,469BE2167B263FA7A811BF4572C0517EED8783B7657D7AADA5C24421020D94A7
strictly_cheaper_maximal,upper,strictly_cheaper_design_excluded,404,1904,350924,9.18716883640287,5.711415444226243,63.803652399306316,69.51506784353256,0.5711415444226243,6.380365239930632,6.951506784353256,5.9969862164375565,3.190182619965315,35892,50000,0.71784,0.7101849316553346,0.725371060339244,0.7101937467892456,0.7254004983033693,A89B7544E6D0696E62C7ABC8E34E3DA1718E5DA541D57E1FDB9CF7EC00696F77,C:\Users\23258\Desktop\华数杯\A题_微构体导电仿真优化\问题\问题4\results\D_screen2000_confirm50000\confirmation\pareto_max_A000619_B005483\mixed_pareto_frontier_samples.json,469BE2167B263FA7A811BF4572C0517EED8783B7657D7AADA5C24421020D94A7
strictly_cheaper_maximal,upper,strictly_cheaper_design_excluded,405,1895,350915,9.186933216953852,5.725552611167397,63.50205950456169,69.22761211572909,0.5725552611167397,6.35020595045617,6.922761211572909,6.011830241725768,3.1751029752280844,35954,50000,0.71908,0.7114347371199966,0.7266005489898654,0.7114436641048782,0.7266300926331322,A89B7544E6D0696E62C7ABC8E34E3DA1718E5DA541D57E1FDB9CF7EC00696F77,C:\Users\23258\Desktop\华数杯\A题_微构体导电仿真优化\问题\问题4\results\D_screen2000_confirm50000\confirmation\pareto_max_A000619_B005483\mixed_pareto_frontier_samples.json,469BE2167B263FA7A811BF4572C0517EED8783B7657D7AADA5C24421020D94A7
strictly_cheaper_maximal,upper,strictly_cheaper_design_excluded,406,1887,350970,9.188373113586747,5.739689778108551,63.233976931455366,68.97366670956391,0.5739689778108551,6.3233976931455365,6.897366670956392,6.02667426701398,3.1616988465727673,36087,50000,0.72174,0.71411601267147,0.7292377592018219,0.7141251796726069,0.7292675294505544,A89B7544E6D0696E62C7ABC8E34E3DA1718E5DA541D57E1FDB9CF7EC00696F77,C:\Users\23258\Desktop\华数杯\A题_微构体导电仿真优化\问题\问题4\results\D_screen2000_confirm50000\confirmation\pareto_max_A000619_B005483\mixed_pareto_frontier_samples.json,469BE2167B263FA7A811BF4572C0517EED8783B7657D7AADA5C24421020D94A7
strictly_cheaper_maximal,upper,strictly_cheaper_design_excluded,407,1878,350961,9.188137494137727,5.753826945049705,62.932384036710744,68.68621098176045,0.5753826945049706,6.293238403671075,6.868621098176045,6.041518292302191,3.146619201835537,36186,50000,0.72372,0.71611206438997,0.7312005803448222,0.716121410119518,0.7312305191861559,A89B7544E6D0696E62C7ABC8E34E3DA1718E5DA541D57E1FDB9CF7EC00696F77,C:\Users\23258\Desktop\华数杯\A题_微构体导电仿真优化\问题\问题4\results\D_screen2000_confirm50000\confirmation\pareto_max_A000619_B005483\mixed_pareto_frontier_samples.json,469BE2167B263FA7A811BF4572C0517EED8783B7657D7AADA5C24421020D94A7
strictly_cheaper_maximal,upper,strictly_cheaper_design_excluded,408,1869,350952,9.18790187468871,5.767964111990859,62.63079114196612,68.39875525395698,0.576796411199086,6.263079114196612,6.839875525395698,6.056362317590403,3.131539557098306,36264,50000,0.72528,0.7176848413438686,0.7327469153424089,0.717694327932101,0.7327769869633536,A89B7544E6D0696E62C7ABC8E34E3DA1718E5DA541D57E1FDB9CF7EC00696F77,C:\Users\23258\Desktop\华数杯\A题_微构体导电仿真优化\问题\问题4\results\D_screen2000_confirm50000\confirmation\pareto_max_A000619_B005483\mixed_pareto_frontier_samples.json,469BE2167B263FA7A811BF4572C0517EED8783B7657D7AADA5C24421020D94A7
strictly_cheaper_maximal,upper,strictly_cheaper_design_excluded,409,1860,350943,9.187666255239689,5.782101278932013,62.329198247221505,68.11129952615352,0.5782101278932014,6.23291982472215,6.811129952615351,6.0712063428786145,3.1164599123610746,36346,50000,0.72692,0.7193383979267807,0.7343724251700325,0.7193480326378558,0.7344026363308823,A89B7544E6D0696E62C7ABC8E34E3DA1718E5DA541D57E1FDB9CF7EC00696F77,C:\Users\23258\Desktop\华数杯\A题_微构体导电仿真优化\问题\问题4\results\D_screen2000_confirm50000\confirmation\pareto_max_A000619_B005483\mixed_pareto_frontier_samples.json,469BE2167B263FA7A811BF4572C0517EED8783B7657D7AADA5C24421020D94A7
strictly_cheaper_maximal,upper,strictly_cheaper_design_excluded,410,1851,350934,9.18743063579067,5.7962384458731675,62.02760535247688,67.82384379835005,0.5796238445873167,6.2027605352476884,6.782384379835006,6.086050368166827,3.101380267623844,36459,50000,0.72918,0.7216172897920669,0.7366122467729238,0.7216271286925833,0.7366426501434711,A89B7544E6D0696E62C7ABC8E34E3DA1718E5DA541D57E1FDB9CF7EC00696F77,C:\Users\23258\Desktop\华数杯\A题_微构体导电仿真优化\问题\问题4\results\D_screen2000_confirm50000\confirmation\pareto_max_A000619_B005483\mixed_pareto_frontier_samples.json,469BE2167B263FA7A811BF4572C0517EED8783B7657D7AADA5C24421020D94A7
strictly_cheaper_maximal,upper,strictly_cheaper_design_excluded,411,1842,350925,9.18719501634165,5.810375612814322,61.72601245773226,67.53638807054658,0.5810375612814322,6.172601245773226,6.753638807054658,6.100894393455039,3.086300622886613,36522,50000,0.73044,0.7228879288438544,0.7378608904511818,0.7228978816195248,0.7378914009406125,A89B7544E6D0696E62C7ABC8E34E3DA1718E5DA541D57E1FDB9CF7EC00696F77,C:\Users\23258\Desktop\华数杯\A题_微构体导电仿真优化\问题\问题4\results\D_screen2000_confirm50000\confirmation\pareto_max_A000619_B005483\mixed_pareto_frontier_samples.json,469BE2167B263FA7A811BF4572C0517EED8783B7657D7AADA5C24421020D94A7
strictly_cheaper_maximal,upper,strictly_cheaper_design_excluded,412,1833,350916,9.186959396892632,5.824512779755476,61.424419562987644,67.24893234274312,0.5824512779755475,6.142441956298764,6.724893234274312,6.11573841874325,3.0712209781493818,36606,50000,0.73212,0.7245822334775613,0.7395256294575359,0.7245923381261596,0.7395562827245338,A89B7544E6D0696E62C7ABC8E34E3DA1718E5DA541D57E1FDB9CF7EC00696F77,C:\Users\23258\Desktop\华数杯\A题_微构体导电仿真优化\问题\问题4\results\D_screen2000_confirm50000\confirmation\pareto_max_A000619_B005483\mixed_pareto_frontier_samples.json,469BE2167B263FA7A811BF4572C0517EED8783B7657D7AADA5C24421020D94A7
strictly_cheaper_maximal,upper,strictly_cheaper_design_excluded,413,1825,350971,9.188399293525526,5.83864994669663,61.15633698988131,66.99498693657794,0.583864994669663,6.115633698988131,6.6994986936577945,6.130582444031463,3.057816849494065,36691,50000,0.73382,0.7262968478717972,0.7412100473181239,0.726307106247564,0.7412408450064809,A89B7544E6D0696E62C7ABC8E34E3DA1718E5DA541D57E1FDB9CF7EC00696F77,C:\Users\23258\Desktop\华数杯\A题_微构体导电仿真优化\问题\问题4\results\D_screen2000_confirm50000\confirmation\pareto_max_A000619_B005483\mixed_pareto_frontier_samples.json,469BE2167B263FA7A811BF4572C0517EED8783B7657D7AADA5C24421020D94A7
strictly_cheaper_maximal,upper,strictly_cheaper_design_excluded,414,1816,350962,9.188163674076508,5.852787113637784,60.854744095136695,66.70753120877448,0.5852787113637784,6.08547440951367,6.670753120877448,6.145426469319674,3.042737204756834,36783,50000,0.73566,0.7281528248882415,0.7430330228598415,0.728163249703998,0.7430639767989377,A89B7544E6D0696E62C7ABC8E34E3DA1718E5DA541D57E1FDB9CF7EC00696F77,C:\Users\23258\Desktop\华数杯\A题_微构体导电仿真优化\问题\问题4\results\D_screen2000_confirm50000\confirmation\pareto_max_A000619_B005483\mixed_pareto_frontier_samples.json,469BE2167B263FA7A811BF4572C0517EED8783B7657D7AADA5C24421020D94A7
strictly_cheaper_maximal,upper,strictly_cheaper_design_excluded,415,1807,350953,9.187928054627488,5.866924280578938,60.55315120039207,66.42007548097101,0.5866924280578938,6.055315120039207,6.642007548097101,6.160270494607886,3.0276575600196036,36883,50000,0.73766,0.7301703800377926,0.7450143291865536,0.7301809858296764,0.7450454528868448,A89B7544E6D0696E62C7ABC8E34E3DA1718E5DA541D57E1FDB9CF7EC00696F77,C:\Users\23258\Desktop\华数杯\A题_微构体导电仿真优化\问题\问题4\results\D_screen2000_confirm50000\confirmation\pareto_max_A000619_B005483\mixed_pareto_frontier_samples.json,469BE2167B263FA7A811BF4572C0517EED8783B7657D7AADA5C24421020D94A7
strictly_cheaper_maximal,upper,strictly_cheaper_design_excluded,416,1798,350944,9.18769243517847,5.881061447520092,60.25155830564746,66.13261975316755,0.5881061447520092,6.025155830564746,6.613261975316755,6.175114519896097,3.0125779152823724,36963,50000,0.73926,0.731784566720157,0.7465992316851997,0.7317953173407767,0.7466304911363234,A89B7544E6D0696E62C7ABC8E34E3DA1718E5DA541D57E1FDB9CF7EC00696F77,C:\Users\23258\Desktop\华数杯\A题_微构体导电仿真优化\问题\问题4\results\D_screen2000_confirm50000\confirmation\pareto_max_A000619_B005483\mixed_pareto_frontier_samples.json,469BE2167B263FA7A811BF4572C0517EED8783B7657D7AADA5C24421020D94A7
strictly_cheaper_maximal,upper,strictly_cheaper_design_excluded,417,1789,350935,9.18745681572945,5.895198614461246,59.949965410902834,65.84516402536408,0.5895198614461247,5.994996541090283,6.5845164025364085,6.189958545184309,2.997498270545141,37025,50000,0.7405,0.733035649081707,0.7478274434389328,0.7330465119741261,0.7478588080610247,A89B7544E6D0696E62C7ABC8E34E3DA1718E5DA541D57E1FDB9CF7EC00696F77,C:\Users\23258\Desktop\华数杯\A题_微构体导电仿真优化\问题\问题4\results\D_screen2000_confirm50000\confirmation\pareto_max_A000619_B005483\mixed_pareto_frontier_samples.json,469BE2167B263FA7A811BF4572C0517EED8783B7657D7AADA5C24421020D94A7
strictly_cheaper_maximal,upper,strictly_cheaper_design_excluded,418,1780,350926,9.187221196280431,5.9093357814024,59.64837251615821,65.55770829756061,0.5909335781402401,5.964837251615822,6.555770829756061,6.204802570472521,2.98241862580791,37099,50000,0.74198,0.7345289771888753,0.7492932728241991,0.734539974117174,0.7493247629314521,A89B7544E6D0696E62C7ABC8E34E3DA1718E5DA541D57E1FDB9CF7EC00696F77,C:\Users\23258\Desktop\华数杯\A题_微构体导电仿真优化\问题\问题4\results\D_screen2000_confirm50000\confirmation\pareto_max_A000619_B005483\mixed_pareto_frontier_samples.json,469BE2167B263FA7A811BF4572C0517EED8783B7657D7AADA5C24421020D94A7
strictly_cheaper_maximal,upper,strictly_cheaper_design_excluded,419,1771,350917,9.186985576831411,5.923472948343554,59.346779621413596,65.27025256975715,0.5923472948343554,5.93467796214136,6.527025256975715,6.219646595760732,2.9673389810706796,37186,50000,0.74372,0.7362847877640516,0.7510164717333719,0.7362959423229016,0.7510481093121568,A89B7544E6D0696E62C7ABC8E34E3DA1718E5DA541D57E1FDB9CF7EC00696F77,C:\Users\23258\Desktop\华数杯\A题_微构体导电仿真优化\问题\问题4\results\D_screen2000_confirm50000\confirmation\pareto_max_A000619_B005483\mixed_pareto_frontier_samples.json,469BE2167B263FA7A811BF4572C0517EED8783B7657D7AADA5C24421020D94A7
strictly_cheaper_maximal,upper,strictly_cheaper_design_excluded,420,1763,350972,9.188425473464306,5.937610115284708,59.07869704830726,65.01630716359197,0.5937610115284708,5.907869704830726,6.501630716359197,6.234490621048945,2.953934852415363,37285,50000,0.7457,0.7382829657590064,0.7529771665999174,0.7382942997541115,0.7530089719135324,A89B7544E6D0696E62C7ABC8E34E3DA1718E5DA541D57E1FDB9CF7EC00696F77,C:\Users\23258\Desktop\华数杯\A题_微构体导电仿真优化\问题\问题4\results\D_screen2000_confirm50000\confirmation\pareto_max_A000619_B005483\mixed_pareto_frontier_samples.json,469BE2167B263FA7A811BF4572C0517EED8783B7657D7AADA5C24421020D94A7
strictly_cheaper_maximal,upper,strictly_cheaper_design_excluded,421,1754,350963,9.188189854015288,5.951747282225862,58.77710415356265,64.72885143578851,0.5951747282225863,5.877710415356265,6.472885143578851,6.249334646337156,2.938855207678132,37334,50000,0.74668,0.7392720369024728,0.7539475375798199,0.7392834597347404,0.7539794258828023,A89B7544E6D0696E62C7ABC8E34E3DA1718E5DA541D57E1FDB9CF7EC00696F77,C:\Users\23258\Desktop\华数杯\A题_微构体导电仿真优化\问题\问题4\results\D_screen2000_confirm50000\confirmation\pareto_max_A000619_B005483\mixed_pareto_frontier_samples.json,469BE2167B263FA7A811BF4572C0517EED8783B7657D7AADA5C24421020D94A7
strictly_cheaper_maximal,upper,strictly_cheaper_design_excluded,422,1745,350954,9.187954234566268,5.965884449167016,58.475511258818024,64.44139570798504,0.5965884449167016,5.847551125881802,6.444139570798504,6.264178671625368,2.9237755629409006,37444,50000,0.74888,0.7414925802529551,0.7561257418532272,0.7415042025772243,0.7561578163834253,A89B7544E6D0696E62C7ABC8E34E3DA1718E5DA541D57E1FDB9CF7EC00696F77,C:\Users\23258\Desktop\华数杯\A题_微构体导电仿真优化\问题\问题4\results\D_screen2000_confirm50000\confirmation\pareto_max_A000619_B005483\mixed_pareto_frontier_samples.json,469BE2167B263FA7A811BF4572C0517EED8783B7657D7AADA5C24421020D94A7
strictly_cheaper_maximal,upper,strictly_cheaper_design_excluded,423,1736,350945,9.18771861511725,5.9800216161081705,58.1739183640734,64.15393998018158,0.5980021616108171,5.81739183640734,6.415393998018158,6.27902269691358,2.90869591820367,37503,50000,0.75006,0.7426837019132781,0.7572939484638992,0.742695431273269,0.7573261228361425,A89B7544E6D0696E62C7ABC8E34E3DA1718E5DA541D57E1FDB9CF7EC00696F77,C:\Users\23258\Desktop\华数杯\A题_微构体导电仿真优化\问题\问题4\results\D_screen2000_confirm50000\confirmation\pareto_max_A000619_B005483\mixed_pareto_frontier_samples.json,469BE2167B263FA7A811BF4572C0517EED8783B7657D7AADA5C24421020D94A7
strictly_cheaper_maximal,upper,strictly_cheaper_design_excluded,424,1727,350936,9.18748299566823,5.994158783049325,57.872325469328786,63.86648425237811,0.5994158783049325,5.787232546932879,6.38664842523781,6.293866722201792,2.893616273466439,37590,50000,0.7518,0.7444402336964782,0.7590164261650483,0.7444521209344936,0.7590487477059441,A89B7544E6D0696E62C7ABC8E34E3DA1718E5DA541D57E1FDB9CF7EC00696F77,C:\Users\23258\Desktop\华数杯\A题_微构体导电仿真优化\问题\问题4\results\D_screen2000_confirm50000\confirmation\pareto_max_A000619_B005483\mixed_pareto_frontier_samples.json,469BE2167B263FA7A811BF4572C0517EED8783B7657D7AADA5C24421020D94A7
strictly_cheaper_maximal,upper,strictly_cheaper_design_excluded,425,1718,350927,9.18724737621921,6.008295949990479,57.57073257458416,63.57902852457464,0.6008295949990479,5.7570732574584165,6.357902852457464,6.308710747490004,2.878536628729208,37686,50000,0.75372,0.7463786594877739,0.760916907390965,0.7463907209998855,0.7609493912464047,A89B7544E6D0696E62C7ABC8E34E3DA1718E5DA541D57E1FDB9CF7EC00696F77,C:\Users\23258\Desktop\华数杯\A题_微构体导电仿真优化\问题\问题4\results\D_screen2000_confirm50000\confirmation\pareto_max_A000619_B005483\mixed_pareto_frontier_samples.json,469BE2167B263FA7A811BF4572C0517EED8783B7657D7AADA5C24421020D94A7
strictly_cheaper_maximal,upper,strictly_cheaper_design_excluded,426,1709,350918,9.187011756770191,6.022433116931633,57.26913967983954,63.29157279677117,0.6022433116931633,5.726913967983954,6.329157279677117,6.323554772778214,2.8634569839919766,37773,50000,0.75546,0.7481355256770928,0.7626390506859951,0.7481477451836767,0.7626716815669358,A89B7544E6D0696E62C7ABC8E34E3DA1718E5DA541D57E1FDB9CF7EC00696F77,C:\Users\23258\Desktop\华数杯\A题_微构体导电仿真优化\问题\问题4\results\D_screen2000_confirm50000\confirmation\pareto_max_A000619_B005483\mixed_pareto_frontier_samples.json,469BE2167B263FA7A811BF4572C0517EED8783B7657D7AADA5C24421020D94A7
strictly_cheaper_maximal,upper,strictly_cheaper_design_excluded,427,1700,350909,9.186776137321171,6.036570283872787,56.967546785094925,63.00411706896771,0.6036570283872787,5.6967546785094925,6.300411706896771,6.338398798066427,2.8483773392547453,37857,50000,0.75714,0.7498319627926883,0.7643016572104607,0.749844334899141,0.7643344299811782,A89B7544E6D0696E62C7ABC8E34E3DA1718E5DA541D57E1FDB9CF7EC00696F77,C:\Users\23258\Desktop\华数杯\A题_微构体导电仿真优化\问题\问题4\results\D_screen2000_confirm50000\confirmation\pareto_max_A000619_B005483\mixed_pareto_frontier_samples.json,469BE2167B263FA7A811BF4572C0517EED8783B7657D7AADA5C24421020D94A7
strictly_cheaper_maximal,upper,strictly_cheaper_design_excluded,428,1692,350964,9.188216033954067,6.050707450813941,56.69946421198859,62.75017166280253,0.6050707450813941,5.669946421198859,6.275017166280253,6.3532428233546385,2.834973210599429,37950,50000,0.759,0.7517103371009773,0.7661422240750962,0.751722878219315,0.7661751538615564,A89B7544E6D0696E62C7ABC8E34E3DA1718E5DA541D57E1FDB9CF7EC00696F77,C:\Users\23258\Desktop\华数杯\A题_微构体导电仿真优化\问题\问题4\results\D_screen2000_confirm50000\confirmation\pareto_max_A000619_B005483\mixed_pareto_frontier_samples.json,469BE2167B263FA7A811BF4572C0517EED8783B7657D7AADA5C24421020D94A7
strictly_cheaper_maximal,upper,strictly_cheaper_design_excluded,429,1683,350955,9.187980414505049,6.064844617755095,56.397871317243975,62.46271593499907,0.6064844617755095,5.639787131724397,6.246271593499907,6.36808684864285,2.8198935658621984,38049,50000,0.76098,0.7537101017511713,0.7681013322864029,0.7537228228579309,0.7681344291290504,A89B7544E6D0696E62C7ABC8E34E3DA1718E5DA541D57E1FDB9CF7EC00696F77,C:\Users\23258\Desktop\华数杯\A题_微构体导电仿真优化\问题\问题4\results\D_screen2000_confirm50000\confirmation\pareto_max_A000619_B005483\mixed_pareto_frontier_samples.json,469BE2167B263FA7A811BF4572C0517EED8783B7657D7AADA5C24421020D94A7
strictly_cheaper_maximal,upper,strictly_cheaper_design_excluded,430,1674,350946,9.187744795056028,6.078981784696249,56.09627842249935,62.1752602071956,0.6078981784696249,5.609627842249935,6.21752602071956,6.382930873931063,2.804813921124967,38157,50000,0.76314,0.7558919062515908,0.7702382981803475,0.7559048237958816,0.7702715771590751,A89B7544E6D0696E62C7ABC8E34E3DA1718E5DA541D57E1FDB9CF7EC00696F77,C:\Users\23258\Desktop\华数杯\A题_微构体导电仿真优化\问题\问题4\results\D_screen2000_confirm50000\confirmation\pareto_max_A000619_B005483\mixed_pareto_frontier_samples.json,469BE2167B263FA7A811BF4572C0517EED8783B7657D7AADA5C24421020D94A7
strictly_cheaper_maximal,upper,strictly_cheaper_design_excluded,431,1665,350937,9.18750917560701,6.093118951637403,55.79468552775473,61.88780447939213,0.6093118951637404,5.579468552775473,6.188780447939213,6.397774899219274,2.7897342763877364,38176,50000,0.76352,0.7562757686349881,0.7706142194774401,0.7562887207471728,0.7706475304869379,A89B7544E6D0696E62C7ABC8E34E3DA1718E5DA541D57E1FDB9CF7EC00696F77,C:\Users\23258\Desktop\华数杯\A题_微构体导电仿真优化\问题\问题4\results\D_screen2000_confirm50000\confirmation\pareto_max_A000619_B005483\mixed_pareto_frontier_samples.json,469BE2167B263FA7A811BF4572C0517EED8783B7657D7AADA5C24421020D94A7
strictly_cheaper_maximal,upper,strictly_cheaper_design_excluded,432,1656,350928,9.18727355615799,6.107256118578557,55.493092633010114,61.60034875158867,0.6107256118578557,5.549309263301011,6.160034875158868,6.412618924507486,2.774654631650505,38247,50000,0.76494,0.757710272084387,0.772018907676188,0.7577233533965664,0.7720523383483316,A89B7544E6D0696E62C7ABC8E34E3DA1718E5DA541D57E1FDB9CF7EC00696F77,C:\Users\23258\Desktop\华数杯\A题_微构体导电仿真优化\问题\问题4\results\D_screen2000_confirm50000\confirmation\pareto_max_A000619_B005483\mixed_pareto_frontier_samples.json,469BE2167B263FA7A811BF4572C0517EED8783B7657D7AADA5C24421020D94A7
strictly_cheaper_maximal,upper,strictly_cheaper_design_excluded,433,1647,350919,9.187037936708972,6.121393285519711,55.19149973826549,61.3128930237852,0.6121393285519712,5.51914997382655,6.13128930237852,6.427462949795697,2.7595749869132744,38298,50000,0.76596,0.7587407588225148,0.7730278402909543,0.7587539329650617,0.7730613568872711,A89B7544E6D0696E62C7ABC8E34E3DA1718E5DA541D57E1FDB9CF7EC00696F77,C:\Users\23258\Desktop\华数杯\A题_微构体导电仿真优化\问题\问题4\results\D_screen2000_confirm50000\confirmation\pareto_max_A000619_B005483\mixed_pareto_frontier_samples.json,469BE2167B263FA7A811BF4572C0517EED8783B7657D7AADA5C24421020D94A7
strictly_cheaper_maximal,upper,strictly_cheaper_design_excluded,434,1638,350910,9.186802317259952,6.135530452460865,54.88990684352087,61.02543729598173,0.6135530452460866,5.488990684352086,6.102543729598173,6.44230697508391,2.744495342176043,38379,50000,0.76758,0.7603775331128795,0.774630143796363,0.7603908547348222,0.7746637968071735,A89B7544E6D0696E62C7ABC8E34E3DA1718E5DA541D57E1FDB9CF7EC00696F77,C:\Users\23258\Desktop\华数杯\A题_微构体导电仿真优化\问题\问题4\results\D_screen2000_confirm50000\confirmation\pareto_max_A000619_B005483\mixed_pareto_frontier_samples.json,469BE2167B263FA7A811BF4572C0517EED8783B7657D7AADA5C24421020D94A7
strictly_cheaper_maximal,upper,strictly_cheaper_design_excluded,435,1630,350965,9.188242213892847,6.1496676194020194,54.62182427041454,60.77149188981656,0.614966761940202,5.462182427041454,6.0771491889816565,6.457151000372121,2.731091213520727,38473,50000,0.76946,0.762277183717548,0.7764894229793816,0.7622906765552044,0.7765232342153476,A89B7544E6D0696E62C7ABC8E34E3DA1718E5DA541D57E1FDB9CF7EC00696F77,C:\Users\23258\Desktop\华数杯\A题_微构体导电仿真优化\问题\问题4\results\D_screen2000_confirm50000\confirmation\pareto_max_A000619_B005483\mixed_pareto_frontier_samples.json,469BE2167B263FA7A811BF4572C0517EED8783B7657D7AADA5C24421020D94A7
strictly_cheaper_maximal,upper,strictly_cheaper_design_excluded,436,1621,350956,9.188006594443829,6.1638047863431735,54.32023137566992,60.48403616201309,0.6163804786343173,5.432023137566992,6.048403616201309,6.471995025660332,2.716011568783496,38546,50000,0.77092,0.7637525817865624,0.7779331937880395,0.7637662076397188,0.7779671278386239,A89B7544E6D0696E62C7ABC8E34E3DA1718E5DA541D57E1FDB9CF7EC00696F77,C:\Users\23258\Desktop\华数杯\A题_微构体导电仿真优化\问题\问题4\results\D_screen2000_confirm50000\confirmation\pareto_max_A000619_B005483\mixed_pareto_frontier_samples.json,469BE2167B263FA7A811BF4572C0517EED8783B7657D7AADA5C24421020D94A7
strictly_cheaper_maximal,upper,strictly_cheaper_design_excluded,437,1612,350947,9.187770974994809,6.177941953284328,54.018638480925304,60.19658043420963,0.6177941953284328,5.40186384809253,6.019658043420963,6.486839050948545,2.7009319240462646,38634,50000,0.77268,0.7655313048805806,0.7796734687931327,0.765545091140169,0.7797075508207114,A89B7544E6D0696E62C7ABC8E34E3DA1718E5DA541D57E1FDB9CF7EC00696F77,C:\Users\23258\Desktop\华数杯\A题_微构体导电仿真优化\问题\问题4\results\D_screen2000_confirm50000\confirmation\pareto_max_A000619_B005483\mixed_pareto_frontier_samples.json,469BE2167B263FA7A811BF4572C0517EED8783B7657D7AADA5C24421020D94A7
strictly_cheaper_maximal,upper,strictly_cheaper_design_excluded,438,1603,350938,9.187535355545789,6.192079120225482,53.71704558618068,59.90912470640616,0.6192079120225482,5.3717045586180685,5.990912470640616,6.501683076236756,2.685852279309034,38714,50000,0.77428,0.7671484797791216,0.781255383075602,0.7671624119193761,0.7812895995570532,A89B7544E6D0696E62C7ABC8E34E3DA1718E5DA541D57E1FDB9CF7EC00696F77,C:\Users\23258\Desktop\华数杯\A题_微构体导电仿真优化\问题\问题4\results\D_screen2000_confirm50000\confirmation\pareto_max_A000619_B005483\mixed_pareto_frontier_samples.json,469BE2167B263FA7A811BF4572C0517EED8783B7657D7AADA5C24421020D94A7
strictly_cheaper_maximal,upper,strictly_cheaper_design_excluded,439,1594,350929,9.18729973609677,6.206216287166636,53.415452691436066,59.6216689786027,0.6206216287166636,5.341545269143607,5.96216689786027,6.516527101524968,2.670772634571803,38770,50000,0.7754,0.768280590031295,0.782362635250136,0.7682946243204802,0.7823969458087461,A89B7544E6D0696E62C7ABC8E34E3DA1718E5DA541D57E1FDB9CF7EC00696F77,C:\Users\23258\Desktop\华数杯\A题_微构体导电仿真优化\问题\问题4\results\D_screen2000_confirm50000\confirmation\pareto_max_A000619_B005483\mixed_pareto_frontier_samples.json,469BE2167B263FA7A811BF4572C0517EED8783B7657D7AADA5C24421020D94A7
strictly_cheaper_maximal,upper,strictly_cheaper_design_excluded,440,1585,350920,9.18706411664775,6.22035345410779,53.11385979669144,59.33421325079923,0.622035345410779,5.311385979669144,5.933421325079923,6.5313711268131796,2.655692989834572,38854,50000,0.77708,0.7699788919619418,0.7840233769595503,0.7699930795252277,0.7840578285704952,A89B7544E6D0696E62C7ABC8E34E3DA1718E5DA541D57E1FDB9CF7EC00696F77,C:\Users\23258\Desktop\华数杯\A题_微构体导电仿真优化\问题\问题4\results\D_screen2000_confirm50000\confirmation\pareto_max_A000619_B005483\mixed_pareto_frontier_samples.json,469BE2167B263FA7A811BF4572C0517EED8783B7657D7AADA5C24421020D94A7
strictly_cheaper_maximal,upper,strictly_cheaper_design_excluded,441,1576,350911,9.186828497198732,6.234490621048944,52.81226690194682,59.04675752299576,0.6234490621048945,5.281226690194682,5.904675752299576,6.546215152101392,2.6406133450973406,38940,50000,0.7788,0.771717800640228,0.7857234891508506,0.7717321451907811,0.7857580850926692,A89B7544E6D0696E62C7ABC8E34E3DA1718E5DA541D57E1FDB9CF7EC00696F77,C:\Users\23258\Desktop\华数杯\A题_微构体导电仿真优化\问题\问题4\results\D_screen2000_confirm50000\confirmation\pareto_max_A000619_B005483\mixed_pareto_frontier_samples.json,469BE2167B263FA7A811BF4572C0517EED8783B7657D7AADA5C24421020D94A7
strictly_cheaper_maximal,upper,strictly_cheaper_design_excluded,442,1568,350966,9.188268393831628,6.248627787990098,52.544184328840494,58.79281211683059,0.6248627787990098,5.254418432884049,5.879281211683059,6.5610591773896045,2.627209216442024,39016,50000,0.78032,0.7732546557728394,0.787225768740199,0.7732691391107458,0.7872604921620241,A89B7544E6D0696E62C7ABC8E34E3DA1718E5DA541D57E1FDB9CF7EC00696F77,C:\Users\23258\Desktop\华数杯\A题_微构体导电仿真优化\问题\问题4\results\D_screen2000_confirm50000\confirmation\pareto_max_A000619_B005483\mixed_pareto_frontier_samples.json,469BE2167B263FA7A811BF4572C0517EED8783B7657D7AADA5C24421020D94A7
strictly_cheaper_maximal,upper,strictly_cheaper_design_excluded,443,1559,350957,9.188032774382608,6.262764954931252,52.24259143409587,58.50535638902712,0.6262764954931253,5.224259143409587,5.850535638902712,6.575903202677815,2.6121295717047937,39056,50000,0.78112,0.7740635819529206,0.788016387150623,0.7740781383575349,0.7880511776411785,A89B7544E6D0696E62C7ABC8E34E3DA1718E5DA541D57E1FDB9CF7EC00696F77,C:\Users\23258\Desktop\华数杯\A题_微构体导电仿真优化\问题\问题4\results\D_screen2000_confirm50000\confirmation\pareto_max_A000619_B005483\mixed_pareto_frontier_samples.json,469BE2167B263FA7A811BF4572C0517EED8783B7657D7AADA5C24421020D94A7
strictly_cheaper_maximal,upper,strictly_cheaper_design_excluded,444,1550,350948,9.18779715493359,6.276902121872406,51.940998539351256,58.21790066122366,0.6276902121872406,5.194099853935126,5.821790066122365,6.590747227966027,2.5970499269675624,39097,50000,0.78194,0.7748927708971072,0.7888267314117043,0.7749074022100606,0.7888615906289197,A89B7544E6D0696E62C7ABC8E34E3DA1718E5DA541D57E1FDB9CF7EC00696F77,C:\Users\23258\Desktop\华数杯\A题_微构体导电仿真优化\问题\问题4\results\D_screen2000_confirm50000\confirmation\pareto_max_A000619_B005483\mixed_pareto_frontier_samples.json,469BE2167B263FA7A811BF4572C0517EED8783B7657D7AADA5C24421020D94A7
strictly_cheaper_maximal,upper,strictly_cheaper_design_excluded,445,1541,350939,9.18756153548457,6.29103928881356,51.63940564460663,57.93044493342019,0.629103928881356,5.163940564460663,5.79304449334202,6.6055912532542385,2.581970282230331,39191,50000,0.78382,0.7767939904639921,0.7906844416325066,0.7768087935757441,0.7907194583456189,A89B7544E6D0696E62C7ABC8E34E3DA1718E5DA541D57E1FDB9CF7EC00696F77,C:\Users\23258\Desktop\华数杯\A题_微构体导电仿真优化\问题\问题4\results\D_screen2000_confirm50000\confirmation\pareto_max_A000619_B005483\mixed_pareto_frontier_samples.json,469BE2167B263FA7A811BF4572C0517EED8783B7657D7AADA5C24421020D94A7
strictly_cheaper_maximal,upper,strictly_cheaper_design_excluded,446,1532,350930,9.187325916035551,6.305176455754714,51.33781274986201,57.64298920561672,0.6305176455754714,5.133781274986202,5.764298920561672,6.62043527854245,2.5668906374931,39282,50000,0.78564,0.7786347362937809,0.7924826597461174,0.7786497057989298,0.792517828831111,A89B7544E6D0696E62C7ABC8E34E3DA1718E5DA541D57E1FDB9CF7EC00696F77,C:\Users\23258\Desktop\华数杯\A题_微构体导电仿真优化\问题\问题4\results\D_screen2000_confirm50000\confirmation\pareto_max_A000619_B005483\mixed_pareto_frontier_samples.json,469BE2167B263FA7A811BF4572C0517EED8783B7657D7AADA5C24421020D94A7
strictly_cheaper_maximal,upper,strictly_cheaper_design_excluded,447,1523,350921,9.18709029658653,6.319313622695868,51.036219855117395,57.35553347781326,0.6319313622695869,5.103621985511739,5.735553347781326,6.635279303830663,2.5518109927558696,39339,50000,0.78678,0.7797878337331535,0.7936089133482148,0.7798029075021187,0.7936441778253358,A89B7544E6D0696E62C7ABC8E34E3DA1718E5DA541D57E1FDB9CF7EC00696F77,C:\Users\23258\Desktop\华数杯\A题_微构体导电仿真优化\问题\问题4\results\D_screen2000_confirm50000\confirmation\pareto_max_A000619_B005483\mixed_pareto_frontier_samples.json,469BE2167B263FA7A811BF4572C0517EED8783B7657D7AADA5C24421020D94A7
strictly_cheaper_maximal,upper,strictly_cheaper_design_excluded,448,1514,350912,9.186854677137513,6.3334507896370225,50.73462696037277,57.06807775000979,0.6333450789637023,5.073462696037277,5.7068077750009785,6.650123329118873,2.5367313480186384,39426,50000,0.78852,0.7815479784503505,0.7953277781153667,0.781563211418083,0.7953631881162758,A89B7544E6D0696E62C7ABC8E34E3DA1718E5DA541D57E1FDB9CF7EC00696F77,C:\Users\23258\Desktop\华数杯\A题_微构体导电仿真优化\问题\问题4\results\D_screen2000_confirm50000\confirmation\pareto_max_A000619_B005483\mixed_pareto_frontier_samples.json,469BE2167B263FA7A811BF4572C0517EED8783B7657D7AADA5C24421020D94A7
strictly_cheaper_maximal,upper,strictly_cheaper_design_excluded,449,1506,350967,9.188294573770408,6.3475879565781765,50.466544387266445,56.81413234384462,0.6347587956578177,5.0466544387266445,5.681413234384462,6.664967354407086,2.523327219363322,39497,50000,0.78994,0.782984557212185,0.796730391001679,0.7829999201544635,0.7967659196955784,A89B7544E6D0696E62C7ABC8E34E3DA1718E5DA541D57E1FDB9CF7EC00696F77,C:\Users\23258\Desktop\华数杯\A题_微构体导电仿真优化\问题\问题4\results\D_screen2000_confirm50000\confirmation\pareto_max_A000619_B005483\mixed_pareto_frontier_samples.json,469BE2167B263FA7A811BF4572C0517EED8783B7657D7AADA5C24421020D94A7
strictly_cheaper_maximal,upper,strictly_cheaper_design_excluded,450,1497,350958,9.188058954321388,6.361725123519331,50.16495149252182,56.52667661604115,0.6361725123519331,5.016495149252182,5.652667661604115,6.679811379695298,2.5082475746260906,39544,50000,0.79088,0.7839356010059566,0.7976588121017512,0.7839510500145932,0.7976944193331164,A89B7544E6D0696E62C7ABC8E34E3DA1718E5DA541D57E1FDB9CF7EC00696F77,C:\Users\23258\Desktop\华数杯\A题_微构体导电仿真优化\问题\问题4\results\D_screen2000_confirm50000\confirmation\pareto_max_A000619_B005483\mixed_pareto_frontier_samples.json,469BE2167B263FA7A811BF4572C0517EED8783B7657D7AADA5C24421020D94A7
strictly_cheaper_maximal,upper,strictly_cheaper_design_excluded,451,1488,350949,9.187823334872368,6.375862290460485,49.8633585977772,56.23922088823768,0.6375862290460486,4.98633585977772,5.623922088823768,6.694655404983509,2.49316792988886,39626,50000,0.79252,0.7855950016640758,0.7992784778541675,0.7856106008828814,0.7993142220427771,A89B7544E6D0696E62C7ABC8E34E3DA1718E5DA541D57E1FDB9CF7EC00696F77,C:\Users\23258\Desktop\华数杯\A题_微构体导电仿真优化\问题\问题4\results\D_screen2000_confirm50000\confirmation\pareto_max_A000619_B005483\mixed_pareto_frontier_samples.json,469BE2167B263FA7A811BF4572C0517EED8783B7657D7AADA5C24421020D94A7
strictly_cheaper_maximal,upper,strictly_cheaper_design_excluded,452,1479,350940,9.18758771542335,6.389999457401639,49.561765703032584,55.95176516043422,0.6389999457401638,4.956176570303259,5.595176516043423,6.7094994302717215,2.478088285151629,39703,50000,0.79406,0.7871533741398811,0.8007992287150849,0.78716911447043,0.8008351014330012,A89B7544E6D0696E62C7ABC8E34E3DA1718E5DA541D57E1FDB9CF7EC00696F77,C:\Users\23258\Desktop\华数杯\A题_微构体导电仿真优化\问题\问题4\results\D_screen2000_confirm50000\confirmation\pareto_max_A000619_B005483\mixed_pareto_frontier_samples.json,469BE2167B263FA7A811BF4572C0517EED8783B7657D7AADA5C24421020D94A7
strictly_cheaper_maximal,upper,strictly_cheaper_design_excluded,453,1470,350931,9.18735209597433,6.404136624342793,49.26017280828796,55.66430943263075,0.6404136624342793,4.9260172808287965,5.566430943263075,6.724343455559933,2.463008640414398,39792,50000,0.79584,0.7889547983062281,0.802556791262612,0.7889707018143276,0.8025928124461118,A89B7544E6D0696E62C7ABC8E34E3DA1718E5DA541D57E1FDB9CF7EC00696F77,C:\Users\23258\Desktop\华数杯\A题_微构体导电仿真优化\问题\问题4\results\D_screen2000_confirm50000\confirmation\pareto_max_A000619_B005483\mixed_pareto_frontier_samples.json,469BE2167B263FA7A811BF4572C0517EED8783B7657D7AADA5C24421020D94A7
strictly_cheaper_maximal,upper,strictly_cheaper_design_excluded,454,1461,350922,9.187116476525311,6.418273791283947,48.95857991354334,55.37685370482728,0.6418273791283947,4.895857991354333,5.537685370482728,6.739187480848145,2.4479289956771666,39850,50000,0.797,0.7901288697586902,0.8037020594663827,0.7901448796507105,0.8037381773475429,A89B7544E6D0696E62C7ABC8E34E3DA1718E5DA541D57E1FDB9CF7EC00696F77,C:\Users\23258\Desktop\华数杯\A题_微构体导电仿真优化\问题\问题4\results\D_screen2000_confirm50000\confirmation\pareto_max_A000619_B005483\mixed_pareto_frontier_samples.json,469BE2167B263FA7A811BF4572C0517EED8783B7657D7AADA5C24421020D94A7
strictly_cheaper_maximal,upper,strictly_cheaper_design_excluded,455,1452,350913,9.186880857076291,6.432410958225101,48.65698701879872,55.08939797702382,0.6432410958225101,4.8656987018798725,5.508939797702382,6.754031506136356,2.432849350939936,39903,50000,0.79806,0.7912018043587791,0.8047485214487132,0.7912179114940695,0.8047847276529482,A89B7544E6D0696E62C7ABC8E34E3DA1718E5DA541D57E1FDB9CF7EC00696F77,C:\Users\23258\Desktop\华数杯\A题_微构体导电仿真优化\问题\问题4\results\D_screen2000_confirm50000\confirmation\pareto_max_A000619_B005483\mixed_pareto_frontier_samples.json,469BE2167B263FA7A811BF4572C0517EED8783B7657D7AADA5C24421020D94A7
strictly_cheaper_maximal,upper,strictly_cheaper_design_excluded,456,1444,350968,9.188320753709187,6.446548125166255,48.38890444569239,54.83545257085864,0.6446548125166255,4.8388904445692384,5.483545257085864,6.768875531424569,2.4194452222846192,39987,50000,0.79974,0.7929024546213309,0.8064069148262224,0.7929187159381588,0.8064432609377534,A89B7544E6D0696E62C7ABC8E34E3DA1718E5DA541D57E1FDB9CF7EC00696F77,C:\Users\23258\Desktop\华数杯\A题_微构体导电仿真优化\问题\问题4\results\D_screen2000_confirm50000\confirmation\pareto_max_A000619_B005483\mixed_pareto_frontier_samples.json,469BE2167B263FA7A811BF4572C0517EED8783B7657D7AADA5C24421020D94A7
strictly_cheaper_maximal,upper,strictly_cheaper_design_excluded,457,1435,350959,9.188085134260168,6.460685292107409,48.087311550947774,54.54799684305518,0.646068529210741,4.808731155094777,5.454799684305518,6.7837195567127795,2.4043655775473884,40083,50000,0.80166,0.7948462823347748,0.8083019941299912,0.7948627199506704,0.8083385000189979,A89B7544E6D0696E62C7ABC8E34E3DA1718E5DA541D57E1FDB9CF7EC00696F77,C:\Users\23258\Desktop\华数杯\A题_微构体导电仿真优化\问题\问题4\results\D_screen2000_confirm50000\confirmation\pareto_max_A000619_B005483\mixed_pareto_frontier_samples.json,469BE2167B263FA7A811BF4572C0517EED8783B7657D7AADA5C24421020D94A7
strictly_cheaper_maximal,upper,strictly_cheaper_design_excluded,458,1426,350950,9.187849514811148,6.474822459048563,47.78571865620315,54.26054111525171,0.6474822459048564,4.778571865620315,5.426054111525171,6.798563582000992,2.389285932810157,40142,50000,0.80284,0.7960410478903254,0.8094665568454357,0.7960575939058898,0.8095031608683246,A89B7544E6D0696E62C7ABC8E34E3DA1718E5DA541D57E1FDB9CF7EC00696F77,C:\Users\23258\Desktop\华数杯\A题_微构体导电仿真优化\问题\问题4\results\D_screen2000_confirm50000\confirmation\pareto_max_A000619_B005483\mixed_pareto_frontier_samples.json,469BE2167B263FA7A811BF4572C0517EED8783B7657D7AADA5C24421020D94A7
strictly_cheaper_maximal,upper,strictly_cheaper_design_excluded,459,1417,350941,9.18761389536213,6.488959625989717,47.484125761458536,53.97308538744825,0.6488959625989718,4.748412576145854,5.397308538744825,6.813407607289203,2.374206288072926,40240,50000,0.8048,0.7980257800235796,0.8114007089589194,0.7980425061769406,0.8114374758765497,A89B7544E6D0696E62C7ABC8E34E3DA1718E5DA541D57E1FDB9CF7EC00696F77,C:\Users\23258\Desktop\华数杯\A题_微构体导电仿真优化\问题\问题4\results\D_screen2000_confirm50000\confirmation\pareto_max_A000619_B005483\mixed_pareto_frontier_samples.json,469BE2167B263FA7A811BF4572C0517EED8783B7657D7AADA5C24421020D94A7
strictly_cheaper_maximal,upper,strictly_cheaper_design_excluded,460,1408,350932,9.18737827591311,6.503096792930871,47.18253286671391,53.68562965964478,0.6503096792930871,4.718253286671391,5.368562965964478,6.828251632577415,2.359126643335695,40293,50000,0.80586,0.7990992637403337,0.8124466218245848,0.7991160873594945,0.8124834767817307,A89B7544E6D0696E62C7ABC8E34E3DA1718E5DA541D57E1FDB9CF7EC00696F77,C:\Users\23258\Desktop\华数杯\A题_微构体导电仿真优化\问题\问题4\results\D_screen2000_confirm50000\confirmation\pareto_max_A000619_B005483\mixed_pareto_frontier_samples.json,469BE2167B263FA7A811BF4572C0517EED8783B7657D7AADA5C24421020D94A7
strictly_cheaper_maximal,upper,strictly_cheaper_design_excluded,461,1399,350923,9.187142656464092,6.5172339598720255,46.88093997196929,53.39817393184131,0.6517233959872026,4.688093997196929,5.3398173931841315,6.843095657865628,2.3440469985984644,40368,50000,0.80736,0.8006184753789448,0.8139265562931709,0.8006354369753717,0.8139635357655475,A89B7544E6D0696E62C7ABC8E34E3DA1718E5DA541D57E1FDB9CF7EC00696F77,C:\Users\23258\Desktop\华数杯\A题_微构体导电仿真优化\问题\问题4\results\D_screen2000_confirm50000\confirmation\pareto_max_A000619_B005483\mixed_pareto_frontier_samples.json,469BE2167B263FA7A811BF4572C0517EED8783B7657D7AADA5C24421020D94A7
strictly_cheaper_maximal,upper,strictly_cheaper_design_excluded,462,1390,350914,9.186907037015072,6.5313711268131796,46.579347077224675,53.11071820403785,0.6531371126813179,4.657934707722467,5.311071820403785,6.857939683153838,2.328967353861233,40459,50000,0.80918,0.8024619932720473,0.815722002343468,0.8024791223670287,0.8157591327840922,A89B7544E6D0696E62C7ABC8E34E3DA1718E5DA541D57E1FDB9CF7EC00696F77,C:\Users\23258\Desktop\华数杯\A题_微构体导电仿真优化\问题\问题4\results\D_screen2000_confirm50000\confirmation\pareto_max_A000619_B005483\mixed_pareto_frontier_samples.json,469BE2167B263FA7A811BF4572C0517EED8783B7657D7AADA5C24421020D94A7
strictly_cheaper_maximal,upper,strictly_cheaper_design_excluded,463,1382,350969,9.188346933647967,6.545508293754334,46.31126450411834,52.85677279787267,0.6545508293754334,4.631126450411834,5.285677279787267,6.872783708442051,2.315563225205917,40538,50000,0.81076,0.8040625964328819,0.8172804997488813,0.8040798710165237,0.8173177611501405,A89B7544E6D0696E62C7ABC8E34E3DA1718E5DA541D57E1FDB9CF7EC00696F77,C:\Users\23258\Desktop\华数杯\A题_微构体导电仿真优化\问题\问题4\results\D_screen2000_confirm50000\confirmation\pareto_max_A000619_B005483\mixed_pareto_frontier_samples.json,469BE2167B263FA7A811BF4572C0517EED8783B7657D7AADA5C24421020D94A7
strictly_cheaper_maximal,upper,strictly_cheaper_design_excluded,464,1373,350960,9.188111314198947,6.559645460695488,46.009671609373726,52.56931707006921,0.6559645460695488,4.600967160937373,5.256931707006921,6.8876277337302625,2.300483580468686,40588,50000,0.81176,0.8050757267871723,0.8182668001327223,0.8050930934901741,0.8183041443718139,A89B7544E6D0696E62C7ABC8E34E3DA1718E5DA541D57E1FDB9CF7EC00696F77,C:\Users\23258\Desktop\华数杯\A题_微构体导电仿真优化\问题\问题4\results\D_screen2000_confirm50000\confirmation\pareto_max_A000619_B005483\mixed_pareto_frontier_samples.json,469BE2167B263FA7A811BF4572C0517EED8783B7657D7AADA5C24421020D94A7
strictly_cheaper_maximal,upper,strictly_cheaper_design_excluded,465,1364,350951,9.187875694749929,6.573782627636642,45.7080787146291,52.28186134226574,0.6573782627636642,4.57080787146291,5.228186134226574,6.902471759018474,2.2854039357314546,40630,50000,0.8126,0.8059268108050602,0.8190952379348649,0.8059442549113094,0.8191326517282325,A89B7544E6D0696E62C7ABC8E34E3DA1718E5DA541D57E1FDB9CF7EC00696F77,C:\Users\23258\Desktop\华数杯\A题_微构体导电仿真优化\问题\问题4\results\D_screen2000_confirm50000\confirmation\pareto_max_A000619_B005483\mixed_pareto_frontier_samples.json,469BE2167B263FA7A811BF4572C0517EED8783B7657D7AADA5C24421020D94A7
strictly_cheaper_maximal,upper,strictly_cheaper_design_excluded,466,1355,350942,9.187640075300909,6.587919794577796,45.40648581988448,51.99440561446227,0.6587919794577796,4.540648581988449,5.199440561446227,6.917315784306686,2.270324290994224,40706,50000,0.81412,0.8074669950098258,0.8205941884520592,0.8074845792330527,0.820631728036231,A89B7544E6D0696E62C7ABC8E34E3DA1718E5DA541D57E1FDB9CF7EC00696F77,C:\Users\23258\Desktop\华数杯\A题_微构体导电仿真优化\问题\问题4\results\D_screen2000_confirm50000\confirmation\pareto_max_A000619_B005483\mixed_pareto_frontier_samples.json,469BE2167B263FA7A811BF4572C0517EED8783B7657D7AADA5C24421020D94A7
strictly_cheaper_maximal,upper,strictly_cheaper_design_excluded,467,1346,350933,9.18740445585189,6.60205696151895,45.104892925139865,51.70694988665881,0.6602056961518951,4.510489292513987,5.170694988665881,6.932159809594898,2.2552446462569926,40746,50000,0.81492,0.8082776846282397,0.8213830434241506,0.8082953426254654,0.8214206491777294,A89B7544E6D0696E62C7ABC8E34E3DA1718E5DA541D57E1FDB9CF7EC00696F77,C:\Users\23258\Desktop\华数杯\A题_微构体导电仿真优化\问题\问题4\results\D_screen2000_confirm50000\confirmation\pareto_max_A000619_B005483\mixed_pareto_frontier_samples.json,469BE2167B263FA7A811BF4572C0517EED8783B7657D7AADA5C24421020D94A7
strictly_cheaper_maximal,upper,strictly_cheaper_design_excluded,468,1337,350924,9.18716883640287,6.616194128460104,44.80330003039524,51.41949415885534,0.6616194128460104,4.480330003039524,5.141949415885534,6.947003834883109,2.240165001519762,40831,50000,0.81662,0.8100005532834796,0.8230592070237343,0.8100183681159782,0.8230969533029875,A89B7544E6D0696E62C7ABC8E34E3DA1718E5DA541D57E1FDB9CF7EC00696F77,C:\Users\23258\Desktop\华数杯\A题_微构体导电仿真优化\问题\问题4\results\D_screen2000_confirm50000\confirmation\pareto_max_A000619_B005483\mixed_pareto_frontier_samples.json,469BE2167B263FA7A811BF4572C0517EED8783B7657D7AADA5C24421020D94A7
strictly_cheaper_maximal,upper,strictly_cheaper_design_excluded,469,1328,350915,9.186933216953852,6.630331295401258,44.50170713565062,51.132038431051875,0.6630331295401258,4.450170713565062,5.113203843105188,6.961847860171321,2.225085356782531,40888,50000,0.81776,0.811156006349269,0.8241831049994149,0.811173926404211,0.8242209454484253,A89B7544E6D0696E62C7ABC8E34E3DA1718E5DA541D57E1FDB9CF7EC00696F77,C:\Users\23258\Desktop\华数杯\A题_微构体导电仿真优化\问题\问题4\results\D_screen2000_confirm50000\confirmation\pareto_max_A000619_B005483\mixed_pareto_frontier_samples.json,469BE2167B263FA7A811BF4572C0517EED8783B7657D7AADA5C24421020D94A7
strictly_cheaper_maximal,upper,strictly_cheaper_design_excluded,470,1320,350970,9.188373113586747,6.644468462342411,44.23362456254429,50.8780930248867,0.6644468462342411,4.423362456254429,5.087809302488671,6.976691885459534,2.211681228127214,40986,50000,0.81972,0.8131427977668639,0.8261151978285579,0.8131608988270621,0.826153200059057,A89B7544E6D0696E62C7ABC8E34E3DA1718E5DA541D57E1FDB9CF7EC00696F77,C:\Users\23258\Desktop\华数杯\A题_微构体导电仿真优化\问题\问题4\results\D_screen2000_confirm50000\confirmation\pareto_max_A000619_B005483\mixed_pareto_frontier_samples.json,469BE2167B263FA7A811BF4572C0517EED8783B7657D7AADA5C24421020D94A7
strictly_cheaper_maximal,upper,strictly_cheaper_design_excluded,471,1311,350961,9.188137494137727,6.658605629283565,43.93203166779967,50.590637297083234,0.6658605629283566,4.393203166779967,5.059063729708323,6.991535910747745,2.1966015833899837,41007,50000,0.82014,0.8135685757479472,0.8265291807574899,0.8135867156110611,0.8265672176347086,A89B7544E6D0696E62C7ABC8E34E3DA1718E5DA541D57E1FDB9CF7EC00696F77,C:\Users\23258\Desktop\华数杯\A题_微构体导电仿真优化\问题\问题4\results\D_screen2000_confirm50000\confirmation\pareto_max_A000619_B005483\mixed_pareto_frontier_samples.json,469BE2167B263FA7A811BF4572C0517EED8783B7657D7AADA5C24421020D94A7
strictly_cheaper_maximal,upper,strictly_cheaper_design_excluded,472,1302,350952,9.18790187468871,6.672742796224719,43.630438773055054,50.30318156927977,0.6672742796224719,4.363043877305506,5.030318156927977,7.006379936035957,2.1815219386527525,41069,50000,0.82138,0.8148257112624719,0.8277513393582483,0.8148439657201081,0.827789478482475,A89B7544E6D0696E62C7ABC8E34E3DA1718E5DA541D57E1FDB9CF7EC00696F77,C:\Users\23258\Desktop\华数杯\A题_微构体导电仿真优化\问题\问题4\results\D_screen2000_confirm50000\confirmation\pareto_max_A000619_B005483\mixed_pareto_frontier_samples.json,469BE2167B263FA7A811BF4572C0517EED8783B7657D7AADA5C24421020D94A7
strictly_cheaper_maximal,upper,strictly_cheaper_design_excluded,473,1293,350943,9.187666255239689,6.6868799631658735,43.32884587831043,50.0157258414763,0.6686879963165874,4.332884587831043,5.00157258414763,7.021223961324169,2.1664422939155212,41140,50000,0.8228,0.8162654759109029,0.829150766357964,0.8162838616599768,0.8291890224910846,A89B7544E6D0696E62C7ABC8E34E3DA1718E5DA541D57E1FDB9CF7EC00696F77,C:\Users\23258\Desktop\华数杯\A题_微构体导电仿真优化\问题\问题4\results\D_screen2000_confirm50000\confirmation\pareto_max_A000619_B005483\mixed_pareto_frontier_samples.json,469BE2167B263FA7A811BF4572C0517EED8783B7657D7AADA5C24421020D94A7
strictly_cheaper_maximal,upper,strictly_cheaper_design_excluded,474,1284,350934,9.18743063579067,6.701017130107028,43.02725298356581,49.728270113672835,0.6701017130107028,4.302725298356581,4.972827011367284,7.03606798661238,2.1513626491782905,41204,50000,0.82408,0.8175634227306976,0.830412090882978,0.8175819268847442,0.8304504524141868,A89B7544E6D0696E62C7ABC8E34E3DA1718E5DA541D57E1FDB9CF7EC00696F77,C:\Users\23258\Desktop\华数杯\A题_微构体导电仿真优化\问题\问题4\results\D_screen2000_confirm50000\confirmation\pareto_max_A000619_B005483\mixed_pareto_frontier_samples.json,469BE2167B263FA7A811BF4572C0517EED8783B7657D7AADA5C24421020D94A7
strictly_cheaper_maximal,upper,strictly_cheaper_design_excluded,475,1275,350925,9.18719501634165,6.715154297048182,42.72566008882119,49.44081438586937,0.6715154297048181,4.272566008882119,4.944081438586937,7.050912011900592,2.1362830044410592,41233,50000,0.82466,0.8181515960108517,0.8309835874309398,0.8181701538354016,0.8310219966970321,A89B7544E6D0696E62C7ABC8E34E3DA1718E5DA541D57E1FDB9CF7EC00696F77,C:\Users\23258\Desktop\华数杯\A题_微构体导电仿真优化\问题\问题4\results\D_screen2000_confirm50000\confirmation\pareto_max_A000619_B005483\mixed_pareto_frontier_samples.json,469BE2167B263FA7A811BF4572C0517EED8783B7657D7AADA5C24421020D94A7
strictly_cheaper_maximal,upper,strictly_cheaper_design_excluded,476,1266,350916,9.186959396892632,6.729291463989336,42.42406719407657,49.153358658065905,0.6729291463989335,4.242406719407657,4.915335865806591,7.065756037188803,2.1212033597038285,41292,50000,0.82584,0.8193483041235993,0.8321462075891878,0.8193669711753943,0.8321847139250481,A89B7544E6D0696E62C7ABC8E34E3DA1718E5DA541D57E1FDB9CF7EC00696F77,C:\Users\23258\Desktop\华数杯\A题_微构体导电仿真优化\问题\问题4\results\D_screen2000_confirm50000\confirmation\pareto_max_A000619_B005483\mixed_pareto_frontier_samples.json,469BE2167B263FA7A811BF4572C0517EED8783B7657D7AADA5C24421020D94A7
strictly_cheaper_maximal,upper,strictly_cheaper_design_excluded,477,1258,350971,9.188399293525526,6.74342863093049,42.155984620970244,48.89941325190073,0.674342863093049,4.215598462097025,4.889941325190073,7.080600062477015,2.107799231048512,41350,50000,0.827,0.820524833925681,0.8332890174433385,0.8205436084003636,0.8333276191428514,A89B7544E6D0696E62C7ABC8E34E3DA1718E5DA541D57E1FDB9CF7EC00696F77,C:\Users\23258\Desktop\华数杯\A题_微构体导电仿真优化\问题\问题4\results\D_screen2000_confirm50000\confirmation\pareto_max_A000619_B005483\mixed_pareto_frontier_samples.json,469BE2167B263FA7A811BF4572C0517EED8783B7657D7AADA5C24421020D94A7
strictly_cheaper_maximal,upper,strictly_cheaper_design_excluded,478,1249,350962,9.188163674076508,6.757565797871644,41.85439172622562,48.611957524097264,0.6757565797871643,4.185439172622562,4.861195752409726,7.095444087765228,2.092719586311281,41418,50000,0.82836,0.8219043472317076,0.8346287299411708,0.8219232477105815,0.8346674433683472,A89B7544E6D0696E62C7ABC8E34E3DA1718E5DA541D57E1FDB9CF7EC00696F77,C:\Users\23258\Desktop\华数杯\A题_微构体导电仿真优化\问题\问题4\results\D_screen2000_confirm50000\confirmation\pareto_max_A000619_B005483\mixed_pareto_frontier_samples.json,469BE2167B263FA7A811BF4572C0517EED8783B7657D7AADA5C24421020D94A7
strictly_cheaper_maximal,upper,strictly_cheaper_design_excluded,479,1240,350953,9.187928054627488,6.771702964812798,41.552798831481,48.324501796293795,0.6771702964812798,4.1552798831481,4.8324501796293795,7.110288113053438,2.07763994157405,41499,50000,0.82998,0.8235477809251559,0.8362243740434958,0.8235668315832883,0.8362632204463101,A89B7544E6D0696E62C7ABC8E34E3DA1718E5DA541D57E1FDB9CF7EC00696F77,C:\Users\23258\Desktop\华数杯\A题_微构体导电仿真优化\问题\问题4\results\D_screen2000_confirm50000\confirmation\pareto_max_A000619_B005483\mixed_pareto_frontier_samples.json,469BE2167B263FA7A811BF4572C0517EED8783B7657D7AADA5C24421020D94A7
strictly_cheaper_maximal,upper,strictly_cheaper_design_excluded,480,1231,350944,9.18769243517847,6.785840131753952,41.25120593673638,48.03704606849033,0.6785840131753952,4.125120593673639,4.803704606849034,7.125132138341651,2.062560296836819,41533,50000,0.83066,0.8242376793374594,0.8368940885331216,0.8242567930620672,0.8369329907161288,A89B7544E6D0696E62C7ABC8E34E3DA1718E5DA541D57E1FDB9CF7EC00696F77,C:\Users\23258\Desktop\华数杯\A题_微构体导电仿真优化\问题\问题4\results\D_screen2000_confirm50000\confirmation\pareto_max_A000619_B005483\mixed_pareto_frontier_samples.json,469BE2167B263FA7A811BF4572C0517EED8783B7657D7AADA5C24421020D94A7
strictly_cheaper_maximal,upper,strictly_cheaper_design_excluded,481,1222,350935,9.18745681572945,6.799977298695106,40.94961304199176,47.749590340686865,0.6799977298695107,4.094961304199176,4.7749590340686865,7.139976163629863,2.047480652099588,41601,50000,0.83202,0.8256175871757897,0.8382334064986502,0.8256368270842108,0.8382724201758762,A89B7544E6D0696E62C7ABC8E34E3DA1718E5DA541D57E1FDB9CF7EC00696F77,C:\Users\23258\Desktop\华数杯\A题_微构体导电仿真优化\问题\问题4\results\D_screen2000_confirm50000\confirmation\pareto_max_A000619_B005483\mixed_pareto_frontier_samples.json,469BE2167B263FA7A811BF4572C0517EED8783B7657D7AADA5C24421020D94A7
strictly_cheaper_maximal,upper,strictly_cheaper_design_excluded,482,1213,350926,9.187221196280431,6.81411446563626,40.648020147247145,47.4621346128834,0.681411446563626,4.064802014724714,4.74621346128834,7.154820188918074,2.032401007362357,41676,50000,0.83352,0.8271397174530729,0.8397104223285644,0.8271590966145703,0.8397495588735235,A89B7544E6D0696E62C7ABC8E34E3DA1718E5DA541D57E1FDB9CF7EC00696F77,C:\Users\23258\Desktop\华数杯\A题_微构体导电仿真优化\问题\问题4\results\D_screen2000_confirm50000\confirmation\pareto_max_A000619_B005483\mixed_pareto_frontier_samples.json,469BE2167B263FA7A811BF4572C0517EED8783B7657D7AADA5C24421020D94A7
strictly_cheaper_maximal,upper,strictly_cheaper_design_excluded,483,1204,350917,9.186985576831411,6.828251632577414,40.34642725250252,47.174678885079935,0.6828251632577415,4.034642725250253,4.7174678885079935,7.1696642142062865,2.017321362625126,41714,50000,0.83428,0.8279110000333978,0.8404587071092195,0.8279304497821797,0.8404979058649563,A89B7544E6D0696E62C7ABC8E34E3DA1718E5DA541D57E1FDB9CF7EC00696F77,C:\Users\23258\Desktop\华数杯\A题_微构体导电仿真优化\问题\问题4\results\D_screen2000_confirm50000\confirmation\pareto_max_A000619_B005483\mixed_pareto_frontier_samples.json,469BE2167B263FA7A811BF4572C0517EED8783B7657D7AADA5C24421020D94A7
strictly_cheaper_maximal,upper,strictly_cheaper_design_excluded,484,1196,350972,9.188425473464306,6.842388799518568,40.078344679396196,46.92073347891476,0.6842388799518568,4.007834467939619,4.692073347891476,7.184508239494498,2.0039172339698093,41767,50000,0.83534,0.8289868154124056,0.8415022883126311,0.8290063636487436,0.8415415737879531,A89B7544E6D0696E62C7ABC8E34E3DA1718E5DA541D57E1FDB9CF7EC00696F77,C:\Users\23258\Desktop\华数杯\A题_微构体导电仿真优化\问题\问题4\results\D_screen2000_confirm50000\confirmation\pareto_max_A000619_B005483\mixed_pareto_frontier_samples.json,469BE2167B263FA7A811BF4572C0517EED8783B7657D7AADA5C24421020D94A7
strictly_cheaper_maximal,upper,strictly_cheaper_design_excluded,485,1187,350963,9.188189854015288,6.8565259664597225,39.77675178465157,46.633277751111294,0.6856525966459722,3.9776751784651574,4.663327775111129,7.199352264782709,1.9888375892325785,41821,50000,0.83642,0.8300830246857076,0.8425654642365112,0.8301026733125483,0.8426048380093214,A89B7544E6D0696E62C7ABC8E34E3DA1718E5DA541D57E1FDB9CF7EC00696F77,C:\Users\23258\Desktop\华数杯\A题_微构体导电仿真优化\问题\问题4\results\D_screen2000_confirm50000\confirmation\pareto_max_A000619_B005483\mixed_pareto_frontier_samples.json,469BE2167B263FA7A811BF4572C0517EED8783B7657D7AADA5C24421020D94A7
strictly_cheaper_maximal,upper,strictly_cheaper_design_excluded,486,1178,350954,9.187954234566268,6.8706631334008765,39.47515888990695,46.345822023307825,0.6870663133400876,3.9475158889906954,4.634582202330783,7.214196290070921,1.9737579444953472,41868,50000,0.83736,0.8310372118022301,0.8434907420138323,0.8310569478431695,0.8435301925896127,A89B7544E6D0696E62C7ABC8E34E3DA1718E5DA541D57E1FDB9CF7EC00696F77,C:\Users\23258\Desktop\华数杯\A题_微构体导电仿真优化\问题\问题4\results\D_screen2000_confirm50000\confirmation\pareto_max_A000619_B005483\mixed_pareto_frontier_samples.json,469BE2167B263FA7A811BF4572C0517EED8783B7657D7AADA5C24421020D94A7
strictly_cheaper_maximal,upper,strictly_cheaper_design_excluded,487,1169,350945,9.18771861511725,6.884800300342031,39.173565995162335,46.058366295504364,0.6884800300342031,3.9173565995162334,4.605836629550437,7.229040315359134,1.9586782997581165,41923,50000,0.83846,0.8321539078845325,0.8445734197434748,0.8321737462630712,0.8446129601369161,A89B7544E6D0696E62C7ABC8E34E3DA1718E5DA541D57E1FDB9CF7EC00696F77,C:\Users\23258\Desktop\华数杯\A题_微构体导电仿真优化\问题\问题4\results\D_screen2000_confirm50000\confirmation\pareto_max_A000619_B005483\mixed_pareto_frontier_samples.json,469BE2167B263FA7A811BF4572C0517EED8783B7657D7AADA5C24421020D94A7
strictly_cheaper_maximal,upper,strictly_cheaper_design_excluded,488,1160,350936,9.18748299566823,6.898937467283185,38.87197310041771,45.770910567700895,0.6898937467283184,3.8871973100417714,4.577091056770089,7.2438843406473445,1.9435986550208852,41965,50000,0.8393,0.8330067264742459,0.8454001229737919,0.8330266430342037,0.8454397319124992,A89B7544E6D0696E62C7ABC8E34E3DA1718E5DA541D57E1FDB9CF7EC00696F77,C:\Users\23258\Desktop\华数杯\A题_微构体导电仿真优化\问题\问题4\results\D_screen2000_confirm50000\confirmation\pareto_max_A000619_B005483\mixed_pareto_frontier_samples.json,469BE2167B263FA7A811BF4572C0517EED8783B7657D7AADA5C24421020D94A7
strictly_cheaper_maximal,upper,strictly_cheaper_design_excluded,489,1151,350927,9.18724737621921,6.913074634224339,38.57038020567309,45.483454839897426,0.6913074634224339,3.857038020567309,4.548345483989742,7.258728365935557,1.9285190102836545,42021,50000,0.84042,0.8341439113931831,0.8465023004815618,0.8341639322396597,0.8465420007555664,A89B7544E6D0696E62C7ABC8E34E3DA1718E5DA541D57E1FDB9CF7EC00696F77,C:\Users\23258\Desktop\华数杯\A题_微构体导电仿真优化\问题\问题4\results\D_screen2000_confirm50000\confirmation\pareto_max_A000619_B005483\mixed_pareto_frontier_samples.json,469BE2167B263FA7A811BF4572C0517EED8783B7657D7AADA5C24421020D94A7
strictly_cheaper_maximal,upper,strictly_cheaper_design_excluded,490,1142,350918,9.187011756770191,6.927211801165493,38.268787310928474,45.195999112093965,0.6927211801165493,3.8268787310928474,4.519599911209397,7.2735723912237695,1.9134393655464232,42060,50000,0.8412,0.8349359429995997,0.8472698248508879,0.8349560365046627,0.8473095886935021,A89B7544E6D0696E62C7ABC8E34E3DA1718E5DA541D57E1FDB9CF7EC00696F77,C:\Users\23258\Desktop\华数杯\A题_微构体导电仿真优化\问题\问题4\results\D_screen2000_confirm50000\confirmation\pareto_max_A000619_B005483\mixed_pareto_frontier_samples.json,469BE2167B263FA7A811BF4572C0517EED8783B7657D7AADA5C24421020D94A7
strictly_cheaper_maximal,upper,strictly_cheaper_design_excluded,491,1133,350909,9.186776137321171,6.941348968106647,37.96719441618385,44.908543384290496,0.6941348968106648,3.7967194416183854,4.49085433842905,7.28841641651198,1.8983597208091925,42124,50000,0.84248,0.8362358011408979,0.8485292380543981,0.8362560139355228,0.848569106142723,A89B7544E6D0696E62C7ABC8E34E3DA1718E5DA541D57E1FDB9CF7EC00696F77,C:\Users\23258\Desktop\华数杯\A题_微构体导电仿真优化\问题\问题4\results\D_screen2000_confirm50000\confirmation\pareto_max_A000619_B005483\mixed_pareto_frontier_samples.json,469BE2167B263FA7A811BF4572C0517EED8783B7657D7AADA5C24421020D94A7
strictly_cheaper_maximal,upper,strictly_cheaper_design_excluded,492,1125,350964,9.188216033954067,6.955486135047801,37.699111843077524,44.654597978125324,0.69554861350478,3.7699111843077526,4.465459797812532,7.303260441800193,1.8849555921538759,42192,50000,0.84384,0.8376170569688126,0.8498672080303424,0.8376373965845361,0.8499071867801626,A89B7544E6D0696E62C7ABC8E34E3DA1718E5DA541D57E1FDB9CF7EC00696F77,C:\Users\23258\Desktop\华数杯\A题_微构体导电仿真优化\问题\问题4\results\D_screen2000_confirm50000\confirmation\pareto_max_A000619_B005483\mixed_pareto_frontier_samples.json,469BE2167B263FA7A811BF4572C0517EED8783B7657D7AADA5C24421020D94A7
strictly_cheaper_maximal,upper,strictly_cheaper_design_excluded,493,1116,350955,9.187980414505049,6.969623301988955,37.3975189483329,44.367142250321855,0.6969623301988955,3.7397518948332897,4.436714225032186,7.3181044670884035,1.8698759474166449,42202,50000,0.84404,0.8378201965303307,0.8500639546164506,0.8378405548028958,0.8501039496312555,A89B7544E6D0696E62C7ABC8E34E3DA1718E5DA541D57E1FDB9CF7EC00696F77,C:\Users\23258\Desktop\华数杯\A题_微构体导电仿真优化\问题\问题4\results\D_screen2000_confirm50000\confirmation\pareto_max_A000619_B005483\mixed_pareto_frontier_samples.json,469BE2167B263FA7A811BF4572C0517EED8783B7657D7AADA5C24421020D94A7
strictly_cheaper_maximal,upper,strictly_cheaper_design_excluded,494,1107,350946,9.187744795056028,6.983760468930109,37.09592605358828,44.07968652251839,0.6983760468930109,3.7095926053588277,4.407968652251839,7.332948492376615,1.8547963026794139,42219,50000,0.84438,0.8381655418894486,0.8503984157082974,0.8381859318826075,0.8504384383683736,A89B7544E6D0696E62C7ABC8E34E3DA1718E5DA541D57E1FDB9CF7EC00696F77,C:\Users\23258\Desktop\华数杯\A题_微构体导电仿真优化\问题\问题4\results\D_screen2000_confirm50000\confirmation\pareto_max_A000619_B005483\mixed_pareto_frontier_samples.json,469BE2167B263FA7A811BF4572C0517EED8783B7657D7AADA5C24421020D94A7
strictly_cheaper_maximal,upper,strictly_cheaper_design_excluded,495,1098,350937,9.18750917560701,6.997897635871263,36.79433315884366,43.792230794714925,0.6997897635871263,3.6794333158843666,4.379223079471492,7.3477925176648275,1.8397166579421829,42241,50000,0.84482,0.8386124746015807,0.8508312325209432,0.8386329056523614,0.850871290947484,A89B7544E6D0696E62C7ABC8E34E3DA1718E5DA541D57E1FDB9CF7EC00696F77,C:\Users\23258\Desktop\华数杯\A题_微构体导电仿真优化\问题\问题4\results\D_screen2000_confirm50000\confirmation\pareto_max_A000619_B005483\mixed_pareto_frontier_samples.json,469BE2167B263FA7A811BF4572C0517EED8783B7657D7AADA5C24421020D94A7
strictly_cheaper_maximal,upper,strictly_cheaper_design_excluded,496,1089,350928,9.18727355615799,7.012034802812417,36.49274026409904,43.504775066911456,0.7012034802812417,3.6492740264099037,4.350477506691146,7.362636542953038,1.8246370132049519,42259,50000,0.84518,0.8389781596044367,0.8511853425838146,0.8389986242540921,0.851225430265586,A89B7544E6D0696E62C7ABC8E34E3DA1718E5DA541D57E1FDB9CF7EC00696F77,C:\Users\23258\Desktop\华数杯\A题_微构体导电仿真优化\问题\问题4\results\D_screen2000_confirm50000\confirmation\pareto_max_A000619_B005483\mixed_pareto_frontier_samples.json,469BE2167B263FA7A811BF4572C0517EED8783B7657D7AADA5C24421020D94A7
strictly_cheaper_maximal,upper,strictly_cheaper_design_excluded,497,1080,350919,9.187037936708972,7.026171969753571,36.19114736935442,43.21731933910799,0.7026171969753572,3.6191147369354417,4.321731933910799,7.377480568241251,1.8095573684677209,42297,50000,0.84594,0.839750199216107,0.8519328703331243,0.8397707348153925,0.8519730197514062,A89B7544E6D0696E62C7ABC8E34E3DA1718E5DA541D57E1FDB9CF7EC00696F77,C:\Users\23258\Desktop\华数杯\A题_微构体导电仿真优化\问题\问题4\results\D_screen2000_confirm50000\confirmation\pareto_max_A000619_B005483\mixed_pareto_frontier_samples.json,469BE2167B263FA7A811BF4572C0517EED8783B7657D7AADA5C24421020D94A7
strictly_cheaper_maximal,upper,strictly_cheaper_design_excluded,498,1071,350910,9.186802317259952,7.0403091366947255,35.8895544746098,42.929863611304526,0.7040309136694725,3.5889554474609806,4.292986361130453,7.392324593529463,1.7944777237304899,42348,50000,0.84696,0.8407864390258348,0.8529360498762908,0.8408070698872017,0.8529762820986205,A89B7544E6D0696E62C7ABC8E34E3DA1718E5DA541D57E1FDB9CF7EC00696F77,C:\Users\23258\Desktop\华数杯\A题_微构体导电仿真优化\问题\问题4\results\D_screen2000_confirm50000\confirmation\pareto_max_A000619_B005483\mixed_pareto_frontier_samples.json,469BE2167B263FA7A811BF4572C0517EED8783B7657D7AADA5C24421020D94A7
strictly_cheaper_maximal,upper,strictly_cheaper_design_excluded,499,1063,350965,9.188242213892847,7.0544463036358795,35.62147190150347,42.67591820513935,0.705444630363588,3.562147190150347,4.267591820513935,7.407168618817674,1.7810735950751735,42437,50000,0.84874,0.8425950046266706,0.8546864709893292,0.8426158018418493,0.8547268475653328,A89B7544E6D0696E62C7ABC8E34E3DA1718E5DA541D57E1FDB9CF7EC00696F77,C:\Users\23258\Desktop\华数杯\A题_微构体导电仿真优化\问题\问题4\results\D_screen2000_confirm50000\confirmation\pareto_max_A000619_B005483\mixed_pareto_frontier_samples.json,469BE2167B263FA7A811BF4572C0517EED8783B7657D7AADA5C24421020D94A7
strictly_cheaper_maximal,upper,strictly_cheaper_design_excluded,500,1054,350956,9.188006594443829,7.068583470577034,35.31987900675885,42.388462477335885,0.7068583470577033,3.531987900675885,4.238846247733589,7.4220126441058865,1.7659939503379423,42489,50000,0.84978,0.8436518287392514,0.8557090548444051,0.8436727232170517,0.8557495156734957,A89B7544E6D0696E62C7ABC8E34E3DA1718E5DA541D57E1FDB9CF7EC00696F77,C:\Users\23258\Desktop\华数杯\A题_微构体导电仿真优化\问题\问题4\results\D_screen2000_confirm50000\confirmation\pareto_max_A000619_B005483\mixed_pareto_frontier_samples.json,469BE2167B263FA7A811BF4572C0517EED8783B7657D7AADA5C24421020D94A7
strictly_cheaper_maximal,upper,strictly_cheaper_design_excluded,501,1045,350947,9.187770974994809,7.082720637518188,35.01828611201423,42.10100674953242,0.7082720637518188,3.501828611201423,4.2101006749532415,7.436856669394099,1.7509143056007115,42553,50000,0.85106,0.8449526726450283,0.8569674822834366,0.8449736868999254,0.8570080467173758,A89B7544E6D0696E62C7ABC8E34E3DA1718E5DA541D57E1FDB9CF7EC00696F77,C:\Users\23258\Desktop\华数杯\A题_微构体导电仿真优化\问题\问题4\results\D_screen2000_confirm50000\confirmation\pareto_max_A000619_B005483\mixed_pareto_frontier_samples.json,469BE2167B263FA7A811BF4572C0517EED8783B7657D7AADA5C24421020D94A7
strictly_cheaper_maximal,upper,strictly_cheaper_design_excluded,502,1036,350938,9.187535355545789,7.096857804459342,34.716693217269615,41.813551021728955,0.7096857804459341,3.471669321726962,4.181355102172895,7.45170069468231,1.7358346608634803,42613,50000,0.85226,0.8461723527489546,0.8581471190652681,0.8461934793654149,0.858187780535735,A89B7544E6D0696E62C7ABC8E34E3DA1718E5DA541D57E1FDB9CF7EC00696F77,C:\Users\23258\Desktop\华数杯\A题_微构体导电仿真优化\问题\问题4\results\D_screen2000_confirm50000\confirmation\pareto_max_A000619_B005483\mixed_pareto_frontier_samples.json,469BE2167B263FA7A811BF4572C0517EED8783B7657D7AADA5C24421020D94A7
strictly_cheaper_maximal,upper,strictly_cheaper_design_excluded,503,1027,350929,9.18729973609677,7.110994971400496,34.41510032252499,41.526095293925486,0.7110994971400496,3.441510032252499,4.1526095293925485,7.466544719970521,1.7207550161262495,42670,50000,0.8534,0.8473311746516321,0.8592676482040607,0.847352408075873,0.8593084017743721,A89B7544E6D0696E62C7ABC8E34E3DA1718E5DA541D57E1FDB9CF7EC00696F77,C:\Users\23258\Desktop\华数杯\A题_微构体导电仿真优化\问题\问题4\results\D_screen2000_confirm50000\confirmation\pareto_max_A000619_B005483\mixed_pareto_frontier_samples.json,469BE2167B263FA7A811BF4572C0517EED8783B7657D7AADA5C24421020D94A7
strictly_cheaper_maximal,upper,strictly_cheaper_design_excluded,504,1018,350920,9.18706411664775,7.12513213834165,34.11350742778037,41.23863956612202,0.712513213834165,3.411350742778037,4.123863956612202,7.481388745258734,1.7056753713890183,42718,50000,0.85436,0.8483071206344599,0.8602111557298391,0.8483284440514413,0.8602519867927387,A89B7544E6D0696E62C7ABC8E34E3DA1718E5DA541D57E1FDB9CF7EC00696F77,C:\Users\23258\Desktop\华数杯\A题_微构体导电仿真优化\问题\问题4\results\D_screen2000_confirm50000\confirmation\pareto_max_A000619_B005483\mixed_pareto_frontier_samples.json,469BE2167B263FA7A811BF4572C0517EED8783B7657D7AADA5C24421020D94A7
strictly_cheaper_maximal,upper,strictly_cheaper_design_excluded,505,1009,350911,9.186828497198732,7.139269305282804,33.811914533035754,40.951183838318556,0.7139269305282804,3.3811914533035754,4.0951183838318554,7.4962327705469445,1.6905957266517873,42780,50000,0.8556,0.8495678486145526,0.8614297218650295,0.8495892883399941,0.8614706529328587,A89B7544E6D0696E62C7ABC8E34E3DA1718E5DA541D57E1FDB9CF7EC00696F77,C:\Users\23258\Desktop\华数杯\A题_微构体导电仿真优化\问题\问题4\results\D_screen2000_confirm50000\confirmation\pareto_max_A000619_B005483\mixed_pareto_frontier_samples.json,469BE2167B263FA7A811BF4572C0517EED8783B7657D7AADA5C24421020D94A7
strictly_cheaper_maximal,upper,strictly_cheaper_design_excluded,506,1001,350966,9.188268393831628,7.153406472223958,33.54383195992942,40.69723843215338,0.7153406472223958,3.354383195992942,4.069723843215337,7.511076795835157,1.6771915979964709,42827,50000,0.85654,0.8505236611173839,0.8623533742560419,0.8505451890638683,0.8623943810656428,A89B7544E6D0696E62C7ABC8E34E3DA1718E5DA541D57E1FDB9CF7EC00696F77,C:\Users\23258\Desktop\华数杯\A题_微构体导电仿真优化\问题\问题4\results\D_screen2000_confirm50000\confirmation\pareto_max_A000619_B005483\mixed_pareto_frontier_samples.json,469BE2167B263FA7A811BF4572C0517EED8783B7657D7AADA5C24421020D94A7
strictly_cheaper_maximal,upper,strictly_cheaper_design_excluded,507,992,350957,9.188032774382608,7.167543639165112,33.242239065184805,40.409782704349915,0.7167543639165113,3.32422390651848,4.040978270434992,7.525920821123368,1.6621119532592399,42855,50000,0.8571,0.8510931223826741,0.8629035942041052,0.8511147029078602,0.8629446461080297,A89B7544E6D0696E62C7ABC8E34E3DA1718E5DA541D57E1FDB9CF7EC00696F77,C:\Users\23258\Desktop\华数杯\A题_微构体导电仿真优化\问题\问题4\results\D_screen2000_confirm50000\confirmation\pareto_max_A000619_B005483\mixed_pareto_frontier_samples.json,469BE2167B263FA7A811BF4572C0517EED8783B7657D7AADA5C24421020D94A7
strictly_cheaper_maximal,upper,strictly_cheaper_design_excluded,508,983,350948,9.18779715493359,7.181680806106266,32.94064617044018,40.12232697654645,0.7181680806106265,3.294064617044018,4.012232697654644,7.54076484641158,1.6470323085220089,42891,50000,0.85782,0.8518253321966562,0.8636109745215779,0.8518469803468578,0.8636520843723695,A89B7544E6D0696E62C7ABC8E34E3DA1718E5DA541D57E1FDB9CF7EC00696F77,C:\Users\23258\Desktop\华数杯\A题_微构体导电仿真优化\问题\问题4\results\D_screen2000_confirm50000\confirmation\pareto_max_A000619_B005483\mixed_pareto_frontier_samples.json,469BE2167B263FA7A811BF4572C0517EED8783B7657D7AADA5C24421020D94A7
strictly_cheaper_maximal,upper,strictly_cheaper_design_excluded,509,974,350939,9.18756153548457,7.19581797304742,32.63905327569556,39.83487124874298,0.719581797304742,3.263905327569556,3.983487124874298,7.555608871699793,1.6319526637847779,42955,50000,0.8591,0.8531271653971378,0.8648684126659046,0.853148933836606,0.86490962544456,A89B7544E6D0696E62C7ABC8E34E3DA1718E5DA541D57E1FDB9CF7EC00696F77,C:\Users\23258\Desktop\华数杯\A题_微构体导电仿真优化\问题\问题4\results\D_screen2000_confirm50000\confirmation\pareto_max_A000619_B005483\mixed_pareto_frontier_samples.json,469BE2167B263FA7A811BF4572C0517EED8783B7657D7AADA5C24421020D94A7
strictly_cheaper_maximal,upper,strictly_cheaper_design_excluded,510,965,350930,9.187325916035551,7.209955139988574,32.337460380950944,39.547415520939516,0.7209955139988574,3.233746038095094,3.9547415520939517,7.570452896988003,1.6168730190475469,42985,50000,0.8597,0.8537374560395643,0.8654577804663572,0.8537592808945356,0.8654990414528003,A89B7544E6D0696E62C7ABC8E34E3DA1718E5DA541D57E1FDB9CF7EC00696F77,C:\Users\23258\Desktop\华数杯\A题_微构体导电仿真优化\问题\问题4\results\D_screen2000_confirm50000\confirmation\pareto_max_A000619_B005483\mixed_pareto_frontier_samples.json,469BE2167B263FA7A811BF4572C0517EED8783B7657D7AADA5C24421020D94A7
strictly_cheaper_maximal,upper,strictly_cheaper_design_excluded,511,956,350921,9.18709029658653,7.2240923069297285,32.03586748620632,39.25995979313605,0.7224092306929729,3.203586748620632,3.9259959793136048,7.585296922276216,1.6017933743103157,43046,50000,0.86092,0.8549784922538152,0.8666560497526269,0.8550004318800974,0.866697408682263,A89B7544E6D0696E62C7ABC8E34E3DA1718E5DA541D57E1FDB9CF7EC00696F77,C:\Users\23258\Desktop\华数杯\A题_微构体导电仿真优化\问题\问题4\results\D_screen2000_confirm50000\confirmation\pareto_max_A000619_B005483\mixed_pareto_frontier_samples.json,469BE2167B263FA7A811BF4572C0517EED8783B7657D7AADA5C24421020D94A7
strictly_cheaper_maximal,upper,strictly_cheaper_design_excluded,512,947,350912,9.186854677137513,7.238229473870883,31.734274591461702,38.972504065332586,0.7238229473870882,3.17342745914617,3.8972504065332587,7.6001409475644275,1.5867137295730849,43095,50000,0.8619,0.8559754997751922,0.8676184843546187,0.8559975316536962,0.8676599218817912,A89B7544E6D0696E62C7ABC8E34E3DA1718E5DA541D57E1FDB9CF7EC00696F77,C:\Users\23258\Desktop\华数杯\A题_微构体导电仿真优化\问题\问题4\results\D_screen2000_confirm50000\confirmation\pareto_max_A000619_B005483\mixed_pareto_frontier_samples.json,469BE2167B263FA7A811BF4572C0517EED8783B7657D7AADA5C24421020D94A7
strictly_cheaper_maximal,upper,strictly_cheaper_design_excluded,513,939,350967,9.188294573770408,7.252366640812037,31.466192018355372,38.71855865916741,0.7252366640812037,3.1466192018355374,3.8718558659167406,7.614984972852639,1.5733096009177685,43128,50000,0.86256,0.8566470093105322,0.8682665991064457,0.8566691033480685,0.868308089526828,A89B7544E6D0696E62C7ABC8E34E3DA1718E5DA541D57E1FDB9CF7EC00696F77,C:\Users\23258\Desktop\华数杯\A题_微构体导电仿真优化\问题\问题4\results\D_screen2000_confirm50000\confirmation\pareto_max_A000619_B005483\mixed_pareto_frontier_samples.json,469BE2167B263FA7A811BF4572C0517EED8783B7657D7AADA5C24421020D94A7
strictly_cheaper_maximal,upper,strictly_cheaper_design_excluded,514,930,350958,9.188058954321388,7.266503807753191,31.164599123610753,38.431102931363945,0.7266503807753191,3.116459912361075,3.8431102931363945,7.629828998140851,1.5582299561805373,43166,50000,0.86332,0.8574203184470256,0.869012857330932,0.8574424840918936,0.8690544086184313,A89B7544E6D0696E62C7ABC8E34E3DA1718E5DA541D57E1FDB9CF7EC00696F77,C:\Users\23258\Desktop\华数杯\A题_微构体导电仿真优化\问题\问题4\results\D_screen2000_confirm50000\confirmation\pareto_max_A000619_B005483\mixed_pareto_frontier_samples.json,469BE2167B263FA7A811BF4572C0517EED8783B7657D7AADA5C24421020D94A7
strictly_cheaper_maximal,upper,strictly_cheaper_design_excluded,515,921,350949,9.187823334872368,7.280640974694345,30.86300622886613,38.14364720356048,0.7280640974694345,3.086300622886613,3.8143647203560476,7.644673023429063,1.5431503114433065,43209,50000,0.86418,0.8582954512386256,0.8698572349741251,0.8583176979523711,0.8698988550850203,A89B7544E6D0696E62C7ABC8E34E3DA1718E5DA541D57E1FDB9CF7EC00696F77,C:\Users\23258\Desktop\华数杯\A题_微构体导电仿真优化\问题\问题4\results\D_screen2000_confirm50000\confirmation\pareto_max_A000619_B005483\mixed_pareto_frontier_samples.json,469BE2167B263FA7A811BF4572C0517EED8783B7657D7AADA5C24421020D94A7
strictly_cheaper_maximal,upper,strictly_cheaper_design_excluded,516,912,350940,9.18758771542335,7.294778141635499,30.56141333412151,37.85619147575701,0.7294778141635498,3.056141333412151,3.785619147575701,7.659517048717274,1.5280706667060753,43241,50000,0.86482,0.8589467631251103,0.8704855587600447,0.8589690701967392,0.8705272300516964,A89B7544E6D0696E62C7ABC8E34E3DA1718E5DA541D57E1FDB9CF7EC00696F77,C:\Users\23258\Desktop\华数杯\A题_微构体导电仿真优化\问题\问题4\results\D_screen2000_confirm50000\confirmation\pareto_max_A000619_B005483\mixed_pareto_frontier_samples.json,469BE2167B263FA7A811BF4572C0517EED8783B7657D7AADA5C24421020D94A7
strictly_cheaper_maximal,upper,strictly_cheaper_design_excluded,517,903,350931,9.18735209597433,7.308915308576653,30.25982043937689,37.568735747953546,0.7308915308576653,3.025982043937689,3.7568735747953546,7.674361074005486,1.5129910219688445,43269,50000,0.86538,0.859516696443642,0.8710353066548668,0.8595390563479158,0.8710770227037361,A89B7544E6D0696E62C7ABC8E34E3DA1718E5DA541D57E1FDB9CF7EC00696F77,C:\Users\23258\Desktop\华数杯\A题_微构体导电仿真优化\问题\问题4\results\D_screen2000_confirm50000\confirmation\pareto_max_A000619_B005483\mixed_pareto_frontier_samples.json,469BE2167B263FA7A811BF4572C0517EED8783B7657D7AADA5C24421020D94A7
strictly_cheaper_maximal,upper,strictly_cheaper_design_excluded,518,894,350922,9.187116476525311,7.323052475517807,29.958227544632273,37.28128002015008,0.7323052475517806,2.9958227544632274,3.728128002015008,7.689205099293699,1.4979113772316133,43302,50000,0.86604,0.8601884462547705,0.871683181130905,0.8602108684496788,0.8717249498979489,A89B7544E6D0696E62C7ABC8E34E3DA1718E5DA541D57E1FDB9CF7EC00696F77,C:\Users\23258\Desktop\华数杯\A题_微构体导电仿真优化\问题\问题4\results\D_screen2000_confirm50000\confirmation\pareto_max_A000619_B005483\mixed_pareto_frontier_samples.json,469BE2167B263FA7A811BF4572C0517EED8783B7657D7AADA5C24421020D94A7
strictly_cheaper_maximal,upper,strictly_cheaper_design_excluded,519,885,350913,9.186880857076291,7.337189642458961,29.65663464988765,36.99382429234661,0.7337189642458961,2.965663464988765,3.6993824292346607,7.70404912458191,1.4828317324943823,43333,50000,0.86666,0.860819526271019,0.872291748172298,0.860842007004846,0.8723335664312116,A89B7544E6D0696E62C7ABC8E34E3DA1718E5DA541D57E1FDB9CF7EC00696F77,C:\Users\23258\Desktop\华数杯\A题_微构体导电仿真优化\问题\问题4\results\D_screen2000_confirm50000\confirmation\pareto_max_A000619_B005483\mixed_pareto_frontier_samples.json,469BE2167B263FA7A811BF4572C0517EED8783B7657D7AADA5C24421020D94A7
strictly_cheaper_maximal,upper,strictly_cheaper_design_excluded,520,877,350968,9.188320753709187,7.351326809400115,29.388552076781323,36.73987888618144,0.7351326809400115,2.9388552076781327,3.673987888618144,7.718893149870122,1.469427603839066,43381,50000,0.86762,0.8617967638766554,0.8732339640752679,0.8618193352967907,0.8732758589062589,A89B7544E6D0696E62C7ABC8E34E3DA1718E5DA541D57E1FDB9CF7EC00696F77,C:\Users\23258\Desktop\华数杯\A题_微构体导电仿真优化\问题\问题4\results\D_screen2000_confirm50000\confirmation\pareto_max_A000619_B005483\mixed_pareto_frontier_samples.json,469BE2167B263FA7A811BF4572C0517EED8783B7657D7AADA5C24421020D94A7
strictly_cheaper_maximal,upper,strictly_cheaper_design_excluded,521,868,350959,9.188085134260168,7.365463976341269,29.0869591820367,36.45242315837797,0.736546397634127,2.90869591820367,3.645242315837797,7.733737175158334,1.454347959101835,43389,50000,0.86778,0.8619596464872826,0.8733909903827418,0.8619822330272165,0.87343289796853,A89B7544E6D0696E62C7ABC8E34E3DA1718E5DA541D57E1FDB9CF7EC00696F77,C:\Users\23258\Desktop\华数杯\A题_微构体导电仿真优化\问题\问题4\results\D_screen2000_confirm50000\confirmation\pareto_max_A000619_B005483\mixed_pareto_frontier_samples.json,469BE2167B263FA7A811BF4572C0517EED8783B7657D7AADA5C24421020D94A7
strictly_cheaper_maximal,upper,strictly_cheaper_design_excluded,522,859,350950,9.187849514811148,7.379601143282423,28.78536628729208,36.16496743057451,0.7379601143282423,2.8785366287292082,3.616496743057451,7.748581200446545,1.439268314364604,43411,50000,0.86822,0.8624075879931016,0.8738227984017007,0.8624302161205226,0.8738647410524572,A89B7544E6D0696E62C7ABC8E34E3DA1718E5DA541D57E1FDB9CF7EC00696F77,C:\Users\23258\Desktop\华数杯\A题_微构体导电仿真优化\问题\问题4\results\D_screen2000_confirm50000\confirmation\pareto_max_A000619_B005483\mixed_pareto_frontier_samples.json,469BE2167B263FA7A811BF4572C0517EED8783B7657D7AADA5C24421020D94A7
strictly_cheaper_maximal,upper,strictly_cheaper_design_excluded,523,850,350941,9.18761389536213,7.393738310223577,28.483773392547462,35.87751170277104,0.7393738310223578,2.8483773392547462,3.587751170277104,7.763425225734757,1.4241886696273727,43429,50000,0.86858,0.8627741012660478,0.8741760801944819,0.8627967634284133,0.8742180515229963,A89B7544E6D0696E62C7ABC8E34E3DA1718E5DA541D57E1FDB9CF7EC00696F77,C:\Users\23258\Desktop\华数杯\A题_微构体导电仿真优化\问题\问题4\results\D_screen2000_confirm50000\confirmation\pareto_max_A000619_B005483\mixed_pareto_frontier_samples.json,469BE2167B263FA7A811BF4572C0517EED8783B7657D7AADA5C24421020D94A7
strictly_cheaper_maximal,upper,strictly_cheaper_design_excluded,524,841,350932,9.18737827591311,7.4078754771647315,28.18218049780284,35.59005597496757,0.7407875477164731,2.818218049780284,3.559005597496757,7.7782692510229685,1.409109024890142,43477,50000,0.86954,0.8637515393667886,0.8751180956023473,0.8637742923281777,0.8751601433526237,A89B7544E6D0696E62C7ABC8E34E3DA1718E5DA541D57E1FDB9CF7EC00696F77,C:\Users\23258\Desktop\华数杯\A题_微构体导电仿真优化\问题\问题4\results\D_screen2000_confirm50000\confirmation\pareto_max_A000619_B005483\mixed_pareto_frontier_samples.json,469BE2167B263FA7A811BF4572C0517EED8783B7657D7AADA5C24421020D94A7
strictly_cheaper_maximal,upper,strictly_cheaper_design_excluded,525,832,350923,9.187142656464092,7.422012644105886,27.88058760305822,35.30260024716411,0.7422012644105885,2.7880587603058222,3.530260024716411,7.79311327631118,1.394029380152911,43519,50000,0.87038,0.8646068810618165,0.8759422757273502,0.8646297135196394,0.8759843902835478,A89B7544E6D0696E62C7ABC8E34E3DA1718E5DA541D57E1FDB9CF7EC00696F77,C:\Users\23258\Desktop\华数杯\A题_微构体导电仿真优化\问题\问题4\results\D_screen2000_confirm50000\confirmation\pareto_max_A000619_B005483\mixed_pareto_frontier_samples.json,469BE2167B263FA7A811BF4572C0517EED8783B7657D7AADA5C24421020D94A7
strictly_cheaper_maximal,upper,strictly_cheaper_design_excluded,526,823,350914,9.186907037015072,7.43614981104704,27.5789947083136,35.01514451936064,0.7436149811047039,2.7578994708313602,3.501514451936064,7.807957301599393,1.37894973541568,43531,50000,0.87062,0.864851278788379,0.8761777413779391,0.8648741339676659,0.8762198750105965,A89B7544E6D0696E62C7ABC8E34E3DA1718E5DA541D57E1FDB9CF7EC00696F77,C:\Users\23258\Desktop\华数杯\A题_微构体导电仿真优化\问题\问题4\results\D_screen2000_confirm50000\confirmation\pareto_max_A000619_B005483\mixed_pareto_frontier_samples.json,469BE2167B263FA7A811BF4572C0517EED8783B7657D7AADA5C24421020D94A7
strictly_cheaper_maximal,upper,strictly_cheaper_design_excluded,527,815,350969,9.188346933647967,7.450286977988194,27.31091213520727,34.76119911319547,0.7450286977988194,2.731091213520727,3.4761199113195467,7.822801326887603,1.3655456067603635,43551,50000,0.87102,0.8652586226093193,0.8765701698522514,0.8652815156658743,0.8766123352681054,A89B7544E6D0696E62C7ABC8E34E3DA1718E5DA541D57E1FDB9CF7EC00696F77,C:\Users\23258\Desktop\华数杯\A题_微构体导电仿真优化\问题\问题4\results\D_screen2000_confirm50000\confirmation\pareto_max_A000619_B005483\mixed_pareto_frontier_samples.json,469BE2167B263FA7A811BF4572C0517EED8783B7657D7AADA5C24421020D94A7
strictly_cheaper_maximal,upper,strictly_cheaper_design_excluded,528,806,350960,9.188111314198947,7.464424144929348,27.009319240462652,34.473743385392,0.7464424144929347,2.700931924046265,3.4473743385391997,7.837645352175816,1.3504659620231323,43588,50000,0.87176,0.8660122559388517,0.8772961152689365,0.8660352190954548,0.8773383394474926,A89B7544E6D0696E62C7ABC8E34E3DA1718E5DA541D57E1FDB9CF7EC00696F77,C:\Users\23258\Desktop\华数杯\A题_微构体导电仿真优化\问题\问题4\results\D_screen2000_confirm50000\confirmation\pareto_max_A000619_B005483\mixed_pareto_frontier_samples.json,469BE2167B263FA7A811BF4572C0517EED8783B7657D7AADA5C24421020D94A7
strictly_cheaper_maximal,upper,strictly_cheaper_design_excluded,529,797,350951,9.187875694749929,7.478561311870502,26.707726345718033,34.18628765758854,0.7478561311870502,2.6707726345718035,3.4186287657588537,7.852489377464028,1.3353863172859015,43615,50000,0.8723,0.8665622435237998,0.8778258202825793,0.8665852578569043,0.877868087312068,A89B7544E6D0696E62C7ABC8E34E3DA1718E5DA541D57E1FDB9CF7EC00696F77,C:\Users\23258\Desktop\华数杯\A题_微构体导电仿真优化\问题\问题4\results\D_screen2000_confirm50000\confirmation\pareto_max_A000619_B005483\mixed_pareto_frontier_samples.json,469BE2167B263FA7A811BF4572C0517EED8783B7657D7AADA5C24421020D94A7
strictly_cheaper_maximal,upper,strictly_cheaper_design_excluded,530,788,350942,9.187640075300909,7.492698478811656,26.40613345097341,33.89883192978507,0.7492698478811656,2.640613345097341,3.389883192978507,7.867333402752239,1.3203066725486703,43676,50000,0.87352,0.8678049300443855,0.8790224392625141,0.8678280600690759,0.8790648030089474,A89B7544E6D0696E62C7ABC8E34E3DA1718E5DA541D57E1FDB9CF7EC00696F77,C:\Users\23258\Desktop\华数杯\A题_微构体导电仿真优化\问题\问题4\results\D_screen2000_confirm50000\confirmation\pareto_max_A000619_B005483\mixed_pareto_frontier_samples.json,469BE2167B263FA7A811BF4572C0517EED8783B7657D7AADA5C24421020D94A7
strictly_cheaper_maximal,upper,strictly_cheaper_design_excluded,531,779,350933,9.18740445585189,7.50683564575281,26.10454055622879,33.6113762019816,0.7506835645752811,2.610454055622879,3.3611376201981598,7.8821774280404515,1.3052270278114393,43713,50000,0.87426,0.8685587738095664,0.8797481742435507,0.8685819740562061,0.8797905965896442,A89B7544E6D0696E62C7ABC8E34E3DA1718E5DA541D57E1FDB9CF7EC00696F77,C:\Users\23258\Desktop\华数杯\A题_微构体导电仿真优化\问题\问题4\results\D_screen2000_confirm50000\confirmation\pareto_max_A000619_B005483\mixed_pareto_frontier_samples.json,469BE2167B263FA7A811BF4572C0517EED8783B7657D7AADA5C24421020D94A7
strictly_cheaper_maximal,upper,strictly_cheaper_design_excluded,532,770,350924,9.18716883640287,7.520972812693964,25.802947661484172,33.32392047417814,0.7520972812693963,2.580294766148417,3.332392047417814,7.897021453328663,1.2901473830742085,43758,50000,0.87516,0.8694756961996437,0.8806307395177917,0.8694989819013768,0.8806732330667699,A89B7544E6D0696E62C7ABC8E34E3DA1718E5DA541D57E1FDB9CF7EC00696F77,C:\Users\23258\Desktop\华数杯\A题_微构体导电仿真优化\问题\问题4\results\D_screen2000_confirm50000\confirmation\pareto_max_A000619_B005483\mixed_pareto_frontier_samples.json,469BE2167B263FA7A811BF4572C0517EED8783B7657D7AADA5C24421020D94A7
strictly_cheaper_maximal,upper,strictly_cheaper_design_excluded,533,761,350915,9.186933216953852,7.535109979635118,25.50135476673955,33.03646474637467,0.7535109979635118,2.550135476673955,3.3036464746374667,7.911865478616875,1.2750677383369773,43805,50000,0.8761,0.870433471630143,0.8815524289811361,0.8704568466444588,0.8815949968178823,A89B7544E6D0696E62C7ABC8E34E3DA1718E5DA541D57E1FDB9CF7EC00696F77,C:\Users\23258\Desktop\华数杯\A题_微构体导电仿真优化\问题\问题4\results\D_screen2000_confirm50000\confirmation\pareto_max_A000619_B005483\mixed_pareto_frontier_samples.json,469BE2167B263FA7A811BF4572C0517EED8783B7657D7AADA5C24421020D94A7
strictly_cheaper_maximal,upper,strictly_cheaper_design_excluded,534,753,350970,9.188373113586747,7.549247146576272,25.233272193633223,32.7825193402095,0.7549247146576272,2.5233272193633223,3.2782519340209495,7.926709503905086,1.261663609681661,43822,50000,0.87644,0.8707799266293402,0.8818857804329036,0.8708033339633638,0.8819283751193802,A89B7544E6D0696E62C7ABC8E34E3DA1718E5DA541D57E1FDB9CF7EC00696F77,C:\Users\23258\Desktop\华数杯\A题_微构体导电仿真优化\问题\问题4\results\D_screen2000_confirm50000\confirmation\pareto_max_A000619_B005483\mixed_pareto_frontier_samples.json,469BE2167B263FA7A811BF4572C0517EED8783B7657D7AADA5C24421020D94A7
strictly_cheaper_maximal,upper,strictly_cheaper_design_excluded,535,744,350961,9.188137494137727,7.563384313517426,24.9316792988886,32.49506361240603,0.7563384313517426,2.49316792988886,3.249506361240603,7.941553529193299,1.24658396494443,43875,50000,0.8775,0.8718601390036527,0.8829249646410104,0.8718836471515039,0.8829676429652223,A89B7544E6D0696E62C7ABC8E34E3DA1718E5DA541D57E1FDB9CF7EC00696F77,C:\Users\23258\Desktop\华数杯\A题_微构体导电仿真优化\问题\问题4\results\D_screen2000_confirm50000\confirmation\pareto_max_A000619_B005483\mixed_pareto_frontier_samples.json,469BE2167B263FA7A811BF4572C0517EED8783B7657D7AADA5C24421020D94A7
strictly_cheaper_maximal,upper,strictly_cheaper_design_excluded,536,735,350952,9.18790187468871,7.57752148045858,24.63008640414398,32.20760788460256,0.757752148045858,2.4630086404143983,3.2207607884602556,7.9563975544815095,1.231504320207199,43882,50000,0.87764,0.8720028185744878,0.8830622053735139,0.8720263400433571,0.8831048947361925,A89B7544E6D0696E62C7ABC8E34E3DA1718E5DA541D57E1FDB9CF7EC00696F77,C:\Users\23258\Desktop\华数杯\A题_微构体导电仿真优化\问题\问题4\results\D_screen2000_confirm50000\confirmation\pareto_max_A000619_B005483\mixed_pareto_frontier_samples.json,469BE2167B263FA7A811BF4572C0517EED8783B7657D7AADA5C24421020D94A7
strictly_cheaper_maximal,upper,strictly_cheaper_design_excluded,537,726,350943,9.187666255239689,7.5916586473997345,24.32849350939936,31.920152156799098,0.7591658647399735,2.4328493509399363,3.19201521567991,7.971241579769722,1.216424675469968,43923,50000,0.87846,0.8728385604505915,0.8838659967026781,0.8728621599709409,0.8839087506811556,A89B7544E6D0696E62C7ABC8E34E3DA1718E5DA541D57E1FDB9CF7EC00696F77,C:\Users\23258\Desktop\华数杯\A题_微构体导电仿真优化\问题\问题4\results\D_screen2000_confirm50000\confirmation\pareto_max_A000619_B005483\mixed_pareto_frontier_samples.json,469BE2167B263FA7A811BF4572C0517EED8783B7657D7AADA5C24421020D94A7
strictly_cheaper_maximal,upper,strictly_cheaper_design_excluded,538,717,350934,9.18743063579067,7.605795814340889,24.026900614654743,31.63269642899563,0.7605795814340888,2.4026900614654743,3.1632696428995626,7.9860856050579345,1.201345030732737,43952,50000,0.87904,0.8734297439496365,0.8844344830317495,0.873453398706665,0.8844772826744387,A89B7544E6D0696E62C7ABC8E34E3DA1718E5DA541D57E1FDB9CF7EC00696F77,C:\Users\23258\Desktop\华数杯\A题_微构体导电仿真优化\问题\问题4\results\D_screen2000_confirm50000\confirmation\pareto_max_A000619_B005483\mixed_pareto_frontier_samples.json,469BE2167B263FA7A811BF4572C0517EED8783B7657D7AADA5C24421020D94A7
strictly_cheaper_maximal,upper,strictly_cheaper_design_excluded,539,708,350925,9.18719501634165,7.619932981282043,23.72530771991012,31.34524070119216,0.7619932981282043,2.372530771991012,3.134524070119216,8.000929630346144,1.186265385995506,43997,50000,0.87994,0.8743471786961442,0.8853165359495602,0.8743709192143772,0.8853594063845445,A89B7544E6D0696E62C7ABC8E34E3DA1718E5DA541D57E1FDB9CF7EC00696F77,C:\Users\23258\Desktop\华数杯\A题_微构体导电仿真优化\问题\问题4\results\D_screen2000_confirm50000\confirmation\pareto_max_A000619_B005483\mixed_pareto_frontier_samples.json,469BE2167B263FA7A811BF4572C0517EED8783B7657D7AADA5C24421020D94A7
strictly_cheaper_maximal,upper,strictly_cheaper_design_excluded,540,699,350916,9.186959396892632,7.634070148223197,23.4237148251655,31.0577849733887,0.7634070148223197,2.3423714825165503,3.1057784973388696,8.015773655634357,1.171185741258275,44026,50000,0.88052,0.8749384670345406,0.8858849174392798,0.8749622628531497,0.8859278334529112,A89B7544E6D0696E62C7ABC8E34E3DA1718E5DA541D57E1FDB9CF7EC00696F77,C:\Users\23258\Desktop\华数杯\A题_微构体导电仿真优化\问题\问题4\results\D_screen2000_confirm50000\confirmation\pareto_max_A000619_B005483\mixed_pareto_frontier_samples.json,469BE2167B263FA7A811BF4572C0517EED8783B7657D7AADA5C24421020D94A7
strictly_cheaper_maximal,upper,strictly_cheaper_design_excluded,541,691,350971,9.188399293525526,7.648207315164351,23.15563225205917,30.80383956722352,0.7648207315164351,2.315563225205917,3.0803839567223523,8.030617680922568,1.1577816126029585,44068,50000,0.88136,0.8757948893851756,0.8867080169086755,0.8758187653391389,0.8867509988720614,A89B7544E6D0696E62C7ABC8E34E3DA1718E5DA541D57E1FDB9CF7EC00696F77,C:\Users\23258\Desktop\华数杯\A题_微构体导电仿真优化\问题\问题4\results\D_screen2000_confirm50000\confirmation\pareto_max_A000619_B005483\mixed_pareto_frontier_samples.json,469BE2167B263FA7A811BF4572C0517EED8783B7657D7AADA5C24421020D94A7
strictly_cheaper_maximal,upper,strictly_cheaper_design_excluded,542,682,350962,9.188163674076508,7.662344482105505,22.85403935731455,30.516383839420058,0.7662344482105504,2.285403935731455,3.051638383942006,8.04546170621078,1.1427019678657273,44085,50000,0.8817,0.8761415614825868,0.887041151262229,0.8761654698876397,0.8870841598989205,A89B7544E6D0696E62C7ABC8E34E3DA1718E5DA541D57E1FDB9CF7EC00696F77,C:\Users\23258\Desktop\华数杯\A题_微构体导电仿真优化\问题\问题4\results\D_screen2000_confirm50000\confirmation\pareto_max_A000619_B005483\mixed_pareto_frontier_samples.json,469BE2167B263FA7A811BF4572C0517EED8783B7657D7AADA5C24421020D94A7
strictly_cheaper_maximal,upper,strictly_cheaper_design_excluded,543,673,350953,9.187928054627488,7.676481649046659,22.552446462569932,30.22892811161659,0.7676481649046659,2.2552446462569935,3.022892811161659,8.060305731498993,1.1276223231284963,44123,50000,0.88246,0.8769165279531599,0.887785752152636,0.8769405089283087,0.8878288203684681,A89B7544E6D0696E62C7ABC8E34E3DA1718E5DA541D57E1FDB9CF7EC00696F77,C:\Users\23258\Desktop\华数杯\A题_微构体导电仿真优化\问题\问题4\results\D_screen2000_confirm50000\confirmation\pareto_max_A000619_B005483\mixed_pareto_frontier_samples.json,469BE2167B263FA7A811BF4572C0517EED8783B7657D7AADA5C24421020D94A7
strictly_cheaper_maximal,upper,strictly_cheaper_design_excluded,544,664,350944,9.18769243517847,7.690618815987813,22.25085356782531,29.94147238381312,0.7690618815987813,2.225085356782531,2.994147238381312,8.075149756787203,1.1125426783912655,44142,50000,0.88284,0.8773040384737305,0.8881580253125552,0.8773280557508532,0.8882011232951808,A89B7544E6D0696E62C7ABC8E34E3DA1718E5DA541D57E1FDB9CF7EC00696F77,C:\Users\23258\Desktop\华数杯\A题_微构体导电仿真优化\问题\问题4\results\D_screen2000_confirm50000\confirmation\pareto_max_A000619_B005483\mixed_pareto_frontier_samples.json,469BE2167B263FA7A811BF4572C0517EED8783B7657D7AADA5C24421020D94A7
strictly_cheaper_maximal,upper,strictly_cheaper_design_excluded,545,655,350935,9.18745681572945,7.704755982928967,21.94926067308069,29.65401665600966,0.7704755982928967,2.194926067308069,2.965401665600966,8.089993782075416,1.0974630336540343,44180,50000,0.8836,0.8780791144695675,0.8889025166776984,0.8781032043848861,0.8889456741478037,A89B7544E6D0696E62C7ABC8E34E3DA1718E5DA541D57E1FDB9CF7EC00696F77,C:\Users\23258\Desktop\华数杯\A题_微构体导电仿真优化\问题\问题4\results\D_screen2000_confirm50000\confirmation\pareto_max_A000619_B005483\mixed_pareto_frontier_samples.json,469BE2167B263FA7A811BF4572C0517EED8783B7657D7AADA5C24421020D94A7
strictly_cheaper_maximal,upper,strictly_cheaper_design_excluded,546,646,350926,9.187221196280431,7.718893149870121,21.64766777833607,29.36656092820619,0.7718893149870121,2.164766777833607,2.936656092820619,8.104837807363628,1.0823833889168033,44192,50000,0.88384,0.8783238906114272,0.8891376039129899,0.8783480034746923,0.8891807801557294,A89B7544E6D0696E62C7ABC8E34E3DA1718E5DA541D57E1FDB9CF7EC00696F77,C:\Users\23258\Desktop\华数杯\A题_微构体导电仿真优化\问题\问题4\results\D_screen2000_confirm50000\confirmation\pareto_max_A000619_B005483\mixed_pareto_frontier_samples.json,469BE2167B263FA7A811BF4572C0517EED8783B7657D7AADA5C24421020D94A7
strictly_cheaper_maximal,upper,strictly_cheaper_design_excluded,547,637,350917,9.186985576831411,7.733030316811275,21.34607488359145,29.079105200402722,0.7733030316811276,2.134607488359145,2.9079105200402724,8.119681832651839,1.0673037441795723,44208,50000,0.88416,0.8786502702817007,0.8894510420789186,0.8786744137494323,0.8894942433421332,A89B7544E6D0696E62C7ABC8E34E3DA1718E5DA541D57E1FDB9CF7EC00696F77,C:\Users\23258\Desktop\华数杯\A题_微构体导电仿真优化\问题\问题4\results\D_screen2000_confirm50000\confirmation\pareto_max_A000619_B005483\mixed_pareto_frontier_samples.json,469BE2167B263FA7A811BF4572C0517EED8783B7657D7AADA5C24421020D94A7
strictly_cheaper_maximal,upper,strictly_cheaper_design_excluded,548,629,350972,9.188425473464306,7.747167483752429,21.077992310485122,28.82515979423755,0.7747167483752428,2.1077992310485123,2.882515979423755,8.134525857940051,1.053899615524256,44254,50000,0.88508,0.8795886853302952,0.8903521033094053,0.8796129168321548,0.8903953764441179,A89B7544E6D0696E62C7ABC8E34E3DA1718E5DA541D57E1FDB9CF7EC00696F77,C:\Users\23258\Desktop\华数杯\A题_微构体导电仿真优化\问题\问题4\results\D_screen2000_confirm50000\confirmation\pareto_max_A000619_B005483\mixed_pareto_frontier_samples.json,469BE2167B263FA7A811BF4572C0517EED8783B7657D7AADA5C24421020D94A7
strictly_cheaper_maximal,upper,strictly_cheaper_design_excluded,549,620,350963,9.188189854015288,7.761304650693583,20.7763994157405,28.53770406643408,0.7761304650693583,2.07763994157405,2.853770406643408,8.149369883228264,1.038819970787025,44287,50000,0.88574,0.8802619637918719,0.8909984491349953,0.8802862584914707,0.8910417737719751,A89B7544E6D0696E62C7ABC8E34E3DA1718E5DA541D57E1FDB9CF7EC00696F77,C:\Users\23258\Desktop\华数杯\A题_微构体导电仿真优化\问题\问题4\results\D_screen2000_confirm50000\confirmation\pareto_max_A000619_B005483\mixed_pareto_frontier_samples.json,469BE2167B263FA7A811BF4572C0517EED8783B7657D7AADA5C24421020D94A7
strictly_cheaper_maximal,upper,strictly_cheaper_design_excluded,550,611,350954,9.187954234566268,7.7754418176347375,20.47480652099588,28.25024833863062,0.7775441817634737,2.047480652099588,2.8250248338630617,8.164213908516475,1.023740326049794,44314,50000,0.88628,0.88081287037483,0.8915272351506282,0.8808372168086386,0.8915706018894588,A89B7544E6D0696E62C7ABC8E34E3DA1718E5DA541D57E1FDB9CF7EC00696F77,C:\Users\23258\Desktop\华数杯\A题_微构体导电仿真优化\问题\问题4\results\D_screen2000_confirm50000\confirmation\pareto_max_A000619_B005483\mixed_pareto_frontier_samples.json,469BE2167B263FA7A811BF4572C0517EED8783B7657D7AADA5C24421020D94A7
strictly_cheaper_maximal,upper,strictly_cheaper_design_excluded,551,602,350945,9.18771861511725,7.789578984575892,20.17321362625126,27.96279261082715,0.7789578984575892,2.0173213626251263,2.796279261082715,8.179057933804687,1.008660681312563,44327,50000,0.88654,0.881078135374268,0.8917818221431044,0.8811025067258788,0.8918252091414101,A89B7544E6D0696E62C7ABC8E34E3DA1718E5DA541D57E1FDB9CF7EC00696F77,C:\Users\23258\Desktop\华数杯\A题_微构体导电仿真优化\问题\问题4\results\D_screen2000_confirm50000\confirmation\pareto_max_A000619_B005483\mixed_pareto_frontier_samples.json,469BE2167B263FA7A811BF4572C0517EED8783B7657D7AADA5C24421020D94A7
strictly_cheaper_maximal,upper,strictly_cheaper_design_excluded,552,593,350936,9.18748299566823,7.803716151517046,19.871620731506642,27.67533688302369,0.7803716151517045,1.987162073150664,2.7675336883023687,8.1939019590929,0.9935810365753319,44335,50000,0.8867,0.8812413798104513,0.8919384866250224,0.8812657664989341,0.8919818860868642,A89B7544E6D0696E62C7ABC8E34E3DA1718E5DA541D57E1FDB9CF7EC00696F77,C:\Users\23258\Desktop\华数杯\A题_微构体导电仿真优化\问题\问题4\results\D_screen2000_confirm50000\confirmation\pareto_max_A000619_B005483\mixed_pareto_frontier_samples.json,469BE2167B263FA7A811BF4572C0517EED8783B7657D7AADA5C24421020D94A7
strictly_cheaper_maximal,upper,strictly_cheaper_design_excluded,553,584,350927,9.18724737621921,7.8178533184582,19.57002783676202,27.38788115522022,0.78178533184582,1.9570027836762018,2.738788115522022,8.20874598438111,0.9785013918381008,44359,50000,0.88718,0.8817311334706046,0.8924084597191719,0.881755566182764,0.8924518965540015,A89B7544E6D0696E62C7ABC8E34E3DA1718E5DA541D57E1FDB9CF7EC00696F77,C:\Users\23258\Desktop\华数杯\A题_微构体导电仿真优化\问题\问题4\results\D_screen2000_confirm50000\confirmation\pareto_max_A000619_B005483\mixed_pareto_frontier_samples.json,469BE2167B263FA7A811BF4572C0517EED8783B7657D7AADA5C24421020D94A7
strictly_cheaper_maximal,upper,strictly_cheaper_design_excluded,554,575,350918,9.187011756770191,7.831990485399354,19.2684349420174,27.100425427416752,0.7831990485399354,1.92684349420174,2.710042542741675,8.223590009669323,0.9634217471008698,44401,50000,0.88802,0.8825882762538668,0.8932308387559404,0.8826127895550511,0.8932743409292565,A89B7544E6D0696E62C7ABC8E34E3DA1718E5DA541D57E1FDB9CF7EC00696F77,C:\Users\23258\Desktop\华数杯\A题_微构体导电仿真优化\问题\问题4\results\D_screen2000_confirm50000\confirmation\pareto_max_A000619_B005483\mixed_pareto_frontier_samples.json,469BE2167B263FA7A811BF4572C0517EED8783B7657D7AADA5C24421020D94A7
strictly_cheaper_maximal,upper,strictly_cheaper_design_excluded,555,566,350909,9.186776137321171,7.846127652340507,18.96684204727278,26.812969699613287,0.7846127652340507,1.896684204727278,2.6812969699613287,8.238434034957534,0.9483421023636389,44414,50000,0.88828,0.8828536015264378,0.8934853654752836,0.8828781397842456,0.8935288878556706,A89B7544E6D0696E62C7ABC8E34E3DA1718E5DA541D57E1FDB9CF7EC00696F77,C:\Users\23258\Desktop\华数杯\A题_微构体导电仿真优化\问题\问题4\results\D_screen2000_confirm50000\confirmation\pareto_max_A000619_B005483\mixed_pareto_frontier_samples.json,469BE2167B263FA7A811BF4572C0517EED8783B7657D7AADA5C24421020D94A7
strictly_cheaper_maximal,upper,strictly_cheaper_design_excluded,556,558,350964,9.188216033954067,7.860264819281661,18.69875947416645,26.55902429344811,0.7860264819281662,1.8698759474166449,2.655902429344811,8.253278060245746,0.9349379737083224,44455,50000,0.8891,0.8836904564328032,0.894288043774186,0.8837150734388495,0.894331629832037,A89B7544E6D0696E62C7ABC8E34E3DA1718E5DA541D57E1FDB9CF7EC00696F77,C:\Users\23258\Desktop\华数杯\A题_微构体导电仿真优化\问题\问题4\results\D_screen2000_confirm50000\confirmation\pareto_max_A000619_B005483\mixed_pareto_frontier_samples.json,469BE2167B263FA7A811BF4572C0517EED8783B7657D7AADA5C24421020D94A7
strictly_cheaper_maximal,upper,strictly_cheaper_design_excluded,557,549,350955,9.187980414505049,7.874401986222815,18.39716657942183,26.271568565644646,0.7874401986222815,1.8397166579421833,2.627156856564465,8.268122085533957,0.9198583289710914,44472,50000,0.88944,0.8840374718404045,0.8946208348175495,0.8840621215156397,0.8946644472546313,A89B7544E6D0696E62C7ABC8E34E3DA1718E5DA541D57E1FDB9CF7EC00696F77,C:\Users\23258\Desktop\华数杯\A题_微构体导电仿真优化\问题\问题4\results\D_screen2000_confirm50000\confirmation\pareto_max_A000619_B005483\mixed_pareto_frontier_samples.json,469BE2167B263FA7A811BF4572C0517EED8783B7657D7AADA5C24421020D94A7
strictly_cheaper_maximal,upper,strictly_cheaper_design_excluded,558,540,350946,9.187744795056028,7.888539153163969,18.09557368467721,25.984112837841177,0.7888539153163969,1.8095573684677209,2.5984112837841176,8.28296611082217,0.9047786842338604,44464,50000,0.88928,0.8838741685082925,0.8944642292315603,0.8838988028085069,0.8945078292566233,A89B7544E6D0696E62C7ABC8E34E3DA1718E5DA541D57E1FDB9CF7EC00696F77,C:\Users\23258\Desktop\华数杯\A题_微构体导电仿真优化\问题\问题4\results\D_screen2000_confirm50000\confirmation\pareto_max_A000619_B005483\mixed_pareto_frontier_samples.json,469BE2167B263FA7A811BF4572C0517EED8783B7657D7AADA5C24421020D94A7
strictly_cheaper_maximal,upper,strictly_cheaper_design_excluded,559,531,350937,9.18750917560701,7.902676320105123,17.79398078993259,25.696657110037712,0.7902676320105123,1.7793980789932589,2.5696657110037715,8.29781013611038,0.8896990394966293,44459,50000,0.88918,0.8837721056991837,0.894366348966856,0.8837967303911707,0.8944099412328385,A89B7544E6D0696E62C7ABC8E34E3DA1718E5DA541D57E1FDB9CF7EC00696F77,C:\Users\23258\Desktop\华数杯\A题_微构体导电仿真优化\问题\问题4\results\D_screen2000_confirm50000\confirmation\pareto_max_A000619_B005483\mixed_pareto_frontier_samples.json,469BE2167B263FA7A811BF4572C0517EED8783B7657D7AADA5C24421020D94A7
strictly_cheaper_maximal,upper,strictly_cheaper_design_excluded,560,522,350928,9.18727355615799,7.916813487046277,17.49238789518797,25.409201382234247,0.7916813487046278,1.749238789518797,2.5409201382234246,8.312654161398592,0.8746193947593983,44476,50000,0.88952,0.884119124817855,0.8946991362991494,0.8841437821814594,0.89474275494108,A89B7544E6D0696E62C7ABC8E34E3DA1718E5DA541D57E1FDB9CF7EC00696F77,C:\Users\23258\Desktop\华数杯\A题_微构体导电仿真优化\问题\问题4\results\D_screen2000_confirm50000\confirmation\pareto_max_A000619_B005483\mixed_pareto_frontier_samples.json,469BE2167B263FA7A811BF4572C0517EED8783B7657D7AADA5C24421020D94A7
strictly_cheaper_maximal,upper,strictly_cheaper_design_excluded,561,513,350919,9.187037936708972,7.9309506539874315,17.19079500044335,25.121745654430782,0.7930950653987432,1.7190795000443353,2.5121745654430785,8.327498186686803,0.8595397500221674,44491,50000,0.88982,0.884425331286373,0.8949927590520712,0.8844500174864811,0.895036400955265,A89B7544E6D0696E62C7ABC8E34E3DA1718E5DA541D57E1FDB9CF7EC00696F77,C:\Users\23258\Desktop\华数杯\A题_微构体导电仿真优化\问题\问题4\results\D_screen2000_confirm50000\confirmation\pareto_max_A000619_B005483\mixed_pareto_frontier_samples.json,469BE2167B263FA7A811BF4572C0517EED8783B7657D7AADA5C24421020D94A7
strictly_cheaper_maximal,upper,strictly_cheaper_design_excluded,562,504,350910,9.186802317259952,7.945087820928586,16.88920210569873,24.834289926627314,0.7945087820928586,1.6889202105698728,2.483428992662731,8.342342211975016,0.8444601052849364,44514,50000,0.89028,0.8848948718808559,0.8954429565971286,0.8849196023127204,0.895486634146253,A89B7544E6D0696E62C7ABC8E34E3DA1718E5DA541D57E1FDB9CF7EC00696F77,C:\Users\23258\Desktop\华数杯\A题_微构体导电仿真优化\问题\问题4\results\D_screen2000_confirm50000\confirmation\pareto_max_A000619_B005483\mixed_pareto_frontier_samples.json,469BE2167B263FA7A811BF4572C0517EED8783B7657D7AADA5C24421020D94A7
strictly_cheaper_maximal,upper,strictly_cheaper_design_excluded,563,496,350965,9.188242213892847,7.95922498786974,16.621119532592402,24.58034452046214,0.795922498786974,1.66211195325924,2.458034452046214,8.357186237263228,0.8310559766296199,44547,50000,0.89094,0.8855686116141235,0.8960888411510277,0.8855934055426358,0.8961325697987483,A89B7544E6D0696E62C7ABC8E34E3DA1718E5DA541D57E1FDB9CF7EC00696F77,C:\Users\23258\Desktop\华数杯\A题_微构体导电仿真优化\问题\问题4\results\D_screen2000_confirm50000\confirmation\pareto_max_A000619_B005483\mixed_pareto_frontier_samples.json,469BE2167B263FA7A811BF4572C0517EED8783B7657D7AADA5C24421020D94A7
strictly_cheaper_maximal,upper,strictly_cheaper_design_excluded,564,487,350956,9.188006594443829,7.973362154810894,16.31952663784778,24.292888792658673,0.7973362154810895,1.631952663784778,2.4292888792658673,8.372030262551439,0.8159763318923889,44586,50000,0.89172,0.8863649276501042,0.8968520810907896,0.8863897966719597,0.8968958700576093,A89B7544E6D0696E62C7ABC8E34E3DA1718E5DA541D57E1FDB9CF7EC00696F77,C:\Users\23258\Desktop\华数杯\A题_微构体导电仿真优化\问题\问题4\results\D_screen2000_confirm50000\confirmation\pareto_max_A000619_B005483\mixed_pareto_frontier_samples.json,469BE2167B263FA7A811BF4572C0517EED8783B7657D7AADA5C24421020D94A7
strictly_cheaper_maximal,upper,strictly_cheaper_design_excluded,565,478,350947,9.187770974994809,7.987499321752048,16.01793374310316,24.005433064855207,0.7987499321752047,1.601793374310316,2.4005433064855204,8.386874287839651,0.8008966871551578,44637,50000,0.89274,0.887406393058799,0.8978500350349892,0.8874313603658196,0.8978939027639802,A89B7544E6D0696E62C7ABC8E34E3DA1718E5DA541D57E1FDB9CF7EC00696F77,C:\Users\23258\Desktop\华数杯\A题_微构体导电仿真优化\问题\问题4\results\D_screen2000_confirm50000\confirmation\pareto_max_A000619_B005483\mixed_pareto_frontier_samples.json,469BE2167B263FA7A811BF4572C0517EED8783B7657D7AADA5C24421020D94A7
strictly_cheaper_maximal,upper,strictly_cheaper_design_excluded,566,469,350938,9.187535355545789,8.001636488693203,15.71634084835854,23.717977337051742,0.8001636488693202,1.5716340848358539,2.3717977337051743,8.401718313127864,0.7858170424179268,44652,50000,0.89304,0.88771273448833,0.8981435228268975,0.8877377307216077,0.8981874136957002,A89B7544E6D0696E62C7ABC8E34E3DA1718E5DA541D57E1FDB9CF7EC00696F77,C:\Users\23258\Desktop\华数杯\A题_微构体导电仿真优化\问题\问题4\results\D_screen2000_confirm50000\confirmation\pareto_max_A000619_B005483\mixed_pareto_frontier_samples.json,469BE2167B263FA7A811BF4572C0517EED8783B7657D7AADA5C24421020D94A7
strictly_cheaper_maximal,upper,strictly_cheaper_design_excluded,567,460,350929,9.18729973609677,8.015773655634357,15.41474795361392,23.430521609248277,0.8015773655634357,1.541474795361392,2.343052160924828,8.416562338416075,0.7707373976806959,44671,50000,0.89342,0.8881007854127364,0.8985152555829813,0.8881258182983861,0.8985591757453504,A89B7544E6D0696E62C7ABC8E34E3DA1718E5DA541D57E1FDB9CF7EC00696F77,C:\Users\23258\Desktop\华数杯\A题_微构体导电仿真优化\问题\问题4\results\D_screen2000_confirm50000\confirmation\pareto_max_A000619_B005483\mixed_pareto_frontier_samples.json,469BE2167B263FA7A811BF4572C0517EED8783B7657D7AADA5C24421020D94A7
strictly_cheaper_maximal,upper,strictly_cheaper_design_excluded,568,451,350920,9.18706411664775,8.029910822575511,15.1131550588693,23.143065881444812,0.802991082257551,1.5113155058869299,2.3143065881444813,8.431406363704287,0.7556577529434649,44671,50000,0.89342,0.8881007854127364,0.8985152555829813,0.8881258182983861,0.8985591757453504,A89B7544E6D0696E62C7ABC8E34E3DA1718E5DA541D57E1FDB9CF7EC00696F77,C:\Users\23258\Desktop\华数杯\A题_微构体导电仿真优化\问题\问题4\results\D_screen2000_confirm50000\confirmation\pareto_max_A000619_B005483\mixed_pareto_frontier_samples.json,469BE2167B263FA7A811BF4572C0517EED8783B7657D7AADA5C24421020D94A7
strictly_cheaper_maximal,upper,strictly_cheaper_design_excluded,569,442,350911,9.186828497198732,8.044047989516665,14.81156216412468,22.855610153641344,0.8044047989516665,1.481156216412468,2.2855610153641344,8.4462503889925,0.7405781082062339,44680,50000,0.8936,0.8882846062300828,0.8986913322984985,0.8883096564822673,0.89873526633015,A89B7544E6D0696E62C7ABC8E34E3DA1718E5DA541D57E1FDB9CF7EC00696F77,C:\Users\23258\Desktop\华数杯\A题_微构体导电仿真优化\问题\问题4\results\D_screen2000_confirm50000\confirmation\pareto_max_A000619_B005483\mixed_pareto_frontier_samples.json,469BE2167B263FA7A811BF4572C0517EED8783B7657D7AADA5C24421020D94A7
strictly_cheaper_maximal,upper,strictly_cheaper_design_excluded,570,434,350966,9.188268393831628,8.058185156457819,14.54347959101835,22.60166474747617,0.8058185156457819,1.454347959101835,2.260166474747617,8.46109441428071,0.7271739795509174,44710,50000,0.8942,0.8888973759778958,0.8992782209935646,0.8889224841413894,0.8993222012251754,A89B7544E6D0696E62C7ABC8E34E3DA1718E5DA541D57E1FDB9CF7EC00696F77,C:\Users\23258\Desktop\华数杯\A题_微构体导电仿真优化\问题\问题4\results\D_screen2000_confirm50000\confirmation\pareto_max_A000619_B005483\mixed_pareto_frontier_samples.json,469BE2167B263FA7A811BF4572C0517EED8783B7657D7AADA5C24421020D94A7
strictly_cheaper_maximal,upper,strictly_cheaper_design_excluded,571,425,350957,9.188032774382608,8.072322323398973,14.241886696273731,22.314209019672703,0.8072322323398974,1.4241886696273731,2.23142090196727,8.475938439568923,0.7120943348136863,44716,50000,0.89432,0.8890199361704183,0.8993955924896178,0.8890450559204207,0.8994395819554645,A89B7544E6D0696E62C7ABC8E34E3DA1718E5DA541D57E1FDB9CF7EC00696F77,C:\Users\23258\Desktop\华数杯\A题_微构体导电仿真优化\问题\问题4\results\D_screen2000_confirm50000\confirmation\pareto_max_A000619_B005483\mixed_pareto_frontier_samples.json,469BE2167B263FA7A811BF4572C0517EED8783B7657D7AADA5C24421020D94A7
strictly_cheaper_maximal,upper,strictly_cheaper_design_excluded,572,416,350948,9.18779715493359,8.086459490340127,13.94029380152911,22.026753291869237,0.8086459490340127,1.3940293801529111,2.2026753291869237,8.490782464857134,0.6970146900764554,44740,50000,0.8948,0.8895101978546301,0.899865057559709,0.8895353639649425,0.899909083943144,A89B7544E6D0696E62C7ABC8E34E3DA1718E5DA541D57E1FDB9CF7EC00696F77,C:\Users\23258\Desktop\华数杯\A题_微构体导电仿真优化\问题\问题4\results\D_screen2000_confirm50000\confirmation\pareto_max_A000619_B005483\mixed_pareto_frontier_samples.json,469BE2167B263FA7A811BF4572C0517EED8783B7657D7AADA5C24421020D94A7
strictly_cheaper_maximal,upper,strictly_cheaper_design_not_excluded,573,407,350939,9.18756153548457,8.100596657281281,13.638700906784491,21.739297564065772,0.8100596657281282,1.363870090678449,2.173929756406577,8.505626490145346,0.6819350453392244,44777,50000,0.89554,0.8902660838801938,0.9005887502803628,0.8902913215078208,0.9006328335171566,A89B7544E6D0696E62C7ABC8E34E3DA1718E5DA541D57E1FDB9CF7EC00696F77,C:\Users\23258\Desktop\华数杯\A题_微构体导电仿真优化\问题\问题4\results\D_screen2000_confirm50000\confirmation\pareto_max_A000619_B005483\mixed_pareto_frontier_samples.json,469BE2167B263FA7A811BF4572C0517EED8783B7657D7AADA5C24421020D94A7
strictly_cheaper_maximal,upper,strictly_cheaper_design_not_excluded,574,398,350930,9.187325916035551,8.114733824222435,13.33710801203987,21.451841836262304,0.8114733824222435,1.333710801203987,2.14518418362623,8.520470515433558,0.6668554006019934,44812,50000,0.89624,0.8909811854108566,0.9012732502663922,0.8910064907411184,0.9013173872140359,A89B7544E6D0696E62C7ABC8E34E3DA1718E5DA541D57E1FDB9CF7EC00696F77,C:\Users\23258\Desktop\华数杯\A题_微构体导电仿真优化\问题\问题4\results\D_screen2000_confirm50000\confirmation\pareto_max_A000619_B005483\mixed_pareto_frontier_samples.json,469BE2167B263FA7A811BF4572C0517EED8783B7657D7AADA5C24421020D94A7
strictly_cheaper_maximal,upper,strictly_cheaper_design_not_excluded,575,389,350921,9.18709029658653,8.12887099116359,13.03551511729525,21.16438610845884,0.8128870991163589,1.3035515117295249,2.1164386108458837,8.53531454072177,0.6517757558647624,44841,50000,0.89682,0.8915737532333334,0.9018403522720313,0.8915991146982584,0.9018845336711137,A89B7544E6D0696E62C7ABC8E34E3DA1718E5DA541D57E1FDB9CF7EC00696F77,C:\Users\23258\Desktop\华数杯\A题_微构体导电仿真优化\问题\问题4\results\D_screen2000_confirm50000\confirmation\pareto_max_A000619_B005483\mixed_pareto_frontier_samples.json,469BE2167B263FA7A811BF4572C0517EED8783B7657D7AADA5C24421020D94A7
strictly_cheaper_maximal,upper,strictly_cheaper_design_not_excluded,576,380,350912,9.186854677137513,8.143008158104744,12.73392222255063,20.876930380655374,0.8143008158104743,1.2733922222550629,2.087693038065537,8.550158566009982,0.6366961111275314,44846,50000,0.89692,0.8916759251782835,0.9019381234008947,0.8917012963251316,0.9019823124592219,A89B7544E6D0696E62C7ABC8E34E3DA1718E5DA541D57E1FDB9CF7EC00696F77,C:\Users\23258\Desktop\华数杯\A题_微构体导电仿真优化\问题\问题4\results\D_screen2000_confirm50000\confirmation\pareto_max_A000619_B005483\mixed_pareto_frontier_samples.json,469BE2167B263FA7A811BF4572C0517EED8783B7657D7AADA5C24421020D94A7
strictly_cheaper_maximal,upper,strictly_cheaper_design_not_excluded,577,372,350967,9.188294573770408,8.157145325045898,12.4658396494443,20.622984974490198,0.8157145325045898,1.24658396494443,2.0622984974490195,8.565002591298192,0.623291982472215,44877,50000,0.89754,0.8923094247655388,0.902544270871281,0.8923348559637199,0.9025885073851365,A89B7544E6D0696E62C7ABC8E34E3DA1718E5DA541D57E1FDB9CF7EC00696F77,C:\Users\23258\Desktop\华数杯\A题_微构体导电仿真优化\问题\问题4\results\D_screen2000_confirm50000\confirmation\pareto_max_A000619_B005483\mixed_pareto_frontier_samples.json,469BE2167B263FA7A811BF4572C0517EED8783B7657D7AADA5C24421020D94A7
strictly_cheaper_maximal,upper,strictly_cheaper_design_not_excluded,578,363,350958,9.188058954321388,8.171282491987052,12.16424675469968,20.335529246686733,0.8171282491987051,1.2164246754699681,2.0335529246686734,8.579846616586403,0.608212337734984,44924,50000,0.89848,0.8932700028136698,0.9034631577169934,0.8932955251352497,0.9035074660738319,A89B7544E6D0696E62C7ABC8E34E3DA1718E5DA541D57E1FDB9CF7EC00696F77,C:\Users\23258\Desktop\华数杯\A题_微构体导电仿真优化\问题\问题4\results\D_screen2000_confirm50000\confirmation\pareto_max_A000619_B005483\mixed_pareto_frontier_samples.json,469BE2167B263FA7A811BF4572C0517EED8783B7657D7AADA5C24421020D94A7
strictly_cheaper_maximal,upper,strictly_cheaper_design_not_excluded,579,354,350949,9.187823334872368,8.185419658928206,11.86265385995506,20.048073518883264,0.8185419658928206,1.186265385995506,2.0048073518883265,8.594690641874616,0.593132692997753,44968,50000,0.89936,0.8941693898209963,0.9043232697592228,0.8941949975361142,0.9043676452557271,A89B7544E6D0696E62C7ABC8E34E3DA1718E5DA541D57E1FDB9CF7EC00696F77,C:\Users\23258\Desktop\华数杯\A题_微构体导电仿真优化\问题\问题4\results\D_screen2000_confirm50000\confirmation\pareto_max_A000619_B005483\mixed_pareto_frontier_samples.json,469BE2167B263FA7A811BF4572C0517EED8783B7657D7AADA5C24421020D94A7
strictly_cheaper_maximal,upper,strictly_cheaper_design_not_excluded,580,345,350940,9.18758771542335,8.19955682586936,11.56106096521044,19.760617791079802,0.819955682586936,1.1561060965210441,1.9760617791079804,8.609534667162828,0.578053048260522,44999,50000,0.89998,0.8948031207170446,0.9049291859208162,0.8948287886469417,0.9049736086507173,A89B7544E6D0696E62C7ABC8E34E3DA1718E5DA541D57E1FDB9CF7EC00696F77,C:\Users\23258\Desktop\华数杯\A题_微构体导电仿真优化\问题\问题4\results\D_screen2000_confirm50000\confirmation\pareto_max_A000619_B005483\mixed_pareto_frontier_samples.json,469BE2167B263FA7A811BF4572C0517EED8783B7657D7AADA5C24421020D94A7
strictly_cheaper_maximal,upper,strictly_cheaper_design_not_excluded,581,336,350931,9.18735209597433,8.213693992810514,11.25946807046582,19.473162063276334,0.8213693992810515,1.1259468070465821,1.9473162063276335,8.624378692451039,0.562973403523291,45006,50000,0.90012,0.8949462295239975,0.9050659974172016,0.8949719110567032,0.9051104308046526,A89B7544E6D0696E62C7ABC8E34E3DA1718E5DA541D57E1FDB9CF7EC00696F77,C:\Users\23258\Desktop\华数杯\A题_微构体导电仿真优化\问题\问题4\results\D_screen2000_confirm50000\confirmation\pareto_max_A000619_B005483\mixed_pareto_frontier_samples.json,469BE2167B263FA7A811BF4572C0517EED8783B7657D7AADA5C24421020D94A7
strictly_cheaper_maximal,upper,strictly_cheaper_design_not_excluded,582,327,350922,9.187116476525311,8.227831159751668,10.957875175721199,19.185706335472865,0.8227831159751667,1.09578751757212,1.9185706335472865,8.639222717739251,0.54789375878606,45029,50000,0.90058,0.8954164657756042,0.9055154993051354,0.8954421920187572,0.9055599676891544,A89B7544E6D0696E62C7ABC8E34E3DA1718E5DA541D57E1FDB9CF7EC00696F77,C:\Users\23258\Desktop\华数杯\A题_微构体导电仿真优化\问题\问题4\results\D_screen2000_confirm50000\confirmation\pareto_max_A000619_B005483\mixed_pareto_frontier_samples.json,469BE2167B263FA7A811BF4572C0517EED8783B7657D7AADA5C24421020D94A7
strictly_cheaper_maximal,upper,strictly_cheaper_design_not_excluded,583,318,350913,9.186880857076291,8.241968326692822,10.65628228097658,18.898250607669404,0.8241968326692822,1.065628228097658,1.8898250607669405,8.654066743027464,0.532814114048829,45041,50000,0.90082,0.8956618196259131,0.905750008831978,0.8956875692057531,0.9057944954621536,A89B7544E6D0696E62C7ABC8E34E3DA1718E5DA541D57E1FDB9CF7EC00696F77,C:\Users\23258\Desktop\华数杯\A题_微构体导电仿真优化\问题\问题4\results\D_screen2000_confirm50000\confirmation\pareto_max_A000619_B005483\mixed_pareto_frontier_samples.json,469BE2167B263FA7A811BF4572C0517EED8783B7657D7AADA5C24421020D94A7
strictly_cheaper_maximal,upper,strictly_cheaper_design_not_excluded,584,310,350968,9.188320753709187,8.256105493633976,10.38819970787025,18.644305201504224,0.8256105493633976,1.038819970787025,1.8644305201504223,8.668910768315675,0.5194099853935125,45070,50000,0.9014,0.8962547956732091,0.9063167026127984,0.8962806016771874,0.9063612333009073,A89B7544E6D0696E62C7ABC8E34E3DA1718E5DA541D57E1FDB9CF7EC00696F77,C:\Users\23258\Desktop\华数杯\A题_微构体导电仿真优化\问题\问题4\results\D_screen2000_confirm50000\confirmation\pareto_max_A000619_B005483\mixed_pareto_frontier_samples.json,469BE2167B263FA7A811BF4572C0517EED8783B7657D7AADA5C24421020D94A7
strictly_cheaper_maximal,upper,strictly_cheaper_design_not_excluded,585,301,350959,9.188085134260168,8.27024266057513,10.08660681312563,18.356849473700763,0.827024266057513,1.0086606813125631,1.8356849473700763,8.683754793603887,0.5043303406562815,45071,50000,0.90142,0.8962752440747851,0.906336242825985,0.8963010520251128,0.9063807750323942,A89B7544E6D0696E62C7ABC8E34E3DA1718E5DA541D57E1FDB9CF7EC00696F77,C:\Users\23258\Desktop\华数杯\A题_微构体导电仿真优化\问题\问题4\results\D_screen2000_confirm50000\confirmation\pareto_max_A000619_B005483\mixed_pareto_frontier_samples.json,469BE2167B263FA7A811BF4572C0517EED8783B7657D7AADA5C24421020D94A7
strictly_cheaper_maximal,upper,strictly_cheaper_design_not_excluded,586,292,350950,9.187849514811148,8.284379827516284,9.78501391838101,18.069393745897294,0.8284379827516284,0.9785013918381009,1.8069393745897293,8.6985988188921,0.4892506959190504,45083,50000,0.90166,0.8965206298611473,0.9065707204167744,0.8965464611712712,0.9066152708378834,A89B7544E6D0696E62C7ABC8E34E3DA1718E5DA541D57E1FDB9CF7EC00696F77,C:\Users\23258\Desktop\华数杯\A题_微构体导电仿真优化\问题\问题4\results\D_screen2000_confirm50000\confirmation\pareto_max_A000619_B005483\mixed_pareto_frontier_samples.json,469BE2167B263FA7A811BF4572C0517EED8783B7657D7AADA5C24421020D94A7
strictly_cheaper_maximal,upper,strictly_cheaper_design_not_excluded,587,283,350941,9.18761389536213,8.298516994457438,9.48342102363639,17.78193801809383,0.8298516994457439,0.948342102363639,1.7781938018093828,8.71344284418031,0.47417105118181946,45120,50000,0.9024,0.8972772940287509,0.9072936349953881,0.8973031974071508,0.9073382415209704,A89B7544E6D0696E62C7ABC8E34E3DA1718E5DA541D57E1FDB9CF7EC00696F77,C:\Users\23258\Desktop\华数杯\A题_微构体导电仿真优化\问题\问题4\results\D_screen2000_confirm50000\confirmation\pareto_max_A000619_B005483\mixed_pareto_frontier_samples.json,469BE2167B263FA7A811BF4572C0517EED8783B7657D7AADA5C24421020D94A7
strictly_cheaper_maximal,upper,strictly_cheaper_design_not_excluded,588,274,350932,9.18737827591311,8.312654161398592,9.18182812889177,17.494482290290364,0.8312654161398592,0.9181828128891769,1.7494482290290363,8.728286869468523,0.45909140644458846,45139,50000,0.90278,0.8976658855496786,0.9076648271549503,0.8976918259611572,0.9077094624568229,A89B7544E6D0696E62C7ABC8E34E3DA1718E5DA541D57E1FDB9CF7EC00696F77,C:\Users\23258\Desktop\华数杯\A题_微构体导电仿真优化\问题\问题4\results\D_screen2000_confirm50000\confirmation\pareto_max_A000619_B005483\mixed_pareto_frontier_samples.json,469BE2167B263FA7A811BF4572C0517EED8783B7657D7AADA5C24421020D94A7
strictly_cheaper_maximal,upper,strictly_cheaper_design_not_excluded,589,265,350923,9.187142656464092,8.326791328339747,8.88023523414715,17.207026562486895,0.8326791328339747,0.8880235234147151,1.7207026562486893,8.743130894756733,0.44401176170735746,45178,50000,0.90356,0.8984635942168496,0.908426674463522,0.8984896106976197,0.9084713687588992,A89B7544E6D0696E62C7ABC8E34E3DA1718E5DA541D57E1FDB9CF7EC00696F77,C:\Users\23258\Desktop\华数杯\A题_微构体导电仿真优化\问题\问题4\results\D_screen2000_confirm50000\confirmation\pareto_max_A000619_B005483\mixed_pareto_frontier_samples.json,469BE2167B263FA7A811BF4572C0517EED8783B7657D7AADA5C24421020D94A7
strictly_cheaper_maximal,upper,strictly_cheaper_design_not_excluded,590,256,350914,9.186907037015072,8.3409284952809,8.57864233940253,16.91957083468343,0.83409284952809,0.8578642339402529,1.6919570834683428,8.757974920044946,0.4289321169701264,45210,50000,0.9042,0.899118198784792,0.9090517055679839,0.8991442777364136,0.9090964481932845,A89B7544E6D0696E62C7ABC8E34E3DA1718E5DA541D57E1FDB9CF7EC00696F77,C:\Users\23258\Desktop\华数杯\A题_微构体导电仿真优化\问题\问题4\results\D_screen2000_confirm50000\confirmation\pareto_max_A000619_B005483\mixed_pareto_frontier_samples.json,469BE2167B263FA7A811BF4572C0517EED8783B7657D7AADA5C24421020D94A7
strictly_cheaper_maximal,upper,strictly_cheaper_design_not_excluded,591,248,350969,9.188346933647967,8.355065662222055,8.310559766296201,16.665625428518254,0.8355065662222055,0.83105597662962,1.6665625428518254,8.772818945333158,0.41552798831480997,45243,50000,0.90486,0.8997933306487241,0.9096961979912185,0.8998194740762042,0.9097409903847591,A89B7544E6D0696E62C7ABC8E34E3DA1718E5DA541D57E1FDB9CF7EC00696F77,C:\Users\23258\Desktop\华数杯\A题_微构体导电仿真优化\问题\问题4\results\D_screen2000_confirm50000\confirmation\pareto_max_A000619_B005483\mixed_pareto_frontier_samples.json,469BE2167B263FA7A811BF4572C0517EED8783B7657D7AADA5C24421020D94A7
strictly_cheaper_maximal,upper,strictly_cheaper_design_not_excluded,592,239,350960,9.188111314198947,8.369202829163209,8.00896687155158,16.37816970071479,0.8369202829163208,0.800896687155158,1.6378169700714789,8.78766297062137,0.4004483435775789,45247,50000,0.90494,0.8998751697378367,0.9097743133611564,0.8999013209842547,0.9098191117821883,A89B7544E6D0696E62C7ABC8E34E3DA1718E5DA541D57E1FDB9CF7EC00696F77,C:\Users\23258\Desktop\华数杯\A题_微构体导电仿真优化\问题\问题4\results\D_screen2000_confirm50000\confirmation\pareto_max_A000619_B005483\mixed_pareto_frontier_samples.json,469BE2167B263FA7A811BF4572C0517EED8783B7657D7AADA5C24421020D94A7
strictly_cheaper_maximal,upper,strictly_cheaper_design_not_excluded,593,230,350951,9.187875694749929,8.383339996104363,7.70737397680696,16.090713972911324,0.8383339996104363,0.770737397680696,1.6090713972911324,8.802506995909582,0.38536869884034797,45251,50000,0.90502,0.899957009895654,0.9098524276623898,0.8999831689618112,0.9098972321098201,A89B7544E6D0696E62C7ABC8E34E3DA1718E5DA541D57E1FDB9CF7EC00696F77,C:\Users\23258\Desktop\华数杯\A题_微构体导电仿真优化\问题\问题4\results\D_screen2000_confirm50000\confirmation\pareto_max_A000619_B005483\mixed_pareto_frontier_samples.json,469BE2167B263FA7A811BF4572C0517EED8783B7657D7AADA5C24421020D94A7
strictly_cheaper_maximal,upper,strictly_cheaper_design_not_excluded,594,221,350942,9.187640075300909,8.397477163045517,7.40578108206234,15.803258245107857,0.8397477163045517,0.740578108206234,1.5803258245107856,8.817351021197794,0.37028905410311697,45255,50000,0.9051,0.9000388511233837,0.9099305408937106,0.9000650180100819,0.9099753513664436,A89B7544E6D0696E62C7ABC8E34E3DA1718E5DA541D57E1FDB9CF7EC00696F77,C:\Users\23258\Desktop\华数杯\A题_微构体导电仿真优化\问题\问题4\results\D_screen2000_confirm50000\confirmation\pareto_max_A000619_B005483\mixed_pareto_frontier_samples.json,469BE2167B263FA7A811BF4572C0517EED8783B7657D7AADA5C24421020D94A7
strictly_cheaper_maximal,upper,strictly_cheaper_design_not_excluded,595,212,350933,9.18740445585189,8.411614329986671,7.10418818731772,15.51580251730439,0.8411614329986671,0.710418818731772,1.551580251730439,8.832195046486005,0.35520940936588596,45264,50000,0.90528,0.9002229978039148,0.9101062917460431,0.9002491822897756,0.9101511157716919,A89B7544E6D0696E62C7ABC8E34E3DA1718E5DA541D57E1FDB9CF7EC00696F77,C:\Users\23258\Desktop\华数杯\A题_微构体导电仿真优化\问题\问题4\results\D_screen2000_confirm50000\confirmation\pareto_max_A000619_B005483\mixed_pareto_frontier_samples.json,469BE2167B263FA7A811BF4572C0517EED8783B7657D7AADA5C24421020D94A7
strictly_cheaper_maximal,upper,strictly_cheaper_design_not_excluded,596,203,350924,9.18716883640287,8.425751496927825,6.802595292573099,15.228346789500925,0.8425751496927825,0.6802595292573099,1.5228346789500924,8.847039071774216,0.3401297646286549,45277,50000,0.90554,0.9004889970547864,0.9103601444870858,0.9005152069688821,0.9104049880793119,A89B7544E6D0696E62C7ABC8E34E3DA1718E5DA541D57E1FDB9CF7EC00696F77,C:\Users\23258\Desktop\华数杯\A题_微构体导电仿真优化\问题\问题4\results\D_screen2000_confirm50000\confirmation\pareto_max_A000619_B005483\mixed_pareto_frontier_samples.json,469BE2167B263FA7A811BF4572C0517EED8783B7657D7AADA5C24421020D94A7
strictly_cheaper_maximal,upper,strictly_cheaper_design_not_excluded,597,194,350915,9.186933216953852,8.43988866386898,6.501002397828479,14.940891061697458,0.843988866386898,0.6501002397828479,1.4940891061697459,8.861883097062428,0.3250501198914239,45291,50000,0.90582,0.9007754705195185,0.9106335116290304,0.9008017078274695,0.9106783762798508,A89B7544E6D0696E62C7ABC8E34E3DA1718E5DA541D57E1FDB9CF7EC00696F77,C:\Users\23258\Desktop\华数杯\A题_微构体导电仿真优化\问题\问题4\results\D_screen2000_confirm50000\confirmation\pareto_max_A000619_B005483\mixed_pareto_frontier_samples.json,469BE2167B263FA7A811BF4572C0517EED8783B7657D7AADA5C24421020D94A7
strictly_cheaper_maximal,upper,strictly_cheaper_design_not_excluded,598,186,350970,9.188373113586747,8.454025830810131,6.23291982472215,14.68694565553228,0.8454025830810131,0.623291982472215,1.4686945655532282,8.876727122350639,0.3116459912361075,45306,50000,0.90612,0.9010824210862042,0.9109263902837844,0.9011086877558386,0.9109712774821994,A89B7544E6D0696E62C7ABC8E34E3DA1718E5DA541D57E1FDB9CF7EC00696F77,C:\Users\23258\Desktop\华数杯\A题_微构体导电仿真优化\问题\问题4\results\D_screen2000_confirm50000\confirmation\pareto_max_A000619_B005483\mixed_pareto_frontier_samples.json,469BE2167B263FA7A811BF4572C0517EED8783B7657D7AADA5C24421020D94A7
strictly_cheaper_maximal,upper,strictly_cheaper_design_not_excluded,599,177,350961,9.188137494137727,8.468162997751286,5.93132692997753,14.399489927728816,0.8468162997751285,0.593132692997753,1.4399489927728817,8.891571147638851,0.2965663464988765,45333,50000,0.90666,0.9016349706631982,0.9114535333053814,0.9016612902131215,0.9114984610495209,A89B7544E6D0696E62C7ABC8E34E3DA1718E5DA541D57E1FDB9CF7EC00696F77,C:\Users\23258\Desktop\华数杯\A题_微构体导电仿真优化\问题\问题4\results\D_screen2000_confirm50000\confirmation\pareto_max_A000619_B005483\mixed_pareto_frontier_samples.json,469BE2167B263FA7A811BF4572C0517EED8783B7657D7AADA5C24421020D94A7
strictly_cheaper_maximal,upper,strictly_cheaper_design_not_excluded,600,168,350952,9.18790187468871,8.48230016469244,5.62973403523291,14.11203419992535,0.848230016469244,0.5629734035232911,1.4112034199925352,8.906415172927064,0.2814867017616455,45353,50000,0.90706,0.9020442987972606,0.9118439774665714,0.9020706575422645,0.911888935211129,A89B7544E6D0696E62C7ABC8E34E3DA1718E5DA541D57E1FDB9CF7EC00696F77,C:\Users\23258\Desktop\华数杯\A题_微构体导电仿真优化\问题\问题4\results\D_screen2000_confirm50000\confirmation\pareto_max_A000619_B005483\mixed_pareto_frontier_samples.json,469BE2167B263FA7A811BF4572C0517EED8783B7657D7AADA5C24421020D94A7
strictly_cheaper_maximal,upper,strictly_cheaper_design_not_excluded,601,159,350943,9.187666255239689,8.496437331633594,5.32814114048829,13.824578472121884,0.8496437331633594,0.532814114048829,1.3824578472121885,8.921259198215274,0.2664070570244145,45358,50000,0.90716,0.9021466351276028,0.9119415842100422,0.9021730036746609,0.9119865494502176,A89B7544E6D0696E62C7ABC8E34E3DA1718E5DA541D57E1FDB9CF7EC00696F77,C:\Users\23258\Desktop\华数杯\A题_微构体导电仿真优化\问题\问题4\results\D_screen2000_confirm50000\confirmation\pareto_max_A000619_B005483\mixed_pareto_frontier_samples.json,469BE2167B263FA7A811BF4572C0517EED8783B7657D7AADA5C24421020D94A7
strictly_cheaper_maximal,upper,strictly_cheaper_design_not_excluded,602,150,350934,9.18743063579067,8.510574498574748,5.02654824574367,13.537122744318417,0.8510574498574748,0.502654824574367,1.3537122744318417,8.936103223503487,0.25132741228718347,45374,50000,0.90748,0.9024741229803638,0.9122539141934835,0.9025005229028856,0.9122989034074938,A89B7544E6D0696E62C7ABC8E34E3DA1718E5DA541D57E1FDB9CF7EC00696F77,C:\Users\23258\Desktop\华数杯\A题_微构体导电仿真优化\问题\问题4\results\D_screen2000_confirm50000\confirmation\pareto_max_A000619_B005483\mixed_pareto_frontier_samples.json,469BE2167B263FA7A811BF4572C0517EED8783B7657D7AADA5C24421020D94A7
strictly_cheaper_maximal,upper,strictly_cheaper_design_not_excluded,603,141,350925,9.18719501634165,8.524711665515902,4.72495535099905,13.249667016514952,0.8524711665515902,0.472495535099905,1.3249667016514952,8.950947248791698,0.23624776754995244,45385,50000,0.9077,0.9026992811606905,0.9124686307755457,0.9027257026617406,0.9125136364607781,A89B7544E6D0696E62C7ABC8E34E3DA1718E5DA541D57E1FDB9CF7EC00696F77,C:\Users\23258\Desktop\华数杯\A题_微构体导电仿真优化\问题\问题4\results\D_screen2000_confirm50000\confirmation\pareto_max_A000619_B005483\mixed_pareto_frontier_samples.json,469BE2167B263FA7A811BF4572C0517EED8783B7657D7AADA5C24421020D94A7
strictly_cheaper_maximal,upper,strictly_cheaper_design_not_excluded,604,132,350916,9.186959396892632,8.538848832457056,4.423362456254429,12.962211288711485,0.8538848832457057,0.4423362456254429,1.2962211288711485,8.96579127407991,0.22116812281272144,45405,50000,0.9081,0.9031086812317733,0.9128590029997156,0.9031351419831236,0.9129040386099228,A89B7544E6D0696E62C7ABC8E34E3DA1718E5DA541D57E1FDB9CF7EC00696F77,C:\Users\23258\Desktop\华数杯\A题_微构体导电仿真优化\问题\问题4\results\D_screen2000_confirm50000\confirmation\pareto_max_A000619_B005483\mixed_pareto_frontier_samples.json,469BE2167B263FA7A811BF4572C0517EED8783B7657D7AADA5C24421020D94A7
strictly_cheaper_maximal,upper,strictly_cheaper_design_not_excluded,605,124,350971,9.188399293525526,8.55298599939821,4.155279883148101,12.70826588254631,0.8552985999398209,0.41552798831481,1.2708265882546312,8.980635299368123,0.20776399415740499,45435,50000,0.9087,0.9037228338146908,0.913444508859677,0.9037493534820854,0.9134895893018607,A89B7544E6D0696E62C7ABC8E34E3DA1718E5DA541D57E1FDB9CF7EC00696F77,C:\Users\23258\Desktop\华数杯\A题_微构体导电仿真优化\问题\问题4\results\D_screen2000_confirm50000\confirmation\pareto_max_A000619_B005483\mixed_pareto_frontier_samples.json,469BE2167B263FA7A811BF4572C0517EED8783B7657D7AADA5C24421020D94A7
strictly_cheaper_maximal,upper,strictly_cheaper_design_not_excluded,606,115,350962,9.188163674076508,8.567123166339364,3.85368698840348,12.420810154742844,0.8567123166339364,0.385368698840348,1.2420810154742845,8.995479324656333,0.19268434942017398,45459,50000,0.90918,0.9042142015509222,0.9139128678777486,0.9042407683866546,0.9139579841369735,A89B7544E6D0696E62C7ABC8E34E3DA1718E5DA541D57E1FDB9CF7EC00696F77,C:\Users\23258\Desktop\华数杯\A题_微构体导电仿真优化\问题\问题4\results\D_screen2000_confirm50000\confirmation\pareto_max_A000619_B005483\mixed_pareto_frontier_samples.json,469BE2167B263FA7A811BF4572C0517EED8783B7657D7AADA5C24421020D94A7
strictly_cheaper_maximal,upper,strictly_cheaper_design_not_excluded,607,106,350953,9.187928054627488,8.581260333280518,3.55209409365886,12.133354426939379,0.8581260333280518,0.355209409365886,1.213335442693938,9.010323349944546,0.17760470468294298,45461,50000,0.90922,0.9042551507048442,0.9139518959533521,0.9042817214727086,0.9139970151953645,A89B7544E6D0696E62C7ABC8E34E3DA1718E5DA541D57E1FDB9CF7EC00696F77,C:\Users\23258\Desktop\华数杯\A题_微构体导电仿真优化\问题\问题4\results\D_screen2000_confirm50000\confirmation\pareto_max_A000619_B005483\mixed_pareto_frontier_samples.json,469BE2167B263FA7A811BF4572C0517EED8783B7657D7AADA5C24421020D94A7
strictly_cheaper_maximal,upper,strictly_cheaper_design_not_excluded,608,97,350944,9.18769243517847,8.595397500221672,3.2505011989142396,11.845898699135912,0.8595397500221672,0.32505011989142396,1.1845898699135913,9.025167375232758,0.16252505994571195,45463,50000,0.90926,0.9042961001430238,0.9139909237446976,0.9043226748432429,0.9140360459691935,A89B7544E6D0696E62C7ABC8E34E3DA1718E5DA541D57E1FDB9CF7EC00696F77,C:\Users\23258\Desktop\华数杯\A题_微构体导电仿真优化\问题\问题4\results\D_screen2000_confirm50000\confirmation\pareto_max_A000619_B005483\mixed_pareto_frontier_samples.json,469BE2167B263FA7A811BF4572C0517EED8783B7657D7AADA5C24421020D94A7
strictly_cheaper_maximal,upper,strictly_cheaper_design_not_excluded,609,88,350935,9.18745681572945,8.609534667162826,2.9489083041696196,11.558442971332447,0.8609534667162826,0.29489083041696196,1.1558442971332448,9.040011400520969,0.14744541520848095,45482,50000,0.90964,0.9046851340154944,0.9143616735527171,0.9047117460842078,0.9144068240955893,A89B7544E6D0696E62C7ABC8E34E3DA1718E5DA541D57E1FDB9CF7EC00696F77,C:\Users\23258\Desktop\华数杯\A题_微构体导电仿真优化\问题\问题4\results\D_screen2000_confirm50000\confirmation\pareto_max_A000619_B005483\mixed_pareto_frontier_samples.json,469BE2167B263FA7A811BF4572C0517EED8783B7657D7AADA5C24421020D94A7
strictly_cheaper_maximal,upper,strictly_cheaper_design_not_excluded,610,79,350926,9.187221196280431,8.62367183410398,2.6473154094249995,11.27098724352898,0.8623671834103981,0.26473154094249995,1.127098724352898,9.054855425809182,0.13236577047124995,45478,50000,0.90956,0.9046032300071892,0.9142836231019719,0.9046298342071731,0.9143287676853759,A89B7544E6D0696E62C7ABC8E34E3DA1718E5DA541D57E1FDB9CF7EC00696F77,C:\Users\23258\Desktop\华数杯\A题_微构体导电仿真优化\问题\问题4\results\D_screen2000_confirm50000\confirmation\pareto_max_A000619_B005483\mixed_pareto_frontier_samples.json,469BE2167B263FA7A811BF4572C0517EED8783B7657D7AADA5C24421020D94A7
strictly_cheaper_maximal,upper,strictly_cheaper_design_not_excluded,611,70,350917,9.186985576831411,8.637809001045134,2.345722514680379,10.983531515725513,0.8637809001045135,0.2345722514680379,1.0983531515725513,9.069699451097394,0.11728612573401893,45476,50000,0.90952,0.904562278431673,0.9142445974479626,0.904588878697629,0.914289739051172,A89B7544E6D0696E62C7ABC8E34E3DA1718E5DA541D57E1FDB9CF7EC00696F77,C:\Users\23258\Desktop\华数杯\A题_微构体导电仿真优化\问题\问题4\results\D_screen2000_confirm50000\confirmation\pareto_max_A000619_B005483\mixed_pareto_frontier_samples.json,469BE2167B263FA7A811BF4572C0517EED8783B7657D7AADA5C24421020D94A7
strictly_cheaper_maximal,upper,strictly_cheaper_design_not_excluded,612,62,350972,9.188425473464306,8.651946167986289,2.0776399415740503,10.729586109560339,0.8651946167986289,0.207763994157405,1.0729586109560338,9.084543476385605,0.10388199707870249,45506,50000,0.91012,0.905176582140903,0.9148299521816117,0.9052032414409158,0.9148751384554041,A89B7544E6D0696E62C7ABC8E34E3DA1718E5DA541D57E1FDB9CF7EC00696F77,C:\Users\23258\Desktop\华数杯\A题_微构体导电仿真优化\问题\问题4\results\D_screen2000_confirm50000\confirmation\pareto_max_A000619_B005483\mixed_pareto_frontier_samples.json,469BE2167B263FA7A811BF4572C0517EED8783B7657D7AADA5C24421020D94A7
strictly_cheaper_maximal,upper,strictly_cheaper_design_not_excluded,613,53,350963,9.188189854015288,8.666083334927443,1.77604704682943,10.442130381756872,0.8666083334927442,0.177604704682943,1.0442130381756871,9.099387501673817,0.08880235234147149,45521,50000,0.91042,0.9054837582682331,0.9151226052757211,0.9055104471044014,0.9151678138586326,A89B7544E6D0696E62C7ABC8E34E3DA1718E5DA541D57E1FDB9CF7EC00696F77,C:\Users\23258\Desktop\华数杯\A题_微构体导电仿真优化\问题\问题4\results\D_screen2000_confirm50000\confirmation\pareto_max_A000619_B005483\mixed_pareto_frontier_samples.json,469BE2167B263FA7A811BF4572C0517EED8783B7657D7AADA5C24421020D94A7
strictly_cheaper_maximal,upper,strictly_cheaper_design_not_excluded,614,44,350954,9.187954234566268,8.680220501868597,1.4744541520848098,10.154674653953407,0.8680220501868597,0.14744541520848098,1.0154674653953406,9.11423152696203,0.07372270760424048,45532,50000,0.91064,0.9057090311039218,0.9153372072024213,0.9057357416081185,0.9153824321341568,A89B7544E6D0696E62C7ABC8E34E3DA1718E5DA541D57E1FDB9CF7EC00696F77,C:\Users\23258\Desktop\华数杯\A题_微构体导电仿真优化\问题\问题4\results\D_screen2000_confirm50000\confirmation\pareto_max_A000619_B005483\mixed_pareto_frontier_samples.json,469BE2167B263FA7A811BF4572C0517EED8783B7657D7AADA5C24421020D94A7
strictly_cheaper_maximal,upper,strictly_cheaper_design_not_excluded,615,35,350945,9.18771861511725,8.69435766880975,1.1728612573401895,9.86721892614994,0.869435766880975,0.11728612573401895,0.986721892614994,9.12907555225024,0.05864306286700947,45532,50000,0.91064,0.9057090311039218,0.9153372072024213,0.9057357416081185,0.9153824321341568,A89B7544E6D0696E62C7ABC8E34E3DA1718E5DA541D57E1FDB9CF7EC00696F77,C:\Users\23258\Desktop\华数杯\A题_微构体导电仿真优化\问题\问题4\results\D_screen2000_confirm50000\confirmation\pareto_max_A000619_B005483\mixed_pareto_frontier_samples.json,469BE2167B263FA7A811BF4572C0517EED8783B7657D7AADA5C24421020D94A7
strictly_cheaper_maximal,upper,strictly_cheaper_design_not_excluded,616,26,350936,9.18748299566823,8.708494835750905,0.8712683625955694,9.579763198346475,0.8708494835750905,0.08712683625955694,0.9579763198346475,9.143919577538451,0.043563418129778465,45533,50000,0.91066,0.9057295108877439,0.9153567160333618,0.9057562233621064,0.9154019424508821,A89B7544E6D0696E62C7ABC8E34E3DA1718E5DA541D57E1FDB9CF7EC00696F77,C:\Users\23258\Desktop\华数杯\A题_微构体导电仿真优化\问题\问题4\results\D_screen2000_confirm50000\confirmation\pareto_max_A000619_B005483\mixed_pareto_frontier_samples.json,469BE2167B263FA7A811BF4572C0517EED8783B7657D7AADA5C24421020D94A7
strictly_cheaper_maximal,upper,strictly_cheaper_design_not_excluded,617,17,350927,9.18724737621921,8.722632002692059,0.5696754678509492,9.292307470543008,0.8722632002692059,0.05696754678509493,0.9292307470543008,9.158763602826664,0.02848377339254746,45527,50000,0.91054,0.9056066332732763,0.9152396619592537,0.905633333927508,0.9152848794608841,A89B7544E6D0696E62C7ABC8E34E3DA1718E5DA541D57E1FDB9CF7EC00696F77,C:\Users\23258\Desktop\华数杯\A题_微构体导电仿真优化\问题\问题4\results\D_screen2000_confirm50000\confirmation\pareto_max_A000619_B005483\mixed_pareto_frontier_samples.json,469BE2167B263FA7A811BF4572C0517EED8783B7657D7AADA5C24421020D94A7
strictly_cheaper_maximal,upper,strictly_cheaper_design_not_excluded,618,8,350918,9.187011756770191,8.736769169633213,0.26808257310632905,9.004851742739541,0.8736769169633213,0.026808257310632903,0.9004851742739541,9.173607628114874,0.01340412865531645,45528,50000,0.91056,0.9056271126943498,0.9152591711529428,0.9056538153184596,0.9153043901407518,A89B7544E6D0696E62C7ABC8E34E3DA1718E5DA541D57E1FDB9CF7EC00696F77,C:\Users\23258\Desktop\华数杯\A题_微构体导电仿真优化\问题\问题4\results\D_screen2000_confirm50000\confirmation\pareto_max_A000619_B005483\mixed_pareto_frontier_samples.json,469BE2167B263FA7A811BF4572C0517EED8783B7657D7AADA5C24421020D94A7
