n_a,n_b,successes,trials,estimate,cost_weight,cost_yuan,a_cost_yuan,b_cost_yuan,a_volume_um3,b_volume_um3,total_volume_um3,a_volume_percent,b_volume_percent,total_volume_percent,cp_one_sided_95_lower,cp_one_sided_family_lower,family_size
1,1,0,50000,0.0,631,0.016519541370126328,0.014844025288211772,0.0016755160819145562,0.014137166941154067,0.03351032163829113,0.0476474885794452,0.0014137166941154066,0.003351032163829113,0.00476474885794452,nan,nan,619
2,1,0,50000,0.0,1198,0.0313635666583381,0.029688050576423545,0.0016755160819145562,0.028274333882308135,0.03351032163829113,0.061784655520599266,0.0028274333882308132,0.003351032163829113,0.006178465552059927,nan,nan,619
3,1,0,50000,0.0,1765,0.04620759194654987,0.04453207586463531,0.0016755160819145562,0.042411500823462206,0.03351032163829113,0.07592182246175333,0.004241150082346221,0.003351032163829113,0.007592182246175333,nan,nan,619
4,1,0,50000,0.0,2332,0.06105161723476164,0.05937610115284709,0.0016755160819145562,0.05654866776461627,0.03351032163829113,0.09005898940290741,0.0056548667764616265,0.003351032163829113,0.009005898940290741,nan,nan,619
5,1,0,50000,0.0,2899,0.07589564252297341,0.07422012644105885,0.0016755160819145562,0.07068583470577033,0.03351032163829113,0.10419615634406146,0.007068583470577034,0.003351032163829113,0.010419615634406146,nan,nan,619
6,1,0,50000,0.0,3466,0.09073966781118518,0.08906415172927062,0.0016755160819145562,0.08482300164692441,0.03351032163829113,0.11833332328521554,0.008482300164692442,0.003351032163829113,0.011833332328521554,nan,nan,619
7,1,0,50000,0.0,4033,0.10558369309939696,0.10390817701748241,0.0016755160819145562,0.09896016858807848,0.03351032163829113,0.1324704902263696,0.009896016858807848,0.003351032163829113,0.013247049022636962,nan,nan,619
8,1,0,50000,0.0,4600,0.12042771838760873,0.11875220230569418,0.0016755160819145562,0.11309733552923254,0.03351032163829113,0.14660765716752366,0.011309733552923253,0.003351032163829113,0.014660765716752365,nan,nan,619
9,1,0,50000,0.0,5167,0.1352717436758205,0.13359622759390594,0.0016755160819145562,0.12723450247038662,0.03351032163829113,0.16074482410867774,0.012723450247038661,0.003351032163829113,0.016074482410867775,nan,nan,619
10,1,0,50000,0.0,5734,0.15011576896403228,0.1484402528821177,0.0016755160819145562,0.14137166941154067,0.03351032163829113,0.1748819910498318,0.014137166941154067,0.003351032163829113,0.017488199104983178,nan,nan,619
11,1,0,50000,0.0,6301,0.16495979425224405,0.16328427817032948,0.0016755160819145562,0.15550883635269475,0.03351032163829113,0.18901915799098587,0.015550883635269476,0.003351032163829113,0.018901915799098584,nan,nan,619
12,1,0,50000,0.0,6868,0.17980381954045582,0.17812830345854125,0.0016755160819145562,0.16964600329384882,0.03351032163829113,0.20315632493213995,0.016964600329384884,0.003351032163829113,0.020315632493213994,nan,nan,619
13,1,0,50000,0.0,7435,0.1946478448286676,0.19297232874675302,0.0016755160819145562,0.18378317023500287,0.03351032163829113,0.217293491873294,0.018378317023500287,0.003351032163829113,0.0217293491873294,nan,nan,619
14,1,0,50000,0.0,8002,0.20949187011687936,0.20781635403496482,0.0016755160819145562,0.19792033717615695,0.03351032163829113,0.23143065881444808,0.019792033717615697,0.003351032163829113,0.02314306588144481,nan,nan,619
15,1,0,50000,0.0,8569,0.22433589540509113,0.2226603793231766,0.0016755160819145562,0.212057504117311,0.03351032163829113,0.24556782575560213,0.0212057504117311,0.003351032163829113,0.024556782575560213,nan,nan,619
16,1,0,50000,0.0,9136,0.2391799206933029,0.23750440461138836,0.0016755160819145562,0.22619467105846508,0.03351032163829113,0.25970499269675623,0.022619467105846506,0.003351032163829113,0.025970499269675623,nan,nan,619
17,1,0,50000,0.0,9703,0.2540239459815147,0.2523484298996001,0.0016755160819145562,0.24033183799961916,0.03351032163829113,0.2738421596379103,0.024033183799961916,0.003351032163829113,0.027384215963791033,nan,nan,619
18,1,0,50000,0.0,10270,0.26886797126972645,0.2671924551878119,0.0016755160819145562,0.25446900494077324,0.03351032163829113,0.2879793265790644,0.025446900494077322,0.003351032163829113,0.02879793265790644,nan,nan,619
19,1,0,50000,0.0,10837,0.2837119965579382,0.28203648047602364,0.0016755160819145562,0.26860617188192726,0.03351032163829113,0.3021164935202184,0.026860617188192725,0.003351032163829113,0.03021164935202184,nan,nan,619
20,1,0,50000,0.0,11404,0.29855602184615,0.2968805057642354,0.0016755160819145562,0.28274333882308134,0.03351032163829113,0.3162536604613725,0.028274333882308135,0.003351032163829113,0.03162536604613725,nan,nan,619
21,1,0,50000,0.0,11971,0.31340004713436176,0.3117245310524472,0.0016755160819145562,0.2968805057642354,0.03351032163829113,0.33039082740252657,0.02968805057642354,0.003351032163829113,0.03303908274025266,nan,nan,619
22,1,0,50000,0.0,12538,0.32824407242257353,0.32656855634065896,0.0016755160819145562,0.3110176727053895,0.03351032163829113,0.34452799434368064,0.03110176727053895,0.003351032163829113,0.03445279943436807,nan,nan,619
23,1,0,50000,0.0,13105,0.3430880977107853,0.3414125816288707,0.0016755160819145562,0.32515483964654357,0.03351032163829113,0.3586651612848347,0.03251548396465436,0.003351032163829113,0.035866516128483475,nan,nan,619
24,1,0,50000,0.0,13672,0.35793212299899707,0.3562566069170825,0.0016755160819145562,0.33929200658769765,0.03351032163829113,0.3728023282259888,0.03392920065876977,0.003351032163829113,0.03728023282259888,nan,nan,619
25,1,0,50000,0.0,14239,0.37277614828720884,0.37110063220529427,0.0016755160819145562,0.35342917352885167,0.03351032163829113,0.3869394951671428,0.03534291735288517,0.003351032163829113,0.03869394951671428,nan,nan,619
26,1,0,50000,0.0,14806,0.3876201735754206,0.38594465749350604,0.0016755160819145562,0.36756634047000575,0.03351032163829113,0.4010766621082969,0.03675663404700057,0.003351032163829113,0.040107666210829694,nan,nan,619
27,1,0,50000,0.0,15373,0.4024641988636324,0.4007886827817178,0.0016755160819145562,0.3817035074111598,0.03351032163829113,0.415213829049451,0.03817035074111598,0.003351032163829113,0.0415213829049451,nan,nan,619
28,1,0,50000,0.0,15940,0.41730822415184415,0.41563270806992964,0.0016755160819145562,0.3958406743523139,0.03351032163829113,0.42935099599060506,0.03958406743523139,0.003351032163829113,0.04293509959906051,nan,nan,619
29,1,0,50000,0.0,16507,0.4321522494400559,0.4304767333581414,0.0016755160819145562,0.409977841293468,0.03351032163829113,0.44348816293175913,0.0409977841293468,0.003351032163829113,0.04434881629317591,nan,nan,619
30,1,0,50000,0.0,17074,0.4469962747282677,0.4453207586463532,0.0016755160819145562,0.424115008234622,0.03351032163829113,0.45762532987291316,0.0424115008234622,0.003351032163829113,0.04576253298729131,nan,nan,619
31,1,0,50000,0.0,17641,0.46184030001647947,0.46016478393456495,0.0016755160819145562,0.4382521751757761,0.03351032163829113,0.47176249681406723,0.043825217517577605,0.003351032163829113,0.047176249681406726,nan,nan,619
32,1,0,50000,0.0,18208,0.47668432530469124,0.4750088092227767,0.0016755160819145562,0.45238934211693016,0.03351032163829113,0.4858996637552213,0.04523893421169301,0.003351032163829113,0.04858996637552213,nan,nan,619
33,1,0,50000,0.0,18775,0.491528350592903,0.4898528345109885,0.0016755160819145562,0.46652650905808424,0.03351032163829113,0.5000368306963754,0.04665265090580842,0.003351032163829113,0.05000368306963754,nan,nan,619
34,1,0,50000,0.0,19342,0.5063723758811148,0.5046968597992002,0.0016755160819145562,0.4806636759992383,0.03351032163829113,0.5141739976375295,0.04806636759992383,0.003351032163829113,0.051417399763752945,nan,nan,619
35,1,0,50000,0.0,19909,0.5212164011693265,0.519540885087412,0.0016755160819145562,0.49480084294039234,0.03351032163829113,0.5283111645786834,0.04948008429403924,0.003351032163829113,0.05283111645786834,nan,nan,619
36,1,0,50000,0.0,20476,0.5360604264575384,0.5343849103756237,0.0016755160819145562,0.5089380098815465,0.03351032163829113,0.5424483315198376,0.050893800988154644,0.003351032163829113,0.054244833151983765,nan,nan,619
37,1,0,50000,0.0,21043,0.5509044517457501,0.5492289356638356,0.0016755160819145562,0.5230751768227005,0.03351032163829113,0.5565854984609917,0.05230751768227005,0.003351032163829113,0.05565854984609917,nan,nan,619
38,1,0,50000,0.0,21610,0.5657484770339619,0.5640729609520473,0.0016755160819145562,0.5372123437638545,0.03351032163829113,0.5707226654021457,0.05372123437638545,0.003351032163829113,0.057072266540214564,nan,nan,619
39,1,0,50000,0.0,22177,0.5805925023221736,0.5789169862402591,0.0016755160819145562,0.5513495107050086,0.03351032163829113,0.5848598323432997,0.055134951070500864,0.003351032163829113,0.05848598323432997,nan,nan,619
40,1,0,50000,0.0,22744,0.5954365276103855,0.5937610115284708,0.0016755160819145562,0.5654866776461627,0.03351032163829113,0.5989969992844538,0.05654866776461627,0.003351032163829113,0.05989969992844538,nan,nan,619
41,1,0,50000,0.0,23311,0.6102805528985972,0.6086050368166827,0.0016755160819145562,0.5796238445873167,0.03351032163829113,0.6131341662256079,0.057962384458731676,0.003351032163829113,0.06131341662256079,nan,nan,619
42,1,0,50000,0.0,23878,0.625124578186809,0.6234490621048944,0.0016755160819145562,0.5937610115284708,0.03351032163829113,0.627271333166762,0.05937610115284708,0.003351032163829113,0.06272713331667619,nan,nan,619
43,1,0,50000,0.0,24445,0.6399686034750207,0.6382930873931062,0.0016755160819145562,0.6078981784696249,0.03351032163829113,0.6414085001079161,0.06078981784696249,0.003351032163829113,0.0641408500107916,nan,nan,619
44,1,0,50000,0.0,25012,0.6548126287632325,0.6531371126813179,0.0016755160819145562,0.622035345410779,0.03351032163829113,0.6555456670490701,0.0622035345410779,0.003351032163829113,0.06555456670490702,nan,nan,619
45,1,0,50000,0.0,25579,0.6696566540514443,0.6679811379695297,0.0016755160819145562,0.6361725123519331,0.03351032163829113,0.6696828339902242,0.06361725123519331,0.003351032163829113,0.06696828339902243,nan,nan,619
46,1,0,50000,0.0,26146,0.6845006793396561,0.6828251632577415,0.0016755160819145562,0.6503096792930871,0.03351032163829113,0.6838200009313783,0.06503096792930872,0.003351032163829113,0.06838200009313783,nan,nan,619
47,1,0,50000,0.0,26713,0.6993447046278678,0.6976691885459533,0.0016755160819145562,0.6644468462342412,0.03351032163829113,0.6979571678725324,0.06644468462342412,0.003351032163829113,0.06979571678725324,nan,nan,619
48,1,0,50000,0.0,27280,0.7141887299160796,0.712513213834165,0.0016755160819145562,0.6785840131753953,0.03351032163829113,0.7120943348136864,0.06785840131753954,0.003351032163829113,0.07120943348136864,nan,nan,619
49,1,0,50000,0.0,27847,0.7290327552042913,0.7273572391223768,0.0016755160819145562,0.6927211801165493,0.03351032163829113,0.7262315017548404,0.06927211801165492,0.003351032163829113,0.07262315017548404,nan,nan,619
50,1,0,50000,0.0,28414,0.7438767804925032,0.7422012644105885,0.0016755160819145562,0.7068583470577033,0.03351032163829113,0.7403686686959945,0.07068583470577033,0.003351032163829113,0.07403686686959945,nan,nan,619
51,1,0,50000,0.0,28981,0.7587208057807149,0.7570452896988004,0.0016755160819145562,0.7209955139988574,0.03351032163829113,0.7545058356371486,0.07209955139988575,0.003351032163829113,0.07545058356371485,nan,nan,619
52,1,0,50000,0.0,29548,0.7735648310689267,0.7718893149870121,0.0016755160819145562,0.7351326809400115,0.03351032163829113,0.7686430025783026,0.07351326809400115,0.003351032163829113,0.07686430025783027,nan,nan,619
53,1,0,50000,0.0,30115,0.7884088563571384,0.7867333402752239,0.0016755160819145562,0.7492698478811656,0.03351032163829113,0.7827801695194567,0.07492698478811656,0.003351032163829113,0.07827801695194567,nan,nan,619
54,1,0,50000,0.0,30682,0.8032528816453502,0.8015773655634356,0.0016755160819145562,0.7634070148223197,0.03351032163829113,0.7969173364606108,0.07634070148223196,0.003351032163829113,0.07969173364606108,nan,nan,619
55,1,0,50000,0.0,31249,0.818096906933562,0.8164213908516474,0.0016755160819145562,0.7775441817634737,0.03351032163829113,0.8110545034017649,0.07775441817634737,0.003351032163829113,0.0811054503401765,nan,nan,619
56,1,0,50000,0.0,31816,0.8329409322217738,0.8312654161398593,0.0016755160819145562,0.7916813487046278,0.03351032163829113,0.825191670342919,0.07916813487046279,0.003351032163829113,0.0825191670342919,nan,nan,619
57,1,0,50000,0.0,32383,0.8477849575099855,0.846109441428071,0.0016755160819145562,0.8058185156457819,0.03351032163829113,0.839328837284073,0.08058185156457819,0.003351032163829113,0.0839328837284073,nan,nan,619
58,1,0,50000,0.0,32950,0.8626289827981973,0.8609534667162828,0.0016755160819145562,0.819955682586936,0.03351032163829113,0.8534660042252271,0.0819955682586936,0.003351032163829113,0.0853466004225227,nan,nan,619
59,1,0,50000,0.0,33517,0.877473008086409,0.8757974920044945,0.0016755160819145562,0.8340928495280899,0.03351032163829113,0.8676031711663811,0.08340928495280898,0.003351032163829113,0.0867603171166381,nan,nan,619
60,1,0,50000,0.0,34084,0.8923170333746209,0.8906415172927064,0.0016755160819145562,0.848230016469244,0.03351032163829113,0.8817403381075352,0.0848230016469244,0.003351032163829113,0.08817403381075352,nan,nan,619
61,1,0,50000,0.0,34651,0.9071610586628326,0.9054855425809181,0.0016755160819145562,0.8623671834103981,0.03351032163829113,0.8958775050486892,0.0862367183410398,0.003351032163829113,0.08958775050486892,nan,nan,619
62,1,0,50000,0.0,35218,0.9220050839510444,0.9203295678691299,0.0016755160819145562,0.8765043503515522,0.03351032163829113,0.9100146719898433,0.08765043503515521,0.003351032163829113,0.09100146719898433,nan,nan,619
63,1,1,50000,2e-05,35785,0.9368491092392561,0.9351735931573416,0.0016755160819145562,0.8906415172927062,0.03351032163829113,0.9241518389309974,0.08906415172927062,0.003351032163829113,0.09241518389309973,1.0258653615507815e-06,1.6155741342315612e-09,619
64,1,1,50000,2e-05,36352,0.951693134527468,0.9500176184455534,0.0016755160819145562,0.9047786842338603,0.03351032163829113,0.9382890058721515,0.09047786842338602,0.003351032163829113,0.09382890058721514,1.0258653615507815e-06,1.6155741342315612e-09,619
65,1,1,50000,2e-05,36919,0.9665371598156797,0.9648616437337652,0.0016755160819145562,0.9189158511750144,0.03351032163829113,0.9524261728133055,0.09189158511750144,0.003351032163829113,0.09524261728133056,1.0258653615507815e-06,1.6155741342315612e-09,619
66,1,2,50000,4e-05,37486,0.9813811851038915,0.979705669021977,0.0016755160819145562,0.9330530181161685,0.03351032163829113,0.9665633397544596,0.09330530181161684,0.003351032163829113,0.09665633397544596,7.107276030577622e-06,2.552911833012547e-07,619
67,1,3,50000,6e-05,38053,0.9962252103921032,0.9945496943101887,0.0016755160819145562,0.9471901850573226,0.03351032163829113,0.9807005066956137,0.09471901850573225,0.003351032163829113,0.09807005066956137,1.635402230054531e-05,1.6027470865578852e-06,619
68,1,3,50000,6e-05,38620,1.011069235680315,1.0093937195984004,0.0016755160819145562,0.9613273519984766,0.03351032163829113,0.9948376736367678,0.09613273519984766,0.003351032163829113,0.09948376736367677,1.635402230054531e-05,1.6027470865578852e-06,619
69,1,3,50000,6e-05,39187,1.0259132609685269,1.0242377448866122,0.0016755160819145562,0.9754645189396307,0.03351032163829113,1.0089748405779217,0.09754645189396306,0.003351032163829113,0.10089748405779217,1.635402230054531e-05,1.6027470865578852e-06,619
70,1,3,50000,6e-05,39754,1.0407572862567385,1.039081770174824,0.0016755160819145562,0.9896016858807847,0.03351032163829113,1.0231120075190758,0.09896016858807848,0.003351032163829113,0.10231120075190758,1.635402230054531e-05,1.6027470865578852e-06,619
71,1,3,50000,6e-05,40321,1.0556013115449503,1.0539257954630359,0.0016755160819145562,1.0037388528219389,0.03351032163829113,1.03724917446023,0.10037388528219388,0.003351032163829113,0.10372491744602298,1.635402230054531e-05,1.6027470865578852e-06,619
72,1,3,50000,6e-05,40888,1.0704453368331621,1.0687698207512475,0.0016755160819145562,1.017876019763093,0.03351032163829113,1.051386341401384,0.10178760197630929,0.003351032163829113,0.1051386341401384,1.635402230054531e-05,1.6027470865578852e-06,619
73,1,3,50000,6e-05,41455,1.085289362121374,1.0836138460394593,0.0016755160819145562,1.032013186704247,0.03351032163829113,1.065523508342538,0.1032013186704247,0.003351032163829113,0.1065523508342538,1.635402230054531e-05,1.6027470865578852e-06,619
74,1,4,50000,8e-05,42022,1.1001333874095858,1.0984578713276711,0.0016755160819145562,1.046150353645401,0.03351032163829113,1.0796606752836921,0.1046150353645401,0.003351032163829113,0.10796606752836921,2.7326814375134106e-05,4.384133900630183e-06,619
75,1,4,50000,8e-05,42589,1.1149774126977974,1.113301896615883,0.0016755160819145562,1.060287520586555,0.03351032163829113,1.093797842224846,0.1060287520586555,0.003351032163829113,0.10937978422248461,2.7326814375134106e-05,4.384133900630183e-06,619
76,1,4,50000,8e-05,43156,1.1298214379860092,1.1281459219040946,0.0016755160819145562,1.074424687527709,0.03351032163829113,1.107935009166,0.1074424687527709,0.003351032163829113,0.11079350091660001,2.7326814375134106e-05,4.384133900630183e-06,619
77,1,4,50000,8e-05,43723,1.144665463274221,1.1429899471923064,0.0016755160819145562,1.088561854468863,0.03351032163829113,1.1220721761071542,0.10885618544688631,0.003351032163829113,0.11220721761071542,2.7326814375134106e-05,4.384133900630183e-06,619
78,1,4,50000,8e-05,44290,1.1595094885624329,1.1578339724805182,0.0016755160819145562,1.1026990214100172,0.03351032163829113,1.1362093430483082,0.11026990214100173,0.003351032163829113,0.11362093430483082,2.7326814375134106e-05,4.384133900630183e-06,619
79,1,4,50000,8e-05,44857,1.1743535138506445,1.17267799776873,0.0016755160819145562,1.1168361883511713,0.03351032163829113,1.1503465099894623,0.11168361883511713,0.003351032163829113,0.11503465099894623,2.7326814375134106e-05,4.384133900630183e-06,619
80,1,4,50000,8e-05,45424,1.1891975391388563,1.1875220230569417,0.0016755160819145562,1.1309733552923253,0.03351032163829113,1.1644836769306164,0.11309733552923254,0.003351032163829113,0.11644836769306165,2.7326814375134106e-05,4.384133900630183e-06,619
81,1,4,50000,8e-05,45991,1.2040415644270681,1.2023660483451535,0.0016755160819145562,1.1451105222334794,0.03351032163829113,1.1786208438717705,0.11451105222334794,0.003351032163829113,0.11786208438717705,2.7326814375134106e-05,4.384133900630183e-06,619
82,1,5,50000,0.0001,46558,1.21888558971528,1.2172100736333653,0.0016755160819145562,1.1592476891746335,0.03351032163829113,1.1927580108129245,0.11592476891746335,0.003351032163829113,0.11927580108129246,3.940379121505619e-05,8.489920270672248e-06,619
83,1,5,50000,0.0001,47125,1.2337296150034915,1.2320540989215771,0.0016755160819145562,1.1733848561157876,0.03351032163829113,1.2068951777540786,0.11733848561157877,0.003351032163829113,0.12068951777540786,3.940379121505619e-05,8.489920270672248e-06,619
84,1,5,50000,0.0001,47692,1.2485736402917034,1.2468981242097887,0.0016755160819145562,1.1875220230569417,0.03351032163829113,1.2210323446952327,0.11875220230569417,0.003351032163829113,0.12210323446952327,3.940379121505619e-05,8.489920270672248e-06,619
85,1,5,50000,0.0001,48259,1.2634176655799152,1.2617421494980006,0.0016755160819145562,1.2016591899980957,0.03351032163829113,1.2351695116363868,0.12016591899980958,0.003351032163829113,0.12351695116363869,3.940379121505619e-05,8.489920270672248e-06,619
86,1,5,50000,0.0001,48826,1.278261690868127,1.2765861747862124,0.0016755160819145562,1.2157963569392498,0.03351032163829113,1.2493066785775409,0.12157963569392498,0.003351032163829113,0.12493066785775409,3.940379121505619e-05,8.489920270672248e-06,619
87,1,5,50000,0.0001,49393,1.2931057161563386,1.2914302000744242,0.0016755160819145562,1.229933523880404,0.03351032163829113,1.263443845518695,0.12299335238804039,0.003351032163829113,0.1263443845518695,3.940379121505619e-05,8.489920270672248e-06,619
88,1,5,50000,0.0001,49960,1.3079497414445505,1.3062742253626358,0.0016755160819145562,1.244070690821558,0.03351032163829113,1.277581012459849,0.1244070690821558,0.003351032163829113,0.1277581012459849,3.940379121505619e-05,8.489920270672248e-06,619
89,1,5,50000,0.0001,50527,1.3227937667327623,1.3211182506508476,0.0016755160819145562,1.258207857762712,0.03351032163829113,1.291718179401003,0.1258207857762712,0.003351032163829113,0.1291718179401003,3.940379121505619e-05,8.489920270672248e-06,619
90,1,5,50000,0.0001,51094,1.337637792020974,1.3359622759390595,0.0016755160819145562,1.2723450247038661,0.03351032163829113,1.3058553463421572,0.12723450247038662,0.003351032163829113,0.1305855346342157,3.940379121505619e-05,8.489920270672248e-06,619
91,1,6,50000,0.00012,51661,1.3524818173091857,1.3508063012272713,0.0016755160819145562,1.2864821916450202,0.03351032163829113,1.3199925132833112,0.12864821916450203,0.003351032163829113,0.13199925132833112,5.226154238921065e-05,1.3722981576059181e-05,619
92,1,6,50000,0.00012,52228,1.3673258425973975,1.365650326515483,0.0016755160819145562,1.3006193585861743,0.03351032163829113,1.3341296802244653,0.13006193585861744,0.003351032163829113,0.13341296802244654,5.226154238921065e-05,1.3722981576059181e-05,619
93,1,6,50000,0.00012,52795,1.3821698678856094,1.3804943518036947,0.0016755160819145562,1.3147565255273284,0.03351032163829113,1.3482668471656194,0.13147565255273283,0.003351032163829113,0.13482668471656195,5.226154238921065e-05,1.3722981576059181e-05,619
94,1,6,50000,0.00012,53362,1.3970138931738212,1.3953383770919066,0.0016755160819145562,1.3288936924684824,0.03351032163829113,1.3624040141067735,0.13288936924684824,0.003351032163829113,0.13624040141067734,5.226154238921065e-05,1.3722981576059181e-05,619
95,1,6,50000,0.00012,53929,1.4118579184620328,1.4101824023801184,0.0016755160819145562,1.3430308594096365,0.03351032163829113,1.3765411810479276,0.13430308594096366,0.003351032163829113,0.13765411810479275,5.226154238921065e-05,1.3722981576059181e-05,619
96,1,6,50000,0.00012,54496,1.4267019437502446,1.42502642766833,0.0016755160819145562,1.3571680263507906,0.03351032163829113,1.3906783479890816,0.13571680263507907,0.003351032163829113,0.13906783479890816,5.226154238921065e-05,1.3722981576059181e-05,619
97,1,6,50000,0.00012,55063,1.4415459690384564,1.4398704529565418,0.0016755160819145562,1.3713051932919444,0.03351032163829113,1.4048155149302355,0.13713051932919446,0.003351032163829113,0.14048155149302355,5.226154238921065e-05,1.3722981576059181e-05,619
98,1,6,50000,0.00012,55630,1.4563899943266683,1.4547144782447536,0.0016755160819145562,1.3854423602330985,0.03351032163829113,1.4189526818713896,0.13854423602330984,0.003351032163829113,0.14189526818713896,5.226154238921065e-05,1.3722981576059181e-05,619
99,1,7,50000,0.00014,56197,1.4712340196148799,1.4695585035329655,0.0016755160819145562,1.3995795271742526,0.03351032163829113,1.4330898488125436,0.13995795271742525,0.003351032163829113,0.14330898488125435,6.570809765582612e-05,1.990329458700556e-05,619
100,1,7,50000,0.00014,56764,1.4860780449030917,1.484402528821177,0.0016755160819145562,1.4137166941154067,0.03351032163829113,1.4472270157536977,0.14137166941154067,0.003351032163829113,0.14472270157536976,6.570809765582612e-05,1.990329458700556e-05,619
101,1,9,50000,0.00018,57331,1.5009220701913035,1.499246554109389,0.0016755160819145562,1.4278538610565608,0.03351032163829113,1.4613641826948518,0.14278538610565608,0.003351032163829113,0.14613641826948517,9.390765435618997e-05,3.454962675936248e-05,619
102,1,10,50000,0.0002,57898,1.5157660954795154,1.5140905793976007,0.0016755160819145562,1.4419910279977148,0.03351032163829113,1.4755013496360059,0.1441991027997715,0.003351032163829113,0.1475501349636006,0.00010851199296624351,4.280644380867134e-05,619
103,1,10,50000,0.0002,58465,1.530610120767727,1.5289346046858125,0.0016755160819145562,1.456128194938869,0.03351032163829113,1.48963851657716,0.14561281949388688,0.003351032163829113,0.148963851657716,0.00010851199296624351,4.280644380867134e-05,619
104,1,11,50000,0.00022,59032,1.5454541460559388,1.5437786299740242,0.0016755160819145562,1.470265361880023,0.03351032163829113,1.503775683518314,0.1470265361880023,0.003351032163829113,0.1503775683518314,0.00012338487287052346,5.1580196268232695e-05,619
105,1,12,50000,0.00024,59599,1.5602981713441506,1.558622655262236,0.0016755160819145562,1.484402528821177,0.03351032163829113,1.517912850459468,0.1484402528821177,0.003351032163829113,0.1517912850459468,0.00013848989511009167,6.081015863250456e-05,619
106,1,12,50000,0.00024,60166,1.5751421966323624,1.5734666805504478,0.0016755160819145562,1.4985396957623311,0.03351032163829113,1.5320500174006222,0.14985396957623312,0.003351032163829113,0.1532050017400622,0.00013848989511009167,6.081015863250456e-05,619
107,1,12,50000,0.00024,60733,1.589986221920574,1.5883107058386596,0.0016755160819145562,1.5126768627034852,0.03351032163829113,1.5461871843417763,0.15126768627034853,0.003351032163829113,0.15461871843417763,0.00013848989511009167,6.081015863250456e-05,619
108,1,13,50000,0.00026,61300,1.6048302472087859,1.6031547311268712,0.0016755160819145562,1.5268140296446393,0.03351032163829113,1.5603243512829303,0.15268140296446392,0.003351032163829113,0.15603243512829304,0.00015379819554749833,7.044627335677824e-05,619
109,1,14,50000,0.00028,61867,1.6196742724969977,1.617998756415083,0.0016755160819145562,1.5409511965857934,0.03351032163829113,1.5744615182240844,0.15409511965857933,0.003351032163829113,0.15744615182240843,0.00016928642983888954,8.044678926998269e-05,619
110,1,14,50000,0.00028,62434,1.6345182977852095,1.6328427817032949,0.0016755160819145562,1.5550883635269475,0.03351032163829113,1.5885986851652385,0.15550883635269475,0.003351032163829113,0.15885986851652384,0.00016928642983888954,8.044678926998269e-05,619
111,1,15,50000,0.0003,63001,1.6493623230734211,1.6476868069915067,0.0016755160819145562,1.5692255304681015,0.03351032163829113,1.6027358521063926,0.15692255304681016,0.003351032163829113,0.16027358521063925,0.00018493540159979726,9.077650401253827e-05,619
112,1,15,50000,0.0003,63568,1.664206348361633,1.6625308322797185,0.0016755160819145562,1.5833626974092556,0.03351032163829113,1.6168730190475467,0.15833626974092557,0.003351032163829113,0.16168730190475467,0.00018493540159979726,9.077650401253827e-05,619
113,1,15,50000,0.0003,64135,1.6790503736498448,1.6773748575679301,0.0016755160819145562,1.5974998643504097,0.03351032163829113,1.6310101859887007,0.15974998643504096,0.003351032163829113,0.16310101859887008,0.00018493540159979726,9.077650401253827e-05,619
114,1,15,50000,0.0003,64702,1.6938943989380566,1.692218882856142,0.0016755160819145562,1.6116370312915638,0.03351032163829113,1.6451473529298548,0.16116370312915637,0.003351032163829113,0.16451473529298546,0.00018493540159979726,9.077650401253827e-05,619
115,1,15,50000,0.0003,65269,1.7087384242262682,1.7070629081443538,0.0016755160819145562,1.6257741982327178,0.03351032163829113,1.659284519871009,0.16257741982327178,0.003351032163829113,0.16592845198710088,0.00018493540159979726,9.077650401253827e-05,619
116,1,15,50000,0.0003,65836,1.72358244951448,1.7219069334325656,0.0016755160819145562,1.639911365173872,0.03351032163829113,1.673421686812163,0.1639911365173872,0.003351032163829113,0.1673421686812163,0.00018493540159979726,9.077650401253827e-05,619
117,1,15,50000,0.0003,66403,1.7384264748026919,1.7367509587207772,0.0016755160819145562,1.654048532115026,0.03351032163829113,1.687558853753317,0.1654048532115026,0.003351032163829113,0.1687558853753317,0.00018493540159979726,9.077650401253827e-05,619
118,1,15,50000,0.0003,66970,1.7532705000909037,1.751594984008989,0.0016755160819145562,1.6681856990561799,0.03351032163829113,1.701696020694471,0.16681856990561797,0.003351032163829113,0.1701696020694471,0.00018493540159979726,9.077650401253827e-05,619
119,1,15,50000,0.0003,67537,1.7681145253791153,1.7664390092972009,0.0016755160819145562,1.682322865997334,0.03351032163829113,1.715833187635625,0.16823228659973338,0.003351032163829113,0.17158331876356248,0.00018493540159979726,9.077650401253827e-05,619
120,1,16,50000,0.00032,68104,1.7829585506673271,1.7812830345854127,0.0016755160819145562,1.696460032938488,0.03351032163829113,1.729970354576779,0.1696460032938488,0.003351032163829113,0.1729970354576779,0.00020072909960774918,0.00010140544232226475,619
121,1,16,50000,0.00032,68671,1.797802575955539,1.7961270598736243,0.0016755160819145562,1.710597199879642,0.03351032163829113,1.7441075215179331,0.1710597199879642,0.003351032163829113,0.1744107521517933,0.00020072909960774918,0.00010140544232226475,619
122,1,16,50000,0.00032,69238,1.8126466012437508,1.8109710851618361,0.0016755160819145562,1.7247343668207962,0.03351032163829113,1.7582446884590872,0.1724734366820796,0.003351032163829113,0.17582446884590872,0.00020072909960774918,0.00010140544232226475,619
123,1,16,50000,0.00032,69805,1.8274906265319624,1.825815110450048,0.0016755160819145562,1.7388715337619502,0.03351032163829113,1.7723818554002413,0.173887153376195,0.003351032163829113,0.17723818554002413,0.00020072909960774918,0.00010140544232226475,619
124,1,18,50000,0.00036,70372,1.8423346518201742,1.8406591357382598,0.0016755160819145562,1.7530087007031043,0.03351032163829113,1.7865190223413954,0.17530087007031042,0.003351032163829113,0.17865190223413951,0.00023269857705600377,0.00012346141956059615,619
125,1,19,50000,0.00038,70939,1.857178677108386,1.8555031610264714,0.0016755160819145562,1.7671458676442584,0.03351032163829113,1.8006561892825494,0.17671458676442584,0.003351032163829113,0.18006561892825493,0.0002488528763332835,0.0001348466847664687,619
126,1,19,50000,0.00038,71506,1.8720227023965978,1.8703471863146832,0.0016755160819145562,1.7812830345854125,0.03351032163829113,1.8147933562237035,0.17812830345854125,0.003351032163829113,0.18147933562237034,0.0002488528763332835,0.0001348466847664687,619
127,1,19,50000,0.00038,72073,1.8868667276848095,1.885191211602895,0.0016755160819145562,1.7954202015265666,0.03351032163829113,1.8289305231648576,0.17954202015265663,0.003351032163829113,0.18289305231648575,0.0002488528763332835,0.0001348466847664687,619
128,1,20,50000,0.0004,72640,1.9017107529730213,1.9000352368911069,0.0016755160819145562,1.8095573684677206,0.03351032163829113,1.8430676901060117,0.18095573684677205,0.003351032163829113,0.18430676901060117,0.0002651082646838156,0.0001464465454550124,619
129,1,21,50000,0.00042,73207,1.916554778261233,1.9148792621793185,0.0016755160819145562,1.8236945354088747,0.03351032163829113,1.8572048570471658,0.18236945354088746,0.003351032163829113,0.18572048570471655,0.0002814571812055986,0.0001582458872258458,619
130,1,23,50000,0.00046,73774,1.931398803549445,1.9297232874675303,0.0016755160819145562,1.8378317023500288,0.03351032163829113,1.8713420239883198,0.18378317023500287,0.003351032163829113,0.18713420239883197,0.000314409701165421,0.00018239070961207398,619
131,1,25,50000,0.0005,74341,1.9462428288376568,1.9445673127557421,0.0016755160819145562,1.8519688692911829,0.03351032163829113,1.885479190929474,0.1851968869291183,0.003351032163829113,0.18854791909294738,0.00034766552743427484,0.00020718967858600082,619
132,1,26,50000,0.00052,74908,1.9610868541258684,1.959411338043954,0.0016755160819145562,1.866106036232337,0.03351032163829113,1.899616357870628,0.18661060362323367,0.003351032163829113,0.1899616357870628,0.0003643956465175019,0.0002198107093155343,619
133,1,26,50000,0.00052,75475,1.9759308794140802,1.9742553633321656,0.0016755160819145562,1.880243203173491,0.03351032163829113,1.913753524811782,0.1880243203173491,0.003351032163829113,0.1913753524811782,0.0003643956465175019,0.0002198107093155343,619
134,1,30,50000,0.0006,76042,1.990774904702292,1.9890993886203774,0.0016755160819145562,1.894380370114645,0.03351032163829113,1.9278906917529361,0.1894380370114645,0.003351032163829113,0.1927890691752936,0.0004319115762682252,0.0002715928267641282,619
135,1,32,50000,0.00064,76609,2.005618929990504,2.003943413908589,0.0016755160819145562,1.9085175370557992,0.03351032163829113,1.9420278586940902,0.1908517537055799,0.003351032163829113,0.194202785869409,0.00046598495008466477,0.00029817466362271896,619
136,1,33,50000,0.00066,77176,2.0204629552787154,2.018787439196801,0.0016755160819145562,1.9226547039969533,0.03351032163829113,1.9561650256352443,0.19226547039969533,0.003351032163829113,0.19561650256352442,0.0004830916946485786,0.0003116196538193864,619
137,1,35,50000,0.0007,77743,2.0353069805669275,2.033631464485013,0.0016755160819145562,1.9367918709381073,0.03351032163829113,1.9703021925763984,0.1936791870938107,0.003351032163829113,0.19703021925763983,0.0005174348564115947,0.000338795510127854,619
138,1,36,50000,0.00072,78310,2.050151005855139,2.0484754897732245,0.0016755160819145562,1.9509290378792614,0.03351032163829113,1.9844393595175525,0.19509290378792613,0.003351032163829113,0.19844393595175525,0.0005346675475469381,0.0003525183997747934,619
139,1,36,50000,0.00072,78877,2.0649950311433507,2.063319515061436,0.0016755160819145562,1.9650662048204153,0.03351032163829113,1.9985765264587063,0.19650662048204154,0.003351032163829113,0.19985765264587063,0.0005346675475469381,0.0003525183997747934,619
140,1,36,50000,0.00072,79444,2.0798390564315627,2.078163540349648,0.0016755160819145562,1.9792033717615694,0.03351032163829113,2.0127136933998604,0.19792033717615695,0.003351032163829113,0.20127136933998604,0.0005346675475469381,0.0003525183997747934,619
141,1,38,50000,0.00076,80011,2.0946830817197744,2.0930075656378597,0.0016755160819145562,1.9933405387027234,0.03351032163829113,2.0268508603410145,0.19933405387027237,0.003351032163829113,0.20268508603410146,0.0005692467900594254,0.00038021614309537486,619
142,1,38,50000,0.00076,80578,2.109527107007986,2.1078515909260718,0.0016755160819145562,2.0074777056438777,0.03351032163829113,2.040988027282169,0.20074777056438775,0.003351032163829113,0.2040988027282169,0.0005692467900594254,0.00038021614309537486,619
143,1,39,50000,0.00078,81145,2.124371132296198,2.1226956162142834,0.0016755160819145562,2.021614872585032,0.03351032163829113,2.055125194223323,0.20216148725850316,0.003351032163829113,0.2055125194223323,0.0005865903296850068,0.00039418450638954483,619
144,1,40,50000,0.0008,81712,2.1392151575844096,2.137539641502495,0.0016755160819145562,2.035752039526186,0.03351032163829113,2.069262361164477,0.20357520395261858,0.003351032163829113,0.2069262361164477,0.0006039679683994724,0.00040822854186237215,619
145,1,40,50000,0.0008,82279,2.1540591828726217,2.152383666790707,0.0016755160819145562,2.04988920646734,0.03351032163829113,2.0833995281056312,0.204988920646734,0.003351032163829113,0.2083399528105631,0.0006039679683994724,0.00040822854186237215,619
146,1,42,50000,0.00084,82846,2.1689032081608333,2.1672276920789186,0.0016755160819145562,2.064026373408494,0.03351032163829113,2.0975366950467853,0.2064026373408494,0.003351032163829113,0.20975366950467852,0.0006388205145065046,0.00043653273712332587,619
147,1,43,50000,0.00086,83413,2.183747233449045,2.1820717173671302,0.0016755160819145562,2.078163540349648,0.03351032163829113,2.1116738619879394,0.2078163540349648,0.003351032163829113,0.21116738619879394,0.0006562930955106729,0.00045078784747104074,619
148,1,43,50000,0.00086,83980,2.198591258737257,2.1969157426553423,0.0016755160819145562,2.092300707290802,0.03351032163829113,2.1258110289290935,0.2092300707290802,0.003351032163829113,0.21258110289290935,0.0006562930955106729,0.00045078784747104074,619
149,1,43,50000,0.00086,84547,2.2134352840254685,2.211759767943554,0.0016755160819145562,2.1064378742319563,0.03351032163829113,2.1399481958702475,0.21064378742319562,0.003351032163829113,0.21399481958702474,0.0006562930955106729,0.00045078784747104074,619
150,1,46,50000,0.00092,85114,2.22827930931368,2.226603793231766,0.0016755160819145562,2.12057504117311,0.03351032163829113,2.154085362811401,0.212057504117311,0.003351032163829113,0.21540853628114012,0.0007088834912282603,0.0004939378551703119,619
151,1,48,50000,0.00096,85681,2.243123334601892,2.2414478185199775,0.0016755160819145562,2.134712208114264,0.03351032163829113,2.1682225297525552,0.21347122081142642,0.003351032163829113,0.21682225297525554,0.0007440782844023282,0.0005230046925620767,619
152,1,49,50000,0.00098,86248,2.2579673598901038,2.256291843808189,0.0016755160819145562,2.148849375055418,0.03351032163829113,2.1823596966937093,0.2148849375055418,0.003351032163829113,0.21823596966937095,0.0007617134937510349,0.000537622592898152,619
153,1,53,50000,0.00106,86815,2.272811385178316,2.271135869096401,0.0016755160819145562,2.162986541996572,0.03351032163829113,2.1964968636348634,0.21629865419965721,0.003351032163829113,0.21964968636348636,0.000832489049680649,0.000596619318690655,619
154,1,53,50000,0.00106,87382,2.2876554104665274,2.285979894384613,0.0016755160819145562,2.177123708937726,0.03351032163829113,2.2106340305760175,0.21771237089377263,0.003351032163829113,0.22106340305760175,0.000832489049680649,0.000596619318690655,619
155,1,54,50000,0.00108,87949,2.302499435754739,2.3008239196728244,0.0016755160819145562,2.1912608758788803,0.03351032163829113,2.2247711975171716,0.21912608758788804,0.003351032163829113,0.22247711975171716,0.0008502382529010866,0.0006114923855484464,619
156,1,54,50000,0.00108,88516,2.317343461042951,2.3156679449610365,0.0016755160819145562,2.2053980428200344,0.03351032163829113,2.2389083644583256,0.22053980428200345,0.003351032163829113,0.22389083644583258,0.0008502382529010866,0.0006114923855484464,619
157,1,55,50000,0.0011,89083,2.3321874863311627,2.330511970249248,0.0016755160819145562,2.2195352097611885,0.03351032163829113,2.2530455313994797,0.22195352097611884,0.003351032163829113,0.225304553139948,0.0008680083455917799,0.000626412285366257,619
158,1,56,50000,0.00112,89650,2.3470315116193743,2.34535599553746,0.0016755160819145562,2.2336723767023425,0.03351032163829113,2.267182698340634,0.22336723767023425,0.003351032163829113,0.2267182698340634,0.0008857987589819346,0.0006413777641870418,619
159,1,59,50000,0.00118,90217,2.3618755369075863,2.3602000208256717,0.0016755160819145562,2.2478095436434966,0.03351032163829113,2.281319865281788,0.22478095436434967,0.003351032163829113,0.2281319865281788,0.0009392866069683436,0.000686535939725032,619
160,1,62,50000,0.00124,90784,2.376719562195798,2.3750440461138833,0.0016755160819145562,2.2619467105846507,0.03351032163829113,2.295457032222942,0.22619467105846508,0.003351032163829113,0.2295457032222942,0.000992939133048005,0.0007320641014957814,619
161,1,62,50000,0.00124,91351,2.39156358748401,2.3898880714020954,0.0016755160819145562,2.2760838775258048,0.03351032163829113,2.309594199164096,0.2276083877525805,0.003351032163829113,0.23095941991640961,0.000992939133048005,0.0007320641014957814,619
162,1,62,50000,0.00124,91918,2.4064076127722216,2.404732096690307,0.0016755160819145562,2.290221044466959,0.03351032163829113,2.32373136610525,0.22902210444669588,0.003351032163829113,0.23237313661052503,0.000992939133048005,0.0007320641014957814,619
163,1,62,50000,0.00124,92485,2.421251638060433,2.4195761219785186,0.0016755160819145562,2.304358211408113,0.03351032163829113,2.337868533046404,0.2304358211408113,0.003351032163829113,0.23378685330464044,0.000992939133048005,0.0007320641014957814,619
164,1,65,50000,0.0013,93052,2.4360956633486452,2.4344201472667306,0.0016755160819145562,2.318495378349267,0.03351032163829113,2.3520056999875583,0.2318495378349267,0.003351032163829113,0.23520056999875583,0.0010467444921742955,0.0007779360199849471,619
165,1,67,50000,0.00134,93619,2.450939688636857,2.449264172554942,0.0016755160819145562,2.332632545290421,0.03351032163829113,2.3661428669287123,0.23326325452904212,0.003351032163829113,0.23661428669287124,0.0010826944100256084,0.0008086966759000506,619
166,1,69,50000,0.00138,94186,2.4657837139250685,2.4641081978431543,0.0016755160819145562,2.346769712231575,0.03351032163829113,2.3802800338698664,0.23467697122315753,0.003351032163829113,0.23802800338698665,0.001118704751689335,0.0008395934602181296,619
167,1,75,50000,0.0015,94753,2.4806277392132805,2.478952223131366,0.0016755160819145562,2.3609068791727292,0.03351032163829113,2.3944172008110205,0.23609068791727292,0.003351032163829113,0.23944172008110207,0.0012270730830461684,0.0009330444260540675,619
168,1,78,50000,0.00156,95320,2.495471764501492,2.4937962484195775,0.0016755160819145562,2.3750440461138833,0.03351032163829113,2.4085543677521746,0.23750440461138833,0.003351032163829113,0.24085543677521748,0.0012814330593061895,0.0009801667218047392,619
169,1,81,50000,0.00162,95887,2.510315789789704,2.5086402737077895,0.0016755160819145562,2.3891812130550374,0.03351032163829113,2.4226915346933287,0.23891812130550374,0.003351032163829113,0.24226915346933287,0.001335901250425429,0.0010275334891449708,619
170,1,82,50000,0.00164,96454,2.5251598150779158,2.523484298996001,0.0016755160819145562,2.4033183799961915,0.03351032163829113,2.4368287016344827,0.24033183799961916,0.003351032163829113,0.24368287016344828,0.0013540803148000536,0.0010433743985119297,619
171,1,85,50000,0.0017,97021,2.5400038403661274,2.538328324284213,0.0016755160819145562,2.4174555469373455,0.03351032163829113,2.450965868575637,0.24174555469373457,0.003351032163829113,0.2450965868575637,0.0014086836052884996,0.0010910465900124974,619
172,1,88,50000,0.00176,97588,2.5548478656543394,2.553172349572425,0.0016755160819145562,2.4315927138784996,0.03351032163829113,2.465103035516791,0.24315927138784996,0.003351032163829113,0.2465103035516791,0.0014633820021199653,0.0011389339327251753,619
173,1,89,50000,0.00178,98155,2.569691890942551,2.5680163748606364,0.0016755160819145562,2.4457298808196537,0.03351032163829113,2.479240202457945,0.24457298808196537,0.003351032163829113,0.24792402024579452,0.0014816350895164798,0.001154942295851586,619
174,1,91,50000,0.00182,98722,2.5845359162307626,2.5828604001488484,0.0016755160819145562,2.459867047760808,0.03351032163829113,2.493377369399099,0.24598670477608078,0.003351032163829113,0.2493377369399099,0.0015181706774469786,0.0011870256099532444,619
175,1,94,50000,0.00188,99289,2.5993799415189747,2.59770442543706,0.0016755160819145562,2.474004214701962,0.03351032163829113,2.507514536340253,0.2474004214701962,0.003351032163829113,0.25075145363402535,0.0015730451990542042,0.001235311682696043,619
176,1,103,50000,0.00206,99856,2.6142239668071863,2.6125484507252716,0.0016755160819145562,2.488141381643116,0.03351032163829113,2.521651703281407,0.2488141381643116,0.003351032163829113,0.25216517032814073,0.0017381445723269329,0.0013812481123680058,619
177,1,107,50000,0.00214,100423,2.6290679920953983,2.6273924760134837,0.0016755160819145562,2.50227854858427,0.03351032163829113,2.5357888702225613,0.250227854858427,0.003351032163829113,0.2535788870222561,0.001811733326229306,0.0014465877935572696,619
178,1,108,50000,0.00216,100990,2.64391201738361,2.6422365013016953,0.0016755160819145562,2.516415715525424,0.03351032163829113,2.5499260371637154,0.2516415715525424,0.003351032163829113,0.25499260371637156,0.0018301494787860825,0.001462965741389339,619
179,1,109,50000,0.00218,101557,2.6587560426718215,2.6570805265899073,0.0016755160819145562,2.530552882466578,0.03351032163829113,2.5640632041048694,0.25305528824665785,0.003351032163829113,0.25640632041048694,0.0018485730060083755,0.0014793604252482937,619
180,1,112,50000,0.00224,102124,2.6736000679600336,2.671924551878119,0.0016755160819145562,2.5446900494077322,0.03351032163829113,2.5782003710460235,0.25446900494077324,0.003351032163829113,0.2578200371046024,0.001903886834658233,0.001528642638280809,619
181,1,115,50000,0.0023,102691,2.688444093248245,2.6867685771663306,0.0016755160819145562,2.5588272163488863,0.03351032163829113,2.5923375379871776,0.2558827216348886,0.003351032163829113,0.25923375379871777,0.0019592635246641938,0.0015780675664912637,619
182,1,117,50000,0.00234,103258,2.703288118536457,2.7016126024545426,0.0016755160819145562,2.5729643832900404,0.03351032163829113,2.6064747049283317,0.25729643832900406,0.003351032163829113,0.26064747049283316,0.0019962150277363136,0.0016110940700749376,619
183,1,121,50000,0.00242,103825,2.718132143824669,2.716456627742754,0.0016755160819145562,2.5871015502311945,0.03351032163829113,2.6206118718694857,0.25871015502311945,0.003351032163829113,0.2620611871869486,0.002070195868860266,0.0016773238808631189,619
184,1,123,50000,0.00246,104392,2.7329761691128804,2.731300653030966,0.0016755160819145562,2.6012387171723486,0.03351032163829113,2.63474903881064,0.2601238717172349,0.003351032163829113,0.263474903881064,0.00210722392081022,0.0017105242863968766,619
185,1,124,50000,0.00248,104959,2.7478201944010925,2.746144678319178,0.0016755160819145562,2.6153758841135026,0.03351032163829113,2.648886205751794,0.2615375884113503,0.003351032163829113,0.2648886205751794,0.0021257470862352168,0.0017271452584440145,619
186,1,127,50000,0.00254,105526,2.762664219689304,2.7609887036073895,0.0016755160819145562,2.6295130510546567,0.03351032163829113,2.663023372692948,0.26295130510546566,0.003351032163829113,0.2663023372692948,0.002181352266067783,0.0017770892778900189,619
187,1,130,50000,0.0026,106093,2.7775082449775157,2.7758327288956015,0.0016755160819145562,2.643650217995811,0.03351032163829113,2.677160539634102,0.2643650217995811,0.003351032163829113,0.2677160539634102,0.002237009508571342,0.0018271516489585774,619
188,1,135,50000,0.0027,106660,2.7923522702657277,2.790676754183813,0.0016755160819145562,2.657787384936965,0.03351032163829113,2.691297706575256,0.2657787384936965,0.003351032163829113,0.26912977065752564,0.0023298824564772394,0.0019108410528839216,619
189,1,136,50000,0.00272,107227,2.8071962955539393,2.8055207794720247,0.0016755160819145562,2.671924551878119,0.03351032163829113,2.70543487351641,0.26719245518781193,0.003351032163829113,0.270543487351641,0.0023484731195128,0.0019276154900848624,619
190,1,139,50000,0.00278,107794,2.8220403208421514,2.8203648047602368,0.0016755160819145562,2.686061718819273,0.03351032163829113,2.7195720404575643,0.2686061718819273,0.003351032163829113,0.27195720404575646,0.0024042762005486384,0.0019780095292478215,619
191,1,146,50000,0.00292,108361,2.836884346130363,2.8352088300484484,0.0016755160819145562,2.700198885760427,0.03351032163829113,2.7337092073987184,0.2700198885760427,0.003351032163829113,0.27337092073987185,0.0025346577653988416,0.0020959923782506063,619
192,1,150,50000,0.003,108928,2.8517283714185746,2.85005285533666,0.0016755160819145562,2.714336052701581,0.03351032163829113,2.7478463743398724,0.27143360527015814,0.003351032163829113,0.27478463743398723,0.0026092658873410756,0.002163648688996368,619
193,1,157,50000,0.00314,109495,2.8665723967067867,2.864896880624872,0.0016755160819145562,2.728473219642735,0.03351032163829113,2.761983541281026,0.27284732196427347,0.003351032163829113,0.2761983541281026,0.0027400019801009433,0.002282438545974652,619
194,1,159,50000,0.00318,110062,2.8814164219949983,2.8797409059130836,0.0016755160819145562,2.742610386583889,0.03351032163829113,2.77612070822218,0.2742610386583889,0.003351032163829113,0.277612070822218,0.002777393657042527,0.002316466193693688,619
195,1,165,50000,0.0033,110629,2.89626044728321,2.8945849312012957,0.0016755160819145562,2.756747553525043,0.03351032163829113,2.7902578751633342,0.2756747553525043,0.003351032163829113,0.27902578751633345,0.0028896666090698795,0.0024187721740508406,619
196,1,169,50000,0.00338,111196,2.911104472571422,2.9094289564895073,0.0016755160819145562,2.770884720466197,0.03351032163829113,2.8043950421044883,0.2770884720466197,0.003351032163829113,0.28043950421044883,0.002964593895677087,0.00248715534011287,619
197,1,171,50000,0.00342,111763,2.9259484978596335,2.924272981777719,0.0016755160819145562,2.785021887407351,0.03351032163829113,2.8185322090456424,0.2785021887407351,0.003351032163829113,0.2818532209045642,0.0030020802958320753,0.002521398775102937,619
198,1,173,50000,0.00346,112330,2.9407925231478456,2.939117007065931,0.0016755160819145562,2.799159054348505,0.03351032163829113,2.8326693759867965,0.2799159054348505,0.003351032163829113,0.28326693759867966,0.003039581513556109,0.002555675975931367,619
199,1,178,50000,0.00356,112897,2.955636548436057,2.9539610323541425,0.0016755160819145562,2.8132962212896593,0.03351032163829113,2.8468065429279505,0.28132962212896595,0.003351032163829113,0.28468065429279504,0.0031333977247053227,0.002641512937654677,619
200,1,181,50000,0.00362,113464,2.9704805737242688,2.968805057642354,0.0016755160819145562,2.8274333882308134,0.03351032163829113,2.8609437098691046,0.28274333882308134,0.003351032163829113,0.2860943709869105,0.003189729554190061,0.0026931110807040947,619
201,1,186,50000,0.00372,114031,2.985324599012481,2.983649082930566,0.0016755160819145562,2.8415705551719674,0.03351032163829113,2.8750808768102587,0.2841570555171967,0.003351032163829113,0.28750808768102587,0.003283683617476576,0.0027792622767423714,619
202,1,190,50000,0.0038,114598,3.0001686243006924,2.998493108218778,0.0016755160819145562,2.8557077221131215,0.03351032163829113,2.889218043751413,0.28557077221131216,0.003351032163829113,0.28892180437514126,0.003358905829533552,0.0028483176656481854,619
203,1,192,50000,0.00384,115165,3.015012649588904,3.01333713350699,0.0016755160819145562,2.8698448890542756,0.03351032163829113,2.903355210692567,0.28698448890542755,0.003351032163829113,0.2903355210692567,0.003396536020684165,0.002882888879510785,619
204,1,196,50000,0.00392,115732,3.029856674877116,3.0281811587952014,0.0016755160819145562,2.8839820559954297,0.03351032163829113,2.917492377633721,0.288398205599543,0.003351032163829113,0.2917492377633721,0.003471833589410484,0.002952116111683971,619
205,1,203,50000,0.00406,116299,3.0447007001653277,3.043025184083413,0.0016755160819145562,2.8981192229365837,0.03351032163829113,2.931629544574875,0.2898119222936584,0.003351032163829113,0.2931629544574875,0.0036037197565535408,0.0030735270245823513,619
206,1,208,50000,0.00416,116866,3.0595447254535397,3.057869209371625,0.0016755160819145562,2.912256389877738,0.03351032163829113,2.945766711516029,0.29122563898777376,0.003351032163829113,0.2945766711516029,0.003698010580702887,0.003160446242070918,619
207,1,215,50000,0.0043,117433,3.0743887507417513,3.0727132346598367,0.0016755160819145562,2.926393556818892,0.03351032163829113,2.959903878457183,0.2926393556818892,0.003351032163829113,0.2959903878457183,0.003830133269093875,0.0032823967466871612,619
208,1,217,50000,0.00434,118000,3.089232776029963,3.0875572599480483,0.0016755160819145562,2.940530723760046,0.03351032163829113,2.9740410453983372,0.2940530723760046,0.003351032163829113,0.29740410453983374,0.0038679065581273104,0.0033172943970708685,619
209,1,221,50000,0.00442,118567,3.104076801318175,3.1024012852362604,0.0016755160819145562,2.9546678907012,0.03351032163829113,2.9881782123394913,0.29546678907012003,0.003351032163829113,0.2988178212339491,0.0039434841202319335,0.0033871604062851468,619
210,1,229,50000,0.00458,119134,3.1189208266063866,3.117245310524472,0.0016755160819145562,2.968805057642354,0.03351032163829113,3.0023153792806454,0.2968805057642354,0.003351032163829113,0.30023153792806456,0.004094759332824209,0.0035271665075252254,619
211,1,232,50000,0.00464,119701,3.133764851894598,3.132089335812684,0.0016755160819145562,2.982942224583508,0.03351032163829113,3.0164525462217995,0.2982942224583508,0.003351032163829113,0.30164525462217995,0.004151527466683464,0.00357975993780277,619
212,1,236,50000,0.00472,120268,3.1486088771828102,3.1469333611008956,0.0016755160819145562,2.9970793915246623,0.03351032163829113,3.0305897131629536,0.29970793915246624,0.003351032163829113,0.30305897131629533,0.004227251103130887,0.0036499593691457877,619
213,1,245,50000,0.0049,120835,3.163452902471022,3.161777386389107,0.0016755160819145562,3.0112165584658164,0.03351032163829113,3.0447268801041076,0.3011216558465816,0.003351032163829113,0.3044726880104108,0.0043977617594378685,0.0038082105416681854,619
214,1,254,50000,0.00508,121402,3.178296927759234,3.1766214116773193,0.0016755160819145562,3.0253537254069705,0.03351032163829113,3.0588640470452617,0.30253537254069707,0.003351032163829113,0.30588640470452616,0.004568447730400128,0.0039668620319124465,619
215,1,257,50000,0.00514,121969,3.1931409530474455,3.191465436965531,0.0016755160819145562,3.0394908923481245,0.03351032163829113,3.073001213986416,0.30394908923481245,0.003351032163829113,0.3073001213986416,0.004625380398822573,0.004019831147039394,619
216,1,266,50000,0.00532,122536,3.207984978335657,3.2063094622537425,0.0016755160819145562,3.0536280592892786,0.03351032163829113,3.08713838092757,0.30536280592892784,0.003351032163829113,0.308713838092757,0.004796285944744187,0.004178984115162854,619
217,1,273,50000,0.00546,123103,3.222829003623869,3.2211534875419545,0.0016755160819145562,3.0677652262304327,0.03351032163829113,3.101275547868724,0.3067765226230433,0.003351032163829113,0.3101275547868724,0.004929320063453191,0.004303015501922504,619
218,1,277,50000,0.00554,123670,3.2376730289120808,3.235997512830166,0.0016755160819145562,3.0819023931715868,0.03351032163829113,3.115412714809878,0.30819023931715867,0.003351032163829113,0.3115412714809878,0.005005380280935323,0.004373983606372335,619
219,1,284,50000,0.00568,124237,3.2525170542002924,3.250841538118378,0.0016755160819145562,3.096039560112741,0.03351032163829113,3.129549881751032,0.3096039560112741,0.003351032163829113,0.3129549881751032,0.005138554639045459,0.004498335380684062,619
220,1,295,50000,0.0059,124804,3.2673610794885044,3.2656855634065898,0.0016755160819145562,3.110176727053895,0.03351032163829113,3.143687048692186,0.3110176727053895,0.003351032163829113,0.31436870486921864,0.005347999271937627,0.004694135213174696,619
221,1,303,50000,0.00606,125371,3.282205104776716,3.2805295886948014,0.0016755160819145562,3.124313893995049,0.03351032163829113,3.1578242156333403,0.3124313893995049,0.003351032163829113,0.315782421563334,0.005500447919522308,0.004836821374496204,619
222,1,309,50000,0.00618,125938,3.297049130064928,3.2953736139830134,0.0016755160819145562,3.138451060936203,0.03351032163829113,3.1719613825744943,0.3138451060936203,0.003351032163829113,0.3171961382574494,0.005614850799218086,0.004943987733723028,619
223,1,320,50000,0.0064,126505,3.3118931553531397,3.310217639271225,0.0016755160819145562,3.152588227877357,0.03351032163829113,3.1860985495156484,0.3152588227877357,0.003351032163829113,0.31860985495156485,0.005824731352012529,0.005140783816971338,619
224,1,328,50000,0.00656,127072,3.3267371806413513,3.325061664559437,0.0016755160819145562,3.1667253948185112,0.03351032163829113,3.2002357164568025,0.31667253948185115,0.003351032163829113,0.32002357164568024,0.00597748266561552,0.005284161769461025,619
225,1,329,50000,0.00658,127639,3.3415812059295633,3.3399056898476487,0.0016755160819145562,3.1808625617596653,0.03351032163829113,3.2143728833979566,0.31808625617596653,0.003351032163829113,0.3214372883397957,0.005996582946155734,0.005302098567135519,619
226,1,335,50000,0.0067,128206,3.356425231217775,3.3547497151358603,0.0016755160819145562,3.1949997287008194,0.03351032163829113,3.2285100503391106,0.3194999728700819,0.003351032163829113,0.32285100503391106,0.006111213670702152,0.005409785745769631,619
227,1,352,50000,0.00704,128773,3.3712692565059865,3.3695937404240723,0.0016755160819145562,3.2091368956419735,0.03351032163829113,3.2426472172802647,0.32091368956419736,0.003351032163829113,0.32426472172802645,0.0064362617072739985,0.005715496111050064,619
228,1,355,50000,0.0071,129340,3.3861132817941986,3.384437765712284,0.0016755160819145562,3.2232740625831275,0.03351032163829113,3.256784384221419,0.32232740625831274,0.003351032163829113,0.3256784384221419,0.00649366169057804,0.005769533178427037,619
229,1,363,50000,0.00726,129907,3.40095730708241,3.3992817910004955,0.0016755160819145562,3.2374112295242816,0.03351032163829113,3.270921551162573,0.3237411229524282,0.003351032163829113,0.3270921551162573,0.006646782671034488,0.005913756325960083,619
230,1,375,50000,0.0075,130474,3.4158013323706222,3.4141258162887076,0.0016755160819145562,3.2515483964654357,0.03351032163829113,3.285058718103727,0.32515483964654357,0.003351032163829113,0.3285058718103727,0.006876607789917858,0.006130419548865763,619
231,1,382,50000,0.00764,131041,3.430645357658834,3.428969841576919,0.0016755160819145562,3.2656855634065898,0.03351032163829113,3.299195885044881,0.32656855634065896,0.003351032163829113,0.3299195885044881,0.0070107492032964415,0.006256981981757218,619
232,1,388,50000,0.00776,131608,3.4454893829470454,3.4438138668651312,0.0016755160819145562,3.279822730347744,0.03351032163829113,3.313333051986035,0.3279822730347744,0.003351032163829113,0.3313333051986035,0.007125771113917928,0.006365563687447024,619
233,1,395,50000,0.0079,132175,3.4603334082352575,3.458657892153343,0.0016755160819145562,3.293959897288898,0.03351032163829113,3.327470218927189,0.3293959897288898,0.003351032163829113,0.33274702189271893,0.007260012864782912,0.006492355614126855,619
234,1,405,50000,0.0081,132742,3.475177433523469,3.4735019174415545,0.0016755160819145562,3.308097064230052,0.03351032163829113,3.3416073858683433,0.3308097064230052,0.003351032163829113,0.3341607385868343,0.007451876658686388,0.006673692493141112,619
235,1,412,50000,0.00824,133309,3.4900214588116807,3.4883459427297665,0.0016755160819145562,3.3222342311712056,0.03351032163829113,3.355744552809497,0.33222342311712055,0.003351032163829113,0.3355744552809497,0.007586242373502987,0.006800767982685913,619
236,1,421,50000,0.00842,133876,3.5048654840998927,3.503189968017978,0.0016755160819145562,3.3363713981123597,0.03351032163829113,3.369881719750651,0.33363713981123594,0.003351032163829113,0.3369881719750651,0.00775906987973911,0.0069643145218204056,619
237,1,426,50000,0.00852,134443,3.5197095093881043,3.5180339933061897,0.0016755160819145562,3.350508565053514,0.03351032163829113,3.384018886691805,0.3350508565053514,0.003351032163829113,0.3384018886691805,0.007855119099029379,0.007055251352245633,619
238,1,436,50000,0.00872,135010,3.5345535346763164,3.5328780185944018,0.0016755160819145562,3.364645731994668,0.03351032163829113,3.398156053632959,0.33646457319946677,0.003351032163829113,0.3398156053632959,0.008047288247695931,0.0072372867884718094,619
239,1,445,50000,0.0089,135577,3.549397559964528,3.5477220438826134,0.0016755160819145562,3.378782898935822,0.03351032163829113,3.412293220574113,0.33787828989358215,0.003351032163829113,0.3412293220574113,0.008220318902563136,0.007401298106525353,619
240,1,454,50000,0.00908,136144,3.5642415852527396,3.5625660691708254,0.0016755160819145562,3.392920065876976,0.03351032163829113,3.4264303875152673,0.3392920065876976,0.003351032163829113,0.34264303875152674,0.008393421543677415,0.007565474135960211,619
241,1,460,50000,0.0092,136711,3.5790856105409516,3.577410094459037,0.0016755160819145562,3.40705723281813,0.03351032163829113,3.4405675544564214,0.340705723281813,0.003351032163829113,0.3440567554456421,0.008508862249387556,0.007675013935895244,619
242,1,469,50000,0.00938,137278,3.5939296358291632,3.5922541197472486,0.0016755160819145562,3.421194399759284,0.03351032163829113,3.4547047213975755,0.3421194399759284,0.003351032163829113,0.3454704721397575,0.00868208022423703,0.007839453876721974,619
243,1,483,50000,0.00966,137845,3.6087736611173753,3.6070981450354607,0.0016755160819145562,3.4353315667004383,0.03351032163829113,3.4688418883387295,0.3435331566700438,0.003351032163829113,0.34688418883387295,0.008951662052701188,0.008095550597363808,619
244,1,500,50000,0.01,138412,3.623617686405587,3.6219421703236723,0.0016755160819145562,3.4494687336415923,0.03351032163829113,3.4829790552798836,0.3449468733641592,0.003351032163829113,0.34829790552798834,0.0092792181373744,0.008406998277888619,619
245,1,514,50000,0.01028,138979,3.6384617116937985,3.636786195611884,0.0016755160819145562,3.4636059005827464,0.03351032163829113,3.4971162222210377,0.34636059005827463,0.003351032163829113,0.3497116222221038,0.009549132897614943,0.008663856952307812,619
246,1,524,50000,0.01048,139546,3.6533057369820106,3.651630220900096,0.0016755160819145562,3.4777430675239005,0.03351032163829113,3.5112533891621918,0.34777430675239,0.003351032163829113,0.35112533891621917,0.009742015571685723,0.008847525227281588,619
247,1,534,50000,0.01068,140113,3.668149762270222,3.6664742461883075,0.0016755160819145562,3.4918802344650546,0.03351032163829113,3.525390556103346,0.34918802344650546,0.003351032163829113,0.35253905561033455,0.00993496795490273,0.009031353061904411,619
248,1,542,50000,0.01084,140680,3.6829937875584338,3.6813182714765196,0.0016755160819145562,3.5060174014062087,0.03351032163829113,3.5395277230445,0.35060174014062084,0.003351032163829113,0.35395277230445,0.010089378752427172,0.009178527241801598,619
249,1,554,50000,0.01108,141247,3.697837812846646,3.696162296764731,0.0016755160819145562,3.5201545683473627,0.03351032163829113,3.553664889985654,0.35201545683473623,0.003351032163829113,0.3553664889985654,0.01032107421889713,0.009399469969136381,619
250,1,568,50000,0.01136,141814,3.7126818381348574,3.711006322052943,0.0016755160819145562,3.534291735288517,0.03351032163829113,3.567802056926808,0.35342917352885167,0.003351032163829113,0.3567802056926808,0.01059150220296141,0.009657503419235177,619
251,1,580,50000,0.0116,142381,3.7275258634230695,3.725850347341155,0.0016755160819145562,3.548428902229671,0.03351032163829113,3.581939223867962,0.35484289022296706,0.003351032163829113,0.3581939223867962,0.010823394272877006,0.009878896219450104,619
252,1,588,50000,0.01176,142948,3.742369888711281,3.7406943726293664,0.0016755160819145562,3.562566069170825,0.03351032163829113,3.5960763908091162,0.3562566069170825,0.003351032163829113,0.3596076390809116,0.010978037116466409,0.010026601608042583,619
253,1,602,50000,0.01204,143515,3.7572139139994927,3.755538397917578,0.0016755160819145562,3.576703236111979,0.03351032163829113,3.6102135577502703,0.3576703236111979,0.003351032163829113,0.36102135577502703,0.011248752118234171,0.010285292147705224,619
254,1,613,50000,0.01226,144082,3.7720579392877047,3.77038242320579,0.0016755160819145562,3.590840403053133,0.03351032163829113,3.6243507246914244,0.35908404030531327,0.003351032163829113,0.3624350724691424,0.011461534972929828,0.010488728065811956,619
255,1,625,50000,0.0125,144649,3.7869019645759163,3.7852264484940017,0.0016755160819145562,3.604977569994287,0.03351032163829113,3.6384878916325785,0.3604977569994287,0.003351032163829113,0.36384878916325786,0.01169373788832885,0.010710832546512753,619
256,1,641,50000,0.01282,145216,3.801745989864128,3.8000704737822137,0.0016755160819145562,3.6191147369354413,0.03351032163829113,3.6526250585737325,0.3619114736935441,0.003351032163829113,0.36526250585737324,0.01200346162784834,0.011007246279820805,619
257,1,651,50000,0.01302,145783,3.81659001515234,3.8149144990704253,0.0016755160819145562,3.6332519038765954,0.03351032163829113,3.6667622255148866,0.36332519038765954,0.003351032163829113,0.36667622255148863,0.012197106487840616,0.011192659475212892,619
258,1,664,50000,0.01328,146350,3.8314340404405516,3.829758524358637,0.0016755160819145562,3.6473890708177494,0.03351032163829113,3.6808993924560407,0.3647389070817749,0.003351032163829113,0.36808993924560407,0.012448920172672654,0.011433869208158053,619
259,1,671,50000,0.01342,146917,3.8462780657287636,3.844602549646849,0.0016755160819145562,3.6615262377589035,0.03351032163829113,3.6950365593971948,0.3661526237758903,0.003351032163829113,0.36950365593971946,0.012584546658456385,0.011563830377668656,619
260,1,681,50000,0.01362,147484,3.8611220910169752,3.8594465749350606,0.0016755160819145562,3.6756634047000576,0.03351032163829113,3.709173726338349,0.36756634047000575,0.003351032163829113,0.3709173726338349,0.01277833975539361,0.011749583021114859,619
261,1,695,50000,0.0139,148051,3.875966116305187,3.874290600223272,0.0016755160819145562,3.6898005716412117,0.03351032163829113,3.723310893279503,0.36898005716412113,0.003351032163829113,0.3723310893279503,0.013049729271015524,0.012009818045371061,619
262,1,711,50000,0.01422,148618,3.890810141593399,3.8891346255114843,0.0016755160819145562,3.7039377385823657,0.03351032163829113,3.737448060220657,0.3703937738582366,0.003351032163829113,0.37374480602206567,0.01335999864395022,0.012307481242842545,619
263,1,724,50000,0.01448,149185,3.9056541668816105,3.903978650799696,0.0016755160819145562,3.71807490552352,0.03351032163829113,3.751585227161811,0.37180749055235196,0.003351032163829113,0.3751585227161811,0.013612176280830146,0.012549524440349312,619
264,1,742,50000,0.01484,149752,3.920498192169822,3.918822676087908,0.0016755160819145562,3.732212072464674,0.03351032163829113,3.765722394102965,0.37322120724646735,0.003351032163829113,0.3765722394102965,0.013961465370912663,0.012884936127590053,619
265,1,755,50000,0.0151,150319,3.935342217458034,3.9336667013761195,0.0016755160819145562,3.746349239405828,0.03351032163829113,3.7798595610441192,0.3746349239405828,0.003351032163829113,0.37798595610441194,0.014213813892271306,0.01312737069547603,619
266,1,775,50000,0.0155,150886,3.9501862427462457,3.948510726664331,0.0016755160819145562,3.760486406346982,0.03351032163829113,3.7939967279852733,0.3760486406346982,0.003351032163829113,0.3793996727985273,0.014602175700687964,0.013500652292157132,619
267,1,795,50000,0.0159,151453,3.965030268034458,3.963354751952543,0.0016755160819145562,3.774623573288136,0.03351032163829113,3.8081338949264274,0.3774623573288136,0.003351032163829113,0.3808133894926427,0.014990693699303287,0.013874291633467222,619
268,1,811,50000,0.01622,152020,3.9798742933226694,3.9781987772407548,0.0016755160819145562,3.78876074022929,0.03351032163829113,3.8222710618675815,0.378876074022929,0.003351032163829113,0.38222710618675815,0.015301616666787239,0.014173451784578779,619
269,1,827,50000,0.01654,152587,3.994718318610881,3.9930428025289664,0.0016755160819145562,3.8028979071704443,0.03351032163829113,3.8364082288087356,0.3802897907170444,0.003351032163829113,0.38364082288087353,0.015612633107227056,0.01447282604304792,619
270,1,845,50000,0.0169,153154,4.009562343899093,4.007886827817178,0.0016755160819145562,3.8170350741115984,0.03351032163829113,3.8505453957498896,0.3817035074111598,0.003351032163829113,0.385054539574989,0.015962635029579557,0.014809870450784829,619
271,1,857,50000,0.01714,153721,4.024406369187305,4.02273085310539,0.0016755160819145562,3.8311722410527524,0.03351032163829113,3.8646825626910437,0.3831172241052752,0.003351032163829113,0.38646825626910436,0.016196031719403186,0.015034708917235169,619
272,1,872,50000,0.01744,154288,4.039250394475516,4.037574878393602,0.0016755160819145562,3.8453094079939065,0.03351032163829113,3.878819729632198,0.38453094079939065,0.003351032163829113,0.38788197296321975,0.01648784562180313,0.015315912862764658,619
273,1,885,50000,0.0177,154855,4.054094419763728,4.052418903681813,0.0016755160819145562,3.8594465749350606,0.03351032163829113,3.892956896573352,0.38594465749350604,0.003351032163829113,0.3892956896573352,0.016740810781872086,0.015559759887493689,619
274,1,899,50000,0.01798,155422,4.06893844505194,4.067262928970026,0.0016755160819145562,3.8735837418762147,0.03351032163829113,3.907094063514506,0.3873583741876214,0.003351032163829113,0.39070940635145057,0.017013295435968592,0.01582250328142515,619
275,1,911,50000,0.01822,155989,4.083782470340152,4.082106954258237,0.0016755160819145562,3.8877209088173688,0.03351032163829113,3.92123123045566,0.38877209088173686,0.003351032163829113,0.392123123045566,0.017246902695680594,0.016047824122503065,619
276,1,929,50000,0.01858,156556,4.098626495628364,4.096950979546449,0.0016755160819145562,3.901858075758523,0.03351032163829113,3.935368397396814,0.39018580757585225,0.003351032163829113,0.3935368397396814,0.01759739637005487,0.016385995036831517,619
277,1,948,50000,0.01896,157123,4.113470520916575,4.1117950048346605,0.0016755160819145562,3.915995242699677,0.03351032163829113,3.949505564337968,0.3915995242699677,0.003351032163829113,0.3949505564337968,0.01796746691571245,0.016743193775885068,619
278,1,971,50000,0.01942,157690,4.128314546204787,4.126639030122872,0.0016755160819145562,3.9301324096408305,0.03351032163829113,3.963642731279122,0.3930132409640831,0.003351032163829113,0.39636427312791217,0.01841558688524024,0.017175912613885628,619
279,1,983,50000,0.01966,158257,4.143158571492999,4.141483055411085,0.0016755160819145562,3.9442695765819846,0.03351032163829113,3.977779898220276,0.39442695765819846,0.003351032163829113,0.39777798982202756,0.018649447746778326,0.017401814453512944,619
280,1,1002,50000,0.02004,158824,4.158002596781211,4.156327080699296,0.0016755160819145562,3.9584067435231387,0.03351032163829113,3.99191706516143,0.3958406743523139,0.003351032163829113,0.399191706516143,0.019019808158241794,0.017759677290531652,619
281,1,1018,50000,0.02036,159391,4.1728466220694225,4.171171105987508,0.0016755160819145562,3.972543910464293,0.03351032163829113,4.006054232102584,0.3972543910464293,0.003351032163829113,0.4006054232102584,0.019331765592265862,0.01806120726412225,619
282,1,1040,50000,0.0208,159958,4.187690647357634,4.1860151312757194,0.0016755160819145562,3.986681077405447,0.03351032163829113,4.020191399043738,0.39866810774054473,0.003351032163829113,0.40201913990437377,0.019760815952829164,0.0184760604623446,619
283,1,1063,50000,0.02126,160525,4.202534672645846,4.200859156563931,0.0016755160819145562,4.000818244346601,0.03351032163829113,4.034328565984892,0.4000818244346601,0.003351032163829113,0.4034328565984892,0.020209499563486995,0.018910070686156105,619
284,1,1081,50000,0.02162,161092,4.217378697934057,4.2157031818521435,0.0016755160819145562,4.0149554112877555,0.03351032163829113,4.048465732926046,0.4014955411287755,0.003351032163829113,0.4048465732926046,0.020560733937070634,0.01924993863045712,619
285,1,1102,50000,0.02204,161659,4.23222272322227,4.230547207140355,0.0016755160819145562,4.0290925782289095,0.03351032163829113,4.0626028998672,0.40290925782289094,0.003351032163829113,0.40626028998672004,0.020970605194215904,0.019646675372105925,619
286,1,1118,50000,0.02236,162226,4.247066748510481,4.245391232428567,0.0016755160819145562,4.043229745170064,0.03351032163829113,4.076740066808354,0.40432297451700633,0.003351032163829113,0.4076740066808354,0.021282957042995015,0.019949109056811284,619
287,1,1149,50000,0.02298,162793,4.261910773798693,4.260235257716778,0.0016755160819145562,4.057366912111218,0.03351032163829113,4.0908772337495085,0.40573669121112177,0.003351032163829113,0.4090877233749508,0.021888303542729002,0.020535451927116533,619
288,1,1177,50000,0.02354,163360,4.276754799086905,4.27507928300499,0.0016755160819145562,4.071504079052372,0.03351032163829113,4.105014400690663,0.40715040790523715,0.003351032163829113,0.41050144006906625,0.022435249050115645,0.021065466523547596,619
289,1,1203,50000,0.02406,163927,4.291598824375116,4.2899233082932025,0.0016755160819145562,4.085641245993526,0.03351032163829113,4.119151567631817,0.40856412459935254,0.003351032163829113,0.41191515676318163,0.0229432753873357,0.021557962914885275,619
290,1,1229,50000,0.02458,164494,4.306442849663329,4.304767333581414,0.0016755160819145562,4.09977841293468,0.03351032163829113,4.133288734572971,0.409977841293468,0.003351032163829113,0.4133288734572971,0.02345143998132348,0.022050776127329776,619
291,1,1262,50000,0.02524,165061,4.32128687495154,4.319611358869626,0.0016755160819145562,4.113915579875834,0.03351032163829113,4.147425901514125,0.41139155798758337,0.003351032163829113,0.41474259015141246,0.02409661056207552,0.022676710818087805,619
292,1,1282,50000,0.02564,165628,4.336130900239752,4.334455384157837,0.0016755160819145562,4.128052746816988,0.03351032163829113,4.161563068455279,0.4128052746816988,0.003351032163829113,0.41615630684552785,0.024487724610662544,0.023056297949059647,619
293,1,1307,50000,0.02614,166195,4.3509749255279635,4.349299409446049,0.0016755160819145562,4.142189913758142,0.03351032163829113,4.175700235396433,0.4142189913758142,0.003351032163829113,0.4175700235396433,0.024976721795330364,0.023531021625803113,619
294,1,1332,50000,0.02664,166762,4.365818950816175,4.3641434347342605,0.0016755160819145562,4.156327080699296,0.03351032163829113,4.189837402337587,0.4156327080699296,0.003351032163829113,0.4189837402337587,0.025465832212492916,0.024006004797230883,619
295,1,1358,50000,0.02716,167329,4.380662976104388,4.378987460022473,0.0016755160819145562,4.17046424764045,0.03351032163829113,4.203974569278741,0.417046424764045,0.003351032163829113,0.4203974569278741,0.0259746238443506,0.02450025496529498,619
296,1,1378,50000,0.02756,167896,4.395507001392599,4.393831485310685,0.0016755160819145562,4.184601414581604,0.03351032163829113,4.218111736219895,0.4184601414581604,0.003351032163829113,0.4218111736219895,0.026366081002189855,0.02488062840456259,619
297,1,1400,50000,0.028,168463,4.410351026680811,4.408675510598896,0.0016755160819145562,4.1987385815227585,0.03351032163829113,4.232248903161049,0.41987385815227585,0.003351032163829113,0.4232248903161049,0.026796761302962453,0.025299216634678965,619
298,1,1426,50000,0.02852,169030,4.425195051969022,4.423519535887108,0.0016755160819145562,4.2128757484639126,0.03351032163829113,4.246386070102203,0.42128757484639123,0.003351032163829113,0.4246386070102203,0.027305849235754298,0.025794145862734947,619
299,1,1449,50000,0.02898,169597,4.440039077257234,4.438363561175319,0.0016755160819145562,4.227012915405066,0.03351032163829113,4.260523237043357,0.42270129154050656,0.003351032163829113,0.42605232370433566,0.02775628625221866,0.026232174136143944,619
300,1,1472,50000,0.02944,170164,4.4548831025454465,4.453207586463532,0.0016755160819145562,4.24115008234622,0.03351032163829113,4.274660403984511,0.424115008234622,0.003351032163829113,0.4274660403984511,0.028206805726813083,0.026670391393274682,619
301,1,1488,50000,0.02976,170731,4.469727127833658,4.4680516117517435,0.0016755160819145562,4.255287249287374,0.03351032163829113,4.288797570925665,0.4255287249287374,0.003351032163829113,0.4288797570925665,0.028520258218830728,0.02697534736714492,619
302,1,1507,50000,0.03014,171298,4.48457115312187,4.482895637039955,0.0016755160819145562,4.269424416228528,0.03351032163829113,4.302934737866819,0.42694244162285283,0.003351032163829113,0.43029347378668187,0.02889253286684523,0.027337596755162664,619
303,1,1538,50000,0.03076,171865,4.499415178410081,4.497739662328167,0.0016755160819145562,4.283561583169682,0.03351032163829113,4.317071904807973,0.4283561583169682,0.003351032163829113,0.4317071904807973,0.029500042007605594,0.02792889573797298,619
304,1,1562,50000,0.03124,172432,4.514259203698293,4.512583687616378,0.0016755160819145562,4.297698750110836,0.03351032163829113,4.331209071749127,0.4297698750110836,0.003351032163829113,0.4331209071749127,0.029970466211588304,0.028386892293315924,619
305,1,1590,50000,0.0318,172999,4.5291032289865045,4.527427712904591,0.0016755160819145562,4.31183591705199,0.03351032163829113,4.345346238690281,0.43118359170519904,0.003351032163829113,0.43453462386902814,0.030519396066415676,0.028921454513044217,619
306,1,1614,50000,0.03228,173566,4.543947254274717,4.542271738192802,0.0016755160819145562,4.325973083993144,0.03351032163829113,4.359483405631435,0.43259730839931443,0.003351032163829113,0.4359483405631435,0.030989992461871348,0.029379845732174,619
307,1,1640,50000,0.0328,174133,4.558791279562929,4.557115763481014,0.0016755160819145562,4.340110250934298,0.03351032163829113,4.373620572572589,0.43401102509342987,0.003351032163829113,0.4373620572572589,0.031499891796821444,0.029876634648929822,619
308,1,1668,50000,0.03336,174700,4.57363530485114,4.571959788769226,0.0016755160819145562,4.354247417875452,0.03351032163829113,4.387757739513743,0.43542474178754526,0.003351032163829113,0.43877577395137435,0.03204911254469238,0.030411863607430013,619
309,1,1700,50000,0.034,175267,4.588479330139352,4.586803814057437,0.0016755160819145562,4.3683845848166065,0.03351032163829113,4.401894906454897,0.43683845848166064,0.003351032163829113,0.44018949064548973,0.03267691524090563,0.03102383311726039,619
310,1,1721,50000,0.03442,175834,4.603323355427563,4.601647839345649,0.0016755160819145562,4.382521751757761,0.03351032163829113,4.416032073396051,0.4382521751757761,0.003351032163829113,0.4416032073396052,0.033088979766750154,0.03142559627855087,619
311,1,1749,50000,0.03498,176401,4.618167380715776,4.616491864633861,0.0016755160819145562,4.396658918698915,0.03351032163829113,4.4301692403372055,0.43966589186989147,0.003351032163829113,0.44301692403372056,0.03363848227616782,0.03196147106525083,619
312,1,1792,50000,0.03584,176968,4.6330114060039875,4.631335889922073,0.0016755160819145562,4.410796085640069,0.03351032163829113,4.44430640727836,0.4410796085640069,0.003351032163829113,0.44443064072783595,0.034482541490086636,0.03278483504426031,619
313,1,1824,50000,0.03648,177535,4.647855431292199,4.6461799152102845,0.0016755160819145562,4.424933252581223,0.03351032163829113,4.458443574219514,0.4424933252581223,0.003351032163829113,0.4458443574219514,0.03511081644719984,0.03339788704646329,619
314,1,1856,50000,0.03712,178102,4.662699456580411,4.661023940498496,0.0016755160819145562,4.439070419522377,0.03351032163829113,4.472580741160668,0.4439070419522377,0.003351032163829113,0.4472580741160668,0.03573920573936975,0.034011201128351626,619
315,1,1889,50000,0.03778,178669,4.677543481868622,4.675867965786708,0.0016755160819145562,4.453207586463531,0.03351032163829113,4.486717908101822,0.4453207586463531,0.003351032163829113,0.4486717908101822,0.036387348949303414,0.03464394889860203,619
316,1,1932,50000,0.03864,179236,4.692387507156835,4.69071199107492,0.0016755160819145562,4.467344753404685,0.03351032163829113,4.500855075042976,0.4467344753404685,0.003351032163829113,0.4500855075042976,0.037232072216594185,0.035468835032427044,619
317,1,1969,50000,0.03938,179803,4.707231532445046,4.705556016363132,0.0016755160819145562,4.481481920345839,0.03351032163829113,4.51499224198413,0.44814819203458395,0.003351032163829113,0.451499224198413,0.037959079452096506,0.03617896996065766,619
318,1,2026,50000,0.04052,180370,4.722075557733258,4.720400041651343,0.0016755160819145562,4.495619087286993,0.03351032163829113,4.529129408925284,0.44956190872869933,0.003351032163829113,0.4529129408925284,0.039079330196541744,0.03727357279257954,619
319,1,2064,50000,0.04128,180937,4.73691958302147,4.735244066939555,0.0016755160819145562,4.509756254228147,0.03351032163829113,4.543266575866438,0.4509756254228147,0.003351032163829113,0.4543266575866438,0.039826338066545106,0.038003706972056156,619
320,1,2096,50000,0.04192,181504,4.751763608309681,4.750088092227767,0.0016755160819145562,4.523893421169301,0.03351032163829113,4.557403742807592,0.45238934211693016,0.003351032163829113,0.45574037428075925,0.04045550213859619,0.03861879707624896,619
321,1,2134,50000,0.04268,182071,4.766607633597893,4.764932117515979,0.0016755160819145562,4.5380305881104555,0.03351032163829113,4.571540909748746,0.45380305881104555,0.003351032163829113,0.45715409097487464,0.04120275588590598,0.039349494896168194,619
322,1,2168,50000,0.04336,182638,4.781451658886105,4.779776142804191,0.0016755160819145562,4.5521677550516095,0.03351032163829113,4.5856780766899,0.455216775505161,0.003351032163829113,0.45856780766899,0.04187146048441142,0.04000352734869066,619
323,1,2197,50000,0.04394,183205,4.796295684174317,4.794620168092402,0.0016755160819145562,4.566304921992764,0.03351032163829113,4.599815243631054,0.45663049219927637,0.003351032163829113,0.45998152436310547,0.04244190581607724,0.04056156113646608,619
324,1,2228,50000,0.04456,183772,4.811139709462529,4.809464193380614,0.0016755160819145562,4.580442088933918,0.03351032163829113,4.6139524105722085,0.45804420889339176,0.003351032163829113,0.46139524105722085,0.043051771637746504,0.041158262106413754,619
325,1,2287,50000,0.04574,184339,4.82598373475074,4.8243082186688255,0.0016755160819145562,4.594579255875072,0.03351032163829113,4.628089577513363,0.4594579255875072,0.003351032163829113,0.4628089577513363,0.04421270506100093,0.04229442554257884,619
326,1,2332,50000,0.04664,184906,4.840827760038952,4.839152243957037,0.0016755160819145562,4.608716422816226,0.03351032163829113,4.642226744454517,0.4608716422816226,0.003351032163829113,0.4642226744454517,0.04509835212245525,0.04316142498935783,619
327,1,2392,50000,0.04784,185473,4.855671785327164,4.85399626924525,0.0016755160819145562,4.62285358975738,0.03351032163829113,4.656363911395671,0.462285358975738,0.003351032163829113,0.46563639113956706,0.046279461315901986,0.044317989223434155,619
328,1,2440,50000,0.0488,186040,4.870515810615376,4.868840294533461,0.0016755160819145562,4.636990756698534,0.03351032163829113,4.670501078336825,0.4636990756698534,0.003351032163829113,0.4670501078336825,0.047224545313230296,0.04524369141548116,619
329,1,2473,50000,0.04946,186607,4.8853598359035875,4.883684319821673,0.0016755160819145562,4.651127923639688,0.03351032163829113,4.684638245277979,0.4651127923639688,0.003351032163829113,0.4684638245277979,0.047874389172699774,0.04588033774163613,619
330,1,2528,50000,0.05056,187174,4.900203861191799,4.898528345109884,0.0016755160819145562,4.665265090580842,0.03351032163829113,4.698775412219133,0.46652650905808424,0.003351032163829113,0.46987754122191333,0.04895763620466677,0.04694181370073969,619
331,1,2563,50000,0.05126,187741,4.915047886480011,4.913372370398096,0.0016755160819145562,4.679402257521996,0.03351032163829113,4.712912579160287,0.4679402257521996,0.003351032163829113,0.4712912579160287,0.04964708581815591,0.04761755194339978,619
332,1,2595,50000,0.0519,188308,4.929891911768223,4.9282163956863085,0.0016755160819145562,4.69353942446315,0.03351032163829113,4.727049746101441,0.46935394244631506,0.003351032163829113,0.4727049746101441,0.05027751332998868,0.048235538451745615,619
333,1,2637,50000,0.05274,188875,4.944735937056435,4.94306042097452,0.0016755160819145562,4.707676591404304,0.03351032163829113,4.741186913042595,0.47076765914043045,0.003351032163829113,0.47411869130425954,0.05110505399356558,0.049046885443778804,619
334,1,2673,50000,0.05346,189442,4.959579962344646,4.957904446262732,0.0016755160819145562,4.7218137583454585,0.03351032163829113,4.755324079983749,0.47218137583454584,0.003351032163829113,0.47553240799837493,0.051814467167380564,0.04974253802891666,619
335,1,2726,50000,0.05452,190009,4.974423987632858,4.972748471550943,0.0016755160819145562,4.7359509252866125,0.03351032163829113,4.769461246924903,0.4735950925286613,0.003351032163829113,0.47694612469249037,0.052859032992644495,0.05076704166896998,619
336,1,2775,50000,0.0555,190576,4.98926801292107,4.987592496839155,0.0016755160819145562,4.750088092227767,0.03351032163829113,4.783598413866057,0.47500880922277666,0.003351032163829113,0.47835984138660576,0.05382492087254248,0.05171458470654801,619
337,1,2832,50000,0.05664,191143,5.004112038209281,5.0024365221273674,0.0016755160819145562,4.764225259168921,0.03351032163829113,4.7977355808072115,0.4764225259168921,0.003351032163829113,0.47977355808072114,0.05494868968070101,0.052817252667904546,619
338,1,2884,50000,0.05768,191710,5.018956063497494,5.017280547415579,0.0016755160819145562,4.778362426110075,0.03351032163829113,4.811872747748366,0.4778362426110075,0.003351032163829113,0.4811872747748366,0.05597405123958505,0.053823582741795044,619
339,1,2932,50000,0.05864,192277,5.033800088785705,5.032124572703791,0.0016755160819145562,4.792499593051229,0.03351032163829113,4.82600991468952,0.4792499593051229,0.003351032163829113,0.48260099146895197,0.056920678269498724,0.05475282249388618,619
340,1,2984,50000,0.05968,192844,5.048644114073917,5.046968597992002,0.0016755160819145562,4.806636759992383,0.03351032163829113,4.840147081630674,0.4806636759992383,0.003351032163829113,0.4840147081630674,0.05794633828220282,0.05575983682728504,619
341,1,3040,50000,0.0608,193411,5.0634881393621285,5.061812623280214,0.0016755160819145562,4.820773926933537,0.03351032163829113,4.854284248571828,0.4820773926933537,0.003351032163829113,0.4854284248571828,0.059051062471847514,0.05684469726273512,619
342,1,3088,50000,0.06176,193978,5.07833216465034,5.076656648568426,0.0016755160819145562,4.834911093874691,0.03351032163829113,4.868421415512982,0.48349110938746914,0.003351032163829113,0.4868421415512982,0.05999810366203907,0.05777488656082973,619
343,1,3145,50000,0.0629,194545,5.093176189938553,5.091500673856638,0.0016755160819145562,4.849048260815845,0.03351032163829113,4.882558582454136,0.48490482608158453,0.003351032163829113,0.4882558582454136,0.061122872700648895,0.05887984774420242,619
344,1,3193,50000,0.06386,195112,5.108020215226764,5.10634469914485,0.0016755160819145562,4.863185427756999,0.03351032163829113,4.89669574939529,0.4863185427756999,0.003351032163829113,0.489669574939529,0.06207017635720026,0.05981063880790693,619
345,1,3245,50000,0.0649,195679,5.122864240514976,5.121188724433061,0.0016755160819145562,4.877322594698153,0.03351032163829113,4.910832916336444,0.48773225946981535,0.003351032163829113,0.49108329163364445,0.06309655277452611,0.06081929566127347,619
346,1,3299,50000,0.06598,196246,5.137708265803187,5.136032749721273,0.0016755160819145562,4.891459761639307,0.03351032163829113,4.924970083277598,0.48914597616393074,0.003351032163829113,0.49249700832775983,0.0641625460070502,0.06186706982816638,619
347,1,3382,50000,0.06764,196813,5.152552291091399,5.150876775009484,0.0016755160819145562,4.9055969285804615,0.03351032163829113,4.939107250218752,0.4905596928580462,0.003351032163829113,0.4939107250218752,0.0658012894030405,0.06347816188985173,619
348,1,3431,50000,0.06862,197380,5.1673963163796115,5.165720800297697,0.0016755160819145562,4.919734095521616,0.03351032163829113,4.953244417159906,0.49197340955216157,0.003351032163829113,0.49532444171599066,0.06676889126566969,0.06442963460719292,619
349,1,3501,50000,0.07002,197947,5.182240341667823,5.1805648255859085,0.0016755160819145562,4.93387126246277,0.03351032163829113,4.9673815841010605,0.49338712624627695,0.003351032163829113,0.49673815841010605,0.06815136875734122,0.06578931495311968,619
350,1,3561,50000,0.07122,198514,5.197084366956035,5.19540885087412,0.0016755160819145562,4.948008429403924,0.03351032163829113,4.9815187510422145,0.4948008429403924,0.003351032163829113,0.4981518751042215,0.06933652237051743,0.06695515169106803,619
351,1,3622,50000,0.07244,199081,5.211928392244246,5.210252876162332,0.0016755160819145562,4.962145596345078,0.03351032163829113,4.995655917983369,0.4962145596345078,0.003351032163829113,0.49956559179833687,0.0705415881185644,0.06814078491824492,619
352,1,3700,50000,0.074,199648,5.226772417532458,5.225096901450543,0.0016755160819145562,4.976282763286232,0.03351032163829113,5.009793084924523,0.4976282763286232,0.003351032163829113,0.5009793084924523,0.07208272035670127,0.06965736442157705,619
353,1,3761,50000,0.07522,200215,5.24161644282067,5.239940926738756,0.0016755160819145562,4.990419930227386,0.03351032163829113,5.023930251865677,0.4990419930227386,0.003351032163829113,0.5023930251865677,0.07328813905351843,0.07084380690502728,619
354,1,3805,50000,0.0761,200782,5.256460468108882,5.254784952026967,0.0016755160819145562,5.00455709716854,0.03351032163829113,5.038067418806831,0.500455709716854,0.003351032163829113,0.5038067418806831,0.07415771421407016,0.0716998143107242,619
355,1,3870,50000,0.0774,201349,5.271304493397094,5.269628977315179,0.0016755160819145562,5.018694264109694,0.03351032163829113,5.052204585747985,0.5018694264109694,0.003351032163829113,0.5052204585747985,0.07544245332416653,0.07296469042557718,619
356,1,3950,50000,0.079,201916,5.286148518685305,5.284473002603391,0.0016755160819145562,5.032831431050848,0.03351032163829113,5.066341752689139,0.5032831431050848,0.003351032163829113,0.5066341752689139,0.07702389391239961,0.07452197284918877,619
357,1,4012,50000,0.08024,202483,5.300992543973517,5.299317027891602,0.0016755160819145562,5.046968597992002,0.03351032163829113,5.080478919630293,0.5046968597992002,0.003351032163829113,0.5080478919630294,0.07824967572908118,0.07572924588132583,619
358,1,4081,50000,0.08162,203050,5.315836569261728,5.314161053179815,0.0016755160819145562,5.061105764933156,0.03351032163829113,5.094616086571447,0.5061105764933157,0.003351032163829113,0.5094616086571447,0.07961401797582078,0.07707320388670322,619
359,1,4151,50000,0.08302,203617,5.330680594549941,5.329005078468026,0.0016755160819145562,5.07524293187431,0.03351032163829113,5.108753253512601,0.5075242931874311,0.003351032163829113,0.5108753253512601,0.08099830768280082,0.07843703939120297,619
360,1,4213,50000,0.08426,204184,5.3455246198381525,5.343849103756238,0.0016755160819145562,5.0893800988154645,0.03351032163829113,5.122890420453755,0.5089380098815465,0.003351032163829113,0.5122890420453755,0.08222453630120309,0.07964533689833742,619
361,1,4283,50000,0.08566,204751,5.360368645126364,5.3586931290444495,0.0016755160819145562,5.103517265756619,0.03351032163829113,5.137027587394909,0.5103517265756619,0.003351032163829113,0.5137027587394909,0.08360914640965392,0.08100990705809737,619
362,1,4363,50000,0.08726,205318,5.375212670414576,5.373537154332661,0.0016755160819145562,5.117654432697773,0.03351032163829113,5.1511647543360635,0.5117654432697772,0.003351032163829113,0.5151164754336063,0.08519175913276622,0.08256987708306474,619
363,1,4439,50000,0.08878,205885,5.390056695702787,5.388381179620873,0.0016755160819145562,5.131791599638927,0.03351032163829113,5.1653019212772175,0.5131791599638926,0.003351032163829113,0.5165301921277218,0.08669543532931479,0.08405229368909521,619
364,1,4512,50000,0.09024,206452,5.404900720991,5.403225204909085,0.0016755160819145562,5.145928766580081,0.03351032163829113,5.179439088218372,0.5145928766580081,0.003351032163829113,0.5179439088218372,0.08813992982709017,0.08547659268757718,619
365,1,4597,50000,0.09194,207019,5.419744746279211,5.418069230197297,0.0016755160819145562,5.160065933521235,0.03351032163829113,5.193576255159526,0.5160065933521234,0.003351032163829113,0.5193576255159525,0.08982208524175303,0.08713550401487329,619
366,1,4672,50000,0.09344,207586,5.434588771567423,5.432913255485508,0.0016755160819145562,5.174203100462389,0.03351032163829113,5.20771342210068,0.5174203100462389,0.003351032163829113,0.5207713422100679,0.09130652318568053,0.08859966929839166,619
367,1,4744,50000,0.09488,208153,5.449432796855635,5.44775728077372,0.0016755160819145562,5.188340267403543,0.03351032163829113,5.221850589041834,0.5188340267403543,0.003351032163829113,0.5221850589041834,0.09273174156982737,0.09000563016470459,619
368,1,4806,50000,0.09612,208720,5.464276822143846,5.462601306061932,0.0016755160819145562,5.202477434344697,0.03351032163829113,5.235987755982988,0.5202477434344698,0.003351032163829113,0.5235987755982987,0.09395913450187761,0.09121659739093753,619
369,1,4873,50000,0.09746,209287,5.479120847432059,5.477445331350144,0.0016755160819145562,5.216614601285851,0.03351032163829113,5.250124922924142,0.521661460128585,0.003351032163829113,0.5250124922924142,0.0952856348222149,0.09252550779561408,619
370,1,4949,50000,0.09898,209854,5.49396487272027,5.492289356638356,0.0016755160819145562,5.230751768227005,0.03351032163829113,5.264262089865296,0.5230751768227005,0.003351032163829113,0.5264262089865296,0.0967904748642957,0.09401059307049012,619
371,1,5035,50000,0.1007,210421,5.508808898008482,5.507133381926567,0.0016755160819145562,5.244888935168159,0.03351032163829113,5.27839925680645,0.5244888935168159,0.003351032163829113,0.527839925680645,0.09849351242278198,0.09569152512760033,619
372,1,5127,50000,0.10254,210988,5.5236529232966936,5.521977407214779,0.0016755160819145562,5.259026102109313,0.03351032163829113,5.292536423747604,0.5259026102109313,0.003351032163829113,0.5292536423747604,0.1003155874789815,0.09749023809555495,619
373,1,5209,50000,0.10418,211555,5.538496948584905,5.5368214325029905,0.0016755160819145562,5.2731632690504675,0.03351032163829113,5.306673590688758,0.5273163269050467,0.003351032163829113,0.5306673590688759,0.1019397990632658,0.09909387024972968,619
374,1,5273,50000,0.10546,212122,5.553340973873117,5.551665457791203,0.0016755160819145562,5.287300435991622,0.03351032163829113,5.320810757629912,0.5287300435991622,0.003351032163829113,0.5320810757629912,0.10320759713412647,0.10034576244230346,619
375,1,5355,50000,0.1071,212689,5.568184999161329,5.566509483079415,0.0016755160819145562,5.301437602932776,0.03351032163829113,5.3349479245710665,0.5301437602932775,0.003351032163829113,0.5334947924571066,0.10483211516345174,0.10195009728423615,619
376,1,5439,50000,0.10878,213256,5.583029024449541,5.581353508367626,0.0016755160819145562,5.31557476987393,0.03351032163829113,5.349085091512221,0.531557476987393,0.003351032163829113,0.534908509151222,0.10649642899706183,0.10359395988786937,619
377,1,5529,50000,0.11058,213823,5.5978730497377525,5.596197533655838,0.0016755160819145562,5.329711936815084,0.03351032163829113,5.363222258453375,0.5329711936815084,0.003351032163829113,0.5363222258453375,0.10827981312799213,0.10535567861941769,619
378,1,5597,50000,0.11194,214390,5.612717075025964,5.611041558944049,0.0016755160819145562,5.343849103756238,0.03351032163829113,5.377359425394529,0.5343849103756239,0.003351032163829113,0.5377359425394528,0.10962738726638967,0.1066870493089403,619
379,1,5681,50000,0.11362,214957,5.627561100314176,5.625885584232261,0.0016755160819145562,5.357986270697392,0.03351032163829113,5.391496592335683,0.5357986270697391,0.003351032163829113,0.5391496592335683,0.11129218732587748,0.10833202685365219,619
380,1,5773,50000,0.11546,215524,5.642405125602388,5.6407296095204735,0.0016755160819145562,5.372123437638546,0.03351032163829113,5.405633759276837,0.5372123437638546,0.003351032163829113,0.5405633759276837,0.11311572601274206,0.1101340959883525,619
381,1,5854,50000,0.11708,216091,5.6572491508906,5.655573634808685,0.0016755160819145562,5.3862606045797,0.03351032163829113,5.419770926217991,0.53862606045797,0.003351032163829113,0.541977092621799,0.11472139095868496,0.11172106277455658,619
382,1,5955,50000,0.1191,216658,5.672093176178811,5.670417660096897,0.0016755160819145562,5.400397771520854,0.03351032163829113,5.433908093159145,0.5400397771520854,0.003351032163829113,0.5433908093159144,0.11672371952521957,0.11370033902729741,619
383,1,6027,50000,0.12054,217225,5.686937201467023,5.685261685385108,0.0016755160819145562,5.414534938462008,0.03351032163829113,5.448045260100299,0.5414534938462008,0.003351032163829113,0.5448045260100299,0.11815125717685977,0.11511161805342417,619
384,1,6105,50000,0.1221,217792,5.701781226755235,5.70010571067332,0.0016755160819145562,5.428672105403162,0.03351032163829113,5.462182427041453,0.5428672105403163,0.003351032163829113,0.5462182427041453,0.11969788092858791,0.11664078945037476,619
385,1,6184,50000,0.12368,218359,5.716625252043447,5.714949735961532,0.0016755160819145562,5.4428092723443156,0.03351032163829113,5.476319593982606,0.5442809272344316,0.003351032163829113,0.5476319593982606,0.1212644631760742,0.11818986367880523,619
386,1,6272,50000,0.12544,218926,5.731469277331659,5.729793761249744,0.0016755160819145562,5.45694643928547,0.03351032163829113,5.4904567609237604,0.5456946439285469,0.003351032163829113,0.5490456760923761,0.12300966821957669,0.1199157618944355,619
387,1,6360,50000,0.1272,219493,5.74631330261987,5.744637786537956,0.0016755160819145562,5.471083606226624,0.03351032163829113,5.5045939278649145,0.5471083606226624,0.003351032163829113,0.5504593927864915,0.1247550300470306,0.12164201963143366,619
388,1,6457,50000,0.12914,220060,5.761157327908082,5.759481811826167,0.0016755160819145562,5.485220773167778,0.03351032163829113,5.518731094806069,0.5485220773167778,0.003351032163829113,0.5518731094806069,0.12667907311859533,0.12354523538455167,619
389,1,6558,50000,0.13116,220627,5.7760013531962935,5.774325837114379,0.0016755160819145562,5.499357940108932,0.03351032163829113,5.532868261747223,0.5499357940108932,0.003351032163829113,0.5532868261747222,0.1286826531598984,0.12552738138923306,619
390,1,6632,50000,0.13264,221194,5.790845378484505,5.789169862402591,0.0016755160819145562,5.513495107050086,0.03351032163829113,5.547005428688377,0.5513495107050086,0.003351032163829113,0.5547005428688377,0.130150746734376,0.12697993121516685,619
391,1,6732,50000,0.13464,221761,5.805689403772718,5.804013887690803,0.0016755160819145562,5.52763227399124,0.03351032163829113,5.561142595629531,0.5527632273991241,0.003351032163829113,0.556114259562953,0.13213482071142632,0.128943211863766,619
392,1,6840,50000,0.1368,222328,5.820533429060929,5.818857912979015,0.0016755160819145562,5.541769440932394,0.03351032163829113,5.575279762570685,0.5541769440932394,0.003351032163829113,0.5575279762570685,0.1342778282701786,0.13106403116267817,619
393,1,6923,50000,0.13846,222895,5.835377454349141,5.833701938267226,0.0016755160819145562,5.555906607873548,0.03351032163829113,5.589416929511839,0.5555906607873549,0.003351032163829113,0.5589416929511839,0.13592491318593564,0.13269425009903507,619
394,1,7018,50000,0.14036,223462,5.850221479637352,5.848545963555438,0.0016755160819145562,5.570043774814702,0.03351032163829113,5.603554096452993,0.5570043774814702,0.003351032163829113,0.5603554096452994,0.13781028171792928,0.13456050927552418,619
395,1,7128,50000,0.14256,224029,5.865065504925564,5.86338998884365,0.0016755160819145562,5.584180941755856,0.03351032163829113,5.617691263394147,0.5584180941755856,0.003351032163829113,0.5617691263394147,0.13999353774319107,0.13672189436448082,619
396,1,7238,50000,0.14476,224596,5.8799095302137765,5.878234014131862,0.0016755160819145562,5.59831810869701,0.03351032163829113,5.631828430335301,0.559831810869701,0.003351032163829113,0.5631828430335302,0.14217700205388717,0.1388837570817193,619
397,1,7339,50000,0.14678,225163,5.894753555501988,5.8930780394200735,0.0016755160819145562,5.6124552756381645,0.03351032163829113,5.645965597276455,0.5612455275638165,0.003351032163829113,0.5645965597276456,0.14418199932325734,0.14086915297726543,619
398,1,7446,50000,0.14892,225730,5.9095975807902,5.907922064708285,0.0016755160819145562,5.626592442579319,0.03351032163829113,5.660102764217609,0.5626592442579319,0.003351032163829113,0.5660102764217609,0.14630628999114018,0.1429729166135714,619
399,1,7549,50000,0.15098,226297,5.924441606078411,5.922766089996497,0.0016755160819145562,5.640729609520473,0.03351032163829113,5.6742399311587635,0.5640729609520473,0.003351032163829113,0.5674239931158763,0.1483513442868693,0.14499843930840906,619
400,1,7644,50000,0.15288,226864,5.939285631366623,5.937610115284708,0.0016755160819145562,5.654866776461627,0.03351032163829113,5.6883770980999175,0.5654866776461627,0.003351032163829113,0.5688377098099918,0.15023771023392976,0.1468669857064447,619
401,1,7748,50000,0.15496,227431,5.954129656654835,5.952454140572921,0.0016755160819145562,5.669003943402781,0.03351032163829113,5.702514265041072,0.5669003943402782,0.003351032163829113,0.5702514265041071,0.15230294779003023,0.14891292666269484,619
402,1,7841,50000,0.15682,227998,5.968973681943047,5.967298165861132,0.0016755160819145562,5.683141110343935,0.03351032163829113,5.716651431982226,0.5683141110343934,0.003351032163829113,0.5716651431982226,0.1541498890537771,0.15074279632479673,619
403,1,7940,50000,0.1588,228565,5.983817707231259,5.982142191149344,0.0016755160819145562,5.697278277285089,0.03351032163829113,5.73078859892338,0.5697278277285089,0.003351032163829113,0.573078859892338,0.1561161331807181,0.1526910554347673,619
404,1,8050,50000,0.161,229132,5.99866173251947,5.996986216437556,0.0016755160819145562,5.711415444226243,0.03351032163829113,5.744925765864534,0.5711415444226243,0.003351032163829113,0.5744925765864535,0.15830102198080936,0.15485618473571358,619
405,1,8156,50000,0.16312,229699,6.013505757807682,6.011830241725767,0.0016755160819145562,5.725552611167397,0.03351032163829113,5.759062932805688,0.5725552611167397,0.003351032163829113,0.5759062932805687,0.1604066299474744,0.15694297114194727,619
406,1,8281,50000,0.16562,230266,6.028349783095894,6.02667426701398,0.0016755160819145562,5.739689778108551,0.03351032163829113,5.773200099746842,0.5739689778108551,0.003351032163829113,0.5773200099746842,0.16288986858648666,0.15940428659961944,619
407,1,8393,50000,0.16786,230833,6.043193808384106,6.041518292302191,0.0016755160819145562,5.753826945049705,0.03351032163829113,5.787337266687996,0.5753826945049706,0.003351032163829113,0.5787337266687996,0.16511504058605514,0.161610061365483,619
408,1,8516,50000,0.17032,231400,6.0580378336723175,6.056362317590403,0.0016755160819145562,5.767964111990859,0.03351032163829113,5.80147443362915,0.576796411199086,0.003351032163829113,0.580147443362915,0.1675589598121996,0.16403294149864744,619
409,1,8635,50000,0.1727,231967,6.072881858960529,6.0712063428786145,0.0016755160819145562,5.782101278932013,0.03351032163829113,5.815611600570304,0.5782101278932014,0.003351032163829113,0.5815611600570304,0.16992360143195892,0.16637748614008324,619
410,1,8771,50000,0.17542,232534,6.087725884248741,6.086050368166826,0.0016755160819145562,5.7962384458731675,0.03351032163829113,5.829748767511458,0.5796238445873167,0.003351032163829113,0.5829748767511459,0.17262628501591543,0.16905750696718141,619
411,1,8876,50000,0.17752,233101,6.102569909536952,6.100894393455039,0.0016755160819145562,5.810375612814322,0.03351032163829113,5.843885934452612,0.5810375612814322,0.003351032163829113,0.5843885934452612,0.17471308514931305,0.17112702921986608,619
412,1,8994,50000,0.17988,233668,6.117413934825165,6.11573841874325,0.0016755160819145562,5.824512779755476,0.03351032163829113,5.8580231013937665,0.5824512779755475,0.003351032163829113,0.5858023101393767,0.17705842439774558,0.17345317564249418,619
413,1,9121,50000,0.18242,234235,6.132257960113376,6.130582444031462,0.0016755160819145562,5.83864994669663,0.03351032163829113,5.8721602683349206,0.583864994669663,0.003351032163829113,0.587216026833492,0.17958284735655985,0.17595720301859188,619
414,1,9256,50000,0.18512,234802,6.147101985401588,6.145426469319673,0.0016755160819145562,5.852787113637784,0.03351032163829113,5.886297435276075,0.5852787113637784,0.003351032163829113,0.5886297435276076,0.1822665148816298,0.1786194822030032,619
415,1,9395,50000,0.1879,235369,6.1619460106898,6.160270494607885,0.0016755160819145562,5.866924280578938,0.03351032163829113,5.900434602217229,0.5866924280578938,0.003351032163829113,0.5900434602217228,0.18502993754256422,0.18136119195159894,619
416,1,9536,50000,0.19072,235936,6.176790035978011,6.175114519896097,0.0016755160819145562,5.881061447520092,0.03351032163829113,5.914571769158383,0.5881061447520092,0.003351032163829113,0.5914571769158383,0.1878333652785616,0.1841429093841676,619
417,1,9646,50000,0.19292,236503,6.191634061266224,6.189958545184309,0.0016755160819145562,5.895198614461246,0.03351032163829113,5.928708936099537,0.5895198614461247,0.003351032163829113,0.5928708936099537,0.19002060424721937,0.18631342809057272,619
418,1,9780,50000,0.1956,237070,6.206478086554435,6.204802570472521,0.0016755160819145562,5.9093357814024,0.03351032163829113,5.942846103040691,0.5909335781402401,0.003351032163829113,0.5942846103040691,0.19268525454733784,0.18895796296932615,619
419,1,9907,50000,0.19814,237637,6.221322111842647,6.219646595760732,0.0016755160819145562,5.923472948343554,0.03351032163829113,5.956983269981845,0.5923472948343554,0.003351032163829113,0.5956983269981845,0.19521090210050168,0.19146479860694676,619
420,1,10039,50000,0.20078,238204,6.2361661371308585,6.234490621048944,0.0016755160819145562,5.937610115284708,0.03351032163829113,5.971120436922999,0.5937610115284708,0.003351032163829113,0.5971120436923,0.19783618312155268,0.194070783823847,619
421,1,10177,50000,0.20354,238771,6.25101016241907,6.2493346463371555,0.0016755160819145562,5.951747282225862,0.03351032163829113,5.985257603864153,0.5951747282225863,0.003351032163829113,0.5985257603864153,0.2005810082533183,0.1967957117284454,619
422,1,10322,50000,0.20644,239338,6.265854187707283,6.264178671625368,0.0016755160819145562,5.965884449167016,0.03351032163829113,5.999394770805307,0.5965884449167016,0.003351032163829113,0.5999394770805307,0.2034652948274213,0.19965939076824168,619
423,1,10468,50000,0.20936,239905,6.280698212995494,6.27902269691358,0.0016755160819145562,5.9800216161081705,0.03351032163829113,6.013531937746461,0.5980021616108171,0.003351032163829113,0.6013531937746461,0.20636970870154517,0.2025433597623302,619
424,1,10616,50000,0.21232,240472,6.295542238283706,6.293866722201791,0.0016755160819145562,5.994158783049325,0.03351032163829113,6.027669104687615,0.5994158783049325,0.003351032163829113,0.6027669104687616,0.20931414669692372,0.20546738012318969,619
425,1,10756,50000,0.21512,241039,6.3103862635719175,6.308710747490003,0.0016755160819145562,6.008295949990479,0.03351032163829113,6.0418062716287695,0.6008295949990479,0.003351032163829113,0.6041806271628769,0.21209964278120957,0.20823384273250312,619
426,1,10904,50000,0.21808,241606,6.325230288860129,6.323554772778214,0.0016755160819145562,6.022433116931633,0.03351032163829113,6.055943438569924,0.6022433116931633,0.003351032163829113,0.6055943438569924,0.2150445359824472,0.21115890699143558,619
427,1,11060,50000,0.2212,242173,6.340074314148341,6.338398798066427,0.0016755160819145562,6.036570283872787,0.03351032163829113,6.070080605511078,0.6036570283872787,0.003351032163829113,0.6070080605511078,0.21814886025431232,0.21424265076473278,619
428,1,11210,50000,0.2242,242740,6.354918339436553,6.3532428233546385,0.0016755160819145562,6.050707450813941,0.03351032163829113,6.084217772452232,0.6050707450813941,0.003351032163829113,0.6084217772452232,0.22113402360062642,0.21720833058652372,619
429,1,11360,50000,0.2272,243307,6.369762364724765,6.36808684864285,0.0016755160819145562,6.064844617755095,0.03351032163829113,6.098354939393386,0.6064844617755095,0.003351032163829113,0.6098354939393386,0.2241194151188342,0.22017453366419099,619
430,1,11514,50000,0.23028,243874,6.384606390012976,6.382930873931062,0.0016755160819145562,6.078981784696249,0.03351032163829113,6.11249210633454,0.6078981784696249,0.003351032163829113,0.611249210633454,0.22718465109837144,0.2232203721601966,619
431,1,11670,50000,0.2334,244441,6.399450415301188,6.397774899219273,0.0016755160819145562,6.093118951637403,0.03351032163829113,6.126629273275694,0.6093118951637404,0.003351032163829113,0.6126629273275693,0.23028993368107661,0.22630631358386435,619
432,1,11811,50000,0.23622,245008,6.4142944405894,6.412618924507485,0.0016755160819145562,6.107256118578557,0.03351032163829113,6.140766440216848,0.6107256118578557,0.003351032163829113,0.6140766440216848,0.2330968350059749,0.22909599679197476,619
433,1,11976,50000,0.23952,245575,6.429138465877612,6.427462949795697,0.0016755160819145562,6.121393285519711,0.03351032163829113,6.154903607158002,0.6121393285519712,0.003351032163829113,0.6154903607158002,0.23638174892709474,0.23236107502681025,619
434,1,12112,50000,0.24224,246142,6.443982491165824,6.442306975083909,0.0016755160819145562,6.135530452460865,0.03351032163829113,6.169040774099156,0.6135530452460866,0.003351032163829113,0.6169040774099157,0.23908950818188907,0.2350527355551895,619
435,1,12264,50000,0.24528,246709,6.458826516454035,6.457151000372121,0.0016755160819145562,6.1496676194020194,0.03351032163829113,6.18317794104031,0.614966761940202,0.003351032163829113,0.618317794104031,0.24211603199202905,0.23806153132910501,619
436,1,12425,50000,0.2485,247276,6.473670541742247,6.471995025660332,0.0016755160819145562,6.1638047863431735,0.03351032163829113,6.197315107981464,0.6163804786343173,0.003351032163829113,0.6197315107981465,0.24532199052612966,0.24124901302769233,619
437,1,12581,50000,0.25162,247843,6.4885145670304585,6.486839050948544,0.0016755160819145562,6.177941953284328,0.03351032163829113,6.211452274922618,0.6177941953284328,0.003351032163829113,0.6211452274922619,0.2484286105457328,0.24433802154936304,619
438,1,12718,50000,0.25436,248410,6.503358592318671,6.501683076236756,0.0016755160819145562,6.192079120225482,0.03351032163829113,6.2255894418637725,0.6192079120225482,0.003351032163829113,0.6225589441863772,0.2511570409481404,0.24705121922863602,619
439,1,12878,50000,0.25756,248977,6.518202617606883,6.516527101524968,0.0016755160819145562,6.206216287166636,0.03351032163829113,6.239726608804927,0.6206216287166636,0.003351032163829113,0.6239726608804926,0.25434374049042147,0.25022040223242387,619
440,1,13015,50000,0.2603,249544,6.533046642895094,6.5313711268131796,0.0016755160819145562,6.22035345410779,0.03351032163829113,6.253863775746081,0.622035345410779,0.003351032163829113,0.6253863775746081,0.2570725310509765,0.25293442585356474,619
441,1,13158,50000,0.26316,250111,6.547890668183306,6.546215152101391,0.0016755160819145562,6.234490621048944,0.03351032163829113,6.268000942687235,0.6234490621048945,0.003351032163829113,0.6268000942687234,0.25992100496927767,0.25576771150041105,619
442,1,13340,50000,0.2668,250678,6.562734693471517,6.561059177389603,0.0016755160819145562,6.248627787990098,0.03351032163829113,6.282138109628389,0.6248627787990098,0.003351032163829113,0.6282138109628389,0.2635465899608721,0.25937429516924954,619
443,1,13501,50000,0.27002,251245,6.577578718759729,6.575903202677815,0.0016755160819145562,6.262764954931252,0.03351032163829113,6.296275276569543,0.6262764954931253,0.003351032163829113,0.6296275276569543,0.26675407310352783,0.2625652732165957,619
444,1,13665,50000,0.2733,251812,6.5924227440479415,6.590747227966027,0.0016755160819145562,6.276902121872406,0.03351032163829113,6.310412443510697,0.6276902121872406,0.003351032163829113,0.6310412443510698,0.2700215470173149,0.265816224188045,619
445,1,13845,50000,0.2769,252379,6.607266769336153,6.6055912532542385,0.0016755160819145562,6.29103928881356,0.03351032163829113,6.324549610451851,0.629103928881356,0.003351032163829113,0.6324549610451851,0.273608056091974,0.2693849309823377,619
446,1,14017,50000,0.28034,252946,6.622110794624365,6.62043527854245,0.0016755160819145562,6.305176455754714,0.03351032163829113,6.338686777393005,0.6305176455754714,0.003351032163829113,0.6338686777393006,0.277035413355743,0.27279559867957454,619
447,1,14193,50000,0.28386,253513,6.636954819912576,6.635279303830662,0.0016755160819145562,6.319313622695868,0.03351032163829113,6.352823944334159,0.6319313622695869,0.003351032163829113,0.6352823944334159,0.28054272517643664,0.2762861542823143,619
448,1,14388,50000,0.28776,254080,6.651798845200788,6.650123329118874,0.0016755160819145562,6.3334507896370225,0.03351032163829113,6.366961111275313,0.6333450789637023,0.003351032163829113,0.6366961111275313,0.2844289574532624,0.28015419674778713,619
449,1,14555,50000,0.2911,254647,6.666642870489,6.664967354407086,0.0016755160819145562,6.3475879565781765,0.03351032163829113,6.381098278216467,0.6347587956578177,0.003351032163829113,0.6381098278216467,0.2877574064134688,0.28346737787199966,619
450,1,14742,50000,0.29484,255214,6.681486895777212,6.679811379695297,0.0016755160819145562,6.361725123519331,0.03351032163829113,6.395235445157621,0.6361725123519331,0.003351032163829113,0.6395235445157622,0.29148473164108407,0.28717794255229023,619
451,1,14911,50000,0.29822,255781,6.696330921065424,6.694655404983509,0.0016755160819145562,6.375862290460485,0.03351032163829113,6.4093726120987755,0.6375862290460486,0.003351032163829113,0.6409372612098775,0.2948535104065079,0.2905318760776526,619
452,1,15091,50000,0.30182,256348,6.711174946353635,6.709499430271721,0.0016755160819145562,6.389999457401639,0.03351032163829113,6.42350977903993,0.6389999457401638,0.003351032163829113,0.642350977903993,0.29844180007314397,0.294104666289334,619
453,1,15260,50000,0.3052,256915,6.726018971641847,6.724343455559932,0.0016755160819145562,6.404136624342793,0.03351032163829113,6.437646945981084,0.6404136624342793,0.003351032163829113,0.6437646945981084,0.3018110296798214,0.29745963372785406,619
454,1,15436,50000,0.30872,257482,6.740862996930059,6.739187480848145,0.0016755160819145562,6.418273791283947,0.03351032163829113,6.451784112922238,0.6418273791283947,0.003351032163829113,0.6451784112922239,0.3053200418541725,0.3009540887433593,619
455,1,15618,50000,0.31236,258049,6.755707022218271,6.754031506136356,0.0016755160819145562,6.432410958225101,0.03351032163829113,6.465921279863392,0.6432410958225101,0.003351032163829113,0.6465921279863391,0.3089489224938387,0.3045682302945898,619
456,1,15780,50000,0.3156,258616,6.7705510475064825,6.768875531424568,0.0016755160819145562,6.446548125166255,0.03351032163829113,6.480058446804546,0.6446548125166255,0.003351032163829113,0.6480058446804546,0.3121792310167763,0.3077856857977777,619
457,1,15960,50000,0.3192,259183,6.785395072794694,6.7837195567127795,0.0016755160819145562,6.460685292107409,0.03351032163829113,6.4941956137457,0.646068529210741,0.003351032163829113,0.64941956137457,0.31576868818958403,0.31136115345247894,619
458,1,16169,50000,0.32338,259750,6.800239098082906,6.798563582000991,0.0016755160819145562,6.474822459048563,0.03351032163829113,6.508332780686854,0.6474822459048564,0.003351032163829113,0.6508332780686854,0.3199367418351517,0.31551334528898156,619
459,1,16367,50000,0.32734,260317,6.815083123371118,6.813407607289204,0.0016755160819145562,6.488959625989717,0.03351032163829113,6.522469947628008,0.6488959625989718,0.003351032163829113,0.6522469947628008,0.3238857138822245,0.31944766496002686,619
460,1,16541,50000,0.33082,260884,6.82992714865933,6.828251632577415,0.0016755160819145562,6.503096792930871,0.03351032163829113,6.536607114569162,0.6503096792930871,0.003351032163829113,0.6536607114569163,0.32735625315498695,0.32290562601504474,619
461,1,16725,50000,0.3345,261451,6.844771173947541,6.843095657865627,0.0016755160819145562,6.5172339598720255,0.03351032163829113,6.550744281510316,0.6517233959872026,0.003351032163829113,0.6550744281510316,0.3310264812737146,0.32656285380946887,619
462,1,16902,50000,0.33804,262018,6.859615199235753,6.857939683153838,0.0016755160819145562,6.5313711268131796,0.03351032163829113,6.56488144845147,0.6531371126813179,0.003351032163829113,0.6564881448451471,0.33455730492958524,0.330081461136474,619
463,1,17094,50000,0.34188,262585,6.874459224523965,6.87278370844205,0.0016755160819145562,6.545508293754334,0.03351032163829113,6.5790186153926244,0.6545508293754334,0.003351032163829113,0.6579018615392624,0.3383875970492236,0.33389881995486315,619
464,1,17273,50000,0.34546,263152,6.889303249812176,6.8876277337302625,0.0016755160819145562,6.559645460695488,0.03351032163829113,6.5931557823337785,0.6559645460695488,0.003351032163829113,0.6593155782333779,0.34195877537614056,0.33745823671561187,619
465,1,17466,50000,0.34932,263719,6.904147275100389,6.902471759018474,0.0016755160819145562,6.573782627636642,0.03351032163829113,6.607292949274933,0.6573782627636642,0.003351032163829113,0.6607292949274932,0.34580950928359155,0.34129660672282763,619
466,1,17656,50000,0.35312,264286,6.9189913003886,6.917315784306686,0.0016755160819145562,6.587919794577796,0.03351032163829113,6.621430116216087,0.6587919794577796,0.003351032163829113,0.6621430116216087,0.3496006342231315,0.34507587939509554,619
467,1,17839,50000,0.35678,264853,6.933835325676812,6.932159809594897,0.0016755160819145562,6.60205696151895,0.03351032163829113,6.635567283157241,0.6602056961518951,0.003351032163829113,0.6635567283157241,0.3532523161195651,0.34871644312456235,619
468,1,18040,50000,0.3608,265420,6.9486793509650235,6.947003834883109,0.0016755160819145562,6.616194128460104,0.03351032163829113,6.649704450098395,0.6616194128460104,0.003351032163829113,0.6649704450098395,0.3572634380095192,0.3527156871496716,619
469,1,18252,50000,0.36504,265987,6.963523376253235,6.9618478601713205,0.0016755160819145562,6.630331295401258,0.03351032163829113,6.663841617039549,0.6630331295401258,0.003351032163829113,0.6663841617039549,0.3614943647605511,0.3569344620066054,619
470,1,18437,50000,0.36874,266554,6.978367401541448,6.976691885459533,0.0016755160819145562,6.644468462342411,0.03351032163829113,6.677978783980702,0.6644468462342411,0.003351032163829113,0.6677978783980703,0.36518668921472414,0.36061649538768065,619
471,1,18613,50000,0.37226,267121,6.993211426829659,6.991535910747745,0.0016755160819145562,6.658605629283565,0.03351032163829113,6.692115950921856,0.6658605629283566,0.003351032163829113,0.6692115950921855,0.3686995951780914,0.36411988006986684,619
472,1,18822,50000,0.37644,267688,7.008055452117871,7.006379936035956,0.0016755160819145562,6.672742796224719,0.03351032163829113,6.70625311786301,0.6672742796224719,0.003351032163829113,0.670625311786301,0.3728714329013315,0.36828074998137633,619
473,1,19049,50000,0.38098,268255,7.0228994774060824,7.021223961324168,0.0016755160819145562,6.6868799631658735,0.03351032163829113,6.720390284804164,0.6686879963165874,0.003351032163829113,0.6720390284804164,0.3774028876768193,0.3728007062417382,619
474,1,19267,50000,0.38534,268822,7.037743502694294,7.036067986612379,0.0016755160819145562,6.701017130107028,0.03351032163829113,6.734527451745318,0.6701017130107028,0.003351032163829113,0.6734527451745319,0.3817549928217568,0.3771421717224677,619
475,1,19465,50000,0.3893,269389,7.0525875279825065,7.050912011900592,0.0016755160819145562,6.715154297048182,0.03351032163829113,6.7486646186864725,0.6715154297048181,0.003351032163829113,0.6748664618686472,0.3857080851316374,0.3810859404548968,619
476,1,19639,50000,0.39278,269956,7.067431553270718,7.0657560371888035,0.0016755160819145562,6.729291463989336,0.03351032163829113,6.762801785627627,0.6729291463989335,0.003351032163829113,0.6762801785627627,0.3891822201509427,0.3845521476934877,619
477,1,19810,50000,0.3962,270523,7.08227557855893,7.080600062477015,0.0016755160819145562,6.74342863093049,0.03351032163829113,6.776938952568781,0.674342863093049,0.003351032163829113,0.6776938952568781,0.39259664258115273,0.38795901996276416,619
478,1,20005,50000,0.4001,271090,7.097119603847141,7.095444087765227,0.0016755160819145562,6.757565797871644,0.03351032163829113,6.791076119509935,0.6757565797871643,0.003351032163829113,0.6791076119509935,0.3964905064905636,0.3918445641269339,619
479,1,20228,50000,0.40456,271657,7.111963629135353,7.110288113053438,0.0016755160819145562,6.771702964812798,0.03351032163829113,6.805213286451089,0.6771702964812798,0.003351032163829113,0.6805213286451088,0.40094378080678955,0.3962887010544545,619
480,1,20436,50000,0.40872,272224,7.126807654423565,7.125132138341651,0.0016755160819145562,6.785840131753952,0.03351032163829113,6.819350453392243,0.6785840131753952,0.003351032163829113,0.6819350453392243,0.40509778643743427,0.4004345446456724,619
481,1,20660,50000,0.4132,272791,7.141651679711777,7.139976163629862,0.0016755160819145562,6.799977298695106,0.03351032163829113,6.833487620333397,0.6799977298695107,0.003351032163829113,0.6833487620333396,0.4095716305063728,0.40489998623350637,619
482,1,20869,50000,0.41738,273358,7.156495704999989,7.154820188918074,0.0016755160819145562,6.81411446563626,0.03351032163829113,6.847624787274551,0.681411446563626,0.003351032163829113,0.6847624787274551,0.4137461656166624,0.4090670421261232,619
483,1,21065,50000,0.4213,273925,7.1713397302882,7.169664214206286,0.0016755160819145562,6.828251632577414,0.03351032163829113,6.861761954215705,0.6828251632577415,0.003351032163829113,0.6861761954215705,0.41766128413851517,0.4129754615572339,619
484,1,21273,50000,0.42546,274492,7.186183755576412,7.184508239494497,0.0016755160819145562,6.842388799518568,0.03351032163829113,6.875899121156859,0.6842388799518568,0.003351032163829113,0.687589912115686,0.4218163605091142,0.41712376070492657,619
485,1,21487,50000,0.42974,275059,7.2010277808646235,7.199352264782709,0.0016755160819145562,6.8565259664597225,0.03351032163829113,6.890036288098013,0.6856525966459722,0.003351032163829113,0.6890036288098013,0.4260915696726303,0.42139235258200275,619
486,1,21710,50000,0.4342,275626,7.215871806152836,7.214196290070921,0.0016755160819145562,6.8706631334008765,0.03351032163829113,6.904173455039167,0.6870663133400876,0.003351032163829113,0.6904173455039168,0.43054687278180065,0.4258411421949273,619
487,1,21916,50000,0.43832,276193,7.230715831441048,7.229040315359133,0.0016755160819145562,6.884800300342031,0.03351032163829113,6.918310621980321,0.6884800300342031,0.003351032163829113,0.6918310621980321,0.434662800907454,0.4299513986327907,619
488,1,22107,50000,0.44214,276760,7.245559856729259,7.2438843406473445,0.0016755160819145562,6.898937467283185,0.03351032163829113,6.9324477889214755,0.6898937467283184,0.003351032163829113,0.6932447788921475,0.438479253847705,0.4337628881637408,619
489,1,22310,50000,0.4462,277327,7.260403882017471,7.258728365935556,0.0016755160819145562,6.913074634224339,0.03351032163829113,6.94658495586263,0.6913074634224339,0.003351032163829113,0.6946584955862629,0.44253572406556796,0.43781439370171144,619
490,1,22513,50000,0.45026,277894,7.275247907305682,7.273572391223768,0.0016755160819145562,6.927211801165493,0.03351032163829113,6.960722122803784,0.6927211801165493,0.003351032163829113,0.6960722122803784,0.4465924410599073,0.44186646517958683,619
491,1,22707,50000,0.45414,278461,7.290091932593895,7.28841641651198,0.0016755160819145562,6.941348968106647,0.03351032163829113,6.974859289744938,0.6941348968106648,0.003351032163829113,0.6974859289744937,0.4504695336347867,0.4457394156997774,619
492,1,22924,50000,0.45848,279028,7.3049359578821065,7.303260441800192,0.0016755160819145562,6.955486135047801,0.03351032163829113,6.988996456686092,0.69554861350478,0.003351032163829113,0.6988996456686092,0.45480654725880776,0.45007213989544365,619
493,1,23115,50000,0.4623,279595,7.319779983170318,7.3181044670884035,0.0016755160819145562,6.969623301988955,0.03351032163829113,7.003133623627246,0.6969623301988955,0.003351032163829113,0.7003133623627246,0.45862415040160276,0.4538862672207322,619
494,1,23313,50000,0.46626,280162,7.33462400845853,7.332948492376615,0.0016755160819145562,6.983760468930109,0.03351032163829113,7.0172707905684,0.6983760468930109,0.003351032163829113,0.7017270790568401,0.46258189426845037,0.4578407034968917,619
495,1,23523,50000,0.47046,280729,7.349468033746741,7.347792517664827,0.0016755160819145562,6.997897635871263,0.03351032163829113,7.031407957509554,0.6997897635871263,0.003351032163829113,0.7031407957509553,0.4667797552239852,0.4620353846802699,619
496,1,23754,50000,0.47508,281296,7.364312059034953,7.362636542953039,0.0016755160819145562,7.012034802812417,0.03351032163829113,7.045545124450708,0.7012034802812417,0.003351032163829113,0.7045545124450708,0.47139770357708005,0.4666502249673893,619
497,1,23957,50000,0.47914,281863,7.379156084323165,7.377480568241251,0.0016755160819145562,7.026171969753571,0.03351032163829113,7.059682291391862,0.7026171969753572,0.003351032163829113,0.7059682291391862,0.4754561608253108,0.4707062874236142,619
498,1,24186,50000,0.48372,282430,7.394000109611377,7.392324593529462,0.0016755160819145562,7.0403091366947255,0.03351032163829113,7.073819458333016,0.7040309136694725,0.003351032163829113,0.7073819458333016,0.4800347123095312,0.4752825148265151,619
499,1,24395,50000,0.4879,282997,7.408844134899589,7.407168618817674,0.0016755160819145562,7.0544463036358795,0.03351032163829113,7.08795662527417,0.705444630363588,0.003351032163829113,0.708795662527417,0.48421366008625644,0.4794596904194796,619
500,1,24610,50000,0.4922,283564,7.4236881601878,7.422012644105886,0.0016755160819145562,7.068583470577034,0.03351032163829113,7.102093792215324,0.7068583470577033,0.003351032163829113,0.7102093792215325,0.48851284611400925,0.48375740059325784,619
501,1,24854,50000,0.49708,284131,7.438532185476012,7.436856669394098,0.0016755160819145562,7.082720637518188,0.03351032163829113,7.1162309591564785,0.7082720637518188,0.003351032163829113,0.7116230959156478,0.49339225199628883,0.4886355578948528,619
502,1,25043,50000,0.50086,284698,7.453376210764224,7.45170069468231,0.0016755160819145562,7.096857804459342,0.03351032163829113,7.130368126097633,0.7096857804459341,0.003351032163829113,0.7130368126097633,0.4971720326067797,0.49241468281207673,619
503,1,25264,50000,0.50528,285265,7.468220236052436,7.466544719970521,0.0016755160819145562,7.110994971400496,0.03351032163829113,7.144505293038787,0.7110994971400496,0.003351032163829113,0.7144505293038786,0.5015920426789287,0.4968342709855247,619
504,1,25496,50000,0.50992,285832,7.4830642613406475,7.481388745258733,0.0016755160819145562,7.12513213834165,0.03351032163829113,7.158642459979941,0.712513213834165,0.003351032163829113,0.7158642459979941,0.5062323625343979,0.501474547947182,619
505,1,25701,50000,0.51402,286399,7.497908286628859,7.4962327705469445,0.0016755160819145562,7.139269305282804,0.03351032163829113,7.172779626921095,0.7139269305282804,0.003351032163829113,0.7172779626921094,0.5103329089049851,0.5055753975189499,619
506,1,25930,50000,0.5186,286966,7.512752311917071,7.511076795835156,0.0016755160819145562,7.153406472223958,0.03351032163829113,7.186916793862249,0.7153406472223958,0.003351032163829113,0.7186916793862249,0.5149138120212866,0.5101570179954478,619
507,1,26160,50000,0.5232,287533,7.527596337205283,7.525920821123369,0.0016755160819145562,7.167543639165112,0.03351032163829113,7.201053960803403,0.7167543639165113,0.003351032163829113,0.7201053960803403,0.5195150303508762,0.5147593593927181,619
508,1,26346,50000,0.52692,288100,7.542440362493495,7.54076484641158,0.0016755160819145562,7.181680806106266,0.03351032163829113,7.215191127744557,0.7181680806106265,0.003351032163829113,0.7215191127744557,0.5232362439931694,0.5184817766318814,619
509,1,26548,50000,0.53096,288667,7.557284387781706,7.555608871699792,0.0016755160819145562,7.19581797304742,0.03351032163829113,7.229328294685711,0.719581797304742,0.003351032163829113,0.7229328294685711,0.5272777936566693,0.5225249329914126,619
510,1,26734,50000,0.53468,289234,7.572128413069918,7.570452896988003,0.0016755160819145562,7.209955139988574,0.03351032163829113,7.243465461626865,0.7209955139988574,0.003351032163829113,0.7243465461626866,0.5309994341346123,0.5262483291063538,619
511,1,26944,50000,0.53888,289801,7.58697243835813,7.585296922276215,0.0016755160819145562,7.2240923069297285,0.03351032163829113,7.257602628568019,0.7224092306929729,0.003351032163829113,0.7257602628568018,0.5352015327635534,0.5304527286818317,619
512,1,27173,50000,0.54346,290368,7.601816463646342,7.6001409475644275,0.0016755160819145562,7.238229473870883,0.03351032163829113,7.271739795509173,0.7238229473870882,0.003351032163829113,0.7271739795509173,0.5397841197850687,0.5350382109116738,619
513,1,27376,50000,0.54752,290935,7.616660488934554,7.614984972852639,0.0016755160819145562,7.252366640812037,0.03351032163829113,7.2858769624503275,0.7252366640812037,0.003351032163829113,0.7285876962450327,0.5438466740423954,0.5391036691698436,619
514,1,27579,50000,0.55158,291502,7.631504514222765,7.629828998140851,0.0016755160819145562,7.266503807753191,0.03351032163829113,7.3000141293914815,0.7266503807753191,0.003351032163829113,0.7300014129391482,0.5479094741230432,0.5431696911822128,619
515,1,27769,50000,0.55538,292069,7.646348539510977,7.644673023429062,0.0016755160819145562,7.280640974694345,0.03351032163829113,7.314151296332636,0.7280640974694345,0.003351032163829113,0.7314151296332635,0.5517123181332209,0.5469758395231525,619
516,1,27983,50000,0.55966,292636,7.6611925647991885,7.659517048717274,0.0016755160819145562,7.294778141635499,0.03351032163829113,7.32828846327379,0.7294778141635498,0.003351032163829113,0.732828846327379,0.5559957805496542,0.5512633588426996,619
517,1,28201,50000,0.56402,293203,7.6760365900874,7.674361074005486,0.0016755160819145562,7.308915308576653,0.03351032163829113,7.342425630214944,0.7308915308576653,0.003351032163829113,0.7342425630214944,0.560359590810737,0.5556316680129529,619
518,1,28415,50000,0.5683,293770,7.690880615375613,7.689205099293698,0.0016755160819145562,7.323052475517807,0.03351032163829113,7.356562797156098,0.7323052475517806,0.003351032163829113,0.7356562797156098,0.5646436099937879,0.5599204641819698,619
519,1,28599,50000,0.57198,294337,7.705724640663824,7.70404912458191,0.0016755160819145562,7.337189642458961,0.03351032163829113,7.370699964097252,0.7337189642458961,0.003351032163829113,0.7370699964097251,0.5683272873491938,0.5636085354661174,619
520,1,28820,50000,0.5764,294904,7.720568665952036,7.718893149870121,0.0016755160819145562,7.351326809400115,0.03351032163829113,7.384837131038406,0.7351326809400115,0.003351032163829113,0.7384837131038406,0.5727519759879682,0.5680388531417699,619
521,1,29047,50000,0.58094,295471,7.735412691240247,7.733737175158333,0.0016755160819145562,7.365463976341269,0.03351032163829113,7.39897429797956,0.736546397634127,0.003351032163829113,0.7398974297979559,0.5772971019481727,0.5725901619314973,619
522,1,29262,50000,0.58524,296038,7.750256716528459,7.748581200446544,0.0016755160819145562,7.379601143282423,0.03351032163829113,7.413111464920714,0.7379601143282423,0.003351032163829113,0.7413111464920714,0.5816022478803842,0.5769015401386148,619
523,1,29454,50000,0.58908,296605,7.7651007418166715,7.763425225734757,0.0016755160819145562,7.393738310223577,0.03351032163829113,7.427248631861868,0.7393738310223578,0.003351032163829113,0.7427248631861868,0.5854470836032245,0.5807522521959718,619
524,1,29678,50000,0.59356,297172,7.779944767104883,7.7782692510229685,0.0016755160819145562,7.4078754771647315,0.03351032163829113,7.441385798803022,0.7407875477164731,0.003351032163829113,0.7441385798803023,0.5899330131160443,0.5852454096986484,619
525,1,29892,50000,0.59784,297739,7.794788792393095,7.79311327631118,0.0016755160819145562,7.422012644105886,0.03351032163829113,7.455522965744176,0.7422012644105885,0.003351032163829113,0.7455522965744176,0.5942189688309805,0.5895386469701307,619
526,1,30096,50000,0.60192,298306,7.809632817681306,7.807957301599392,0.0016755160819145562,7.43614981104704,0.03351032163829113,7.4696601326853305,0.7436149811047039,0.003351032163829113,0.7469660132685331,0.5983049122491243,0.5936318757196846,619
527,1,30317,50000,0.60634,298873,7.824476842969518,7.822801326887603,0.0016755160819145562,7.450286977988194,0.03351032163829113,7.4837972996264845,0.7450286977988194,0.003351032163829113,0.7483797299626485,0.6027316455158735,0.598066882395498,619
528,1,30549,50000,0.61098,299440,7.8393208682577304,7.837645352175816,0.0016755160819145562,7.464424144929348,0.03351032163829113,7.497934466567639,0.7464424144929347,0.003351032163829113,0.7497934466567638,0.607379045414361,0.6027233962280776,619
529,1,30757,50000,0.61514,300007,7.854164893545942,7.852489377464027,0.0016755160819145562,7.478561311870502,0.03351032163829113,7.512071633508793,0.7478561311870502,0.003351032163829113,0.7512071633508792,0.6115459702216588,0.6068988677500018,619
530,1,30961,50000,0.61922,300574,7.869008918834154,7.867333402752239,0.0016755160819145562,7.492698478811656,0.03351032163829113,7.526208800449947,0.7492698478811656,0.003351032163829113,0.7526208800449947,0.6156330302044986,0.6109946571442174,619
531,1,31177,50000,0.62354,301141,7.883852944122365,7.882177428040451,0.0016755160819145562,7.50683564575281,0.03351032163829113,7.540345967391101,0.7506835645752811,0.003351032163829113,0.75403459673911,0.6199607969380714,0.6153320437325471,619
532,1,31386,50000,0.62772,301708,7.898696969410577,7.897021453328662,0.0016755160819145562,7.520972812693964,0.03351032163829113,7.554483134332255,0.7520972812693963,0.003351032163829113,0.7554483134332255,0.6241485992000608,0.6195295255730243,619
533,1,31588,50000,0.63176,302275,7.9135409946987885,7.911865478616875,0.0016755160819145562,7.535109979635118,0.03351032163829113,7.568620301273409,0.7535109979635118,0.003351032163829113,0.7568620301273409,0.6281964104161781,0.6235870417220244,619
534,1,31814,50000,0.63628,302842,7.928385019987001,7.926709503905086,0.0016755160819145562,7.549247146576272,0.03351032163829113,7.582757468214563,0.7549247146576272,0.003351032163829113,0.7582757468214564,0.6327254668326139,0.6281273662896671,619
535,1,32014,50000,0.64028,303409,7.943229045275213,7.941553529193298,0.0016755160819145562,7.563384313517426,0.03351032163829113,7.596894635155717,0.7563384313517426,0.003351032163829113,0.7596894635155717,0.636733762733056,0.6321459979098529,619
536,1,32230,50000,0.6446,303976,7.958073070563424,7.9563975544815095,0.0016755160819145562,7.57752148045858,0.03351032163829113,7.611031802096871,0.757752148045858,0.003351032163829113,0.7611031802096871,0.6410630213444259,0.6364868058508841,619
537,1,32468,50000,0.64936,304543,7.972917095851636,7.971241579769721,0.0016755160819145562,7.5916586473997345,0.03351032163829113,7.625168969038025,0.7591658647399735,0.003351032163829113,0.7625168969038025,0.6458335854907342,0.6412705645113316,619
538,1,32702,50000,0.65404,305110,7.987761121139847,7.986085605057933,0.0016755160819145562,7.605795814340889,0.03351032163829113,7.639306135979179,0.7605795814340888,0.003351032163829113,0.7639306135979179,0.650524345954105,0.6459747812587486,619
539,1,32901,50000,0.65802,305677,8.00260514642806,8.000929630346144,0.0016755160819145562,7.619932981282043,0.03351032163829113,7.6534433029203335,0.7619932981282043,0.003351032163829113,0.7653443302920333,0.6545137912445775,0.6499760507612724,619
540,1,33126,50000,0.66252,306244,8.01744917171627,8.015773655634357,0.0016755160819145562,7.634070148223197,0.03351032163829113,7.667580469861488,0.7634070148223197,0.003351032163829113,0.7667580469861488,0.6590247994033585,0.6545008532587538,619
541,1,33346,50000,0.66692,306811,8.032293197004483,8.03061768092257,0.0016755160819145562,7.648207315164351,0.03351032163829113,7.681717636802642,0.7648207315164351,0.003351032163829113,0.7681717636802641,0.6634359034856455,0.6589258855754201,619
542,1,33572,50000,0.67144,307378,8.047137222292696,8.04546170621078,0.0016755160819145562,7.662344482105505,0.03351032163829113,7.695854803743796,0.7662344482105504,0.003351032163829113,0.7695854803743796,0.6679676645249304,0.663472412695242,619
543,1,33766,50000,0.67532,307945,8.061981247580906,8.060305731498993,0.0016755160819145562,7.676481649046659,0.03351032163829113,7.70999197068495,0.7676481649046659,0.003351032163829113,0.770999197068495,0.6718580493523277,0.6673758466851829,619
544,1,33954,50000,0.67908,308512,8.076825272869119,8.075149756787203,0.0016755160819145562,7.690618815987813,0.03351032163829113,7.724129137626104,0.7690618815987813,0.003351032163829113,0.7724129137626105,0.6756283702326442,0.6711591458275137,619
545,1,34164,50000,0.68328,309079,8.09166929815733,8.089993782075416,0.0016755160819145562,7.704755982928967,0.03351032163829113,7.738266304567258,0.7704755982928967,0.003351032163829113,0.7738266304567257,0.6798402011344118,0.6753858646376512,619
546,1,34358,50000,0.68716,309646,8.106513323445542,8.104837807363626,0.0016755160819145562,7.718893149870121,0.03351032163829113,7.752403471508412,0.7718893149870121,0.003351032163829113,0.7752403471508412,0.683731416887562,0.6792912041955959,619
547,1,34555,50000,0.6911,310213,8.121357348733754,8.119681832651839,0.0016755160819145562,7.733030316811275,0.03351032163829113,7.766540638449566,0.7733030316811276,0.003351032163829113,0.7766540638449566,0.6876830903240201,0.683257587460048,619
548,1,34742,50000,0.69484,310780,8.136201374021965,8.134525857940051,0.0016755160819145562,7.747167483752429,0.03351032163829113,7.78067780539072,0.7747167483752428,0.003351032163829113,0.778067780539072,0.6914344389024697,0.6870232453948397,619
549,1,34941,50000,0.69882,311347,8.151045399310178,8.149369883228262,0.0016755160819145562,7.761304650693583,0.03351032163829113,7.794814972331874,0.7761304650693583,0.003351032163829113,0.7794814972331874,0.6954268051414298,0.6910312135314068,619
550,1,35155,50000,0.7031,311914,8.165889424598388,8.164213908516475,0.0016755160819145562,7.7754418176347375,0.03351032163829113,7.808952139273028,0.7775441817634737,0.003351032163829113,0.7808952139273029,0.6997204402508219,0.6953420620691826,619
551,1,35352,50000,0.70704,312481,8.180733449886601,8.179057933804685,0.0016755160819145562,7.789578984575892,0.03351032163829113,7.823089306214182,0.7789578984575892,0.003351032163829113,0.7823089306214182,0.7036733043167076,0.699311175805154,619
552,1,35531,50000,0.71062,313048,8.195577475174813,8.193901959092898,0.0016755160819145562,7.803716151517046,0.03351032163829113,7.8372264731553365,0.7803716151517045,0.003351032163829113,0.7837226473155336,0.7072652554683543,0.7029182313534859,619
553,1,35716,50000,0.71432,313615,8.210421500463024,8.20874598438111,0.0016755160819145562,7.8178533184582,0.03351032163829113,7.851363640096491,0.78178533184582,0.003351032163829113,0.785136364009649,0.7109778728374018,0.7066468029371672,619
554,1,35879,50000,0.71758,314182,8.225265525751237,8.223590009669321,0.0016755160819145562,7.831990485399354,0.03351032163829113,7.865500807037645,0.7831990485399354,0.003351032163829113,0.7865500807037645,0.7142492159661031,0.7099324955702129,619
555,1,36060,50000,0.7212,314749,8.240109551039447,8.238434034957534,0.0016755160819145562,7.846127652340507,0.03351032163829113,7.879637973978798,0.7846127652340507,0.003351032163829113,0.7879637973978798,0.7178820628110005,0.7135816012739846,619
556,1,36271,50000,0.72542,315316,8.25495357632766,8.253278060245744,0.0016755160819145562,7.860264819281661,0.03351032163829113,7.893775140919952,0.7860264819281662,0.003351032163829113,0.7893775140919952,0.722117376587539,0.717836305389097,619
557,1,36455,50000,0.7291,315883,8.26979760161587,8.268122085533957,0.0016755160819145562,7.874401986222815,0.03351032163829113,7.907912307861106,0.7874401986222815,0.003351032163829113,0.7907912307861107,0.7258110312908895,0.7215472578485425,619
558,1,36611,50000,0.73222,316450,8.284641626904083,8.28296611082217,0.0016755160819145562,7.888539153163969,0.03351032163829113,7.92204947480226,0.7888539153163969,0.003351032163829113,0.792204947480226,0.7289428301893197,0.7246940094551195,619
559,1,36779,50000,0.73558,317017,8.299485652192296,8.29781013611038,0.0016755160819145562,7.902676320105123,0.03351032163829113,7.936186641743414,0.7902676320105123,0.003351032163829113,0.7936186641743415,0.7323157673371,0.7280833478049669,619
560,1,36949,50000,0.73898,317584,8.314329677480506,8.312654161398592,0.0016755160819145562,7.916813487046277,0.03351032163829113,7.950323808684568,0.7916813487046278,0.003351032163829113,0.7950323808684568,0.7357291048705219,0.7315136004216669,619
561,1,37135,50000,0.7427,318151,8.329173702768719,8.327498186686803,0.0016755160819145562,7.9309506539874315,0.03351032163829113,7.964460975625722,0.7930950653987432,0.003351032163829113,0.7964460975625722,0.73946398528749,0.735267359859805,619
562,1,37316,50000,0.74632,318718,8.34401772805693,8.342342211975016,0.0016755160819145562,7.945087820928586,0.03351032163829113,7.978598142566876,0.7945087820928586,0.003351032163829113,0.7978598142566876,0.743098758110863,0.7389208823815037,619
563,1,37494,50000,0.74988,319285,8.358861753345142,8.357186237263228,0.0016755160819145562,7.95922498786974,0.03351032163829113,7.9927353095080305,0.795922498786974,0.003351032163829113,0.7992735309508031,0.7466735713511805,0.7425145034854006,619
564,1,37679,50000,0.75358,319852,8.373705778633354,8.372030262551439,0.0016755160819145562,7.973362154810894,0.03351032163829113,8.006872476449185,0.7973362154810895,0.003351032163829113,0.8006872476449186,0.7503892712530441,0.7462501441947189,619
565,1,37878,50000,0.75756,320419,8.388549803921565,8.386874287839651,0.0016755160819145562,7.987499321752048,0.03351032163829113,8.02100964339034,0.7987499321752047,0.003351032163829113,0.8021009643390339,0.7543865106045313,0.750269287777822,619
566,1,38079,50000,0.76158,320986,8.403393829209778,8.401718313127862,0.0016755160819145562,8.001636488693203,0.03351032163829113,8.035146810331494,0.8001636488693202,0.003351032163829113,0.8035146810331494,0.7584242989208148,0.7543296863569001,619
567,1,38256,50000,0.76512,321553,8.418237854497988,8.416562338416075,0.0016755160819145562,8.015773655634357,0.03351032163829113,8.049283977272648,0.8015773655634357,0.003351032163829113,0.8049283977272648,0.7619802810733891,0.7579059900584812,619
568,1,38436,50000,0.76872,322120,8.4330818797862,8.431406363704287,0.0016755160819145562,8.029910822575511,0.03351032163829113,8.063421144213802,0.802991082257551,0.003351032163829113,0.8063421144213802,0.7655968443580193,0.7615436205582633,619
569,1,38606,50000,0.77212,322687,8.447925905074413,8.446250388992498,0.0016755160819145562,8.044047989516665,0.03351032163829113,8.077558311154956,0.8044047989516665,0.003351032163829113,0.8077558311154955,0.7690127792827794,0.7649798297006376,619
570,1,38784,50000,0.77568,323254,8.462769930362624,8.46109441428071,0.0016755160819145562,8.058185156457819,0.03351032163829113,8.09169547809611,0.8058185156457819,0.003351032163829113,0.809169547809611,0.7725897728404244,0.7685784508560696,619
571,1,38958,50000,0.77916,323821,8.477613955650837,8.475938439568921,0.0016755160819145562,8.072322323398973,0.03351032163829113,8.105832645037264,0.8072322323398974,0.003351032163829113,0.8105832645037263,0.7760866948363765,0.7720969157548525,619
572,1,39140,50000,0.7828,324388,8.492457980939047,8.490782464857134,0.0016755160819145562,8.086459490340127,0.03351032163829113,8.119969811978418,0.8086459490340127,0.003351032163829113,0.8119969811978418,0.7797447287975077,0.7757779149696274,619
573,1,39325,50000,0.7865,324955,8.50730200622726,8.505626490145346,0.0016755160819145562,8.100596657281281,0.03351032163829113,8.134106978919572,0.8100596657281282,0.003351032163829113,0.8134106978919572,0.7834634162358322,0.7795204068841919,619
574,1,39509,50000,0.79018,325522,8.522146031515472,8.520470515433557,0.0016755160819145562,8.114733824222435,0.03351032163829113,8.148244145860726,0.8114733824222435,0.003351032163829113,0.8148244145860727,0.7871623655560407,0.7832435013212877,619
575,1,39691,50000,0.79382,326089,8.536990056803683,8.53531454072177,0.0016755160819145562,8.12887099116359,0.03351032163829113,8.16238131280188,0.8128870991163589,0.003351032163829113,0.816238131280188,0.7908214717821664,0.7869269595060477,619
576,1,39859,50000,0.79718,326656,8.551834082091895,8.55015856600998,0.0016755160819145562,8.143008158104744,0.03351032163829113,8.176518479743034,0.8143008158104743,0.003351032163829113,0.8176518479743035,0.7941994347363546,0.7903278233542768,619
577,1,40036,50000,0.80072,327223,8.566678107380106,8.565002591298192,0.0016755160819145562,8.157145325045898,0.03351032163829113,8.190655646684188,0.8157145325045898,0.003351032163829113,0.8190655646684188,0.7977587055560142,0.7939116687987373,619
578,1,40189,50000,0.80378,327790,8.581522132668319,8.579846616586405,0.0016755160819145562,8.171282491987052,0.03351032163829113,8.204792813625343,0.8171282491987051,0.003351032163829113,0.8204792813625342,0.8008356544464954,0.7970102365748397,619
579,1,40375,50000,0.8075,328357,8.596366157956531,8.594690641874616,0.0016755160819145562,8.185419658928206,0.03351032163829113,8.218929980566497,0.8185419658928206,0.003351032163829113,0.8218929980566496,0.8045766296929836,0.8007779730215991,619
580,1,40551,50000,0.81102,328924,8.611210183244742,8.609534667162828,0.0016755160819145562,8.19955682586936,0.03351032163829113,8.23306714750765,0.819955682586936,0.003351032163829113,0.8233067147507651,0.8081168594353856,0.804344019458364,619
581,1,40688,50000,0.81376,329491,8.626054208532954,8.624378692451039,0.0016755160819145562,8.213693992810514,0.03351032163829113,8.247204314448805,0.8213693992810515,0.003351032163829113,0.8247204314448804,0.8108728688702822,0.8071204642101354,619
582,1,40839,50000,0.81678,330058,8.640898233821165,8.639222717739251,0.0016755160819145562,8.227831159751668,0.03351032163829113,8.261341481389959,0.8227831159751667,0.003351032163829113,0.8261341481389959,0.8139107855447105,0.8101812552537455,619
583,1,40984,50000,0.81968,330625,8.655742259109378,8.654066743027462,0.0016755160819145562,8.241968326692822,0.03351032163829113,8.275478648331113,0.8241968326692822,0.003351032163829113,0.8275478648331113,0.8168282628937403,0.813121050581763,619
584,1,41137,50000,0.82274,331192,8.67058628439759,8.668910768315675,0.0016755160819145562,8.256105493633976,0.03351032163829113,8.289615815272267,0.8256105493633976,0.003351032163829113,0.8289615815272268,0.8199069997075721,0.8162237184644766,619
585,1,41278,50000,0.82556,331759,8.6854303096858,8.683754793603887,0.0016755160819145562,8.27024266057513,0.03351032163829113,8.303752982213421,0.827024266057513,0.003351032163829113,0.830375298221342,0.8227445405647084,0.8190836672626806,619
586,1,41425,50000,0.8285,332326,8.700274334974013,8.698598818892098,0.0016755160819145562,8.284379827516284,0.03351032163829113,8.317890149154575,0.8284379827516284,0.003351032163829113,0.8317890149154575,0.82570311282535,0.8220659695368728,619
587,1,41593,50000,0.83186,332893,8.715118360262224,8.71344284418031,0.0016755160819145562,8.298516994457438,0.03351032163829113,8.33202731609573,0.8298516994457439,0.003351032163829113,0.8332027316095729,0.8290847020118969,0.8254751491356412,619
588,1,41732,50000,0.83464,333460,8.729962385550436,8.728286869468521,0.0016755160819145562,8.312654161398592,0.03351032163829113,8.346164483036883,0.8312654161398592,0.003351032163829113,0.8346164483036883,0.8318828641087754,0.8282965264756188,619
589,1,41907,50000,0.83814,334027,8.744806410838649,8.743130894756733,0.0016755160819145562,8.326791328339747,0.03351032163829113,8.360301649978037,0.8326791328339747,0.003351032163829113,0.8360301649978037,0.8354061249007847,0.8318495256993776,619
590,1,42074,50000,0.84148,334594,8.75965043612686,8.757974920044946,0.0016755160819145562,8.3409284952809,0.03351032163829113,8.374438816919191,0.83409284952809,0.003351032163829113,0.8374438816919192,0.8387687425705972,0.8352410657638621,619
591,1,42219,50000,0.84438,335161,8.774494461415072,8.772818945333157,0.0016755160819145562,8.355065662222055,0.03351032163829113,8.388575983860346,0.8355065662222055,0.003351032163829113,0.8388575983860345,0.8416887218085283,0.8381865984187282,619
592,1,42357,50000,0.84714,335728,8.789338486703283,8.78766297062137,0.0016755160819145562,8.369202829163209,0.03351032163829113,8.4027131508015,0.8369202829163208,0.003351032163829113,0.84027131508015,0.8444680379614833,0.8409906241778387,619
593,1,42480,50000,0.8496,336295,8.804182511991495,8.80250699590958,0.0016755160819145562,8.383339996104363,0.03351032163829113,8.416850317742654,0.8383339996104363,0.003351032163829113,0.8416850317742653,0.8469455076971109,0.8434904450783333,619
594,1,42618,50000,0.85236,336862,8.819026537279706,8.817351021197792,0.0016755160819145562,8.397477163045517,0.03351032163829113,8.430987484683808,0.8397477163045517,0.003351032163829113,0.8430987484683808,0.8497253981319659,0.8462957877637013,619
595,1,42742,50000,0.85484,337429,8.833870562567919,8.832195046486005,0.0016755160819145562,8.411614329986671,0.03351032163829113,8.445124651624962,0.8411614329986671,0.003351032163829113,0.8445124651624961,0.8522235381341878,0.8488171437444917,619
596,1,42894,50000,0.85788,337996,8.848714587856131,8.847039071774216,0.0016755160819145562,8.425751496927825,0.03351032163829113,8.459261818566116,0.8425751496927825,0.003351032163829113,0.8459261818566116,0.8552861278037011,0.8519086488904555,619
597,1,43024,50000,0.86048,338563,8.863558613144342,8.861883097062428,0.0016755160819145562,8.43988866386898,0.03351032163829113,8.47339898550727,0.843988866386898,0.003351032163829113,0.847339898550727,0.8579057642136511,0.8545534246634551,619
598,1,43160,50000,0.8632,339130,8.878402638432554,8.876727122350639,0.0016755160819145562,8.454025830810131,0.03351032163829113,8.487536152448422,0.8454025830810131,0.003351032163829113,0.8487536152448422,0.8606466268778946,0.8573210007222157,619
599,1,43292,50000,0.86584,339697,8.893246663720765,8.891571147638851,0.0016755160819145562,8.468162997751286,0.03351032163829113,8.501673319389576,0.8468162997751285,0.003351032163829113,0.8501673319389577,0.8633071964793555,0.8600079125399167,619
600,1,43420,50000,0.8684,340264,8.908090689008977,8.906415172927064,0.0016755160819145562,8.48230016469244,0.03351032163829113,8.51581048633073,0.848230016469244,0.003351032163829113,0.851581048633073,0.8658874518346972,0.8626141115383322,619
601,1,43534,50000,0.87068,340831,8.92293471429719,8.921259198215274,0.0016755160819145562,8.496437331633594,0.03351032163829113,8.529947653271885,0.8496437331633594,0.003351032163829113,0.8529947653271884,0.8681857541464496,0.8649358592059879,619
602,1,43661,50000,0.87322,341398,8.9377787395854,8.936103223503487,0.0016755160819145562,8.510574498574748,0.03351032163829113,8.544084820213039,0.8510574498574748,0.003351032163829113,0.8544084820213038,0.8707464417461841,0.8675230513411394,619
603,1,43778,50000,0.87556,341965,8.952622764873613,8.950947248791698,0.0016755160819145562,8.524711665515902,0.03351032163829113,8.558221987154193,0.8524711665515902,0.003351032163829113,0.8558221987154193,0.8731057852391481,0.8699071807271392,619
604,1,43915,50000,0.8783,342532,8.967466790161824,8.96579127407991,0.0016755160819145562,8.538848832457056,0.03351032163829113,8.572359154095347,0.8538848832457057,0.003351032163829113,0.8572359154095346,0.8758687916528486,0.8726996707264575,619
605,1,44049,50000,0.88098,343099,8.982310815450036,8.980635299368123,0.0016755160819145562,8.55298599939821,0.03351032163829113,8.5864963210365,0.8552985999398209,0.003351032163829113,0.8586496321036501,0.8785716763702396,0.8754318874900597,619
606,1,44188,50000,0.88376,343666,8.997154840738249,8.995479324656333,0.0016755160819145562,8.567123166339364,0.03351032163829113,8.600633487977655,0.8567123166339364,0.003351032163829113,0.8600633487977655,0.8813758261887312,0.8782669955466454,619
607,1,44303,50000,0.88606,344233,9.01199886602646,9.010323349944546,0.0016755160819145562,8.581260333280518,0.03351032163829113,8.614770654918809,0.8581260333280518,0.003351032163829113,0.861477065491881,0.8836961319420695,0.8806133353733366,619
608,1,44413,50000,0.88826,344800,9.026842891314672,9.025167375232757,0.0016755160819145562,8.595397500221672,0.03351032163829113,8.628907821859963,0.8595397500221672,0.003351032163829113,0.8628907821859962,0.885915838478923,0.8828583108394239,619
609,1,44523,50000,0.89046,345367,9.041686916602883,9.040011400520969,0.0016755160819145562,8.609534667162826,0.03351032163829113,8.643044988801117,0.8609534667162826,0.003351032163829113,0.8643044988801117,0.888135829633084,0.8851039389535302,619
610,1,44621,50000,0.89242,345934,9.056530941891095,9.054855425809182,0.0016755160819145562,8.62367183410398,0.03351032163829113,8.657182155742271,0.8623671834103981,0.003351032163829113,0.8657182155742271,0.8901138857759663,0.8871051531866236,619
611,1,44736,50000,0.89472,346501,9.071374967179308,9.069699451097392,0.0016755160819145562,8.637809001045134,0.03351032163829113,8.671319322683425,0.8637809001045135,0.003351032163829113,0.8671319322683425,0.8924353773540202,0.8894542121904953,619
612,1,44854,50000,0.89708,347068,9.086218992467519,9.084543476385605,0.0016755160819145562,8.651946167986289,0.03351032163829113,8.68545648962458,0.8651946167986289,0.003351032163829113,0.8685456489624579,0.8948177794254004,0.8918653532026775,619
613,1,44961,50000,0.89922,347635,9.101063017755731,9.099387501673815,0.0016755160819145562,8.666083334927443,0.03351032163829113,8.699593656565733,0.8666083334927442,0.003351032163829113,0.8699593656565734,0.8969784084738348,0.8940524498411213,619
614,1,45062,50000,0.90124,348202,9.115907043043942,9.114231526962028,0.0016755160819145562,8.680220501868597,0.03351032163829113,8.713730823506888,0.8680220501868597,0.003351032163829113,0.8713730823506887,0.899018163800744,0.8961175545834953,619
615,1,45166,50000,0.90332,348769,9.130751068332154,9.12907555225024,0.0016755160819145562,8.69435766880975,0.03351032163829113,8.727867990448042,0.869435766880975,0.003351032163829113,0.8727867990448042,0.9011188012687312,0.8982446763130801,619
616,1,45256,50000,0.90512,349336,9.145595093620367,9.143919577538451,0.0016755160819145562,8.708494835750905,0.03351032163829113,8.742005157389196,0.8708494835750905,0.003351032163829113,0.8742005157389195,0.9029369090858288,0.9000860244776555,619
617,1,45346,50000,0.90692,349903,9.160439118908577,9.158763602826664,0.0016755160819145562,8.722632002692059,0.03351032163829113,8.75614232433035,0.8722632002692059,0.003351032163829113,0.875614232433035,0.9047552536282903,0.901927915454766,619
618,1,45458,50000,0.90916,350470,9.17528314419679,9.173607628114874,0.0016755160819145562,8.736769169633213,0.03351032163829113,8.770279491271504,0.8736769169633213,0.003351032163829113,0.8770279491271503,0.907018422343078,0.9042208259544351,619
619,1,45558,50000,0.91116,351037,9.190127169485,9.188451653403087,0.0016755160819145562,8.750906336574367,0.03351032163829113,8.784416658212658,0.8750906336574367,0.003351032163829113,0.8784416658212658,0.9090394368003076,0.9062688198115959,619
